# Blender 4.5.4 LTS
# www.blender.org
mtllib wgloves_rt.mtl
o 78459158577279
v -2.166343 0.009981 0.333344
v -2.094083 0.030878 0.319381
v -2.166343 0.030878 0.319381
v -2.094083 0.009981 0.333344
v -2.166343 -0.024669 0.338247
v -2.094083 -0.030766 0.338247
v -2.166343 -0.480092 0.338247
v -2.094083 -0.474412 0.338247
v -2.094083 -0.514741 0.333344
v -2.166343 -0.514741 0.333344
v -2.166343 -0.535638 0.319381
v -2.094083 -0.535638 0.319381
v -2.094083 0.044841 0.298484
v -2.166343 0.049744 0.263835
v -2.166343 0.044841 0.298484
v -2.166343 0.030878 0.319381
v -2.094083 0.030878 0.319381
v -2.094083 0.049744 0.258326
v -2.166343 0.049744 -0.231628
v -2.094083 0.049744 -0.226333
v -2.094083 0.044841 -0.266277
v -2.166343 0.044841 -0.266277
v -2.094083 0.030878 -0.287174
v -2.166343 0.030878 -0.287174
v -2.094083 -0.549601 -0.266277
v -2.166343 -0.554504 -0.231628
v -2.166343 -0.549601 -0.266277
v -2.166343 -0.535638 -0.287174
v -2.094083 -0.535638 -0.287174
v -2.094083 -0.554504 -0.226333
v -2.094083 -0.554504 0.258326
v -2.166343 -0.554504 0.263835
v -2.094083 -0.549601 0.298484
v -2.166343 -0.549601 0.298484
v -2.094083 -0.535638 0.319381
v -2.166343 -0.535638 0.319381
v -2.009441 -0.369804 -0.318318
v -2.021822 -0.388579 -0.306040
v -2.021822 -0.369984 -0.325780
v -2.094083 -0.371388 -0.325780
v -2.002134 -0.369804 -0.308656
v -2.009441 -0.388355 -0.298579
v -2.002134 -0.388355 -0.288916
v -2.021822 -0.388579 -0.306040
v -2.009441 -0.369804 -0.318318
v -2.009441 -0.388355 -0.298579
v -2.094083 -0.371388 -0.325780
v -2.094083 -0.390334 -0.306040
v -2.166343 -0.372791 -0.325780
v -2.166343 -0.392089 -0.306040
v -2.009444 -0.199574 -0.318325
v -2.021822 -0.369984 -0.325780
v -2.021822 -0.199352 -0.325780
v -2.094083 -0.371388 -0.325780
v -2.009441 -0.369804 -0.318318
v -2.002134 -0.199574 -0.308656
v -2.002134 -0.369804 -0.308656
v -2.094083 -0.197615 -0.325780
v -2.166343 -0.372791 -0.325780
v -2.166343 -0.195878 -0.325780
v -2.166343 -0.514741 -0.301137
v -2.094083 -0.514741 -0.301137
v -2.094083 -0.535638 -0.287174
v -2.166343 -0.535638 -0.287174
v -2.166343 -0.480092 -0.306040
v -2.094083 -0.474411 -0.306040
v -2.166343 -0.392089 -0.306040
v -2.094083 -0.390334 -0.306040
v -2.094083 -0.030766 -0.306040
v -2.166343 -0.176476 -0.306040
v -2.166343 -0.024669 -0.306040
v -2.094083 -0.178648 -0.306040
v -2.094083 0.009981 -0.301137
v -2.166343 0.009981 -0.301137
v -2.166343 0.030878 -0.287174
v -2.094083 0.030878 -0.287174
v -2.002134 -0.181097 -0.288916
v -2.002134 -0.199574 -0.308656
v -2.009444 -0.181097 -0.298585
v -2.009444 -0.199574 -0.318325
v -2.009444 -0.181097 -0.298585
v -2.009444 -0.199574 -0.318325
v -2.021822 -0.180819 -0.306040
v -2.021822 -0.199352 -0.325780
v -2.094083 -0.178648 -0.306040
v -2.094083 -0.197615 -0.325780
v -2.166343 -0.176476 -0.306040
v -2.166343 -0.195878 -0.325780
v -2.166343 -0.176476 -0.306040
v -2.094083 -0.178648 -0.306040
v -2.094083 -0.197615 -0.325780
v -2.173540 -0.392089 -0.296040
v -2.173540 -0.372791 -0.315780
v -2.166343 -0.392089 -0.306040
v -2.166343 -0.372791 -0.325780
v -2.166343 -0.392089 -0.306040
v -2.173540 -0.372791 -0.315780
v -2.166343 -0.176476 -0.306040
v -2.173540 -0.195878 -0.315780
v -2.173540 -0.176476 -0.296040
v -2.173540 -0.195878 -0.315780
v -2.166343 -0.176476 -0.306040
v -2.166343 -0.195878 -0.325780
v -2.166343 -0.195878 -0.325780
v -2.173540 -0.372791 -0.315780
v -2.173540 -0.195878 -0.315780
v -2.166343 -0.372791 -0.325780
v -2.173540 -0.539601 -0.256277
v -2.166343 -0.554504 -0.231628
v -2.173540 -0.544504 -0.231628
v -2.173540 -0.544504 0.263835
v -2.166343 -0.549601 -0.266277
v -2.166343 -0.554504 0.263835
v -2.173540 -0.525638 -0.277174
v -2.173540 -0.539601 0.288484
v -2.166343 -0.535638 -0.287174
v -2.166343 -0.549601 0.298484
v -2.166343 -0.514741 -0.301137
v -2.173540 -0.525638 0.309381
v -2.173540 -0.504741 -0.291137
v -2.166343 -0.535638 0.319381
v -2.166343 -0.480092 -0.306040
v -2.166343 -0.514741 0.333344
v -2.173540 -0.480092 -0.296040
v -2.166343 -0.392089 -0.306040
v -2.173540 -0.392089 -0.296040
v -2.173540 -0.504741 0.323344
v -2.166343 -0.480092 0.338247
v -2.173540 -0.480092 0.328247
v -2.002134 -0.181097 -0.288916
v -2.002134 -0.388355 -0.288916
v -2.002134 -0.369804 -0.308656
v -2.002134 -0.199574 -0.308656
v -2.166343 -0.024669 0.338247
v -2.173540 -0.024669 0.328247
v -2.173540 -0.000019 0.323344
v -2.166343 0.009981 0.333344
v -2.173540 0.020878 0.309381
v -2.166343 0.030878 0.319381
v -2.166343 0.044841 0.298484
v -2.173540 0.034841 0.288484
v -2.166343 0.049744 0.263835
v -2.173540 0.039744 0.263835
v -2.173540 0.039744 -0.231628
v -2.166343 0.049744 -0.231628
v -2.173540 0.034841 -0.256277
v -2.166343 0.044841 -0.266277
v -2.173540 0.020878 -0.277174
v -2.166343 0.030878 -0.287174
v -2.166343 0.009981 -0.301137
v -2.173540 -0.000019 -0.291137
v -2.166343 -0.024669 -0.306040
v -2.173540 -0.024669 -0.296040
v -2.173540 -0.176476 -0.296040
v -2.166343 -0.176476 -0.306040
v -2.173540 -0.392089 -0.296040
v -2.173540 -0.176476 -0.296040
v -2.173540 -0.195878 -0.315780
v -2.173540 -0.372791 -0.315780
vn 0.0024 0.3511 0.9363
vn 0.0005 0.7071 0.7071
vn 0.0024 0.3512 0.9363
vn 0.0024 0.0678 0.9977
vn 0.0024 0.0610 0.9981
vn 0.0024 -0.0679 0.9977
vn 0.0024 -0.0621 0.9981
vn 0.0024 -0.3521 0.9360
vn 0.0024 -0.3520 0.9360
vn 0.0005 -0.7071 0.7071
vn 0.0024 0.9360 0.3520
vn 0.0024 0.9977 0.0679
vn 0.0025 0.9981 0.0620
vn 0.0024 0.9977 -0.0679
vn 0.0024 0.9981 -0.0621
vn 0.0024 0.9358 -0.3524
vn 0.0024 0.9359 -0.3524
vn 0.0005 0.7071 -0.7071
vn 0.0024 -0.9359 -0.3524
vn 0.0024 -0.9977 -0.0679
vn 0.0005 -0.7071 -0.7071
vn 0.0025 -0.9981 -0.0620
vn 0.0024 -0.9981 0.0620
vn 0.0024 -0.9977 0.0679
vn 0.0025 -0.9359 0.3523
vn 0.0024 -0.9359 0.3524
vn 0.4890 -0.6356 -0.5974
vn 0.2262 -0.7081 -0.6689
vn 0.1823 -0.7141 -0.6759
vn 0.0161 -0.7215 -0.6922
vn 0.6716 -0.5398 -0.5075
vn 0.5798 -0.5935 -0.5583
vn 0.2263 -0.7081 -0.6689
vn 0.5797 -0.5935 -0.5583
vn 0.0160 -0.7215 -0.6922
vn 0.0161 -0.7182 -0.6957
vn 0.6680 0.0004 -0.7442
vn 0.2653 0.0004 -0.9642
vn 0.2642 0.0005 -0.9645
vn 0.0005 0.0005 -1.0000
vn 0.6684 -0.0000 -0.7438
vn 0.7976 0.0004 -0.6032
vn 0.7976 0.0005 -0.6032
vn 0.0024 -0.3520 -0.9360
vn 0.0024 -0.3521 -0.9360
vn 0.0024 -0.0680 -0.9977
vn 0.0024 -0.0621 -0.9981
vn 0.0024 0.0610 -0.9981
vn 0.0024 0.0679 -0.9977
vn 0.0025 0.3511 -0.9363
vn 0.6708 0.5418 -0.5065
vn 0.5798 0.5944 -0.5573
vn 0.4898 0.6362 -0.5962
vn 0.5797 0.5944 -0.5573
vn 0.4897 0.6362 -0.5962
vn 0.2292 0.7080 -0.6679
vn 0.1851 0.7146 -0.6745
vn 0.0191 0.7205 -0.6932
vn 0.0191 0.7210 -0.6927
vn 0.0191 0.7167 -0.6971
vn 0.0190 0.7167 -0.6972
vn -0.6971 -0.5123 -0.5017
vn -0.6969 -0.5125 -0.5016
vn -0.6982 0.5106 -0.5018
vn -0.6983 0.5105 -0.5018
vn -0.8117 0.0004 -0.5840
vn -0.8117 0.0003 -0.5841
vn -0.8588 -0.4874 -0.1579
vn -0.8211 -0.5691 -0.0435
vn -0.8222 -0.5672 -0.0474
vn -0.8222 -0.5672 0.0474
vn -0.8721 -0.4480 -0.1969
vn -0.8211 -0.5691 0.0435
vn -0.8911 -0.3210 -0.3209
vn -0.8588 -0.4874 0.1579
vn -0.8721 -0.4480 0.1969
vn -0.8721 -0.1969 -0.4480
vn -0.8911 -0.3210 0.3209
vn -0.8588 -0.1579 -0.4873
vn -0.8912 -0.3207 0.3207
vn -0.8211 -0.0435 -0.5691
vn -0.8721 -0.1969 0.4480
vn -0.8222 -0.0474 -0.5672
vn -0.8588 -0.1579 0.4873
vn -0.8211 -0.0435 0.5691
vn -0.8222 -0.0474 0.5672
vn 1.0000 0.0005 0.0005
vn -0.8211 0.0435 0.5691
vn -0.8222 0.0474 0.5672
vn -0.8587 0.1588 0.4873
vn -0.8721 0.1969 0.4480
vn -0.8912 0.3207 0.3207
vn -0.8721 0.4480 0.1969
vn -0.8588 0.4873 0.1579
vn -0.8211 0.5691 0.0435
vn -0.8222 0.5672 0.0474
vn -0.8222 0.5672 -0.0474
vn -0.8212 0.5691 -0.0435
vn -0.8588 0.4873 -0.1579
vn -0.8721 0.4480 -0.1969
vn -0.8911 0.3209 -0.3210
vn -0.8912 0.3207 -0.3207
vn -0.8721 0.1969 -0.4480
vn -0.8587 0.1588 -0.4873
vn -0.8211 0.0435 -0.5691
vn -0.8222 0.0474 -0.5672
vn -0.8118 0.0005 -0.5840
vn -1.0000 0.0005 -0.0005
vt 0.943696 0.024136
vt 0.883919 0.005899
vt 0.937194 0.005920
vt 0.890421 0.024115
vt 0.945979 0.054348
vt 0.892704 0.059644
vt 0.945979 0.451477
vt 0.892704 0.446502
vt 0.890421 0.481672
vt 0.943696 0.481693
vt 0.937194 0.499922
vt 0.883919 0.499901
vt 0.587620 0.510696
vt 0.650595 0.480482
vt 0.649982 0.510696
vt 0.648239 0.528916
vt 0.585877 0.528916
vt 0.588233 0.475679
vt 0.650605 0.048439
vt 0.588243 0.053056
vt 0.587632 0.018224
vt 0.649994 0.018224
vt 0.585889 0.000000
vt 0.648251 0.000000
vt 0.713595 0.018224
vt 0.651202 0.018224
vt 0.652902 0.000000
vt 0.715295 0.000000
vt 0.712999 0.053056
vt 0.713009 0.475679
vt 0.650615 0.480482
vt 0.713607 0.510696
vt 0.651213 0.510696
vt 0.715308 0.528916
vt 0.652914 0.528916
vt 0.930405 0.815906
vt 0.918242 0.816100
vt 0.857632 0.817640
vt 0.938838 0.815910
vt 0.797022 0.819179
vt 0.930401 0.690815
vt 0.918242 0.690571
vt 0.938838 0.690818
vt 0.857632 0.688687
vt 0.797022 0.686803
vt 0.798191 0.981772
vt 0.858801 0.981763
vt 0.862130 0.999991
vt 0.801520 1.000000
vt 0.797022 0.951555
vt 0.857632 0.946592
vt 0.857632 0.559734
vt 0.797022 0.554426
vt 0.858801 0.524205
vt 0.798191 0.524214
vt 0.801520 0.505998
vt 0.862130 0.505989
vt 0.005051 0.197264
vt 0.000000 0.197264
vt 0.000000 0.329640
vt 0.005051 0.329640
vt 0.036158 0.012996
vt 0.058214 0.000000
vt 0.055441 0.008720
vt 0.443047 0.008720
vt 0.031107 0.004276
vt 0.445820 0.000000
vt 0.019810 0.025171
vt 0.462331 0.012995
vt 0.014759 0.016451
vt 0.472926 0.004276
vt 0.003836 0.034673
vt 0.478679 0.025171
vt 0.008887 0.043393
vt 0.489274 0.016451
vt 0.000000 0.064888
vt 0.500197 0.034673
vt 0.005051 0.064888
vt 0.489602 0.043393
vt 0.504033 0.064888
vt 0.493438 0.064888
vt 0.000000 0.000000
vt 0.504033 0.462016
vt 0.493438 0.462016
vt 0.489602 0.483511
vt 0.500198 0.492231
vt 0.478679 0.501733
vt 0.489274 0.510453
vt 0.472926 0.522628
vt 0.462331 0.513908
vt 0.445820 0.526904
vt 0.443047 0.518184
vt 0.055441 0.518184
vt 0.058214 0.526904
vt 0.036158 0.513909
vt 0.031107 0.522629
vt 0.019810 0.501733
vt 0.014759 0.510453
vt 0.003836 0.492231
vt 0.008887 0.483511
vt 0.000000 0.462016
vt 0.005051 0.462016
s 1
f 1/1/1 2/2/2 3/3/2
f 2/2/2 1/1/1 4/4/3
f 4/4/3 1/1/1 5/5/4
f 4/4/3 5/5/4 6/6/5
f 7/7/6 6/6/5 5/5/4
f 6/6/5 7/7/6 8/8/7
f 7/7/6 9/9/8 8/8/7
f 9/9/8 7/7/6 10/10/9
f 9/9/8 10/10/9 11/11/10
f 9/9/8 11/11/10 12/12/10
f 13/13/11 14/14/12 15/15/11
f 16/16/2 13/13/11 15/15/11
f 16/16/2 17/17/2 13/13/11
f 14/14/12 13/13/11 18/18/13
f 18/18/13 19/19/14 14/14/12
f 19/19/14 18/18/13 20/20/15
f 19/19/14 20/20/15 21/21/16
f 19/19/14 21/21/16 22/22/17
f 22/22/17 21/21/16 23/23/18
f 22/22/17 23/23/18 24/24/18
f 25/25/19 26/19/20 27/26/19
f 28/27/21 25/25/19 27/26/19
f 28/27/21 29/28/21 25/25/19
f 26/19/20 25/25/19 30/29/22
f 30/29/22 31/30/23 26/19/20
f 26/19/20 31/30/23 32/31/24
f 32/31/24 31/30/23 33/32/25
f 32/31/24 33/32/25 34/33/26
f 35/34/10 34/33/26 33/32/25
f 34/33/26 35/34/10 36/35/10
f 37/36/27 38/37/28 39/37/29
f 40/38/30 39/37/29 38/37/28
f 41/39/31 42/36/32 37/36/27
f 42/36/32 41/39/31 43/39/31
f 44/37/33 45/36/27 46/36/34
f 47/38/35 44/37/28 48/38/30
f 49/40/36 47/38/35 48/38/30
f 49/40/36 48/38/30 50/40/36
f 51/41/37 52/37/38 53/42/39
f 54/38/40 53/42/39 52/37/38
f 52/37/38 51/41/37 55/36/41
f 56/43/42 55/36/41 51/41/37
f 55/36/41 56/43/42 57/39/43
f 53/42/39 54/38/40 58/44/40
f 59/40/40 58/44/40 54/38/40
f 58/44/40 59/40/40 60/45/40
f 61/46/44 62/47/45 63/48/21
f 61/46/44 63/48/21 64/49/21
f 65/50/46 62/47/45 61/46/44
f 65/50/46 66/51/47 62/47/45
f 67/40/40 66/51/47 65/50/46
f 66/51/47 67/40/40 68/38/40
f 69/52/48 70/45/40 71/53/49
f 70/45/40 69/52/48 72/44/40
f 71/53/49 73/54/50 69/52/48
f 73/54/50 71/53/49 74/55/50
f 75/56/18 73/54/50 74/55/50
f 75/56/18 76/57/18 73/54/50
f 77/43/51 78/43/51 79/41/52
f 79/41/52 78/43/51 80/41/53
f 81/41/54 82/41/55 83/42/56
f 84/42/57 83/42/56 82/41/55
f 85/44/58 83/42/56 84/42/57
f 85/44/58 84/42/57 86/44/59
f 87/45/60 86/44/59 88/45/60
f 89/45/61 90/44/58 91/44/59
f 92/58/62 93/58/62 94/59/62
f 95/59/63 96/59/63 97/58/63
f 98/60/64 99/61/64 100/61/64
f 101/61/65 102/60/65 103/60/65
f 104/60/66 105/58/66 106/61/67
f 105/58/66 104/60/66 107/59/66
f 108/62/68 109/63/69 110/64/70
f 111/65/71 110/64/70 109/63/69
f 109/63/69 108/62/68 112/66/72
f 111/65/71 109/63/69 113/67/73
f 114/68/74 112/66/72 108/62/68
f 113/67/73 115/69/75 111/65/71
f 112/66/72 114/68/74 116/70/74
f 115/69/75 113/67/73 117/71/76
f 118/72/77 116/70/74 114/68/74
f 117/71/76 119/73/78 115/69/75
f 114/68/74 120/74/79 118/72/77
f 119/73/78 117/71/76 121/75/80
f 122/76/81 118/72/77 120/74/79
f 123/77/82 119/73/78 121/75/80
f 122/76/81 120/74/79 124/78/83
f 124/78/83 125/59/66 122/76/81
f 125/59/66 124/78/83 126/58/67
f 119/73/78 123/77/82 127/79/84
f 128/80/85 127/79/84 123/77/82
f 127/79/84 128/80/85 129/81/86
f 130/82/87 131/82/87 132/82/87
f 130/82/87 132/82/87 133/82/87
f 134/83/88 129/81/86 128/80/85
f 129/81/86 134/83/88 135/84/89
f 136/85/90 135/84/89 134/83/88
f 134/83/88 137/86/91 136/85/90
f 137/86/91 138/87/92 136/85/90
f 138/87/92 137/86/91 139/88/92
f 140/89/93 138/87/92 139/88/92
f 138/87/92 140/89/93 141/90/94
f 142/91/95 141/90/94 140/89/93
f 141/90/94 142/91/95 143/92/96
f 142/91/95 144/93/97 143/92/96
f 142/91/95 145/94/98 144/93/97
f 145/94/98 146/95/99 144/93/97
f 145/94/98 147/96/100 146/95/99
f 148/97/101 146/95/99 147/96/100
f 149/98/102 148/97/101 147/96/100
f 150/99/103 148/97/101 149/98/102
f 148/97/101 150/99/103 151/100/104
f 152/101/105 151/100/104 150/99/103
f 151/100/104 152/101/105 153/102/106
f 152/101/105 154/61/107 153/102/106
f 154/61/107 152/101/105 155/60/66
f 156/82/108 157/82/108 158/82/108
f 156/82/108 158/82/108 159/82/108
o 131346006514353
v -2.049565 0.001835 -0.304366
v -2.041863 0.010832 -0.278707
v -2.041863 -0.011408 -0.293567
v -2.049587 0.023303 -0.290115
v -2.049175 -0.037643 -0.308461
v -2.041863 -0.037643 -0.298786
v -2.061551 0.009981 -0.311007
v -2.061551 0.030878 -0.297044
v -2.133811 0.030878 -0.297044
v -2.133811 0.009981 -0.311007
v -2.133811 -0.030766 -0.315910
v -2.061551 -0.036863 -0.315910
v -2.133811 -0.474411 -0.315910
v -2.061551 -0.468731 -0.315910
v -2.049167 -0.468004 -0.308442
v -2.041863 -0.468004 -0.298786
v -2.041863 -0.494239 -0.293567
v -2.049538 -0.506855 -0.304298
v -2.041863 -0.516481 -0.278707
v -2.049551 -0.528306 -0.290025
v -2.061551 -0.514741 -0.311007
v -2.061551 -0.535638 -0.297044
v -2.133811 -0.514741 -0.311007
v -2.133811 -0.535638 -0.297044
v -2.049556 -0.542623 0.280919
v -2.041863 -0.516481 0.290719
v -2.049569 -0.528352 0.302364
v -2.041863 -0.531342 0.268478
v -2.049558 -0.506913 0.316642
v -2.041863 -0.494240 0.305580
v -2.061551 -0.514741 0.323474
v -2.061551 -0.535638 0.309511
v -2.133811 -0.535638 0.309511
v -2.133811 -0.514741 0.323474
v -2.133811 -0.474411 0.328377
v -2.049200 -0.468004 0.320791
v -2.041863 -0.468004 0.310798
v -2.041863 -0.037643 0.310798
v -2.061551 -0.468731 0.328377
v -2.049208 -0.037643 0.320810
v -2.041863 -0.011409 0.305580
v -2.061551 -0.036863 0.328377
v -2.133811 -0.030766 0.328377
v -2.049585 0.001894 0.316708
v -2.041863 0.010832 0.290719
v -2.061551 0.009981 0.323474
v -2.133811 0.009981 0.323474
v -2.049603 0.023349 0.302453
v -2.049596 0.037630 0.281031
v -2.041863 0.025693 0.268478
v -2.061551 0.030878 0.309511
v -2.133811 0.030878 0.309511
v -2.049542 -0.542589 -0.268588
v -2.041863 -0.516481 -0.278707
v -2.041863 -0.531342 -0.256465
v -2.049551 -0.528306 -0.290025
v -2.049196 -0.546749 -0.230230
v -2.041863 -0.536560 -0.230230
v -2.041863 -0.536560 0.242243
v -2.061551 -0.549601 -0.276147
v -2.061551 -0.535638 -0.297044
v -2.133811 -0.535638 -0.297044
v -2.133811 -0.549601 -0.276147
v -2.133811 -0.554504 -0.236203
v -2.061551 -0.554504 -0.230908
v -2.049199 -0.546758 0.242243
v -2.041863 -0.531342 0.268478
v -2.049556 -0.542623 0.280919
v -2.061551 -0.554504 0.242948
v -2.133811 -0.554504 0.248456
v -2.061551 -0.549601 0.288614
v -2.049569 -0.528352 0.302364
v -2.133811 -0.549601 0.288614
v -2.061551 -0.535638 0.309511
v -2.133811 -0.535638 0.309511
v -2.049259 0.041770 -0.230230
v -2.041863 0.025693 -0.256465
v -2.049583 0.037596 -0.268700
v -2.041863 0.010832 -0.278707
v -2.041863 0.030912 -0.230230
v -2.049587 0.023303 -0.290115
v -2.041863 0.030912 0.242243
v -2.061551 0.044841 -0.276147
v -2.061551 0.030878 -0.297044
v -2.133811 0.044841 -0.276147
v -2.133811 0.030878 -0.297044
v -2.133811 0.049744 -0.236203
v -2.061551 0.049744 -0.230908
v -2.049262 0.041779 0.242243
v -2.041863 0.025693 0.268478
v -2.049596 0.037630 0.281031
v -2.061551 0.049744 0.242947
v -2.133811 0.049744 0.248456
v -2.061551 0.044841 0.288614
v -2.049603 0.023349 0.302453
v -2.133811 0.044841 0.288614
v -2.061551 0.030878 0.309511
v -2.133811 0.030878 0.309511
vn 0.7384 0.2171 -0.6384
vn 0.9093 0.2923 -0.2961
vn 0.8639 0.1419 -0.4832
vn 0.7862 0.4365 -0.4375
vn 0.6778 0.0435 -0.7339
vn 0.8148 0.0435 -0.5781
vn 0.3083 0.3430 -0.8873
vn 0.3344 0.6674 -0.6654
vn -0.0000 0.7071 -0.7071
vn 0.0020 0.3428 -0.9394
vn 0.0029 0.0591 -0.9983
vn 0.2691 0.0513 -0.9618
vn 0.0019 -0.0590 -0.9983
vn 0.2693 -0.0521 -0.9616
vn 0.6778 -0.0443 -0.7339
vn 0.8143 -0.0443 -0.5788
vn 0.8623 -0.1448 -0.4853
vn 0.7362 -0.2198 -0.6401
vn 0.9050 -0.2998 -0.3019
vn 0.7810 -0.4411 -0.4422
vn 0.3072 -0.3427 -0.8878
vn 0.3307 -0.6677 -0.6669
vn 0.0019 -0.3439 -0.9390
vn -0.0000 -0.7076 -0.7067
vn 0.7442 -0.6314 0.2180
vn 0.9072 -0.2970 0.2978
vn 0.7834 -0.4394 0.4395
vn 0.8702 -0.4716 0.1429
vn 0.7404 -0.2189 0.6355
vn 0.8674 -0.1429 0.4766
vn 0.3093 -0.3419 0.8874
vn 0.3327 -0.6668 0.6669
vn -0.0000 -0.7075 0.7067
vn 0.0020 -0.3438 0.9390
vn 0.0019 -0.0590 0.9983
vn 0.6854 -0.0443 0.7268
vn 0.8219 -0.0433 0.5680
vn 0.8224 0.0425 0.5673
vn 0.2732 -0.0521 0.9605
vn 0.6854 0.0434 0.7269
vn 0.8691 0.1400 0.4745
vn 0.2732 0.0513 0.9606
vn 0.0029 0.0591 0.9982
vn 0.7431 0.2161 0.6334
vn 0.9112 0.2903 0.2922
vn 0.3110 0.3418 0.8868
vn 0.0019 0.3428 0.9394
vn 0.7886 0.4343 0.4352
vn 0.7522 0.6229 0.2151
vn 0.8795 0.4549 0.1399
vn 0.3355 0.6666 0.6657
vn -0.0000 0.7071 0.7071
vn 0.7425 -0.6327 -0.2200
vn 0.9050 -0.2998 -0.3018
vn 0.8693 -0.4726 -0.1449
vn 0.7810 -0.4411 -0.4421
vn 0.6914 -0.7211 -0.0444
vn 0.8264 -0.5614 -0.0434
vn 0.8267 -0.5610 0.0434
vn 0.3102 -0.8871 -0.3418
vn 0.3308 -0.6678 -0.6668
vn -0.0000 -0.7076 -0.7066
vn 0.0020 -0.9387 -0.3448
vn 0.0019 -0.9982 -0.0600
vn 0.2771 -0.9594 -0.0531
vn 0.6914 -0.7211 0.0434
vn 0.7441 -0.6315 0.2180
vn 0.2771 -0.9594 0.0521
vn 0.0019 -0.9982 0.0600
vn 0.3111 -0.8868 0.3417
vn 0.7834 -0.4395 0.4395
vn 0.0019 -0.9390 0.3439
vn 0.3327 -0.6668 0.6668
vn -0.0000 -0.7076 0.7066
vn 0.7052 0.7077 -0.0434
vn 0.8787 0.4560 -0.1409
vn 0.7511 0.6238 -0.2161
vn 0.8395 0.5417 -0.0424
vn 0.7862 0.4366 -0.4374
vn 0.8400 0.5410 0.0415
vn 0.3151 0.8861 -0.3399
vn 0.0019 0.9387 -0.3447
vn -0.0001 0.7072 -0.7070
vn 0.0019 0.9982 -0.0600
vn 0.2847 0.9571 -0.0531
vn 0.7052 0.7077 0.0424
vn 0.7521 0.6229 0.2151
vn 0.2838 0.9574 0.0522
vn 0.0019 0.9982 0.0601
vn 0.3160 0.8858 0.3398
vn 0.7886 0.4344 0.4353
vn 0.0019 0.9390 0.3439
vn 0.3355 0.6667 0.6656
vn -0.0000 0.7072 0.7070
vt 0.931047 0.531300
vt 0.943625 0.523465
vt 0.940082 0.542853
vt 0.934427 0.512586
vt 0.930398 0.565723
vt 0.938838 0.565727
vt 0.919410 0.524196
vt 0.922739 0.505980
vt 0.862130 0.505989
vt 0.858801 0.524205
vt 0.857632 0.559734
vt 0.918241 0.565041
vt 0.857632 0.946592
vt 0.918241 0.941630
vt 0.930409 0.940998
vt 0.938838 0.941001
vt 0.940082 0.963881
vt 0.931086 0.974878
vt 0.943625 0.983282
vt 0.934478 0.993589
vt 0.919410 0.981753
vt 0.922740 0.999982
vt 0.858800 0.981762
vt 0.862130 0.999991
vt 0.808486 0.505980
vt 0.807378 0.483177
vt 0.818482 0.493526
vt 0.797022 0.496146
vt 0.825122 0.474824
vt 0.814298 0.463776
vt 0.837146 0.481651
vt 0.830644 0.499880
vt 0.883919 0.499901
vt 0.890421 0.481672
vt 0.892704 0.446502
vt 0.826791 0.440894
vt 0.816728 0.440897
vt 0.816728 0.065622
vt 0.839429 0.441528
vt 0.826805 0.065620
vt 0.814298 0.042748
vt 0.839429 0.064940
vt 0.892704 0.059644
vt 0.825173 0.031146
vt 0.807378 0.023361
vt 0.837146 0.024094
vt 0.890421 0.024115
vt 0.818549 0.012443
vt 0.808568 0.000000
vt 0.797022 0.010412
vt 0.830644 0.005878
vt 0.883919 0.005899
vt 0.660415 0.504101
vt 0.650605 0.512928
vt 0.652415 0.493532
vt 0.658684 0.522796
vt 0.660622 0.470653
vt 0.653050 0.470654
vt 0.653040 0.058658
vt 0.671638 0.510692
vt 0.669938 0.528916
vt 0.732332 0.528916
vt 0.734032 0.510692
vt 0.734628 0.475859
vt 0.672234 0.471242
vt 0.660616 0.058656
vt 0.652404 0.035782
vt 0.660420 0.024932
vt 0.672225 0.058041
vt 0.734618 0.053237
vt 0.671627 0.018220
vt 0.658692 0.006234
vt 0.734020 0.018220
vt 0.669926 0.000000
vt 0.732319 0.000000
vt 0.514277 0.058263
vt 0.505888 0.035384
vt 0.514036 0.024717
vt 0.504033 0.015987
vt 0.506539 0.058261
vt 0.512256 0.006041
vt 0.506529 0.470258
vt 0.525270 0.018224
vt 0.523527 0.000000
vt 0.587632 0.018224
vt 0.585889 0.000000
vt 0.588243 0.053056
vt 0.525880 0.057674
vt 0.514271 0.470259
vt 0.505877 0.493134
vt 0.514040 0.504082
vt 0.525870 0.470875
vt 0.588233 0.475679
vt 0.525258 0.510696
vt 0.512263 0.522760
vt 0.587620 0.510696
vt 0.523514 0.528916
vt 0.585876 0.528916
s 1
f 160/103/109 161/104/110 162/105/111
f 161/104/110 160/103/109 163/106/112
f 164/107/113 160/103/109 162/105/111
f 162/105/111 165/108/114 164/107/113
f 163/106/112 160/103/109 166/109/115
f 166/109/115 167/110/116 163/106/112
f 168/111/117 167/110/116 166/109/115
f 168/111/117 166/109/115 169/112/118
f 166/109/115 170/113/119 169/112/118
f 160/103/109 171/114/120 166/109/115
f 170/113/119 166/109/115 171/114/120
f 171/114/120 160/103/109 164/107/113
f 171/114/120 172/115/121 170/113/119
f 164/107/113 173/116/122 171/114/120
f 172/115/121 171/114/120 173/116/122
f 165/108/114 174/117/123 164/107/113
f 173/116/122 164/107/113 174/117/123
f 174/117/123 165/108/114 175/118/124
f 176/119/125 174/117/123 175/118/124
f 174/117/123 176/119/125 177/120/126
f 177/120/126 173/116/122 174/117/123
f 178/121/127 177/120/126 176/119/125
f 177/120/126 178/121/127 179/122/128
f 173/116/122 177/120/126 180/123/129
f 179/122/128 180/123/129 177/120/126
f 172/115/121 173/116/122 180/123/129
f 180/123/129 179/122/128 181/124/130
f 172/115/121 180/123/129 182/125/131
f 183/126/132 180/123/129 181/124/130
f 180/123/129 183/126/132 182/125/131
f 184/127/133 185/128/134 186/129/135
f 185/128/134 184/127/133 187/130/136
f 188/131/137 186/129/135 185/128/134
f 185/128/134 189/132/138 188/131/137
f 190/133/139 186/129/135 188/131/137
f 186/129/135 190/133/139 191/134/140
f 190/133/139 192/135/141 191/134/140
f 190/133/139 193/136/142 192/135/141
f 190/133/139 194/137/143 193/136/142
f 195/138/144 188/131/137 189/132/138
f 195/138/144 189/132/138 196/139/145
f 197/140/146 195/138/144 196/139/145
f 198/141/147 190/133/139 188/131/137
f 194/137/143 190/133/139 198/141/147
f 188/131/137 195/138/144 198/141/147
f 195/138/144 197/140/146 199/142/148
f 199/142/148 198/141/147 195/138/144
f 200/143/149 199/142/148 197/140/146
f 201/144/150 194/137/143 198/141/147
f 198/141/147 199/142/148 201/144/150
f 194/137/143 201/144/150 202/145/151
f 199/142/148 200/143/149 203/146/152
f 203/146/152 201/144/150 199/142/148
f 204/147/153 203/146/152 200/143/149
f 205/148/154 202/145/151 201/144/150
f 201/144/150 203/146/152 205/148/154
f 205/148/154 206/149/155 202/145/151
f 203/146/152 204/147/153 207/150/156
f 207/150/156 205/148/154 203/146/152
f 207/150/156 204/147/153 208/151/157
f 204/147/153 209/152/158 208/151/157
f 205/148/154 207/150/156 210/153/159
f 210/153/159 206/149/155 205/148/154
f 210/153/159 211/154/160 206/149/155
f 212/155/161 213/156/162 214/157/163
f 213/156/162 212/155/161 215/158/164
f 214/157/163 216/159/165 212/155/161
f 216/159/165 214/157/163 217/160/166
f 218/161/167 216/159/165 217/160/166
f 215/158/164 212/155/161 219/162/168
f 219/162/168 220/163/169 215/158/164
f 221/164/170 220/163/169 219/162/168
f 221/164/170 219/162/168 222/165/171
f 219/162/168 223/166/172 222/165/171
f 212/155/161 224/167/173 219/162/168
f 223/166/172 219/162/168 224/167/173
f 224/167/173 212/155/161 216/159/165
f 216/159/165 218/161/167 225/168/174
f 225/168/174 224/167/173 216/159/165
f 226/169/136 225/168/174 218/161/167
f 225/168/174 226/169/136 227/170/175
f 224/167/173 225/168/174 228/171/176
f 224/167/173 228/171/176 223/166/172
f 227/170/175 228/171/176 225/168/174
f 223/166/172 228/171/176 229/172/177
f 228/171/176 227/170/175 230/173/178
f 229/172/177 228/171/176 230/173/178
f 231/174/179 230/173/178 227/170/175
f 229/172/177 230/173/178 232/175/180
f 230/173/178 231/174/179 233/176/181
f 233/176/181 232/175/180 230/173/178
f 232/175/180 233/176/181 234/177/182
f 235/178/183 236/179/184 237/180/185
f 238/181/110 237/180/185 236/179/184
f 236/179/184 235/178/183 239/182/186
f 237/180/185 238/181/110 240/183/187
f 235/178/183 241/184/188 239/182/186
f 240/183/187 242/185/189 237/180/185
f 242/185/189 240/183/187 243/186/116
f 244/187/190 242/185/189 243/186/116
f 244/187/190 243/186/116 245/188/191
f 246/189/192 242/185/189 244/187/190
f 247/190/193 237/180/185 242/185/189
f 246/189/192 247/190/193 242/185/189
f 237/180/185 247/190/193 235/178/183
f 235/178/183 248/191/194 241/184/188
f 247/190/193 248/191/194 235/178/183
f 248/191/194 249/192/158 241/184/188
f 248/191/194 250/193/195 249/192/158
f 248/191/194 247/190/193 251/194/196
f 246/189/192 251/194/196 247/190/193
f 251/194/196 250/193/195 248/191/194
f 251/194/196 246/189/192 252/195/197
f 250/193/195 251/194/196 253/196/198
f 252/195/197 253/196/198 251/194/196
f 253/196/198 254/197/199 250/193/195
f 253/196/198 252/195/197 255/198/200
f 254/197/199 253/196/198 256/199/201
f 257/200/202 253/196/198 255/198/200
f 257/200/202 256/199/201 253/196/198
o 134502110888591
v -2.160305 -0.480092 0.318377
v -1.748368 -0.504741 0.313474
v -1.748368 -0.480092 0.318377
v -2.160312 -0.504741 0.313474
v -1.748368 -0.525638 0.299511
v -2.160329 -0.525638 0.299511
v -2.160305 -0.024669 0.318377
v -1.748368 -0.024669 0.318377
v -1.748368 -0.000019 0.313474
v -2.160312 -0.000019 0.313474
v -1.748368 0.020878 0.299511
v -2.160329 0.020878 0.299511
v -2.362894 -0.544504 -0.241498
v -2.165599 -0.544504 -0.126149
v -2.270667 -0.544504 -0.021081
v -2.232937 -0.544504 -0.013550
v -2.362894 -0.544504 -0.021133
v -2.193995 -0.544504 0.012470
v -2.387544 -0.539601 -0.021171
v -2.055377 -0.544504 -0.015926
v -2.167975 -0.544504 0.051412
v -2.160444 -0.544504 0.089141
v -2.160392 -0.544504 0.253965
v -2.387544 -0.539601 -0.241498
v -2.408441 -0.525638 -0.021197
v -2.408441 -0.525638 -0.241498
v -2.405165 -0.522363 -0.265483
v -1.748368 -0.544504 0.253965
v -2.160354 -0.539601 0.278614
v -1.748368 -0.544504 -0.015926
v -1.748368 -0.539601 0.278614
v -2.160329 -0.525638 0.299511
v -1.748368 -0.525638 0.299511
v -1.748368 -0.544504 -0.241498
v -2.165599 -0.544504 -0.241498
v -2.165599 -0.539601 -0.266147
v -2.362894 -0.539601 -0.266147
v -1.748368 -0.539601 -0.266147
v -2.165599 -0.525638 -0.287044
v -1.748368 -0.525638 -0.287044
v -2.362894 -0.525638 -0.287044
v -2.386879 -0.522363 -0.283768
v -2.388161 -0.533684 -0.266765
v -2.400083 -0.517280 -0.278686
v -2.055377 0.039744 -0.015926
v -2.165599 0.039744 -0.241497
v -2.165599 0.039744 -0.126149
v -2.160444 0.039744 0.089141
v -2.167975 0.039744 0.051412
v -2.193995 0.039744 0.012470
v -2.160392 0.039744 0.253965
v -2.232937 0.039744 -0.013550
v -1.748368 0.039744 0.253965
v -2.270667 0.039744 -0.021081
v -2.160354 0.034841 0.278614
v -1.748368 0.039744 -0.015926
v -1.748368 0.034841 0.278614
v -2.160329 0.020878 0.299511
v -1.748368 0.020878 0.299511
v -1.748368 0.039744 -0.241497
v -1.748368 0.034841 -0.266147
v -2.165599 0.034841 -0.266147
v -1.748368 0.020878 -0.287044
v -2.165599 0.020878 -0.287044
v -2.362894 0.020878 -0.287044
v -2.362894 0.039744 -0.241497
v -2.362894 0.034841 -0.266147
v -2.386879 0.017602 -0.283768
v -2.362894 0.039744 -0.021134
v -2.387544 0.034841 -0.021171
v -2.387544 0.034841 -0.241497
v -2.408441 0.020878 -0.021197
v -2.408441 0.020878 -0.241497
v -2.405165 0.017602 -0.265483
v -2.388161 0.028923 -0.266765
v -2.400083 0.012520 -0.278686
v -2.427306 -0.480092 -0.021221
v -2.427306 -0.480092 -0.241498
v -2.422403 -0.504741 -0.241498
v -2.427306 -0.024669 -0.241497
v -2.427306 -0.024669 -0.021221
v -2.422403 -0.504741 -0.021213
v -2.422403 -0.000019 -0.241497
v -2.422403 -0.000019 -0.021213
v -2.422403 -0.024669 -0.266147
v -2.408441 0.020878 -0.241497
v -2.408441 0.020878 -0.021197
v -2.405165 0.017602 -0.265483
v -2.416486 0.000599 -0.266765
v -2.400083 0.012520 -0.278686
v -2.405165 -0.000683 -0.283768
v -2.408441 -0.024669 -0.287044
v -2.422403 -0.480092 -0.266147
v -2.408441 -0.480092 -0.287044
v -2.405165 -0.504077 -0.283768
v -2.416486 -0.505359 -0.266765
v -2.400083 -0.517280 -0.278686
v -2.405165 -0.522363 -0.265483
v -2.408441 -0.525638 -0.241498
v -2.408441 -0.525638 -0.021197
v -1.912046 -0.379164 -0.305910
v -1.925037 -0.398880 -0.298786
v -1.920941 -0.378288 -0.298786
v -1.916658 -0.402351 -0.305910
v -1.930289 -0.422751 -0.305910
v -1.936702 -0.416338 -0.298786
v -1.954160 -0.428003 -0.298786
v -1.950689 -0.436382 -0.305910
v -1.973877 -0.440994 -0.305910
v -1.974753 -0.432099 -0.298786
v -2.064208 -0.440994 -0.305910
v -2.063332 -0.432099 -0.298786
v -2.083925 -0.428003 -0.298786
v -2.087380 -0.436385 -0.305910
v -2.101383 -0.416338 -0.298786
v -2.107819 -0.422728 -0.305910
v -2.107819 -0.422728 -0.305910
v -2.113048 -0.398880 -0.298786
v -2.121423 -0.402367 -0.305910
v -2.126039 -0.379164 -0.305910
v -2.117144 -0.378288 -0.298786
v -2.126039 -0.124967 -0.305910
v -2.117144 -0.125843 -0.298786
v -2.113048 -0.105250 -0.298786
v -2.121419 -0.101742 -0.305910
v -2.107851 -0.081434 -0.305910
v -2.101383 -0.087792 -0.298786
v -2.270667 0.039744 -0.021081
v -2.233641 0.030912 -0.007536
v -2.232937 0.039744 -0.013550
v -2.197882 0.030912 0.016357
v -2.193995 0.039744 0.012470
v -2.275821 0.030912 -0.015926
v -2.349481 0.030912 -0.015926
v -2.362894 0.039744 -0.021134
v -2.375716 0.025693 -0.015926
v -2.387544 0.034841 -0.021171
v -2.397957 0.010832 -0.015926
v -2.408441 0.020878 -0.021197
v -2.422403 -0.000019 -0.021213
v -2.412818 -0.011409 -0.015926
v -2.427306 -0.024669 -0.021221
v -2.418037 -0.037644 -0.015926
v -2.427306 -0.480092 -0.021221
v -2.418037 -0.468005 -0.015926
v -2.412818 -0.494240 -0.015926
v -2.422403 -0.504741 -0.021213
v -2.397957 -0.516481 -0.015926
v -2.408441 -0.525638 -0.021197
v -2.387544 -0.539601 -0.021171
v -2.375716 -0.531342 -0.015926
v -2.362894 -0.544504 -0.021133
v -2.349481 -0.536560 -0.015926
v -2.270667 -0.544504 -0.021081
v -2.275821 -0.536560 -0.015926
v -2.233641 -0.536560 -0.007536
v -2.232937 -0.544504 -0.013550
v -2.197882 -0.536560 0.016357
v -2.193995 -0.544504 0.012470
v -2.165599 -0.024669 -0.305910
v -2.362894 -0.480092 -0.305910
v -2.362894 -0.024669 -0.305910
v -2.107851 -0.081434 -0.305910
v -2.121419 -0.101742 -0.305910
v -2.126039 -0.124967 -0.305910
v -2.126039 -0.379164 -0.305910
v -2.107851 -0.081434 -0.305910
v -2.087358 -0.067741 -0.305910
v -2.064208 -0.063136 -0.305910
v -1.973877 -0.063136 -0.305910
v -2.165599 -0.480092 -0.305910
v -2.121423 -0.402367 -0.305910
v -2.107819 -0.422728 -0.305910
v -1.748368 -0.024669 -0.305910
v -1.950689 -0.067748 -0.305910
v -1.930289 -0.081379 -0.305910
v -1.916658 -0.101779 -0.305910
v -1.912046 -0.124967 -0.305910
v -1.912046 -0.379164 -0.305910
v -1.748368 -0.480092 -0.305910
v -1.916658 -0.402351 -0.305910
v -1.930289 -0.422751 -0.305910
v -1.950689 -0.436382 -0.305910
v -1.973877 -0.440994 -0.305910
v -2.064208 -0.440994 -0.305910
v -2.087380 -0.436385 -0.305910
v -2.107819 -0.422728 -0.305910
v -1.748368 -0.504741 -0.301007
v -2.165599 -0.504741 -0.301007
v -1.748368 -0.525638 -0.287044
v -2.165599 -0.525638 -0.287044
v -2.362894 -0.504741 -0.301007
v -2.362894 -0.525638 -0.287044
v -2.386879 -0.522363 -0.283768
v -2.388161 -0.505359 -0.295089
v -2.400083 -0.517280 -0.278686
v -2.405165 -0.504077 -0.283768
v -2.387544 -0.480092 -0.301007
v -2.408441 -0.480092 -0.287044
v -2.387544 -0.024669 -0.301007
v -2.408441 -0.024669 -0.287044
v -2.405165 -0.000683 -0.283768
v -2.388161 0.000599 -0.295089
v -2.400083 0.012520 -0.278686
v -2.386879 0.017602 -0.283768
v -2.362894 -0.000019 -0.301007
v -2.362894 0.020878 -0.287044
v -2.165599 0.020878 -0.287044
v -2.165599 -0.000019 -0.301007
v -1.748368 -0.000019 -0.301007
v -1.748368 0.020878 -0.287044
v -2.167975 0.039744 0.051412
v -2.193995 0.039744 0.012470
v -2.197882 0.030912 0.016357
v -2.173989 0.030911 0.052116
v -2.160444 0.039744 0.089141
v -2.165599 0.030911 0.094296
v -2.165599 0.030912 0.231218
v -2.160392 0.039744 0.253965
v -2.165599 0.025693 0.268478
v -2.160354 0.034841 0.278614
v -2.165599 0.010832 0.290719
v -2.160329 0.020878 0.299511
v -2.160312 -0.000019 0.313474
v -2.165599 -0.011409 0.305580
v -2.160305 -0.024669 0.318377
v -2.165599 -0.037644 0.310798
v -2.160305 -0.480092 0.318377
v -2.165599 -0.468004 0.310798
v -2.165599 -0.494240 0.305580
v -2.160312 -0.504741 0.313474
v -2.165599 -0.516481 0.290719
v -2.160329 -0.525638 0.299511
v -2.160354 -0.539601 0.278614
v -2.165599 -0.531342 0.268478
v -2.160392 -0.544504 0.253965
v -2.165599 -0.536560 0.242243
v -2.160444 -0.544504 0.089141
v -2.165599 -0.536560 0.094296
v -2.173989 -0.536560 0.052116
v -2.167975 -0.544504 0.051412
v -2.197882 -0.536560 0.016357
v -2.193995 -0.544504 0.012470
v -1.930289 -0.081379 -0.305910
v -1.954160 -0.076127 -0.298786
v -1.950689 -0.067748 -0.305910
v -1.973877 -0.063136 -0.305910
v -1.936702 -0.087792 -0.298786
v -1.974753 -0.072031 -0.298786
v -1.916658 -0.101779 -0.305910
v -2.063332 -0.072031 -0.298786
v -1.925037 -0.105250 -0.298786
v -2.064208 -0.063136 -0.305910
v -1.912046 -0.124967 -0.305910
v -2.083925 -0.076127 -0.298786
v -1.920941 -0.125843 -0.298786
v -2.087358 -0.067741 -0.305910
v -2.107851 -0.081434 -0.305910
vn 0.0003 -0.0982 0.9952
vn -0.0000 -0.3827 0.9239
vn 0.0004 -0.7071 0.7071
vn 0.0005 0.0982 0.9952
vn -0.0000 0.3827 0.9239
vn 0.0004 0.7071 0.7071
vn -0.1002 -0.9899 -0.1001
vn 0.0003 -1.0000 -0.0004
vn 0.0004 -1.0000 -0.0004
vn -0.0982 -0.9952 -0.0004
vn -0.3826 -0.9239 -0.0005
vn 0.0004 -0.9952 0.0982
vn -0.3797 -0.9199 -0.0982
vn -0.7071 -0.7071 0.0005
vn -0.7041 -0.7041 -0.0923
vn -0.6663 -0.6663 -0.3348
vn 0.0005 -0.9952 0.0983
vn 0.0004 -0.9239 0.3826
vn -0.0000 -0.9239 0.3827
vn 0.0005 -0.9952 -0.0982
vn 0.0003 -0.9952 -0.0982
vn 0.0003 -0.9239 -0.3826
vn -0.0983 -0.9199 -0.3796
vn -0.0000 -0.9239 -0.3827
vn 0.0004 -0.7071 -0.7071
vn -0.0924 -0.7041 -0.7040
vn -0.3349 -0.6663 -0.6663
vn -0.3671 -0.8547 -0.3670
vn -0.5774 -0.5773 -0.5773
vn 0.0003 1.0000 0.0004
vn 0.0005 0.9952 -0.0982
vn 0.0004 1.0000 0.0004
vn 0.0004 0.9952 0.0982
vn 0.0005 0.9952 0.0982
vn -0.0000 0.9239 0.3825
vn -0.0000 0.9239 0.3827
vn 0.0003 0.9239 -0.3826
vn 0.0005 0.9239 -0.3826
vn 0.0004 0.7071 -0.7071
vn -0.0924 0.7041 -0.7040
vn -0.1002 0.9899 -0.1001
vn -0.0983 0.9199 -0.3796
vn -0.3349 0.6663 -0.6663
vn -0.0983 0.9952 0.0005
vn -0.3826 0.9239 0.0004
vn -0.3796 0.9199 -0.0982
vn -0.7071 0.7071 0.0005
vn -0.7041 0.7041 -0.0923
vn -0.6663 0.6663 -0.3348
vn -0.3671 0.8547 -0.3670
vn -0.5774 0.5774 -0.5773
vn -0.9952 -0.0982 0.0006
vn -0.9899 -0.1001 -0.1001
vn -0.9200 -0.3795 -0.0982
vn -0.9899 0.1001 -0.1001
vn -0.9952 0.0982 0.0007
vn -0.9239 -0.3825 0.0006
vn -0.9201 0.3791 -0.0981
vn -0.9239 0.3826 0.0005
vn -0.9201 0.0981 -0.3791
vn -0.7042 0.7040 -0.0923
vn -0.7072 0.7070 0.0005
vn -0.6663 0.6662 -0.3348
vn -0.8548 0.3670 -0.3670
vn -0.5774 0.5773 -0.5773
vn -0.6663 0.3348 -0.6662
vn -0.7041 0.0923 -0.7040
vn -0.9201 -0.0981 -0.3791
vn -0.7041 -0.0923 -0.7040
vn -0.6663 -0.3348 -0.6662
vn -0.8548 -0.3670 -0.3670
vn -0.6663 -0.6662 -0.3348
vn -0.7042 -0.7040 -0.0923
vn -0.7072 -0.7070 0.0005
vn -0.6199 0.0611 -0.7823
vn -0.5713 0.2360 -0.7861
vn -0.6200 0.0611 -0.7822
vn -0.5712 0.2360 -0.7861
vn -0.4365 0.4372 -0.7863
vn -0.4364 0.4374 -0.7863
vn -0.2361 0.5711 -0.7862
vn -0.2360 0.5712 -0.7861
vn -0.0611 0.6203 -0.7820
vn 0.0611 0.6203 -0.7820
vn 0.0610 0.6199 -0.7823
vn 0.2369 0.5711 -0.7859
vn 0.2359 0.5712 -0.7862
vn 0.4363 0.4374 -0.7863
vn 0.4373 0.4364 -0.7863
vn 0.5711 0.2360 -0.7862
vn 0.4364 0.4374 -0.7863
vn 0.5711 0.2361 -0.7862
vn 0.6203 0.0611 -0.7820
vn 0.6199 -0.0611 -0.7823
vn 0.5701 -0.2360 -0.7869
vn 0.5700 -0.2368 -0.7868
vn 0.4373 -0.4364 -0.7863
vn 0.4364 -0.4374 -0.7863
vn -0.1028 0.5454 0.8318
vn -0.3367 0.5483 0.7655
vn -0.3055 0.5526 0.7754
vn -0.6005 0.5281 0.6004
vn -0.0602 0.5301 0.8458
vn -0.0210 0.4834 0.8752
vn -0.0650 0.4331 0.8990
vn -0.1227 0.3687 0.9214
vn -0.1581 0.3299 0.9307
vn -0.2407 0.2418 0.9400
vn -0.2418 0.2398 0.9402
vn -0.3288 0.1549 0.9316
vn -0.3636 0.1228 0.9234
vn -0.4279 0.0621 0.9017
vn -0.4734 0.0211 0.8806
vn -0.4325 -0.0620 0.8995
vn -0.4733 -0.0220 0.8806
vn -0.3689 -0.1266 0.9208
vn -0.3386 -0.1576 0.9276
vn -0.2488 -0.2526 0.9350
vn -0.2525 -0.2486 0.9351
vn -0.1676 -0.3465 0.9230
vn -0.1286 -0.3933 0.9104
vn -0.0700 -0.4627 0.8837
vn -0.0211 -0.5223 0.8525
vn -0.1013 -0.5866 0.8035
vn -0.0572 -0.5702 0.8195
vn -0.3267 -0.5888 0.7393
vn -0.2947 -0.5936 0.7489
vn -0.5816 -0.5688 0.5816
vn 0.0005 0.0982 -0.9952
vn -0.1002 -0.1001 -0.9899
vn -0.1002 0.1001 -0.9899
vn 0.0004 0.0004 -1.0000
vn 0.0003 0.0004 -1.0000
vn 0.0005 -0.0983 -0.9952
vn 0.0003 0.0982 -0.9952
vn 0.0005 -0.0982 -0.9952
vn -0.0000 -0.3827 -0.9239
vn 0.0005 -0.3826 -0.9239
vn -0.0982 -0.3795 -0.9200
vn -0.0924 -0.7041 -0.7041
vn -0.3671 -0.3670 -0.8547
vn -0.5774 -0.5773 -0.5774
vn -0.6663 -0.3348 -0.6663
vn -0.3797 -0.0982 -0.9199
vn -0.7041 -0.0923 -0.7041
vn -0.3797 0.0982 -0.9199
vn -0.7041 0.0923 -0.7041
vn -0.6663 0.3348 -0.6663
vn -0.3671 0.3670 -0.8547
vn -0.5774 0.5773 -0.5774
vn -0.0982 0.3795 -0.9200
vn -0.0924 0.7041 -0.7041
vn 0.0005 0.3826 -0.9239
vn -0.0000 0.3827 -0.9239
vn -0.7755 0.5524 0.3058
vn -0.7654 0.5486 0.3365
vn -0.8317 0.5455 0.1031
vn -0.8458 0.5301 0.0601
vn -0.8718 0.4898 0.0112
vn -0.9050 0.4215 0.0571
vn -0.9210 0.3708 0.1197
vn -0.9260 0.3435 0.1568
vn -0.9298 0.2574 0.2631
vn -0.9299 0.2614 0.2586
vn -0.9158 0.1744 0.3619
vn -0.9018 0.1334 0.4110
vn -0.8720 0.0728 0.4840
vn -0.8370 0.0220 0.5468
vn -0.8683 -0.0725 0.4907
vn -0.8365 -0.0231 0.5476
vn -0.8980 -0.1383 0.4176
vn -0.9106 -0.1777 0.3730
vn -0.9236 -0.2701 0.2720
vn -0.9237 -0.2710 0.2709
vn -0.9138 -0.3670 0.1743
vn -0.9040 -0.4049 0.1373
vn -0.8780 -0.4735 0.0698
vn -0.8521 -0.5229 0.0230
vn -0.8035 -0.5866 0.1012
vn -0.8195 -0.5702 0.0572
vn -0.7393 -0.5888 0.3267
vn -0.7490 -0.5935 0.2946
vn -0.5816 -0.5688 0.5815
vn -0.4365 -0.4374 -0.7863
vn -0.2361 -0.5711 -0.7862
vn -0.0611 -0.6203 -0.7820
vn -0.5711 -0.2361 -0.7862
vn 0.0610 -0.6199 -0.7823
vn -0.5712 -0.2360 -0.7862
vn 0.0610 -0.6200 -0.7822
vn -0.6200 -0.0611 -0.7822
vn 0.2369 -0.5711 -0.7859
vn -0.6203 -0.0611 -0.7820
vn 0.2358 -0.5712 -0.7862
vn 0.4363 -0.4374 -0.7863
vt -0.503568 0.844504
vt -0.700308 0.859226
vt -0.700817 0.843530
vt -0.503053 0.860199
vt -0.698858 0.872346
vt -0.501593 0.873319
vt -0.503568 0.552793
vt -0.700817 0.551820
vt -0.700308 0.535938
vt -0.503053 0.536912
vt -0.698858 0.522288
vt -0.501593 0.523261
vt -0.431513 0.088593
vt -0.505394 0.214890
vt -0.572690 0.147528
vt -0.577514 0.171690
vt -0.572657 0.088456
vt -0.594180 0.196616
vt -0.572535 0.072570
vt -0.575992 0.285419
vt -0.619122 0.213257
vt -0.643288 0.218058
vt -0.748859 0.217989
vt -0.431415 0.072707
vt -0.572240 0.058907
vt -0.431136 0.059044
vt -0.415708 0.061092
vt -0.748859 0.417842
vt -0.764549 0.217900
vt -0.575992 0.418009
vt -0.764549 0.417728
vt -0.777655 0.217625
vt -0.777655 0.417437
vt -0.431513 0.418149
vt -0.431513 0.214961
vt -0.415627 0.214879
vt -0.415627 0.088511
vt -0.415627 0.418067
vt -0.401964 0.214613
vt -0.401964 0.417801
vt -0.401964 0.088245
vt -0.403996 0.072815
vt -0.415113 0.072209
vt -0.407150 0.064254
vt -0.979318 0.285419
vt -1.123797 0.214961
vt -1.049915 0.214890
vt -0.912021 0.218058
vt -0.936187 0.213257
vt -0.961130 0.196616
vt -0.806451 0.217989
vt -0.977796 0.171690
vt -0.806451 0.417841
vt -0.982619 0.147528
vt -0.790761 0.217900
vt -0.979318 0.418009
vt -0.790761 0.417728
vt -0.777655 0.217625
vt -0.777655 0.417437
vt -1.123797 0.418149
vt -1.139683 0.418067
vt -1.139683 0.214879
vt -1.153346 0.417801
vt -1.153346 0.214613
vt -1.153346 0.088245
vt -1.123797 0.088593
vt -1.139683 0.088511
vt -1.151313 0.072815
vt -0.982653 0.088456
vt -0.982775 0.072570
vt -1.123895 0.072707
vt -0.983070 0.058907
vt -1.124173 0.059044
vt -1.139601 0.061092
vt -1.140197 0.072209
vt -1.148159 0.064254
vt -0.400623 0.380636
vt -0.260317 0.380155
vt -0.260662 0.395846
vt -0.260317 0.088454
vt -0.400623 0.088936
vt -0.400973 0.396327
vt -0.260662 0.072569
vt -0.400973 0.073051
vt -0.244961 0.088303
vt -0.261643 0.058907
vt -0.401964 0.059389
vt -0.246595 0.060888
vt -0.244983 0.072001
vt -0.238542 0.064014
vt -0.234948 0.072560
vt -0.232632 0.087981
vt -0.244961 0.380004
vt -0.232632 0.379681
vt -0.234948 0.394986
vt -0.244983 0.396069
vt -0.238542 0.403353
vt -0.246595 0.406738
vt -0.261643 0.408953
vt -0.401964 0.409435
vt -1.059483 0.840081
vt -1.072118 0.831767
vt -1.058921 0.834389
vt -1.074342 0.837130
vt -1.087414 0.828406
vt -1.083305 0.824302
vt -1.090780 0.813130
vt -1.096149 0.815351
vt -1.099105 0.800512
vt -1.093405 0.799951
vt -1.099105 0.742702
vt -1.093405 0.743263
vt -1.090780 0.730084
vt -1.096151 0.727873
vt -1.083305 0.718911
vt -1.087399 0.714792
vt -1.087399 0.714792
vt -1.072118 0.711446
vt -1.074352 0.706086
vt -1.059483 0.703132
vt -1.058921 0.708825
vt -0.896590 0.703132
vt -0.897151 0.708825
vt -0.883955 0.711446
vt -0.881707 0.706089
vt -0.868693 0.714772
vt -0.872768 0.718911
vt -0.252410 0.521783
vt -0.277230 0.527582
vt -0.277050 0.521808
vt -0.302323 0.527924
vt -0.304377 0.522181
vt -0.249686 0.527554
vt -0.203108 0.527784
vt -0.194086 0.522070
vt -0.186518 0.531209
vt -0.178495 0.525287
vt -0.172454 0.540797
vt -0.165278 0.534295
vt -0.156447 0.547723
vt -0.163057 0.555089
vt -0.153346 0.563527
vt -0.159757 0.571910
vt -0.153346 0.855237
vt -0.159757 0.847567
vt -0.163057 0.864355
vt -0.156447 0.871011
vt -0.172454 0.878554
vt -0.165278 0.884353
vt -0.178495 0.893231
vt -0.186518 0.888004
vt -0.194086 0.896296
vt -0.203108 0.891265
vt -0.252410 0.896009
vt -0.249686 0.891035
vt -0.277230 0.891062
vt -0.277050 0.896034
vt -0.302323 0.891405
vt -0.304377 0.896407
vt -0.832317 0.677815
vt -1.124159 0.551552
vt -0.832317 0.551552
vt -0.868693 0.714772
vt -0.859918 0.727887
vt -0.856968 0.742702
vt -0.856968 0.800512
vt -1.124159 0.677815
vt -0.832317 0.880833
vt -0.859923 0.815351
vt -0.868658 0.828406
vt -0.881731 0.837130
vt -0.896590 0.840081
vt -1.124159 0.880833
vt -1.139955 0.880672
vt -1.139955 0.677653
vt -1.153346 0.880213
vt -1.153346 0.677195
vt -1.139955 0.551390
vt -1.153346 0.550932
vt -1.151247 0.535474
vt -1.140351 0.535026
vt -1.147990 0.526857
vt -1.139529 0.523772
vt -1.124159 0.535615
vt -1.124159 0.521783
vt -0.832317 0.535615
vt -0.832317 0.521783
vt -0.816947 0.523772
vt -0.816125 0.535026
vt -0.808486 0.526857
vt -0.805229 0.535474
vt -0.816521 0.551390
vt -0.803130 0.550932
vt -0.803130 0.677195
vt -0.816521 0.677653
vt -0.816521 0.880672
vt -0.803130 0.880213
vt -0.331009 0.521850
vt -0.304377 0.522281
vt -0.306580 0.528024
vt -0.331035 0.527628
vt -0.355570 0.521783
vt -0.358491 0.527554
vt -0.445704 0.527853
vt -0.460559 0.522143
vt -0.469437 0.531277
vt -0.476262 0.525336
vt -0.483604 0.540844
vt -0.489574 0.534325
vt -0.498469 0.547739
vt -0.493069 0.555122
vt -0.501593 0.563538
vt -0.496393 0.571937
vt -0.501593 0.855239
vt -0.496393 0.847585
vt -0.493069 0.864377
vt -0.498469 0.871016
vt -0.483604 0.878590
vt -0.489574 0.884371
vt -0.476262 0.893269
vt -0.469437 0.888060
vt -0.460559 0.896356
vt -0.452727 0.891345
vt -0.355570 0.895997
vt -0.358491 0.891022
vt -0.331035 0.891096
vt -0.331009 0.896063
vt -0.306580 0.891492
vt -0.304377 0.896494
vt -0.865293 0.813130
vt -0.872768 0.824302
vt -0.862668 0.799951
vt -0.862668 0.743263
vt -0.883955 0.831767
vt -0.865293 0.730084
vt -0.897151 0.834389
s 1
f 258/201/203 259/202/204 260/203/203
f 259/202/204 258/201/203 261/204/204
f 261/204/204 262/205/205 259/202/204
f 262/205/205 261/204/204 263/206/205
f 260/203/203 264/207/206 258/201/203
f 264/207/206 260/203/203 265/208/206
f 266/209/207 264/207/206 265/208/206
f 266/209/207 267/210/207 264/207/206
f 268/211/208 267/210/207 266/209/207
f 268/211/208 269/212/208 267/210/207
f 270/213/209 271/214/210 272/215/210
f 272/215/210 271/214/210 273/216/211
f 270/213/209 272/215/210 274/217/212
f 271/214/210 275/218/210 273/216/211
f 270/213/209 274/217/212 276/219/213
f 275/218/210 271/214/210 277/220/210
f 275/218/210 277/220/210 278/221/211
f 277/220/210 279/222/211 278/221/211
f 277/220/210 280/223/214 279/222/211
f 276/219/213 281/224/215 270/213/209
f 281/224/215 276/219/213 282/225/216
f 282/225/216 283/226/217 281/224/215
f 281/224/215 283/226/217 284/227/218
f 277/220/210 285/228/219 280/223/214
f 285/228/219 286/229/220 280/223/214
f 285/228/219 277/220/210 287/230/211
f 286/229/220 285/228/219 288/231/221
f 288/231/221 289/232/205 286/229/220
f 289/232/205 288/231/221 290/233/205
f 291/234/222 287/230/211 277/220/210
f 277/220/210 292/235/223 291/234/222
f 292/235/223 277/220/210 271/214/210
f 271/214/210 270/213/209 292/235/223
f 293/236/224 291/234/222 292/235/223
f 294/237/225 292/235/223 270/213/209
f 294/237/225 293/236/224 292/235/223
f 281/224/215 294/237/225 270/213/209
f 293/236/224 295/238/226 291/234/222
f 296/239/227 295/238/226 293/236/224
f 296/239/227 297/240/227 295/238/226
f 298/241/228 296/239/227 293/236/224
f 298/241/228 293/236/224 294/237/225
f 299/242/229 298/241/228 294/237/225
f 294/237/225 281/224/215 300/243/230
f 299/242/229 294/237/225 300/243/230
f 284/227/218 300/243/230 281/224/215
f 301/244/231 299/242/229 300/243/230
f 300/243/230 284/227/218 301/244/231
f 302/245/232 303/246/233 304/247/232
f 305/248/234 302/245/232 306/249/234
f 302/245/232 307/250/232 306/249/234
f 308/251/235 302/245/232 305/248/234
f 304/247/232 307/250/232 302/245/232
f 307/250/232 304/247/232 309/252/234
f 302/245/232 308/251/235 310/253/236
f 304/247/232 311/254/232 309/252/234
f 312/255/237 310/253/236 308/251/235
f 310/253/236 313/256/234 302/245/232
f 312/255/237 314/257/238 310/253/236
f 315/258/208 314/257/238 312/255/237
f 315/258/208 316/259/208 314/257/238
f 317/260/233 302/245/232 313/256/234
f 302/245/232 317/260/233 303/246/233
f 318/261/239 303/246/233 317/260/233
f 303/246/233 318/261/239 319/262/240
f 319/262/240 318/261/239 320/263/241
f 319/262/240 320/263/241 321/264/241
f 322/265/242 319/262/240 321/264/241
f 323/266/243 303/246/233 319/262/240
f 323/266/243 304/247/232 303/246/233
f 319/262/240 322/265/242 324/267/244
f 323/266/243 319/262/240 324/267/244
f 324/267/244 322/265/242 325/268/245
f 304/247/232 323/266/243 311/254/232
f 323/266/243 326/269/246 311/254/232
f 323/266/243 327/270/247 326/269/246
f 327/270/247 323/266/243 328/271/248
f 324/267/244 328/271/248 323/266/243
f 328/271/248 329/272/249 327/270/247
f 329/272/249 328/271/248 330/273/250
f 330/273/250 328/271/248 331/274/251
f 328/271/248 324/267/244 332/275/252
f 328/271/248 332/275/252 331/274/251
f 332/275/252 324/267/244 325/268/245
f 331/274/251 332/275/252 333/276/253
f 332/275/252 325/268/245 333/276/253
f 334/277/254 335/278/255 336/279/256
f 334/277/254 337/280/257 335/278/255
f 337/280/257 334/277/254 338/281/258
f 334/277/254 336/279/256 339/282/259
f 338/281/258 340/283/260 337/280/257
f 340/283/260 338/281/258 341/284/261
f 335/278/255 337/280/257 342/285/262
f 340/283/260 342/285/262 337/280/257
f 341/284/261 343/286/263 340/283/260
f 343/286/263 341/284/261 344/287/264
f 345/288/265 340/283/260 343/286/263
f 340/283/260 345/288/265 346/289/266
f 342/285/262 340/283/260 346/289/266
f 347/290/267 346/289/266 345/288/265
f 346/289/266 347/290/267 348/291/268
f 348/291/268 342/285/262 346/289/266
f 342/285/262 348/291/268 349/292/269
f 350/293/270 342/285/262 349/292/269
f 342/285/262 350/293/270 335/278/255
f 349/292/269 351/294/271 350/293/270
f 352/295/272 350/293/270 351/294/271
f 350/293/270 336/279/256 335/278/255
f 350/293/270 352/295/272 353/296/273
f 336/279/256 350/293/270 353/296/273
f 352/295/272 354/297/231 353/296/273
f 353/296/273 354/297/231 355/298/274
f 355/298/274 336/279/256 353/296/273
f 336/279/256 355/298/274 356/299/275
f 339/282/259 336/279/256 356/299/275
f 339/282/259 356/299/275 357/300/276
f 358/301/277 359/302/278 360/303/279
f 358/301/277 361/304/280 359/302/278
f 362/305/281 359/302/278 361/304/280
f 359/302/278 362/305/281 363/306/282
f 362/305/281 364/307/283 363/306/282
f 364/307/283 362/305/281 365/308/284
f 366/309/285 364/307/283 365/308/284
f 364/307/283 366/309/285 367/310/285
f 368/311/286 367/310/285 366/309/285
f 367/310/285 368/311/286 369/312/287
f 368/311/286 370/313/288 369/312/287
f 370/313/288 368/311/286 371/314/289
f 372/315/290 370/313/288 371/314/289
f 371/314/289 373/316/291 372/315/290
f 374/317/291 375/318/292 372/315/293
f 374/317/291 376/319/294 375/318/292
f 377/320/295 375/318/292 376/319/294
f 375/318/292 377/320/295 378/321/295
f 379/322/296 378/321/295 377/320/295
f 378/321/295 379/322/296 380/323/296
f 379/322/296 381/324/297 380/323/296
f 381/324/297 379/322/296 382/325/298
f 383/326/299 381/324/297 382/325/298
f 381/324/297 383/326/299 384/327/300
f 385/328/301 386/329/302 387/330/303
f 388/331/304 387/330/303 386/329/302
f 387/330/303 388/331/304 389/332/304
f 386/329/302 385/328/301 390/333/305
f 385/328/301 391/334/306 390/333/305
f 385/328/301 392/335/307 391/334/306
f 393/336/308 391/334/306 392/335/307
f 392/335/307 394/337/309 393/336/308
f 395/338/310 393/336/308 394/337/309
f 396/339/311 395/338/310 394/337/309
f 397/340/312 395/338/310 396/339/311
f 395/338/310 397/340/312 398/341/313
f 399/342/314 398/341/313 397/340/312
f 398/341/313 399/342/314 400/343/315
f 401/344/316 400/343/315 399/342/314
f 400/343/315 401/344/316 402/345/317
f 403/346/318 402/345/317 401/344/316
f 401/344/316 404/347/319 403/346/318
f 405/348/320 403/346/318 404/347/319
f 404/347/319 406/349/321 405/348/320
f 407/350/322 405/348/320 406/349/321
f 405/348/320 407/350/322 408/351/323
f 409/352/324 408/351/323 407/350/322
f 408/351/323 409/352/324 410/353/325
f 411/354/326 410/353/325 409/352/324
f 410/353/325 411/354/326 412/355/327
f 413/356/328 412/355/327 411/354/326
f 413/356/328 411/354/326 414/357/329
f 415/358/330 413/356/328 414/357/329
f 415/358/330 414/357/329 416/359/330
f 417/360/331 418/361/332 419/362/333
f 417/360/331 420/326/334 421/325/334
f 417/360/331 421/325/334 422/322/334
f 423/320/335 417/360/331 422/322/334
f 424/363/334 417/360/331 425/364/334
f 417/360/331 426/365/334 425/364/334
f 417/360/331 427/366/335 426/365/334
f 428/367/336 417/360/331 423/320/335
f 428/367/336 423/320/335 429/319/334
f 428/367/336 429/319/334 430/317/334
f 418/361/332 417/360/331 428/367/336
f 417/360/331 431/368/337 427/366/335
f 427/366/335 431/368/337 432/369/334
f 431/368/337 433/370/334 432/369/334
f 433/370/334 431/368/337 434/371/334
f 431/368/337 435/372/334 434/371/334
f 431/368/337 436/301/335 435/372/334
f 437/373/338 436/301/335 431/368/337
f 436/301/335 437/373/338 438/304/334
f 437/373/338 439/305/334 438/304/334
f 439/305/334 437/373/338 440/308/334
f 437/373/338 441/309/335 440/308/334
f 428/367/336 441/309/335 437/373/338
f 441/309/335 428/367/336 442/311/334
f 428/367/336 443/314/334 442/311/334
f 428/367/336 444/316/334 443/314/334
f 428/367/336 437/373/338 445/374/339
f 428/367/336 445/374/339 446/375/340
f 446/375/340 445/374/339 447/376/227
f 446/375/340 447/376/227 448/377/227
f 449/378/341 428/367/336 446/375/340
f 449/378/341 446/375/340 448/377/227
f 449/378/341 448/377/227 450/379/342
f 428/367/336 449/378/341 418/361/332
f 449/378/341 450/379/342 451/380/229
f 452/381/343 449/378/341 451/380/229
f 452/381/343 451/380/229 453/382/344
f 454/383/345 452/381/343 453/382/344
f 455/384/346 449/378/341 452/381/343
f 455/384/346 452/381/343 454/383/345
f 449/378/341 455/384/346 418/361/332
f 456/385/347 455/384/346 454/383/345
f 457/386/348 418/361/332 455/384/346
f 457/386/348 455/384/346 456/385/347
f 456/385/347 458/387/349 457/386/348
f 418/361/332 457/386/348 419/362/333
f 457/386/348 458/387/349 459/388/350
f 459/388/350 460/389/351 457/386/348
f 460/389/351 459/388/350 461/390/352
f 461/390/352 462/391/245 460/389/351
f 463/392/353 457/386/348 460/389/351
f 462/391/245 463/392/353 460/389/351
f 457/386/348 463/392/353 419/362/333
f 462/391/245 464/393/354 463/392/353
f 465/394/241 463/392/353 464/393/354
f 466/395/355 419/362/333 463/392/353
f 463/392/353 465/394/241 466/395/355
f 419/362/333 466/395/355 417/360/331
f 466/395/355 431/368/337 417/360/331
f 466/395/355 467/396/356 431/368/337
f 465/394/241 467/396/356 466/395/355
f 465/394/241 468/397/241 467/396/356
f 469/398/357 470/399/304 471/400/304
f 469/398/357 471/400/304 472/401/358
f 473/402/359 469/398/357 472/401/358
f 472/401/358 474/403/360 473/402/359
f 475/404/361 473/402/359 474/403/360
f 476/405/362 473/402/359 475/404/361
f 477/406/363 476/405/362 475/404/361
f 476/405/362 477/406/363 478/407/364
f 479/408/365 478/407/364 477/406/363
f 478/407/364 479/408/365 480/409/366
f 479/408/365 481/410/367 480/409/366
f 481/410/367 479/408/365 482/411/368
f 482/411/368 483/412/369 481/410/367
f 482/411/368 484/413/370 483/412/369
f 485/414/371 483/412/369 484/413/370
f 485/414/371 484/413/370 486/415/372
f 487/416/373 485/414/371 486/415/372
f 485/414/371 487/416/373 488/417/374
f 489/418/375 488/417/374 487/416/373
f 488/417/374 489/418/375 490/419/376
f 489/418/375 491/420/377 490/419/376
f 491/420/377 489/418/375 492/421/378
f 492/421/378 493/422/379 491/420/377
f 493/422/379 492/421/378 494/423/380
f 495/424/381 493/422/379 494/423/380
f 495/424/381 494/423/380 496/425/382
f 497/426/383 495/424/381 496/425/382
f 495/424/381 497/426/383 498/427/384
f 499/428/385 498/427/384 497/426/383
f 498/427/384 499/428/385 500/429/385
f 501/370/386 502/430/387 503/369/387
f 504/366/388 503/369/387 502/430/387
f 502/430/387 501/370/386 505/431/386
f 504/366/388 502/430/387 506/432/388
f 507/371/389 505/431/386 501/370/386
f 508/433/390 504/366/388 506/432/388
f 505/431/386 507/371/389 509/434/391
f 504/366/388 508/433/390 510/365/392
f 511/372/393 509/434/391 507/371/389
f 512/435/394 510/365/392 508/433/390
f 509/434/391 511/372/393 513/436/395
f 510/365/392 512/435/394 514/364/396
f 360/303/279 513/436/395 511/372/393
f 384/327/397 514/364/396 512/435/394
f 514/364/396 384/327/397 515/363/299
f 511/372/393 358/301/277 360/303/279
o 108128334741270
v 1.133749 0.370629 0.238422
v 1.104243 0.423097 0.293877
v 1.122156 0.368518 0.293797
v 1.158850 0.320299 0.240409
v 1.141947 0.314681 0.293263
v 1.167841 0.322448 0.191099
v 1.144837 0.373216 0.190260
v 1.171456 0.323291 0.140833
v 1.149862 0.374853 0.140698
v 1.178243 0.325229 0.091048
v 1.156816 0.377608 0.092435
v 1.186544 0.267879 0.190371
v 1.188992 0.268388 0.139812
v 1.174700 0.264582 0.238732
v 1.161852 0.260680 0.292698
v 1.204495 0.212714 0.189063
v 1.196055 0.211132 0.238084
v 1.181176 0.206689 0.291580
v 1.219083 0.156889 0.187944
v 1.217046 0.157135 0.237930
v 1.201852 0.152661 0.291817
v 1.221224 0.101003 0.237627
v 1.207196 0.098650 0.290282
v 1.205739 0.212926 0.138774
v 1.189972 0.268626 0.089462
v 1.190234 0.062538 0.290511
v 1.216339 0.156145 0.137990
v 1.222270 0.100646 0.187415
v 1.208130 0.213533 0.088612
v 1.221953 0.100555 0.137240
v 1.197666 0.049778 0.187338
v 1.211365 0.155464 0.087796
v 1.221580 0.100223 0.087091
v 1.203738 0.212660 0.037954
v 1.197127 0.270433 0.039146
v 1.181273 0.325657 0.040902
v 1.160733 0.378764 0.043100
v 1.135224 0.429911 0.044819
v 1.132231 0.428151 -0.005268
v 1.112912 0.483164 -0.005753
v 1.135393 0.429950 -0.056964
v 1.158383 0.377350 -0.007291
v 1.183405 0.326004 -0.009972
v 1.155894 0.376605 -0.058739
v 1.127572 0.427670 -0.108678
v 1.106361 0.481909 -0.108391
v 1.126778 0.428975 -0.160719
v 1.152981 0.376344 -0.110508
v 1.150818 0.376544 -0.162064
v 1.178540 0.324720 -0.112363
v 1.176753 0.323621 -0.060847
v 1.196970 0.270114 -0.011554
v 1.198193 0.270325 -0.062372
v 1.197118 0.269934 -0.112957
v 1.209196 0.213672 -0.012501
v 1.211443 0.213733 -0.063017
v 1.165956 0.320985 -0.212604
v 1.123839 0.367790 -0.264676
v 1.144413 0.374918 -0.212290
v 1.097731 0.419815 -0.262038
v 1.172813 0.323169 -0.162662
v 1.194084 0.269075 -0.163617
v 1.205788 0.212380 -0.113216
v 1.118736 0.426828 -0.210584
v 1.077703 0.473478 -0.262483
v 1.095472 0.479525 -0.210008
v 1.063086 0.529276 -0.265766
v 1.078304 0.534813 -0.211594
v 1.033352 0.573853 -0.264318
v 1.046291 0.581100 -0.211945
v 1.046420 0.580431 -0.161710
v 1.104887 0.482547 -0.160431
v 1.078473 0.534217 -0.161130
v 1.047223 0.580125 -0.111345
v 1.078629 0.533107 -0.110166
v 1.046521 0.578117 -0.060560
v 1.080866 0.533167 -0.058665
v 1.048512 0.579059 -0.010259
v 1.085778 0.535583 -0.008181
v 1.048047 0.577555 0.039794
v 1.114139 0.484047 -0.057232
v 1.087230 0.536627 0.042008
v 1.048010 0.578082 0.089579
v 1.085106 0.535278 0.091371
v 1.119793 0.486558 0.043947
v 1.048044 0.579363 0.139487
v 1.085818 0.536425 0.140482
v 1.120138 0.486625 0.093007
v 1.143714 0.432883 0.093219
v 1.118071 0.484961 0.141584
v 1.084997 0.537025 0.190346
v 1.048465 0.582188 0.189299
v 1.081046 0.537466 0.239704
v 1.048717 0.585042 0.238410
v 1.036706 0.580964 0.289469
v 1.066718 0.535206 0.292676
v 1.109313 0.481638 0.190328
v 1.103079 0.481328 0.240099
v 1.083843 0.478133 0.292560
v 1.138474 0.430000 0.141839
v 1.127112 0.426328 0.189812
v 1.114530 0.423821 0.237850
v -1.786684 -0.519797 -0.162330
v -1.798115 -0.573988 -0.210533
v -1.794848 -0.573867 -0.160609
v -1.780440 -0.350235 -0.168276
v -1.799580 -0.291988 -0.122463
v -1.785524 -0.292457 -0.171283
v -1.789581 -0.519264 -0.112469
v -1.794171 -0.573695 -0.110765
v -1.784442 -0.465037 -0.114350
v -1.779424 -0.465738 -0.163873
v -1.788386 -0.407291 -0.117073
v -1.775802 -0.407879 -0.165736
v -1.794910 -0.349940 -0.120044
v -1.798842 -0.233577 -0.124148
v -1.790424 -0.464181 -0.064807
v -1.794698 -0.518578 -0.062842
v -1.794086 -0.573050 -0.060965
v -1.792630 -0.406359 -0.067287
v -1.791372 -0.463264 -0.014816
v -1.791225 -0.517765 -0.013025
v -1.793722 -0.572324 -0.011119
v -1.799167 -0.405733 -0.017093
v -1.787226 -0.461856 0.035237
v -1.789594 -0.516656 0.036836
v -1.792813 -0.571279 0.038632
v -1.792981 -0.404369 0.032822
v -1.787102 -0.460669 0.085383
v -1.787682 -0.515491 0.086686
v -1.791235 -0.570080 0.088487
v -1.797275 -0.403447 0.082761
v -1.796100 -0.459809 0.135118
v -1.787084 -0.514202 0.136587
v -1.790117 -0.568738 0.138500
v -1.785859 -0.512911 0.186315
v -1.789278 -0.567467 0.188214
v -1.796296 -0.402079 0.133089
v -1.794296 -0.458538 0.185167
v -1.784870 -0.511556 0.236308
v -1.789955 -0.566213 0.237899
v -1.790727 -0.550150 0.291717
v -1.789383 -0.510298 0.290708
v -1.790751 -0.509241 0.330491
v -1.786990 -0.455599 0.289353
v -1.790714 -0.453888 0.343872
v -1.790271 -0.456920 0.234835
v -1.787020 -0.400479 0.183208
v -1.782003 -0.397768 0.287476
v -1.787995 -0.395787 0.342303
v -1.792220 -0.398859 0.233581
v -1.778298 -0.340015 0.285551
v -1.783964 -0.337995 0.340471
v -1.781502 -0.280735 0.338318
v -1.794597 -0.343062 0.181271
v -1.791614 -0.340890 0.232139
v -1.774706 -0.282155 0.283818
v -1.776806 -0.224303 0.283105
v -1.781182 -0.223466 0.337652
v -1.779862 -0.283503 0.229177
v -1.797496 -0.285588 0.179674
v -1.789162 -0.344595 0.129431
v -1.782098 -0.225325 0.228386
v -1.792575 -0.227634 0.178102
v -1.798274 -0.346269 0.078728
v -1.798446 -0.287672 0.126588
v -1.799652 -0.229588 0.126393
v -1.800619 -0.347362 0.029182
v -1.792363 -0.289120 0.075329
v -1.791934 -0.231075 0.074965
v -1.797710 -0.347998 -0.020027
v -1.795935 -0.289935 0.025717
v -1.798120 -0.232217 0.025344
v -1.799321 -0.348948 -0.069674
v -1.805990 -0.290807 -0.022122
v -1.805289 -0.291353 -0.071808
v -1.807164 -0.233117 -0.022794
v -1.805683 -0.233401 -0.073251
v -1.807506 -0.175913 -0.073920
v -1.808951 -0.175520 -0.022548
v -1.798553 -0.174173 0.026692
v -1.797510 -0.175794 -0.124548
v -1.779384 -0.176080 -0.172160
v -1.776215 -0.118641 -0.171066
v -1.790147 -0.118834 -0.122124
v -1.776474 -0.061066 -0.170040
v -1.805595 -0.118670 -0.073135
v -1.788135 -0.061427 -0.120503
v -1.779614 -0.006269 -0.169942
v -1.810527 -0.118173 -0.022085
v -1.804177 -0.060947 -0.072334
v -1.785829 -0.006697 -0.119599
v -1.790204 0.048037 -0.169393
v -1.791577 0.048337 -0.119649
v -1.795674 -0.006672 -0.070161
v -1.795031 0.048883 -0.070075
v -1.812606 -0.060161 -0.021968
v -1.803707 -0.005743 -0.020635
v -1.796739 0.049314 -0.020201
v -1.810801 -0.117133 0.028629
v -1.807957 -0.058992 0.028861
v -1.804381 -0.004465 0.029537
v -1.796147 0.050397 0.029596
v -1.800325 -0.172844 0.076992
v -1.803059 -0.115403 0.078569
v -1.797888 -0.171125 0.127606
v -1.790141 -0.058168 0.076651
v -1.798490 -0.113262 0.128350
v -1.796952 -0.169430 0.178601
v -1.796113 -0.111285 0.178400
v -1.795888 -0.168645 0.229094
v -1.796234 -0.003470 0.079078
v -1.794055 0.051847 0.079215
v -1.782326 -0.056799 0.126706
v -1.780429 -0.002020 0.126869
v -1.787792 0.052867 0.128687
v -1.782606 -0.054504 0.177231
v -1.774802 -0.000296 0.176825
v -1.784920 0.054479 0.177737
v -1.776560 -0.053860 0.227282
v -1.776708 0.001656 0.227173
v -1.786148 0.056017 0.227075
v -1.786365 0.042790 0.281464
v -1.778849 0.003330 0.281665
v -1.786757 0.003762 0.321592
v -1.776142 -0.051615 0.282250
v -1.786379 -0.049934 0.336490
v -1.785934 -0.107642 0.337356
v -1.789538 -0.108948 0.283021
v -1.784237 -0.165303 0.337466
v -1.795507 -0.109930 0.228633
v -1.782577 -0.166524 0.282878
v -1.793729 -0.007523 -0.273613
v -1.796195 0.033045 -0.273879
v -1.795735 -0.007163 -0.314080
v -1.783325 -0.006608 -0.219971
v -1.792652 0.047667 -0.219357
v -1.787420 -0.061891 -0.273705
v -1.794003 -0.062245 -0.328236
v -1.776515 -0.060994 -0.220319
v -1.777514 -0.119302 -0.274719
v -1.791966 -0.120144 -0.327602
v -1.770892 -0.118561 -0.221224
v -1.773697 -0.177377 -0.275081
v -1.789811 -0.177911 -0.327065
v -1.787331 -0.235428 -0.326472
v -1.769920 -0.176552 -0.221175
v -1.768352 -0.235154 -0.274740
v -1.786627 -0.292723 -0.325802
v -1.769272 -0.234580 -0.220296
v -1.768087 -0.293339 -0.273590
v -1.789717 -0.350135 -0.324674
v -1.785244 -0.233879 -0.173044
v -1.770447 -0.292758 -0.218733
v -1.774705 -0.351128 -0.272209
v -1.795493 -0.407496 -0.323547
v -1.786457 -0.407876 -0.269735
v -1.800606 -0.465056 -0.321322
v -1.770299 -0.350815 -0.217460
v -1.796852 -0.464925 -0.267308
v -1.802424 -0.519654 -0.305725
v -1.776993 -0.408443 -0.216232
v -1.799995 -0.519491 -0.265709
v -1.801494 -0.559453 -0.265179
v -1.789630 -0.464941 -0.213475
v -1.794061 -0.519549 -0.211859
v 1.222674 0.156799 -0.062975
v 1.224694 0.157025 -0.113331
v 1.217424 0.156102 -0.012919
v 1.224649 0.100571 -0.063176
v 1.225708 0.100133 -0.113288
v 1.212268 0.155650 0.037370
v 1.195702 0.051157 -0.063736
v 1.222715 0.100387 -0.013085
v 1.195203 0.051623 -0.113679
v 1.221280 0.100199 0.036966
v 1.197171 0.049313 -0.013553
v 1.145112 0.026948 -0.063475
v 1.198680 0.047760 0.087053
v 1.149135 0.020399 -0.013618
v 1.198522 0.047895 0.036761
v 1.151120 0.017032 0.036645
v 1.151398 0.016873 0.086974
v 1.197871 0.048980 0.137045
v 1.151228 0.017421 0.137118
v 1.111471 0.001053 0.137287
v 1.151251 0.018050 0.187586
v 1.197708 0.049700 0.238025
v 1.151034 0.018075 0.238067
v 1.110937 0.002964 0.187597
v 1.145666 0.031981 0.292877
v 1.110921 0.002133 0.087024
v 1.110184 0.004531 0.237946
v 0.380691 -0.253273 -0.217082
v 0.417220 -0.226259 -0.272120
v 0.420958 -0.238349 -0.216825
v 0.457481 -0.211302 -0.271675
v 0.420140 -0.236838 -0.166517
v 0.379526 -0.250858 -0.166797
v 0.461213 -0.223339 -0.216474
v 0.497465 -0.196351 -0.271158
v 0.460789 -0.222894 -0.166211
v 0.501529 -0.208794 -0.216189
v 0.537988 -0.182171 -0.271014
v 0.381648 -0.257498 -0.116891
v 0.340659 -0.270715 -0.117088
v 0.422450 -0.243744 -0.116503
v 0.542024 -0.194710 -0.215997
v 0.578423 -0.167720 -0.270761
v 0.501323 -0.208716 -0.165931
v 0.463140 -0.229812 -0.116331
v 0.582558 -0.180547 -0.215827
v 0.618771 -0.152945 -0.270425
v 0.541854 -0.194621 -0.165739
v 0.503568 -0.215102 -0.116018
v 0.623150 -0.166446 -0.215703
v 0.659154 -0.138268 -0.270171
v 0.582424 -0.180570 -0.165598
v 0.543937 -0.200531 -0.115720
v 0.663765 -0.152294 -0.215604
v 0.699911 -0.124523 -0.269938
v 0.623172 -0.166981 -0.165510
v 0.584357 -0.186024 -0.115500
v 0.704380 -0.138245 -0.215304
v 0.740569 -0.110765 -0.269728
v 0.663980 -0.153512 -0.165457
v 0.624581 -0.170958 -0.115333
v 0.745334 -0.125380 -0.215172
v 0.780850 -0.096114 -0.268902
v 0.704675 -0.139717 -0.165230
v 0.664322 -0.154610 -0.115095
v 0.785907 -0.111407 -0.214856
v 0.821222 -0.081814 -0.268402
v 0.744903 -0.124580 -0.164933
v 0.826318 -0.097180 -0.214419
v 0.861807 -0.068673 -0.268537
v 0.786446 -0.113421 -0.164497
v 0.867179 -0.084289 -0.214320
v 0.902698 -0.055826 -0.268539
v 0.827041 -0.099072 -0.164112
v 0.908240 -0.072162 -0.214307
v 0.943137 -0.041794 -0.267908
v 0.866562 -0.082284 -0.163857
v 0.949331 -0.059573 -0.214318
v 0.983623 -0.027713 -0.267768
v 0.906980 -0.068110 -0.163875
v 0.948719 -0.057952 -0.163716
v 0.989969 -0.045383 -0.214263
v 1.024205 -0.013399 -0.268197
v 0.989798 -0.045338 -0.163781
v 1.030323 -0.030358 -0.214286
v 1.064162 0.002887 -0.267428
v 1.029346 -0.028184 -0.163680
v 1.070187 -0.013962 -0.213927
v 1.104918 0.016598 -0.267987
v 1.110702 0.000860 -0.214094
v 1.145914 0.029871 -0.268936
v 1.071569 -0.018459 -0.163857
v 1.150202 0.017366 -0.213481
v 1.190550 0.060751 -0.266237
v 1.110906 -0.000272 -0.163599
v 1.197115 0.048814 -0.213652
v 1.222760 0.099299 -0.213903
v 1.207716 0.096732 -0.265908
v 1.196121 0.050296 -0.163515
v 1.204195 0.150816 -0.267764
v 1.145363 0.025010 -0.163761
v 1.219827 0.155707 -0.213742
v 1.186701 0.205838 -0.267242
v 1.225029 0.099729 -0.163624
v 1.204434 0.211430 -0.213474
v 1.167797 0.260580 -0.266150
v 1.222409 0.156395 -0.163542
v 1.186348 0.266684 -0.213014
v 1.147236 0.314812 -0.265636
v 1.203898 0.211508 -0.163261
v -1.786379 -0.049934 0.336490
v -1.785934 -0.107642 0.337356
v -1.768061 -0.106559 0.366515
v -1.766747 -0.164142 0.367482
v -1.728258 -0.105998 0.370319
v -1.784237 -0.165303 0.337466
v -1.675549 -0.054507 0.350704
v -1.674818 -0.113030 0.354470
v -1.627594 -0.104527 0.352452
v -1.727343 -0.163808 0.370856
v -1.766054 -0.222367 0.368591
v -1.727005 -0.221514 0.375381
v -1.781182 -0.223466 0.337652
v -1.626209 -0.162745 0.358830
v -1.672475 -0.167253 0.368702
v -1.579008 -0.104289 0.348524
v -1.766412 -0.279731 0.369387
v -1.781502 -0.280735 0.338318
v -1.727176 -0.279403 0.374978
v -1.767560 -0.337166 0.370557
v -1.783964 -0.337995 0.340471
v -1.787995 -0.395787 0.342303
v -1.727846 -0.337330 0.374663
v -1.769219 -0.395264 0.371861
v -1.790714 -0.453888 0.343872
v -1.729077 -0.395126 0.372401
v -1.770535 -0.457029 0.372540
v -1.790751 -0.509241 0.330491
v -1.730114 -0.456738 0.370867
v -1.771071 -0.523291 0.355783
v -1.790727 -0.550150 0.291717
v -1.730347 -0.522296 0.354911
v -1.677637 -0.445935 0.350902
v -1.678296 -0.508077 0.335589
v -1.674585 -0.387956 0.361084
v -1.771532 -0.575017 0.306830
v -1.673006 -0.333399 0.368150
v -1.731215 -0.575763 0.307280
v -1.772253 -0.596074 0.242800
v -1.789955 -0.566213 0.237899
v -1.731698 -0.597641 0.243031
v -1.678245 -0.559888 0.291952
v -1.772294 -0.597800 0.189117
v -1.789278 -0.567467 0.188214
v -1.731780 -0.600360 0.189238
v -1.678515 -0.582209 0.231249
v -1.772283 -0.598690 0.139288
v -1.790117 -0.568738 0.138500
v -1.732077 -0.600563 0.139121
v -1.791235 -0.570080 0.088487
v -1.678922 -0.583231 0.180120
v -1.772904 -0.599668 0.089055
v -1.792813 -0.571279 0.038632
v -1.732532 -0.600264 0.089055
v -1.678392 -0.587132 0.132281
v -1.632106 -0.572845 0.188134
v -1.733288 -0.600807 0.039235
v -1.632891 -0.571208 0.137977
v -1.679601 -0.584681 0.084524
v -1.633499 -0.570750 0.087636
v -1.773422 -0.600830 0.039432
v -1.681179 -0.581597 0.036957
v -1.734526 -0.602284 -0.010690
v -1.774442 -0.601566 -0.010305
v -1.793722 -0.572324 -0.011119
v -1.633575 -0.573447 0.037415
v -1.775883 -0.602710 -0.060091
v -1.794086 -0.573050 -0.060965
v -1.736122 -0.604873 -0.060561
v -1.681681 -0.585236 -0.010810
v -1.682047 -0.591375 -0.057963
v -1.777129 -0.604238 -0.110269
v -1.794171 -0.573695 -0.110765
v -1.737274 -0.607583 -0.110650
v -1.682298 -0.600807 -0.104916
v -1.633985 -0.578307 -0.012474
v 1.167797 0.260580 -0.266150
v 1.144562 0.191827 -0.303000
v 1.123870 0.245362 -0.299882
v 1.092250 0.173454 -0.312324
v 1.147236 0.314812 -0.265636
v 1.052990 0.160558 -0.323814
v 1.070731 0.226535 -0.302678
v 1.103656 0.298941 -0.299411
v 1.123839 0.367790 -0.264676
v 1.031119 0.213017 -0.311404
v 1.013461 0.146327 -0.329945
v 1.050316 0.281170 -0.302502
v 1.083962 0.353134 -0.302718
v 1.097731 0.419815 -0.262038
v 0.991295 0.199469 -0.319290
v 0.973145 0.131511 -0.334102
v 1.009826 0.267064 -0.306043
v 1.030929 0.334483 -0.314136
v 1.062460 0.406940 -0.303706
v 1.041999 0.460422 -0.304545
v 1.077703 0.473478 -0.262483
v 1.012464 0.387552 -0.326859
v 0.989572 0.321207 -0.312470
v 0.969975 0.252724 -0.313440
v 0.970893 0.373208 -0.329493
v 0.953462 0.187156 -0.336145
v 0.932572 0.118363 -0.331360
v 0.913779 0.172261 -0.343239
v 0.930791 0.239095 -0.323837
v 0.949094 0.306772 -0.315899
v 0.908770 0.292655 -0.319942
v 0.929522 0.360402 -0.324599
v 0.889552 0.346469 -0.330665
v 0.910259 0.414619 -0.332153
v 0.951137 0.428508 -0.332968
v 0.992043 0.442462 -0.327028
v 0.932186 0.483711 -0.327474
v 0.973291 0.497749 -0.324466
v 0.899226 0.594433 0.238501
v 0.939840 0.603609 0.188318
v 0.898050 0.595708 0.188354
v 0.858144 0.579289 0.138771
v 0.856465 0.586893 0.188770
v 0.899556 0.587832 0.138837
v 0.858320 0.576838 0.088611
v 0.857970 0.583738 0.239081
v 0.817980 0.570123 0.238994
v 0.900589 0.582596 0.088798
v 0.898697 0.588110 0.038369
v 0.940300 0.595867 0.038640
v 0.940205 0.599009 0.138476
v 0.940143 0.597883 0.088528
v 0.996470 0.599755 0.038934
v 0.996937 0.601546 0.088898
v 1.048047 0.577555 0.039794
v 1.048010 0.578082 0.089579
v 0.996730 0.602291 0.138849
v 1.048044 0.579363 0.139487
v 0.996371 0.603858 0.188540
v 1.048465 0.582188 0.189299
v 0.940391 0.605881 0.237895
v 0.997443 0.609411 0.237478
v 1.048717 0.585042 0.238410
v 1.036706 0.580964 0.289469
v 1.000259 0.598233 0.289253
v 1.009317 0.572229 0.317106
v 0.945482 0.593943 0.291591
v 0.958222 0.556715 0.331541
v 0.975091 0.504055 0.345670
v 0.904515 0.580114 0.292254
v 0.917075 0.542499 0.332000
v 0.863559 0.567039 0.292526
v 0.934421 0.490147 0.346638
v 0.992536 0.448282 0.344707
v 0.951483 0.433910 0.340426
v 0.876952 0.527259 0.330653
v 0.823650 0.552728 0.292347
v 0.836637 0.513196 0.330395
v 0.894446 0.474889 0.341824
v 0.783395 0.539681 0.292877
v 0.777878 0.556302 0.238997
v 0.796638 0.499985 0.330828
v 0.853569 0.462081 0.345687
v 0.743394 0.525939 0.292867
v 0.830920 0.388020 -0.337614
v 0.812239 0.319835 -0.342606
v 0.792414 0.373469 -0.332687
v 0.775006 0.425648 -0.315745
v 0.851410 0.333460 -0.340749
v 0.833398 0.266246 -0.347377
v 0.813081 0.440597 -0.321285
v 0.757069 0.478214 -0.304876
v 0.870218 0.401057 -0.334661
v 0.871791 0.279754 -0.337081
v 0.796223 0.492316 -0.306759
v 0.851567 0.455825 -0.327361
v 0.853998 0.212431 -0.348964
v 0.813766 0.197875 -0.351091
v 0.833459 0.143123 -0.348715
v 0.792865 0.129188 -0.346867
v 0.892330 0.226249 -0.336641
v 0.873814 0.157551 -0.346726
v 0.812062 0.075303 -0.336101
v 0.771574 0.062155 -0.329431
v 0.830394 0.023465 -0.318793
v 0.869112 0.040091 -0.308832
v 0.888342 -0.013229 -0.303799
v 0.852449 0.089634 -0.335068
v 0.892101 0.104896 -0.330428
v 0.909706 0.054747 -0.306701
v 0.928244 0.001461 -0.302002
v 0.943137 -0.041794 -0.267908
v 0.950636 0.068424 -0.307820
v 0.968746 0.014937 -0.302580
v 0.983623 -0.027713 -0.267768
v 1.009514 0.028017 -0.304441
v 1.024205 -0.013399 -0.268197
v 1.064162 0.002887 -0.267428
v 0.991596 0.081137 -0.312151
v 1.032156 0.091686 -0.323226
v 1.050381 0.041383 -0.306229
v 1.091254 0.054692 -0.307622
v 1.104918 0.016598 -0.267987
v 1.073122 0.105665 -0.323815
v 1.113419 0.120111 -0.321539
v 1.132230 0.067950 -0.308753
v 1.145914 0.029871 -0.268936
v 1.190550 0.060751 -0.266237
v 1.180968 0.087612 -0.294283
v 1.207716 0.096732 -0.265908
v 1.165137 0.137952 -0.306836
v 1.204195 0.150816 -0.267764
v 1.186701 0.205838 -0.267242
v -1.633928 -0.592945 -0.060976
v -1.684766 -0.599920 -0.152991
v -1.584717 -0.586192 -0.062122
v -1.584043 -0.585301 -0.011779
v -1.635229 -0.593053 -0.111797
v -1.588217 -0.575946 -0.111177
v -1.640504 -0.581023 -0.160523
v -1.738996 -0.609411 -0.160911
v -1.689226 -0.592443 -0.203315
v -1.778798 -0.605120 -0.160418
v -1.794848 -0.573867 -0.160609
v -1.798115 -0.573988 -0.210533
v -1.591929 -0.568667 -0.160749
v -1.781048 -0.604140 -0.214367
v -1.801494 -0.559453 -0.265179
v -1.782769 -0.585030 -0.279415
v -1.743689 -0.585154 -0.279096
v -1.741500 -0.606814 -0.214921
v -1.693354 -0.569032 -0.262607
v -1.644223 -0.577235 -0.210112
v -1.647259 -0.561040 -0.264158
v -1.597591 -0.561038 -0.265798
v -1.594412 -0.574666 -0.210767
v -1.546591 -0.560695 -0.267180
v -1.543831 -0.573535 -0.211984
v -1.494893 -0.560762 -0.268608
v -1.541287 -0.567316 -0.161947
v -1.492719 -0.573392 -0.213639
v -1.443380 -0.561158 -0.270248
v -1.538705 -0.567981 -0.112578
v -1.490499 -0.566044 -0.163966
v -1.441784 -0.574248 -0.215071
v -1.392824 -0.560550 -0.270533
v -1.391662 -0.573865 -0.215602
v -1.342407 -0.560115 -0.270599
v -1.440277 -0.570357 -0.164992
v -1.488650 -0.562264 -0.114387
v -1.536438 -0.574525 -0.063199
v -1.341393 -0.573430 -0.215852
v -1.291987 -0.559994 -0.270911
v -1.390032 -0.570935 -0.165446
v -1.438622 -0.565157 -0.115524
v -1.487240 -0.565885 -0.064696
v -1.291034 -0.573900 -0.216229
v -1.242656 -0.559669 -0.271343
v -1.339857 -0.571927 -0.165722
v -1.388466 -0.566170 -0.116175
v -1.436818 -0.565516 -0.066419
v -1.241639 -0.574684 -0.216663
v -1.192242 -0.559136 -0.271314
v -1.191156 -0.573644 -0.216879
v -1.289730 -0.570817 -0.166067
v -1.240219 -0.570089 -0.166309
v -1.189880 -0.571870 -0.166690
v -1.338359 -0.563850 -0.116452
v -1.288438 -0.566046 -0.116406
v -1.239214 -0.570559 -0.116538
v -1.189224 -0.573279 -0.116660
v -1.139588 -0.572745 -0.167138
v -1.386387 -0.564438 -0.067708
v -1.336504 -0.564278 -0.068043
v -1.435051 -0.563361 -0.017596
v -1.384655 -0.570440 -0.019449
v -1.287423 -0.571434 -0.067273
v -1.334849 -0.572104 -0.019542
v -1.383848 -0.568143 0.030094
v -1.485746 -0.569337 -0.014922
v -1.238470 -0.573730 -0.066386
v -1.434235 -0.560581 0.032014
v -1.534768 -0.577790 -0.013248
v -1.485260 -0.562623 0.034526
v -1.533900 -0.575942 0.037056
v -1.584047 -0.576763 0.037484
v -1.583744 -0.569424 0.087164
v -1.534405 -0.564801 0.086110
v -1.484728 -0.559337 0.085161
v -1.434251 -0.561052 0.083290
v -1.583165 -0.569455 0.137206
v -1.533808 -0.562842 0.136388
v -1.484215 -0.565153 0.135201
v -1.434620 -0.569425 0.134087
v -1.582464 -0.572819 0.187302
v -1.533078 -0.571384 0.186254
v -1.483722 -0.571140 0.185306
v -1.434168 -0.571247 0.184840
v -1.384749 -0.567184 0.184315
v -1.433838 -0.564876 0.234554
v -1.384287 -0.564353 0.234428
v -1.433505 -0.547261 0.287903
v -1.384603 -0.569765 0.133377
v -1.335401 -0.561027 0.184020
v -1.483234 -0.566568 0.235329
v -1.384061 -0.563416 0.081482
v -1.335137 -0.567115 0.133303
v -1.286347 -0.561472 0.133593
v -1.334639 -0.562465 0.081297
v -1.285766 -0.561566 0.082418
v -1.237155 -0.556311 0.083551
v -1.334179 -0.566635 0.029900
v -1.285647 -0.561840 0.031247
v -1.237189 -0.562870 0.033064
v -1.188101 -0.556053 0.032783
v -1.286150 -0.568991 -0.018226
v -1.188214 -0.566089 -0.016655
v -1.237797 -0.566498 -0.016919
v -1.188668 -0.573728 -0.066386
v -1.138929 -0.558318 -0.017843
v -1.138364 -0.556299 0.032789
v -1.082766 -0.556644 -0.017811
v -1.138619 -0.570520 -0.066747
v -1.139011 -0.574893 -0.116919
v -1.082763 -0.563245 -0.067984
v -1.082766 -0.570399 -0.117433
v -1.082942 -0.575719 -0.167591
v -1.026499 -0.567291 -0.117790
v -1.026605 -0.557761 -0.068447
v -1.026585 -0.556266 -0.018050
v -1.026525 -0.565905 0.031760
v -0.970722 -0.556263 -0.068425
v -0.970497 -0.556735 -0.017892
v -0.970320 -0.565443 0.031516
v -0.914311 -0.561476 -0.018236
v -0.914420 -0.558963 -0.068114
v -0.970731 -0.565329 -0.117883
v -0.970782 -0.570372 -0.167956
v -0.914291 -0.560913 -0.118308
v -0.857685 -0.558013 -0.118156
v -0.914147 -0.567649 -0.167945
v -1.140693 -0.392922 0.355259
v -1.187312 -0.451127 0.345236
v -1.137923 -0.450797 0.345370
v -1.137567 -0.504097 0.327141
v -1.083573 -0.445527 0.332523
v -1.082651 -0.501738 0.324945
v -1.028633 -0.444752 0.333492
v -1.030633 -0.392592 0.358992
v -1.027639 -0.501458 0.327319
v -1.085629 -0.392551 0.356793
v -0.976279 -0.393516 0.363598
v -1.087496 -0.333629 0.363540
v -1.031956 -0.333663 0.365643
v -0.977483 -0.333522 0.368068
v -0.973663 -0.445133 0.337055
v -0.923586 -0.332780 0.371906
v -0.921920 -0.393334 0.368061
v -0.977771 -0.277212 0.349004
v -0.972128 -0.501369 0.328273
v -0.919265 -0.445310 0.339978
v -0.869753 -0.332734 0.375591
v -0.867231 -0.393330 0.370785
v -0.917267 -0.501068 0.328137
v -0.865099 -0.444677 0.340136
v -0.970277 -0.542257 0.287536
v -0.816993 -0.441536 0.344763
v -0.862954 -0.500295 0.327120
v -0.915478 -0.540928 0.287249
v -0.814695 -0.495445 0.328017
v -0.860856 -0.540839 0.286929
v -1.026334 -0.543441 0.287678
v -0.970180 -0.551050 0.231286
v -0.915210 -0.552358 0.231523
v -1.081834 -0.544654 0.287686
v -1.026364 -0.552091 0.231096
v -1.081728 -0.561563 0.233370
v -1.137370 -0.544036 0.287092
v -1.186088 -0.543951 0.287297
v -1.137737 -0.560058 0.233142
v -1.082027 -0.564387 0.183015
v -1.026266 -0.560101 0.182299
v -1.782730 -0.534656 -0.330406
v -1.782769 -0.585030 -0.279415
v -1.801494 -0.559453 -0.265179
v -1.743689 -0.585154 -0.279096
v -1.802424 -0.519654 -0.305725
v -1.743708 -0.533614 -0.328138
v -1.693354 -0.569032 -0.262607
v -1.695094 -0.517930 -0.306226
v -1.782075 -0.469839 -0.350636
v -1.800606 -0.465056 -0.321322
v -1.779970 -0.408541 -0.355060
v -1.741869 -0.469686 -0.349279
v -1.695526 -0.455774 -0.322369
v -1.740150 -0.408873 -0.358350
v 0.869764 -0.087733 0.085391
v 0.907819 -0.066554 0.035595
v 0.909790 -0.071418 0.085695
v 0.870247 -0.089655 0.135667
v 0.944255 -0.042531 -0.013903
v 0.904153 -0.058439 -0.013938
v 0.944468 -0.043676 -0.064216
v 0.984758 -0.027069 -0.013802
v 0.867867 -0.083154 0.035457
v 0.830314 -0.105292 0.085249
v 0.828776 -0.101776 0.135280
v 0.864551 -0.075450 -0.014116
v 0.829212 -0.102299 0.035034
v 0.789050 -0.118155 0.085086
v 0.825930 -0.094745 -0.014501
v 0.868127 -0.084733 0.185697
v 0.909299 -0.072125 0.186330
v 0.902975 -0.055620 -0.064213
v 0.862198 -0.069787 -0.064090
v 0.906714 -0.065883 0.235948
v 0.789648 -0.119550 0.034922
v 0.947825 -0.053657 0.237016
v 0.823748 -0.089631 -0.064376
v 0.786550 -0.112218 -0.014753
v 0.748759 -0.133440 0.034928
v 0.823774 -0.090147 -0.114563
v 0.784275 -0.106931 -0.064491
v 0.748418 -0.132508 -0.015237
v 0.745102 -0.124937 -0.064769
v 0.748277 -0.132360 0.084919
v 0.787456 -0.114231 0.134990
v 0.709410 -0.151136 0.085063
v 0.826238 -0.095214 0.185032
v 0.747741 -0.131150 0.135065
v 0.785998 -0.110611 0.184887
v 0.865772 -0.078989 0.235208
v 0.785985 -0.110296 0.235061
v 0.746728 -0.128608 0.185069
v 0.709167 -0.150419 0.135284
v 0.826044 -0.094713 0.235136
v 0.860683 -0.064810 0.289451
v 0.820511 -0.079913 0.289415
v 0.900738 -0.050511 0.289812
v 0.941457 -0.037488 0.290938
v 0.886930 -0.012569 0.329687
v 0.927153 0.001589 0.329412
v 0.846559 -0.026693 0.329223
v 0.908359 0.053198 0.343387
v 0.867939 0.039246 0.343393
v 0.948939 0.066752 0.344568
v 0.967774 0.015109 0.330429
v 0.982293 -0.023930 0.291834
v 0.988225 -0.039100 0.237452
v 0.987888 -0.037163 0.187056
v 1.029492 -0.025265 0.187401
v 1.022836 -0.009592 0.292051
v 1.028594 -0.023768 0.237604
v 1.069286 -0.008871 0.237625
v 1.071153 -0.013947 0.187715
v 1.063978 0.004971 0.292235
v 1.104754 0.018532 0.292633
v 1.008659 0.028513 0.331713
v 1.049434 0.042884 0.332006
v 1.090813 0.056470 0.332529
v 1.131629 0.070200 0.332719
v 0.989738 0.080258 0.346229
v 1.030459 0.094207 0.346516
v 1.180160 0.089317 0.318505
v 1.207196 0.098650 0.290282
v 1.112387 0.121524 0.346664
v 1.164175 0.139276 0.332362
v 1.201852 0.152661 0.291817
v 1.181176 0.206689 0.291580
v 1.143940 0.193544 0.331786
v 1.161852 0.260680 0.292698
v 1.071971 0.108069 0.347005
v 1.092417 0.176211 0.347622
v 1.050674 0.162595 0.348813
v 1.123955 0.248051 0.332973
v 1.141947 0.314681 0.293263
v 1.071031 0.230623 0.347079
v 1.103700 0.301983 0.332553
v 1.122156 0.368518 0.293797
v 1.009942 0.148676 0.350766
v 1.030310 0.216630 0.341737
v 1.050441 0.284296 0.343210
v 1.083977 0.356432 0.334352
v 1.104243 0.423097 0.293877
v 0.969221 0.134660 0.348156
v 1.064059 0.410950 0.334186
v 1.083843 0.478133 0.292560
v 0.989637 0.203176 0.343442
v 0.928774 0.121299 0.343470
v 0.948912 0.189465 0.345669
v 1.010161 0.270908 0.336893
v 0.969338 0.257726 0.337730
v 0.888118 0.107550 0.342968
v 0.908403 0.175696 0.345779
v 0.928652 0.244100 0.339934
v 0.990380 0.325434 0.340721
v 0.949566 0.312733 0.339665
v 1.030727 0.338531 0.343177
v 1.010984 0.392937 0.341539
v 0.971325 0.379843 0.346691
v 1.044926 0.466260 0.330489
v 0.931372 0.366523 0.355310
v 1.027785 0.522718 0.331567
v 1.066718 0.535206 0.292676
v 0.909421 0.298746 0.346650
v 0.888434 0.230587 0.341466
v 0.890627 0.353147 0.352013
v 0.868065 0.162106 0.340003
v 0.869518 0.284923 0.350535
v 0.848442 0.216757 0.344560
v 0.847846 0.093469 0.343933
v 0.827703 0.148203 0.340962
v 0.827856 0.024575 0.344367
v 0.807896 0.079042 0.348136
v 0.806143 -0.041053 0.328364
v 0.787444 0.010408 0.342099
v 0.765926 -0.055726 0.327588
v 0.767775 0.064708 0.348173
v 0.787934 0.133987 0.346951
v 0.768643 0.188885 0.348548
v 0.747285 -0.003938 0.339816
v 0.747941 0.119776 0.347741
v 0.780475 -0.095265 0.289293
v 0.707237 -0.018244 0.336921
v 0.746660 -0.127709 0.235435
v 0.725628 -0.070475 0.326251
v 0.740339 -0.110732 0.288986
v 0.708671 -0.149056 0.185482
v 0.707224 -0.145147 0.235766
v 0.669769 -0.168000 0.135271
v 0.669668 -0.167660 0.185721
v 0.667058 -0.161324 0.235709
v 0.628810 -0.182141 0.185331
v 0.700096 -0.125926 0.288305
v 0.625898 -0.174948 0.234960
v 0.685380 -0.085069 0.324613
v 0.659658 -0.140729 0.287636
v 0.645201 -0.099692 0.323642
v 0.667216 -0.032476 0.334395
v 0.627165 -0.047200 0.333861
v 0.605190 -0.114604 0.324104
v 0.587338 -0.062368 0.335788
v 0.619063 -0.155219 0.287364
v 0.547760 -0.077853 0.339543
v 0.565200 -0.129648 0.325486
v 0.578256 -0.169135 0.287213
v 0.584241 -0.186632 0.233862
v 0.586707 -0.192227 0.184199
v 0.629635 -0.183798 0.134883
v 0.587742 -0.194485 0.133979
v 0.669082 -0.166267 0.084999
v 0.545192 -0.204199 0.183309
v 0.542461 -0.197534 0.232667
v 0.629452 -0.183050 0.084599
v 0.670437 -0.169566 0.034752
v 0.630593 -0.185890 0.034406
v 0.708800 -0.149790 0.034849
v 0.709280 -0.150659 -0.015450
v 0.669928 -0.168198 -0.015579
v 0.706557 -0.144178 -0.065164
v 0.744002 -0.122303 -0.114847
v 0.629902 -0.184152 -0.015845
v 0.666981 -0.161182 -0.065351
v 0.704516 -0.139288 -0.115006
v 0.627290 -0.177723 -0.065666
v 0.783756 -0.105924 -0.114708
v 0.863195 -0.072823 -0.114526
v 0.904323 -0.059546 -0.114508
v 0.946728 -0.052109 -0.113853
v 0.986307 -0.033675 -0.063807
v 1.027547 -0.022127 -0.013266
v 0.988886 -0.043677 -0.113240
v 1.028834 -0.027664 -0.063158
v 1.070150 -0.014721 -0.013035
v 1.029952 -0.030913 -0.113466
v 1.070718 -0.016555 -0.063223
v 1.109505 0.003770 -0.013352
v 1.070900 -0.017094 -0.113486
v 1.108317 0.005087 -0.063448
v 1.108091 0.005020 -0.113686
v 1.143297 0.029363 -0.113760
v -0.864887 -0.458887 -0.332202
v -0.918211 -0.513290 -0.313991
v -0.921130 -0.459941 -0.331708
v -0.974402 -0.514850 -0.313731
v -0.972175 -0.553432 -0.272621
v -0.868751 -0.401076 -0.335725
v -0.915652 -0.551532 -0.272592
v -0.861380 -0.511911 -0.313867
v -0.858682 -0.549877 -0.272604
v -0.811247 -0.506756 -0.314240
v -0.808011 -0.544195 -0.272151
v -0.815553 -0.453422 -0.332414
v -0.820182 -0.395799 -0.334675
v -0.766510 -0.448280 -0.332829
v -0.761485 -0.501314 -0.314117
v -0.757667 -0.538343 -0.271626
v -0.711647 -0.495377 -0.313551
v -1.140131 -0.573631 -0.217035
v -1.141277 -0.558853 -0.271799
v -1.084278 -0.556876 -0.271929
v -1.083626 -0.571455 -0.217551
v -1.027838 -0.555099 -0.272472
v -1.027014 -0.570254 -0.218185
v -0.972175 -0.553432 -0.272621
v -0.971280 -0.567404 -0.218050
v -0.915652 -0.551532 -0.272592
v -1.026703 -0.572418 -0.167828
v -0.914516 -0.565329 -0.218085
v -0.858682 -0.549877 -0.272604
v -0.857589 -0.563586 -0.217812
v -0.808011 -0.544195 -0.272151
v -0.807020 -0.556941 -0.217361
v -0.757667 -0.538343 -0.271626
v -0.857523 -0.563466 -0.167881
v -0.756589 -0.551048 -0.216907
v -0.707377 -0.531821 -0.270646
v -0.806678 -0.560298 -0.167590
v -0.706147 -0.544567 -0.216028
v -0.657909 -0.525858 -0.269678
v -0.756277 -0.553673 -0.166884
v -0.656702 -0.534748 -0.214414
v -0.607295 -0.522455 -0.270124
v -0.705456 -0.551556 -0.166479
v -0.806651 -0.559820 -0.117543
v -0.756002 -0.555756 -0.116951
v -0.606197 -0.528635 -0.213822
v -0.556681 -0.518009 -0.270060
v -0.655212 -0.547642 -0.166206
v -0.705168 -0.552740 -0.116294
v -0.555215 -0.529001 -0.214864
v -0.503927 -0.508215 -0.269970
v -0.604461 -0.542832 -0.165670
v -0.502571 -0.517990 -0.214503
v -0.452112 -0.497292 -0.269638
v -0.554146 -0.535074 -0.165271
v -0.654995 -0.550577 -0.115811
v -0.604071 -0.546565 -0.115398
v -0.450452 -0.506822 -0.214139
v -0.399972 -0.488066 -0.269737
v -0.502088 -0.521859 -0.164754
v -0.553396 -0.540506 -0.115190
v -0.397853 -0.497799 -0.214252
v -0.347726 -0.478745 -0.269820
v -0.449494 -0.512971 -0.164735
v -0.500383 -0.531322 -0.114919
v 0.507536 -0.225830 -0.067066
v 0.547250 -0.209303 -0.066442
v 0.469592 -0.247714 -0.017799
v 0.509655 -0.231621 -0.017238
v 0.429633 -0.264338 0.031894
v 0.470051 -0.249091 0.032446
v 0.587543 -0.194191 -0.066099
v 0.550212 -0.216907 -0.016795
v 0.590476 -0.201541 -0.016354
v 0.510486 -0.233954 0.032991
v 0.550552 -0.217893 0.033452
v 0.590771 -0.202366 0.033950
v 0.589268 -0.198492 0.083949
v 0.548891 -0.213697 0.083434
v 0.508504 -0.228763 0.082936
v 0.545740 -0.204617 0.132872
v 0.468070 -0.243919 0.082398
v 0.504499 -0.217738 0.131857
v 0.503986 -0.217153 0.182482
v 0.427414 -0.258562 0.081685
v 0.389582 -0.280710 0.031330
v 0.464024 -0.233041 0.131285
v 0.463002 -0.230593 0.181738
v 0.500088 -0.206126 0.230781
v 0.537266 -0.182434 0.286762
v 0.423370 -0.247705 0.130541
v 0.387144 -0.274263 0.081146
v 0.349384 -0.296653 0.031217
v 0.524973 -0.144397 0.326783
v 0.347612 -0.291637 0.081468
v 0.308264 -0.310148 0.031511
v 0.382759 -0.262491 0.129844
v 0.422038 -0.244129 0.180835
v 0.342614 -0.278538 0.129889
v 0.307230 -0.307208 0.081903
v 0.266659 -0.321874 0.031945
v 0.381361 -0.258422 0.180128
v 0.303185 -0.296284 0.130863
v 0.264829 -0.316784 0.081874
v 0.225251 -0.334218 0.032316
v 0.341575 -0.274967 0.180412
v 0.264423 -0.315375 0.132209
v 0.223101 -0.327394 0.082326
v 0.184353 -0.347605 0.032796
v 0.302223 -0.292542 0.181325
v 0.223346 -0.328893 0.132624
v 0.182316 -0.341800 0.082705
v 0.143145 -0.360454 0.033161
v 0.262640 -0.309782 0.182277
v 0.181119 -0.338106 0.132828
v 0.143081 -0.359882 0.083482
v 0.100704 -0.368624 0.033809
v 0.222946 -0.326722 0.183086
v 0.140275 -0.352718 0.133346
v 0.101827 -0.372919 0.083881
v 0.181011 -0.337952 0.183017
v 0.101970 -0.373092 0.134135
v 0.060639 -0.385625 0.084349
v -0.027561 -0.394970 0.289461
v -0.081254 -0.367960 0.326925
v -0.068353 -0.409470 0.290199
v -0.115388 -0.421488 0.290771
v -0.022125 -0.411705 0.235488
v 0.013053 -0.379990 0.288968
v -0.158464 -0.445799 0.235845
v -0.162127 -0.432869 0.291237
v -0.205994 -0.454781 0.235762
v -0.127023 -0.380002 0.327985
v -0.040801 -0.353672 0.326016
v -0.098338 -0.313895 0.332932
v -0.172733 -0.392605 0.329955
v -0.209251 -0.443211 0.291179
v -0.253725 -0.463390 0.235434
v -0.253054 -0.463989 0.185510
v -0.143173 -0.325892 0.334217
v -0.058073 -0.299826 0.333301
v -0.218921 -0.404323 0.331784
v -0.114860 -0.260200 0.318704
v -0.188177 -0.337488 0.337625
v -0.159985 -0.272008 0.320172
v -0.256564 -0.453081 0.290970
v -0.233377 -0.349783 0.341797
v -0.301044 -0.472890 0.235332
v -0.265271 -0.415612 0.332825
v -0.303401 -0.462945 0.290893
v -0.301411 -0.468156 0.185184
v -0.299860 -0.476299 0.135383
v -0.348221 -0.481148 0.134509
v -0.348742 -0.481885 0.234663
v -0.349383 -0.476545 0.184680
v -0.400864 -0.490697 0.134295
v -0.398515 -0.501735 0.085332
v -0.451511 -0.509155 0.084861
v -0.453308 -0.501386 0.134390
v -0.504430 -0.518074 0.084200
v -0.401591 -0.488474 0.184536
v -0.401340 -0.491238 0.234570
v -0.350714 -0.473538 0.290333
v -0.311956 -0.426555 0.332282
v -0.453586 -0.501823 0.184548
v -0.506482 -0.512665 0.183868
v -0.403581 -0.480923 0.289883
v -0.506384 -0.510006 0.133704
v -0.453956 -0.501101 0.234451
v -0.507126 -0.510689 0.233748
v -0.559925 -0.522614 0.183137
v -0.557728 -0.526522 0.083744
v -0.555112 -0.536265 0.034855
v -0.559660 -0.520807 0.133094
v -0.606116 -0.542299 0.034174
v -0.605158 -0.542620 -0.015579
v -0.656165 -0.543539 -0.016117
v -0.611771 -0.526060 0.182054
v -0.610772 -0.526204 0.131999
v -0.611794 -0.527061 0.232227
v -0.608048 -0.537108 0.083461
v -0.658519 -0.546311 0.083113
v -0.656797 -0.549731 0.033459
v -0.706912 -0.554177 0.032324
v 0.891319 0.470270 -0.329456
v 0.835576 0.506712 -0.309046
v 0.875548 0.520869 -0.309281
v 0.915944 0.534692 -0.308961
v 0.904317 0.571553 -0.267198
v 0.956436 0.549318 -0.308401
v 0.864485 0.557280 -0.267090
v 0.824305 0.544208 -0.267073
v 0.900389 0.582788 -0.211970
v 0.784352 0.531809 -0.267217
v 0.860539 0.569465 -0.212128
v 0.820652 0.555009 -0.212071
v 0.744575 0.518142 -0.265933
v 0.704714 0.504495 -0.265140
v 0.779721 0.546268 -0.212333
v 0.739605 0.533527 -0.211844
v 0.698546 0.523507 -0.212206
v 0.820090 0.556266 -0.161837
v 0.778033 0.551425 -0.162561
v 0.737415 0.539281 -0.162134
v 0.696921 0.527747 -0.161931
v 0.861299 0.566201 -0.161863
v 0.861002 0.566206 -0.111486
v 0.900489 0.582204 -0.161951
v 0.938799 0.600228 -0.161859
v 0.818878 0.561340 -0.111870
v 0.777229 0.553956 -0.112175
v 0.735299 0.547375 -0.112450
v 0.818418 0.561281 -0.061703
v 0.694640 0.535122 -0.112322
v 0.655250 0.520163 -0.162567
v 0.653611 0.524978 -0.112356
v 0.776692 0.554735 -0.061985
v 0.735173 0.546788 -0.062005
v 0.693895 0.537605 -0.062014
v 0.652749 0.527833 -0.062139
v 0.695451 0.530535 -0.011995
v 0.653800 0.522382 -0.011913
v 0.611838 0.517020 -0.011822
v 0.736376 0.541080 -0.011992
v 0.776960 0.553332 -0.011683
v 0.735687 0.543806 0.038396
v 0.612275 0.514880 0.038334
v 0.654133 0.521174 0.038412
v 0.695380 0.530747 0.038412
v 0.819010 0.558738 -0.011605
v 0.777430 0.550941 0.038470
v 0.776711 0.555125 0.088644
v 0.736068 0.543253 0.088616
v 0.694160 0.536665 0.088453
v 0.652888 0.527967 0.088471
v 0.695111 0.534645 0.138882
v 0.653905 0.525467 0.138936
v 0.736386 0.543821 0.138870
v 0.656472 0.518382 0.188716
v 0.611169 0.519945 0.088509
v 0.612977 0.514579 0.138961
v 0.617634 0.502006 0.187981
v 0.695762 0.534084 0.189171
v 0.618783 0.498568 0.238239
v 0.658293 0.513647 0.238741
v 0.697806 0.528852 0.239251
v 0.736407 0.545731 0.189074
v 0.776643 0.558931 0.188972
v 0.737596 0.543310 0.239381
v 0.776696 0.556513 0.138840
v 0.816184 0.574544 0.188877
v 0.817455 0.567262 0.138844
v 0.818732 0.560960 0.088917
v 0.819083 0.558996 0.038664
v 0.858731 0.574095 0.038578
v 0.860296 0.568118 -0.011363
v 0.859745 0.571221 -0.061559
v 0.898711 0.588092 -0.061752
v 0.899912 0.583406 -0.011606
v 0.901538 0.579174 -0.111731
v 0.939438 0.599239 -0.061618
v 0.939221 0.598891 -0.111875
v 0.940707 0.593938 -0.011583
v 0.995819 0.604911 -0.111514
v 0.995473 0.602290 -0.061249
v 0.996114 0.600404 -0.011073
v 1.046521 0.578117 -0.060560
v 1.047223 0.580125 -0.111345
v 1.048512 0.579059 -0.010259
v 1.046420 0.580431 -0.161710
v 0.995461 0.605557 -0.161783
v 1.046291 0.581100 -0.211945
v 0.995103 0.605686 -0.212053
v 1.033352 0.573853 -0.264318
v 0.938841 0.600238 -0.212146
v 0.943813 0.586885 -0.267018
v 0.997561 0.591108 -0.264458
v 1.006996 0.564624 -0.292949
v 1.025266 0.515826 -0.306854
v 1.063086 0.529276 -0.265766
v -0.344844 -0.491551 -0.214921
v -0.301182 -0.466447 -0.269890
v -0.396867 -0.503892 -0.164713
v -0.448320 -0.520597 -0.114810
v -0.298118 -0.478887 -0.214893
v -0.254720 -0.453640 -0.269849
v -0.344385 -0.493448 -0.164888
v -0.396107 -0.508456 -0.114694
v -0.251332 -0.466663 -0.214982
v -0.208403 -0.440384 -0.269519
v -0.298000 -0.479126 -0.164711
v -0.343637 -0.497548 -0.114736
v -0.204418 -0.454482 -0.215135
v -0.161903 -0.427857 -0.269713
v -0.251172 -0.466593 -0.164780
v -0.296960 -0.484004 -0.114659
v -0.157761 -0.442025 -0.215295
v -0.115220 -0.415424 -0.269937
v -0.203239 -0.458651 -0.165229
v -0.249879 -0.472032 -0.114775
v -0.296790 -0.485492 -0.064557
v -0.110777 -0.429674 -0.215550
v -0.068390 -0.403153 -0.270312
v -0.156678 -0.445823 -0.165354
v -0.202923 -0.459836 -0.114897
v -0.063790 -0.417365 -0.215942
v -0.027632 -0.388613 -0.270567
v -0.109794 -0.432996 -0.165457
v -0.022823 -0.403577 -0.216309
v 0.013389 -0.374724 -0.271120
v -0.063242 -0.418742 -0.165723
v 0.017952 -0.388719 -0.216401
v 0.054172 -0.360108 -0.271315
v -0.022448 -0.404361 -0.165984
v 0.058560 -0.374083 -0.216620
v 0.094706 -0.345457 -0.271613
v 0.018470 -0.390568 -0.166261
v 0.099065 -0.359638 -0.216950
v 0.135134 -0.330721 -0.271899
v 0.058541 -0.374952 -0.166522
v 0.098820 -0.359831 -0.166762
v 0.139578 -0.345077 -0.217266
v 0.175514 -0.315906 -0.272254
v 0.139361 -0.345515 -0.166999
v 0.179923 -0.330126 -0.217512
v 0.215923 -0.301202 -0.272784
v 0.179654 -0.330538 -0.167239
v 0.220117 -0.314812 -0.217759
v 0.256311 -0.286458 -0.273162
v 0.219372 -0.314049 -0.167426
v 0.260307 -0.299557 -0.217974
v 0.296548 -0.271484 -0.273250
v 0.259016 -0.297346 -0.167529
v 0.219350 -0.315078 -0.117013
v 0.178582 -0.328771 -0.116824
v 0.300586 -0.284663 -0.217932
v 0.336574 -0.255916 -0.272532
v 0.298710 -0.280783 -0.167514
v 0.259592 -0.299806 -0.117056
v 0.340418 -0.268442 -0.217552
v 0.376926 -0.241148 -0.272434
v 0.338905 -0.265264 -0.167285
v 0.299666 -0.283985 -0.116974
v 1.109662 0.005143 0.036857
v 1.070568 -0.012947 0.137133
v 1.069399 -0.009564 0.087095
v 1.027747 -0.018715 0.137391
v 1.068820 -0.008675 0.036852
v 1.026928 -0.016710 0.087165
v 1.026417 -0.016331 0.036818
v 0.986409 -0.032312 0.137057
v 0.985776 -0.030153 0.086785
v 0.984290 -0.025932 0.036713
v 0.948076 -0.052471 0.136418
v 0.948221 -0.053730 0.186587
v 0.948162 -0.051685 0.086175
v 0.909308 -0.071264 0.135881
v 0.945622 -0.046121 0.036184
v -0.822300 -0.328633 0.379274
v -0.819370 -0.388854 0.371012
v -0.768763 -0.437926 0.348350
v -0.765645 -0.491615 0.331347
v -0.771450 -0.383857 0.370488
v -0.774359 -0.324679 0.380382
v -0.824892 -0.269704 0.368425
v -0.716467 -0.486806 0.330869
v -0.763519 -0.527596 0.285416
v -0.720225 -0.434532 0.351715
v -0.713910 -0.522133 0.285411
v -0.713909 -0.528418 0.228961
v -0.666623 -0.481940 0.330487
v -0.722926 -0.378099 0.364469
v -0.671267 -0.430387 0.353217
v -0.616669 -0.476838 0.330495
v -0.663441 -0.517755 0.286453
v -0.663266 -0.528501 0.230565
v -0.662937 -0.527214 0.180639
v -0.713458 -0.529273 0.179072
v -0.710883 -0.542525 0.130092
v -0.759058 -0.551829 0.128900
v -0.660972 -0.535975 0.131507
v -0.756796 -0.559870 0.079587
v -0.805902 -0.564474 0.078147
v -0.707954 -0.554321 0.081963
v -0.756633 -0.554886 0.030817
v -0.806060 -0.560057 0.029699
v -0.856558 -0.562853 0.029957
v -0.706589 -0.545486 -0.016398
v -0.756929 -0.549086 -0.017225
v -0.806907 -0.554896 -0.018136
v -0.756205 -0.553130 -0.066938
v -0.857328 -0.562036 -0.018552
v -0.913544 -0.563046 0.031128
v -0.806981 -0.556920 -0.067521
v -0.857787 -0.557407 -0.067851
v -0.705905 -0.545828 -0.066550
v -0.655542 -0.543244 -0.066063
v -0.604786 -0.540609 -0.065640
v -0.553982 -0.536829 -0.065039
v -0.501042 -0.529110 -0.064747
v -0.554026 -0.538569 -0.015047
v -0.448765 -0.519586 -0.064490
v -0.500941 -0.531469 -0.014595
v -0.395854 -0.510310 -0.064650
v -0.502134 -0.527262 0.035304
v -0.448704 -0.522149 -0.014451
v -0.343982 -0.496903 -0.064561
v -0.395933 -0.511551 -0.014453
v -0.344604 -0.495883 -0.014421
v -0.298262 -0.481195 -0.014514
v -0.344008 -0.498749 0.035750
v -0.251286 -0.468847 -0.014536
v -0.396711 -0.509571 0.035761
v -0.449458 -0.519063 0.035801
v -0.297367 -0.484573 0.035553
v -0.345461 -0.494023 0.085874
v -0.298008 -0.483143 0.085772
v -0.251960 -0.467853 0.135647
v -0.252176 -0.466731 0.085530
v -0.251650 -0.468221 0.035524
v -0.205778 -0.451420 0.035497
v -0.205160 -0.454275 0.085548
v -0.204944 -0.453790 -0.014663
v -0.159142 -0.438962 0.035456
v -0.249677 -0.473328 -0.064472
v -0.203665 -0.457613 -0.064669
v -0.159820 -0.436587 -0.014943
v -0.157636 -0.442974 -0.064866
v -0.112530 -0.424847 -0.015029
v -0.156472 -0.446402 -0.114986
v -0.112576 -0.424683 -0.065474
v -0.110641 -0.430343 -0.115287
v -0.065708 -0.411873 -0.065456
v -0.065005 -0.413916 -0.115684
v -0.024015 -0.400766 -0.065514
v -0.024228 -0.399704 -0.115829
v 0.016575 -0.385808 -0.115877
v -0.064600 -0.416420 -0.015357
v 0.017613 -0.390319 -0.065843
v 0.057386 -0.372661 -0.116175
v -0.022690 -0.406120 -0.015569
v 0.059151 -0.379005 -0.066239
v 0.097935 -0.358453 -0.116438
v 0.018973 -0.395520 -0.015719
v 0.099447 -0.363915 -0.066503
v 0.138278 -0.343638 -0.116625
v 0.138881 -0.346529 -0.066289
v 0.059154 -0.379747 -0.015974
v 0.100776 -0.368841 -0.016478
v 0.179708 -0.332713 -0.066507
v 0.142037 -0.356544 -0.016972
v 0.221283 -0.321477 -0.067182
v 0.183094 -0.343605 -0.017544
v 0.261896 -0.307138 -0.067288
v 0.224754 -0.332394 -0.018063
v 0.302805 -0.293342 -0.067531
v 0.266037 -0.319850 -0.018485
v 0.344414 -0.281842 -0.068219
v 0.306644 -0.305100 -0.018647
v 0.386024 -0.270392 -0.068555
v 0.348063 -0.292826 -0.019131
v 0.427238 -0.257380 -0.068266
v 0.389114 -0.279355 -0.019069
v 0.467611 -0.242105 -0.067731
v 0.429562 -0.263907 -0.018362
v 0.059101 -0.379963 0.034319
v 0.018829 -0.396352 0.084750
v 0.017725 -0.392077 0.034644
v -0.022556 -0.407375 0.034653
v -0.022566 -0.408316 0.084877
v -0.063143 -0.422275 0.034553
v 0.061060 -0.387207 0.134590
v -0.021775 -0.411551 0.135060
v -0.110869 -0.432510 0.034675
v -0.157210 -0.447958 0.085051
v -0.109963 -0.436498 0.084818
v -0.063690 -0.421344 0.084946
v -0.110088 -0.436657 0.135145
v -0.063307 -0.423227 0.135130
v -0.204143 -0.460071 0.135605
v -0.156949 -0.449382 0.135476
v -0.021927 -0.411650 0.185207
v -0.063188 -0.424525 0.185389
v -0.111103 -0.433221 0.185359
v -0.158591 -0.443078 0.185578
v -0.205337 -0.455879 0.185785
v -0.111060 -0.435706 0.235785
v -0.063458 -0.424646 0.235512
v -1.138052 -0.564231 0.183100
v -1.082376 -0.558851 0.132628
v -0.970526 -0.551000 0.181227
v -1.026024 -0.568134 0.132407
v -0.914751 -0.555998 0.181052
v -0.970134 -0.559674 0.131624
v -0.860277 -0.556576 0.231914
v -0.913696 -0.563294 0.130615
v -0.812115 -0.534394 0.286716
v -0.858894 -0.562611 0.180357
v -0.811564 -0.548088 0.230782
v -0.810620 -0.549450 0.178860
v -0.857106 -0.567513 0.128870
v -0.764499 -0.529741 0.228215
v -0.807511 -0.559807 0.128042
v -0.763084 -0.535399 0.177807
v -0.856144 -0.567347 0.078489
v -0.913147 -0.567556 0.080378
v -0.970242 -0.569095 0.081970
v -1.026288 -0.560797 0.081963
v -1.082199 -0.559158 0.082450
v -1.082655 -0.566106 0.032306
v -1.138414 -0.564114 0.082676
v -1.138158 -0.567393 0.132749
v -1.187607 -0.556224 0.083446
v -1.187687 -0.567425 0.132951
v -1.187169 -0.566618 0.183621
v -1.186659 -0.559431 0.233258
v -1.236714 -0.559565 0.133945
v -1.236613 -0.566962 0.184082
v -1.235811 -0.563176 0.234417
v -1.235415 -0.545828 0.287850
v -1.285674 -0.563226 0.234273
v -1.286058 -0.561583 0.184012
v -1.334793 -0.564154 0.234478
v -1.285173 -0.547802 0.289050
v -1.334471 -0.547920 0.288914
v -1.285525 -0.505080 0.326545
v -1.186374 -0.505419 0.328392
v -1.235686 -0.505473 0.327401
v -1.236050 -0.450307 0.340610
v -1.188514 -0.392401 0.341370
v -1.285368 -0.449438 0.336381
v -1.142278 -0.334585 0.356351
v -1.236274 -0.392109 0.330973
v -1.190085 -0.334505 0.343160
v -1.141632 -0.277169 0.344886
v -1.285403 -0.391719 0.327592
v -1.239721 -0.333647 0.335960
v -1.334784 -0.449623 0.336377
v -1.289299 -0.334168 0.336219
v -1.334798 -0.505367 0.326503
v -1.335782 -0.391853 0.333707
v -1.383998 -0.449923 0.337048
v -1.384005 -0.547485 0.288284
v -1.384019 -0.505470 0.326220
v -1.433239 -0.450829 0.339449
v -1.433426 -0.506321 0.326955
v -1.433645 -0.392695 0.328925
v -1.385039 -0.392050 0.328942
v -1.339182 -0.334339 0.336127
v -1.387242 -0.334233 0.328189
v -1.292887 -0.276938 0.344886
v -1.341663 -0.276761 0.335068
v -1.242679 -0.276758 0.346505
v -1.191966 -0.276090 0.343659
v -1.242521 -0.219161 0.351656
v -1.292503 -0.219188 0.345498
v -1.340927 -0.219254 0.334827
v -1.191166 -0.219388 0.354502
v -1.140003 -0.219125 0.348992
v -1.288343 -0.161683 0.341555
v -1.238869 -0.161567 0.347893
v -1.188229 -0.161381 0.351539
v -1.087341 -0.277076 0.349324
v -1.336654 -0.161516 0.329396
v -1.032164 -0.277437 0.350305
v -1.086081 -0.218874 0.345570
v -1.137296 -0.162121 0.357218
v -1.031931 -0.218869 0.345526
v -1.084280 -0.162307 0.358921
v -1.185204 -0.103944 0.350051
v -1.135179 -0.104135 0.358500
v -1.031599 -0.162560 0.359847
v -1.083044 -0.104022 0.359703
v -1.234822 -0.104113 0.338779
v -1.184143 -0.045899 0.347201
v -1.284266 -0.103716 0.334569
v -1.233963 -0.045646 0.344074
v -1.283037 -0.045346 0.342856
v -1.333846 -0.103505 0.332940
v -1.332594 -0.045540 0.341432
v -1.233586 0.009082 0.328434
v -1.183207 0.008035 0.328421
v -1.284007 0.011086 0.326360
v -1.233322 0.047655 0.287802
v -1.132221 0.004802 0.324705
v -1.182136 0.044176 0.284976
v -1.233663 0.060694 0.235386
v -1.284061 0.049900 0.285637
v -1.333897 0.011281 0.325718
v -1.382481 0.008687 0.324760
v -1.333491 0.050263 0.284314
v -1.382156 -0.045772 0.339835
v -1.381519 0.048727 0.285168
v -1.283274 0.062519 0.236005
v -1.381214 0.066281 0.232054
v -1.431481 0.049081 0.284744
v -1.332066 0.063053 0.233369
v 0.589445 0.062147 0.338575
v 0.648294 0.022035 0.331768
v 0.629005 0.077060 0.335233
v 0.608187 0.007441 0.330411
v 0.572723 0.115825 0.353098
v 0.611330 0.131208 0.346126
v 0.550796 0.046376 0.347033
v 0.568222 -0.007597 0.334500
v 0.533506 0.100655 0.357941
v 0.512163 0.030742 0.355820
v 0.529025 -0.023204 0.342837
v 0.493830 0.085759 0.359742
v 0.472295 0.015559 0.359656
v 0.454180 0.070536 0.357446
v 0.490537 -0.039302 0.353674
v 0.508142 -0.093427 0.343673
v 0.450321 -0.054661 0.355964
v 0.432238 0.000440 0.360348
v 0.414262 0.055406 0.356410
v 0.468207 -0.108943 0.346872
v 0.484773 -0.159488 0.328410
v 0.410098 -0.069687 0.356405
v 0.392072 -0.014599 0.361028
v 0.374178 0.040130 0.354995
v 0.427924 -0.124117 0.348123
v 0.496283 -0.195626 0.286074
v 0.444337 -0.174370 0.328680
v 0.458854 -0.219066 0.229982
v 0.455565 -0.209374 0.285447
v 0.418119 -0.233321 0.229276
v 0.415028 -0.223736 0.284795
v 0.377184 -0.246899 0.228384
v 0.336682 -0.261754 0.228246
v 0.374571 -0.238150 0.284021
v 0.403835 -0.189176 0.328357
v 0.387528 -0.139109 0.348337
v 0.297369 -0.279792 0.229249
v 0.334464 -0.253481 0.284099
v 0.363362 -0.204005 0.327847
v 0.347010 -0.154042 0.348097
v 0.260413 -0.302390 0.231806
v 0.220238 -0.318718 0.232483
v 0.294644 -0.269654 0.284756
v 0.254816 -0.285964 0.285489
v 0.214807 -0.302058 0.285990
v 0.322993 -0.218837 0.327702
v 0.201661 -0.263336 0.325050
v 0.161425 -0.278622 0.325241
v 0.144353 -0.226950 0.339446
v 0.241925 -0.248160 0.325224
v 0.184719 -0.211900 0.340113
v 0.282475 -0.233560 0.327081
v 0.225223 -0.197253 0.341973
v 0.126604 -0.172647 0.347656
v 0.086267 -0.187036 0.342044
v 0.167145 -0.158116 0.351020
v 0.265827 -0.182868 0.344471
v 0.207714 -0.143502 0.353330
v 0.306501 -0.168617 0.346875
v 0.248366 -0.129046 0.355567
v 0.288899 -0.114321 0.355794
v 0.329323 -0.099626 0.356253
v 0.230557 -0.074069 0.361693
v 0.271097 -0.059408 0.362788
v 0.369748 -0.084653 0.356294
v 0.311514 -0.044612 0.361740
v 0.351838 -0.029643 0.360587
v 0.253329 -0.004370 0.360705
v 0.212884 -0.018982 0.361287
v 0.293712 0.010160 0.357593
v 0.172393 -0.033456 0.358089
v 0.333989 0.025100 0.356052
v 0.275872 0.065225 0.353852
v 0.316382 0.079798 0.348693
v 0.259073 0.120232 0.356166
v 0.190062 -0.088450 0.357246
v 0.131929 -0.047902 0.355727
v 0.149550 -0.102919 0.353927
v 0.091375 -0.062627 0.354657
v 0.109229 -0.117309 0.348431
v 0.051084 -0.076985 0.348471
v 0.033222 -0.022364 0.354416
v -0.007005 -0.036869 0.348447
v 0.010582 -0.091619 0.343429
v 0.069002 -0.131680 0.342391
v 0.028382 -0.146601 0.341138
v -0.280189 -0.186039 -0.338930
v -0.253333 -0.119663 -0.324522
v -0.236369 -0.173885 -0.333578
v -0.175325 -0.216349 -0.337306
v -0.203205 -0.284071 -0.335252
v -0.219168 -0.228787 -0.340693
v -0.158523 -0.271724 -0.335501
v -0.187434 -0.338871 -0.327686
v -0.192367 -0.161893 -0.328774
v -0.209300 -0.107322 -0.321584
v -0.142037 -0.326452 -0.328139
v -0.172820 -0.390215 -0.310373
v -0.131234 -0.204513 -0.332048
v -0.126597 -0.377859 -0.310669
v -0.161903 -0.427857 -0.269713
v -0.115220 -0.415424 -0.269937
v -0.113632 -0.259398 -0.334353
v -0.096273 -0.314353 -0.327773
v -0.080263 -0.365576 -0.310826
v -0.068390 -0.403153 -0.270312
v -0.027632 -0.388613 -0.270567
v -0.039494 -0.351067 -0.310855
v 0.013389 -0.374724 -0.271120
v -0.055604 -0.299716 -0.327998
v 0.001236 -0.336666 -0.311124
v 0.054172 -0.360108 -0.271315
v -0.073051 -0.244733 -0.333388
v -0.015005 -0.285032 -0.327206
v 0.042157 -0.322440 -0.311662
v 0.094706 -0.345457 -0.271613
v 0.082597 -0.307675 -0.311807
v 0.135134 -0.330721 -0.271899
v 0.025424 -0.270481 -0.327205
v -0.032748 -0.230035 -0.330212
v -0.090760 -0.189613 -0.332147
v 0.122912 -0.292841 -0.312070
v 0.175514 -0.315906 -0.272254
v 0.066024 -0.255845 -0.327468
v 0.007719 -0.215390 -0.328826
v -0.050643 -0.175055 -0.325819
v 0.163231 -0.278011 -0.312470
v 0.215923 -0.301202 -0.272784
v 0.106238 -0.240984 -0.327636
v 0.047874 -0.200584 -0.328493
v -0.010171 -0.160206 -0.327646
v 0.203571 -0.263267 -0.313041
v 0.256311 -0.286458 -0.273162
v 0.146464 -0.226144 -0.327909
v 0.088427 -0.185849 -0.328736
v 0.030024 -0.145518 -0.327412
v 0.243863 -0.248446 -0.313479
v 0.296548 -0.271484 -0.273250
v 0.186637 -0.211219 -0.327854
v 0.128553 -0.171057 -0.329643
v 0.070664 -0.130684 -0.327310
v 0.284046 -0.233298 -0.313304
v 0.336574 -0.255916 -0.272532
v 0.226745 -0.196241 -0.327683
v 0.168620 -0.156146 -0.328987
v 0.110653 -0.115865 -0.329918
v 0.324211 -0.218499 -0.313234
v 0.376926 -0.241148 -0.272434
v 0.266859 -0.181223 -0.327727
v 0.208633 -0.141173 -0.327869
v 0.150647 -0.101029 -0.331726
v 0.364665 -0.203940 -0.313449
v 0.417220 -0.226259 -0.272120
v 0.307057 -0.166522 -0.327898
v 0.248668 -0.126139 -0.326651
v 0.190677 -0.086270 -0.334530
v 0.405007 -0.189183 -0.313295
v 0.457481 -0.211302 -0.271675
v 0.347364 -0.151941 -0.328237
v 0.288900 -0.111462 -0.326266
v 0.230711 -0.071384 -0.333677
v 0.445209 -0.174483 -0.312929
v 0.497465 -0.196351 -0.271158
v 0.387479 -0.137446 -0.328378
v 0.328918 -0.096961 -0.325710
v 0.270689 -0.056802 -0.332067
v 0.485431 -0.159677 -0.312631
v 0.537988 -0.182171 -0.271014
v 0.427754 -0.122879 -0.328658
v 0.369129 -0.082326 -0.326356
v 0.310738 -0.041972 -0.330618
v 0.525563 -0.144551 -0.311729
v 0.578423 -0.167720 -0.270761
v 0.467985 -0.108164 -0.328650
v 0.409294 -0.067788 -0.326713
v 0.350856 -0.027473 -0.331507
v 0.565915 -0.129891 -0.311258
v 0.618771 -0.152945 -0.270425
v 0.508067 -0.093058 -0.326183
v 0.449567 -0.053310 -0.330302
v 0.391056 -0.013186 -0.334247
v 0.606230 -0.115120 -0.310778
v 0.659154 -0.138268 -0.270171
v 0.548314 -0.078182 -0.325818
v 0.489543 -0.038211 -0.325900
v 0.431177 0.001416 -0.334605
v 0.646741 -0.100417 -0.310220
v 0.699911 -0.124523 -0.269938
v 0.588682 -0.063692 -0.326107
v 0.529848 -0.023387 -0.327039
v 0.471396 0.016211 -0.334220
v -0.446993 -0.051789 -0.335786
v -0.498411 -0.003109 -0.324410
v -0.457037 0.003842 -0.320335
v -0.467182 0.058519 -0.312236
v -0.417496 0.013413 -0.314492
v -0.406625 -0.040894 -0.333104
v -0.395049 -0.097533 -0.343371
v -0.436480 -0.108515 -0.346085
v -0.366069 -0.030660 -0.325975
v -0.377437 0.024173 -0.312016
v -0.353717 -0.087165 -0.333343
v -0.381914 -0.153876 -0.347865
v -0.340380 -0.143432 -0.336402
v -0.324740 -0.019661 -0.318969
v -0.337149 0.035789 -0.311492
v -0.311725 -0.076249 -0.322044
v -0.297023 -0.131903 -0.328207
v -0.366979 -0.209876 -0.350642
v -0.323911 -0.198101 -0.345365
v -0.424300 -0.164816 -0.348906
v -0.468576 -0.173477 -0.340700
v -0.455778 -0.230066 -0.338535
v -0.501315 -0.238974 -0.325373
v -0.410001 -0.221363 -0.346220
v -0.490672 -0.295967 -0.324700
v -0.547916 -0.247941 -0.320123
v -0.442239 -0.285845 -0.329365
v -0.395097 -0.276976 -0.337992
v -0.430775 -0.342934 -0.331574
v -0.538400 -0.305161 -0.321444
v -0.595225 -0.256935 -0.320476
v -0.586927 -0.314192 -0.321400
v -0.480311 -0.352445 -0.334509
v -0.529413 -0.361650 -0.333224
v -0.578425 -0.371307 -0.323651
v -0.627439 -0.375861 -0.329231
v -0.469004 -0.409161 -0.331884
v -0.519577 -0.418777 -0.331084
v -0.619493 -0.433044 -0.331356
v -0.668709 -0.438562 -0.334418
v -0.570088 -0.428195 -0.329917
v -0.662278 -0.491667 -0.314873
v -0.612245 -0.487121 -0.314625
v -0.657909 -0.525858 -0.269678
v -0.707377 -0.531821 -0.270646
v -0.607295 -0.522455 -0.270124
v -0.561840 -0.482295 -0.313446
v -0.556681 -0.518009 -0.270060
v -0.510458 -0.471810 -0.313385
v -0.503927 -0.508215 -0.269970
v -0.458907 -0.461737 -0.313274
v -0.452112 -0.497292 -0.269638
v -0.418763 -0.399435 -0.331031
v -0.407483 -0.452327 -0.313065
v -0.399972 -0.488066 -0.269737
v -0.381746 -0.333129 -0.331150
v -0.368497 -0.389595 -0.329688
v -0.356140 -0.442168 -0.312019
v -0.347726 -0.478745 -0.269820
v -0.310341 -0.429155 -0.311498
v -0.301182 -0.466447 -0.269890
v -0.323479 -0.376720 -0.328181
v -0.264511 -0.416069 -0.311004
v -0.254720 -0.453640 -0.269849
v -0.337200 -0.320648 -0.332984
v -0.278202 -0.363964 -0.327790
v -0.218638 -0.403043 -0.310498
v -0.208403 -0.440384 -0.269519
v -0.232718 -0.351474 -0.328123
v -0.292395 -0.309075 -0.337689
v -0.351510 -0.265731 -0.345711
v -0.307310 -0.253698 -0.346894
v -0.247642 -0.296670 -0.337437
v -0.263012 -0.241192 -0.344475
v -0.560660 -0.521088 0.233198
v -0.561883 -0.508837 0.288181
v -0.508644 -0.499708 0.289301
v -0.455737 -0.490809 0.289958
v -0.612773 -0.513781 0.287586
v -0.566231 -0.472204 0.331229
v -0.513869 -0.463154 0.332286
v -0.572290 -0.420616 0.353069
v -0.461962 -0.454090 0.332800
v -0.521349 -0.410933 0.352043
v -0.621909 -0.425157 0.352345
v -0.410407 -0.445284 0.332884
v -0.674230 -0.373548 0.363057
v -0.625574 -0.369457 0.366060
v -0.358695 -0.437209 0.333738
v -0.369861 -0.384760 0.350156
v -0.420272 -0.393788 0.353615
v -0.324416 -0.373078 0.350062
v -0.278525 -0.361858 0.346509
v -0.382424 -0.328401 0.352636
v -0.337587 -0.316536 0.347665
v -0.470676 -0.402426 0.352612
v -0.431043 -0.337127 0.359427
v -0.480256 -0.346574 0.364747
v -0.395403 -0.272584 0.346977
v -0.529121 -0.355940 0.366872
v -0.577740 -0.364973 0.367548
v -0.443570 -0.281210 0.349565
v -0.583524 -0.308137 0.368566
v -0.629687 -0.312596 0.372323
v -0.677187 -0.317744 0.379449
v -0.536918 -0.298383 0.369353
v -0.490764 -0.289295 0.361088
v -0.725247 -0.321261 0.380012
v -0.454683 -0.224477 0.349814
v -0.590698 -0.250561 0.370301
v -0.546726 -0.242064 0.359085
v -0.501436 -0.233539 0.353399
v -0.600339 -0.193253 0.361159
v -0.635861 -0.255637 0.377276
v -0.555879 -0.184382 0.358200
v -0.644546 -0.197541 0.369397
v -0.682632 -0.259245 0.381099
v -0.609519 -0.137681 0.345266
v -0.690389 -0.201283 0.372189
v -0.729958 -0.262105 0.381211
v -0.653884 -0.141966 0.352278
v -0.736313 -0.204685 0.369180
v -0.778470 -0.265055 0.378479
v -0.827786 -0.212026 0.359332
v -0.782098 -0.208380 0.360990
v -0.830982 -0.156035 0.348200
v -0.697953 -0.144915 0.358580
v -0.742866 -0.147694 0.360901
v -0.787066 -0.151618 0.355648
v -0.834928 -0.100298 0.342676
v -0.878745 -0.104770 0.342340
v -0.881296 -0.049889 0.329466
v -0.838972 -0.044095 0.335607
v -0.791726 -0.095422 0.349371
v -0.883741 0.003031 0.314067
v -0.747889 -0.091889 0.348977
v -0.796064 -0.039843 0.336918
v -0.753310 -0.036595 0.334364
v -0.704421 -0.089969 0.341028
v -0.710107 -0.033558 0.329866
v 0.238591 0.178118 -0.340726
v 0.296792 0.137109 -0.344878
v 0.256518 0.122633 -0.345220
v 0.198505 0.163519 -0.338328
v 0.278783 0.191815 -0.337279
v 0.317989 0.204464 -0.324697
v 0.181016 0.218462 -0.330042
v 0.261288 0.245783 -0.326010
v 0.301346 0.260455 -0.326531
v 0.245615 0.296219 -0.307223
v 0.221362 0.230947 -0.325135
v 0.205203 0.281704 -0.307012
v 0.164913 0.268529 -0.309416
v 0.152835 0.304952 -0.268211
v 0.124861 0.254882 -0.311080
v 0.141073 0.204213 -0.330035
v 0.158826 0.149100 -0.335547
v 0.112761 0.291229 -0.269428
v 0.148235 0.318929 -0.213764
v 0.084773 0.241411 -0.312314
v 0.101082 0.189894 -0.330028
v 0.119197 0.134451 -0.328866
v 0.045074 0.227069 -0.312647
v 0.061651 0.175066 -0.327936
v 0.079645 0.119992 -0.327650
v 0.109282 0.302050 -0.213723
v 0.072864 0.277325 -0.270215
v 0.143298 0.332634 -0.166106
v 0.021720 0.160100 -0.326530
v 0.039791 0.104995 -0.325744
v 0.005081 0.212441 -0.312711
v 0.032731 0.264059 -0.271334
v -0.007264 0.250508 -0.272347
v 0.069377 0.287754 -0.214522
v 0.029177 0.274222 -0.215450
v 0.101422 -0.371612 0.184399
v 0.060992 -0.387056 0.184936
v 0.099691 -0.366556 0.234393
v 0.139911 -0.350590 0.233802
v 0.134297 -0.333542 0.287373
v 0.140586 -0.353239 0.183575
v 0.180020 -0.334546 0.233099
v 0.174639 -0.317978 0.286827
v 0.121119 -0.293937 0.325455
v 0.080688 -0.309061 0.325492
v 0.063591 -0.256867 0.338483
v 0.104000 -0.241988 0.339078
v 0.045887 -0.201700 0.339135
v 0.005409 -0.216478 0.335378
v -0.012347 -0.161610 0.340157
v -0.051417 -0.175343 0.326800
v -0.069765 -0.121141 0.336395
v -0.108702 -0.134966 0.325081
v -0.029844 -0.106638 0.343466
v -0.121657 -0.078315 0.322184
v -0.162532 -0.092852 0.318868
v -0.085858 -0.065455 0.338259
v -0.179360 -0.037638 0.319516
v -0.047480 -0.051918 0.349206
v -0.138701 -0.022983 0.323281
v -0.103638 -0.010719 0.341440
v -0.222280 -0.050387 0.332720
v -0.207535 -0.105420 0.320917
v -0.159737 0.030353 0.326331
v -0.121653 0.044335 0.342220
v -0.064886 0.003568 0.350112
v -0.200011 0.016170 0.323519
v -0.265371 -0.061964 0.334970
v -0.251346 -0.117132 0.323980
v -0.239969 0.004705 0.334643
v -0.217316 0.070540 0.335121
v -0.178262 0.085215 0.336027
v -0.280313 -0.006095 0.338856
v -0.256973 0.060211 0.336234
v -0.233390 0.123405 0.319488
v -0.138191 0.099363 0.335443
v -0.306136 -0.073147 0.343817
v -0.293954 -0.127440 0.324815
v -0.280062 -0.183208 0.316509
v -0.335957 -0.138155 0.331327
v -0.347844 -0.083477 0.348293
v -0.389576 -0.093302 0.351550
v -0.321361 -0.016862 0.340518
v -0.361950 -0.026469 0.346019
v -0.402806 -0.036154 0.350508
v -0.443846 -0.046570 0.351979
v -0.335659 0.036403 0.325337
v -0.376011 0.026106 0.327113
v -0.415931 0.018142 0.336011
v -0.456261 0.009924 0.342032
v -0.389079 0.080511 0.317809
v -0.428268 0.071124 0.319917
v -0.256934 0.058599 -0.314052
v -0.200215 0.015597 -0.315649
v -0.241293 0.003440 -0.315680
v -0.225593 -0.052180 -0.315096
v -0.297116 0.047172 -0.313659
v -0.283093 -0.008349 -0.316259
v -0.350778 0.090745 -0.307900
v -0.311923 0.101014 -0.306707
v -0.323832 0.144824 -0.273088
v -0.268767 -0.064375 -0.317069
v -0.272894 0.112706 -0.308055
v -0.285331 0.155455 -0.272483
v -0.290753 0.173536 -0.219352
v -0.183046 -0.039994 -0.316282
v -0.246414 0.165563 -0.272036
v -0.233471 0.123480 -0.307731
v -0.217378 0.070559 -0.317307
v -0.166192 -0.094846 -0.324246
v -0.143045 -0.024868 -0.321003
v -0.148805 -0.149813 -0.327804
v -0.108464 -0.134739 -0.328925
v -0.126149 -0.079666 -0.328783
v -0.068286 -0.120030 -0.325542
v -0.085844 -0.064985 -0.329340
v -0.028026 -0.105209 -0.323382
v 0.012227 -0.090391 -0.326894
v -0.045865 -0.050101 -0.327711
v -0.103258 -0.009795 -0.325947
v -0.160100 0.030360 -0.316490
v 0.052376 -0.075558 -0.327162
v -0.005620 -0.035291 -0.328303
v -0.177593 0.085494 -0.320003
v -0.120236 0.045207 -0.318837
v -0.194139 0.138579 -0.309055
v -0.063086 0.005120 -0.327431
v -0.137686 0.100350 -0.321078
v -0.080388 0.060105 -0.320252
v -0.023069 0.019829 -0.325034
v -0.097920 0.115247 -0.322062
v 0.034386 -0.020615 -0.331969
v -0.040316 0.074874 -0.320118
v 0.016773 0.034697 -0.329435
v 0.092771 -0.060698 -0.330680
v 0.074904 -0.005552 -0.333472
v 0.132696 -0.045892 -0.333812
v 0.172701 -0.031004 -0.331824
v 0.114809 0.009335 -0.333474
v 0.057290 0.049823 -0.332148
v -0.000552 0.089778 -0.323665
v 0.212685 -0.016288 -0.334448
v 0.154729 0.024157 -0.335196
v 0.097272 0.064572 -0.329258
v 0.252667 -0.001918 -0.337424
v 0.194748 0.038793 -0.333170
v 0.137068 0.079325 -0.330008
v 0.292707 0.012477 -0.339024
v 0.332788 0.026780 -0.341504
v 0.234944 0.053367 -0.334425
v 0.274680 0.067673 -0.340781
v 0.314694 0.081760 -0.346322
v 0.177248 0.094049 -0.329456
v 0.217302 0.108491 -0.333476
v -0.680956 0.079101 -0.222303
v -0.637964 0.087618 -0.173369
v -0.638548 0.086242 -0.223884
v -0.680322 0.064730 -0.277115
v -0.680196 0.084200 -0.172241
v -0.637226 0.079731 -0.122318
v -0.723054 0.059506 -0.275577
v -0.723283 0.075295 -0.221571
v -0.676408 0.023390 -0.315170
v -0.633028 0.027707 -0.314847
v -0.719718 0.017801 -0.313733
v -0.670684 -0.032948 -0.323576
v -0.765002 0.055639 -0.275174
v -0.714369 -0.037855 -0.323529
v -0.626530 -0.027944 -0.321573
v -0.762097 0.013056 -0.312009
v -0.664190 -0.090116 -0.312094
v -0.583727 -0.019540 -0.323476
v -0.590808 0.035896 -0.315675
v -0.540997 -0.011360 -0.323832
v -0.549439 0.043728 -0.315748
v -0.531801 -0.068322 -0.324077
v -0.575354 -0.076755 -0.322945
v -0.619257 -0.085127 -0.317021
v -0.489267 -0.059790 -0.333549
v -0.522376 -0.125478 -0.325518
v -0.479187 -0.116956 -0.335718
v -0.566241 -0.133914 -0.319427
v -0.512270 -0.182374 -0.327887
v -0.611487 -0.142493 -0.318132
v -0.556914 -0.190803 -0.318427
v -0.656922 -0.147491 -0.314950
v -0.603382 -0.199756 -0.318165
v -0.649625 -0.204584 -0.317807
v -0.642454 -0.261884 -0.317436
v -0.695854 -0.209524 -0.324473
v -0.689528 -0.267205 -0.317525
v -0.635000 -0.319044 -0.322048
v -0.682733 -0.324298 -0.323866
v -0.729382 -0.328947 -0.328919
v -0.675699 -0.380900 -0.333416
v -0.735200 -0.271708 -0.323871
v -0.723225 -0.385919 -0.338516
v -0.782101 -0.276517 -0.327100
v -0.777082 -0.333904 -0.329872
v -0.717258 -0.443679 -0.333661
v -0.772043 -0.391234 -0.333909
v -0.660980 -0.085994 0.337799
v -0.667556 -0.028629 0.331128
v -0.715957 0.021097 0.318505
v -0.617166 -0.080434 0.338073
v -0.565411 -0.127943 0.348491
v -0.624771 -0.023353 0.330650
v -0.510991 -0.176473 0.351339
v -0.574193 -0.071072 0.340624
v -0.520733 -0.119870 0.345341
v -0.465033 -0.167868 0.354685
v -0.530955 -0.062637 0.343843
v -0.583262 -0.014004 0.335006
v -0.476322 -0.111087 0.347750
v -0.540629 -0.006412 0.334978
v -0.632361 0.030736 0.318493
v -0.591394 0.039838 0.319862
v -0.674082 0.026235 0.319203
v -0.487417 -0.054508 0.344655
v -0.637739 0.074139 0.282769
v -0.549899 0.047198 0.320592
v -0.498811 0.002208 0.340384
v -0.467619 0.061867 0.322465
v -0.431591 -0.102684 0.346349
v -0.420061 -0.159445 0.343055
v -0.378545 -0.148432 0.334081
v -0.406635 -0.215538 0.349449
v -0.365681 -0.205209 0.332058
v -0.351946 -0.261294 0.337737
v -0.308501 -0.250605 0.328925
v -0.323258 -0.194099 0.321800
v -0.293616 -0.305300 0.340071
v -0.249242 -0.294929 0.329172
v -0.264571 -0.239293 0.324222
v -0.237019 -0.172614 0.316525
v -0.205063 -0.283933 0.322668
v -0.221093 -0.228604 0.315730
v -0.193387 -0.161573 0.322578
v -0.176579 -0.216728 0.316093
v -0.132001 -0.204640 0.316004
v -0.149341 -0.149541 0.321211
v -0.074200 -0.245488 0.320380
v -0.091140 -0.189978 0.318189
v -0.034034 -0.230777 0.325298
v -0.017503 -0.285805 0.335191
v -0.000331 -0.339092 0.325765
v 0.023095 -0.271558 0.337328
v 0.040246 -0.324206 0.325602
v 0.053446 -0.364431 0.288205
v 0.018767 -0.397624 0.235426
v 0.093831 -0.348892 0.287645
v 0.059356 -0.382407 0.234966
v 0.019680 -0.399989 0.185187
v 0.019018 -0.397336 0.134968
v -0.824431 -0.338140 -0.338230
v -0.829115 -0.281249 -0.330387
v -0.872208 -0.343550 -0.328693
v -0.875712 -0.285918 -0.331862
v -0.833036 -0.224028 -0.323460
v -0.878814 -0.228187 -0.330480
v -0.787090 -0.219374 -0.321364
v -0.740918 -0.214444 -0.318275
v -0.836751 -0.166523 -0.321637
v -0.882197 -0.170751 -0.323671
v -0.791833 -0.162156 -0.312834
v -0.746424 -0.157117 -0.315544
v -0.702159 -0.152329 -0.314022
v -0.708475 -0.094930 -0.318653
v -0.751798 -0.099524 -0.320151
v -0.757375 -0.042113 -0.322792
v -0.796245 -0.104184 -0.320036
v -0.800662 -0.047314 -0.318829
v -0.804535 0.008693 -0.311807
v -0.806548 0.052342 -0.276261
v -0.840554 -0.108785 -0.319570
v -0.844148 -0.051624 -0.318588
v -0.846624 0.004478 -0.312019
v -0.847554 0.047805 -0.276371
v -0.885021 -0.112883 -0.322451
v -0.887597 -0.055171 -0.320080
v -0.889199 0.000200 -0.312167
v -0.889383 0.044310 -0.278781
v -0.939619 -0.001217 -0.312216
v -0.937014 -0.113996 -0.328211
v -0.938915 0.042906 -0.279882
v -0.938575 -0.056719 -0.319754
v -0.988686 0.042575 -0.281423
v -0.990000 -0.002553 -0.312102
v -0.989827 -0.058267 -0.318085
v -1.039103 0.041867 -0.280598
v -1.039866 -0.003040 -0.312048
v -1.036548 0.062309 -0.228666
v -1.089341 0.041869 -0.277482
v -1.040201 -0.058889 -0.317796
v -0.988879 -0.115032 -0.326746
v -1.090672 -0.004077 -0.310096
v -1.039874 -0.115799 -0.326294
v -1.139845 0.043097 -0.276430
v -1.091270 -0.060571 -0.312074
v -1.141639 -0.005883 -0.306803
v -1.090441 -0.117884 -0.312554
v -1.038143 -0.174464 -0.323189
v -1.142468 -0.061904 -0.308278
v -1.191383 -0.005952 -0.305297
v -1.142400 -0.119587 -0.310462
v -0.987337 -0.172752 -0.334023
v -1.090609 -0.175866 -0.322021
v -0.934485 -0.171505 -0.333706
v -0.985401 -0.230723 -0.333310
v -0.932118 -0.229089 -0.335312
v -1.037277 -0.232343 -0.326266
v -0.983922 -0.288502 -0.337398
v -0.929631 -0.286834 -0.338762
v 0.756720 0.486519 0.330966
v 0.703827 0.510904 0.292179
v 0.813667 0.448363 0.344638
v 0.871759 0.408468 0.357416
v 0.664168 0.496269 0.291919
v 0.716835 0.473086 0.331599
v 0.912364 0.421829 0.354190
v 0.831923 0.394519 0.353131
v 0.850725 0.339622 0.350733
v 0.773815 0.435141 0.345529
v 0.792178 0.380766 0.350101
v 0.829426 0.271331 0.349697
v 0.810606 0.325989 0.353208
v 0.752626 0.367006 0.345421
v 0.734004 0.422364 0.349094
v 0.770765 0.312377 0.349513
v 0.677018 0.459340 0.332199
v 0.694531 0.408479 0.349641
v 0.713146 0.353304 0.342706
v 0.789518 0.257522 0.349474
v 0.731820 0.298684 0.340787
v 0.808511 0.202788 0.346846
v 0.749852 0.243676 0.345928
v 0.673755 0.339075 0.345648
v 0.691956 0.284498 0.341213
v 0.710700 0.229558 0.339647
v 0.634782 0.324895 0.352360
v 0.729115 0.174694 0.343539
v 0.653446 0.269999 0.350897
v 0.670934 0.215282 0.341846
v 0.689870 0.160474 0.339543
v 0.708155 0.105299 0.344897
v 0.632646 0.200386 0.351060
v 0.727741 0.050414 0.343888
v 0.650119 0.146077 0.340143
v 0.668982 0.091118 0.337026
v 0.688140 0.036362 0.336819
v 0.614395 0.255405 0.355942
v 0.357091 0.094527 0.345941
v 0.299716 0.134775 0.349450
v 0.241752 0.175434 0.356147
v 0.397548 0.109498 0.345723
v 0.340360 0.149611 0.343573
v 0.283054 0.189851 0.354047
v 0.223778 0.229558 0.346400
v 0.437403 0.124693 0.347675
v 0.380715 0.164429 0.340392
v 0.323947 0.204286 0.350743
v 0.264873 0.244606 0.347908
v 0.207002 0.278008 0.322565
v 0.476504 0.140298 0.353146
v 0.420806 0.179444 0.339446
v 0.247536 0.293027 0.324184
v 0.364169 0.218995 0.347262
v 0.235715 0.325039 0.278943
v 0.305476 0.259480 0.348994
v 0.275760 0.339752 0.280059
v 0.272637 0.346634 0.223737
v 0.287646 0.308579 0.326059
v 0.345805 0.274325 0.349212
v 0.403720 0.234000 0.343413
v 0.312814 0.360603 0.224716
v 0.305349 0.376871 0.177571
v 0.315239 0.355128 0.281253
v 0.327426 0.324038 0.327575
v 0.385314 0.289194 0.348988
v 0.345248 0.390404 0.178423
v 0.337189 0.411732 0.133175
v 0.352274 0.375707 0.225918
v 0.354128 0.370871 0.282556
v 0.366587 0.339627 0.328811
v 0.390341 0.393397 0.227654
v 0.385090 0.403988 0.179188
v 0.392425 0.387179 0.283895
v -1.036095 -0.290103 -0.328429
v -0.927004 -0.344550 -0.332814
v -0.981496 -0.346256 -0.334732
v -1.034911 -0.347902 -0.329428
v -1.089892 -0.233670 -0.320465
v -1.089285 -0.291454 -0.321544
v -1.142905 -0.176899 -0.322089
v -1.143046 -0.234923 -0.317754
v -1.089003 -0.348980 -0.326850
v -1.033454 -0.405565 -0.335763
v -1.143269 -0.292638 -0.319378
v -1.143397 -0.350184 -0.326288
v -1.193480 -0.234541 -0.322704
v -1.194012 -0.292247 -0.323311
v -1.194184 -0.349849 -0.326792
v -1.088354 -0.406539 -0.334498
v -1.194162 -0.407560 -0.329461
v -1.143450 -0.407661 -0.332898
v -1.087212 -0.464135 -0.329297
v -1.194085 -0.465223 -0.326381
v -1.142901 -0.465418 -0.327702
v -1.085847 -0.517665 -0.312519
v -1.031626 -0.463242 -0.331542
v -0.979325 -0.404024 -0.336464
v -0.924127 -0.402271 -0.336536
v -0.976972 -0.461689 -0.332309
v -1.029780 -0.516493 -0.313480
v -1.084278 -0.556876 -0.271929
v -1.027838 -0.555099 -0.272472
v -1.141277 -0.558853 -0.271799
v -1.142341 -0.519185 -0.311370
v -1.192242 -0.559136 -0.271314
v -1.193567 -0.519411 -0.311540
v -1.242656 -0.559669 -0.271343
v -1.244063 -0.519703 -0.311141
v -1.291987 -0.559994 -0.270911
v -1.293418 -0.520174 -0.311221
v -1.342407 -0.560115 -0.270599
v -1.244801 -0.465561 -0.326948
v -1.343945 -0.520270 -0.311163
v -1.392824 -0.560550 -0.270533
v -1.293875 -0.465580 -0.325836
v -1.244818 -0.407560 -0.327610
v -1.293853 -0.407582 -0.325280
v -1.344412 -0.465413 -0.324850
v -1.394383 -0.520477 -0.310960
v -1.443380 -0.561158 -0.270248
v -1.244637 -0.349947 -0.325550
v -1.293704 -0.349859 -0.324347
v -1.344229 -0.407446 -0.321604
v -1.395167 -0.464949 -0.323475
v -1.445291 -0.520016 -0.309759
v -1.494893 -0.560762 -0.268608
v -1.497069 -0.519427 -0.307828
v -1.546591 -0.560695 -0.267180
v -1.446406 -0.464117 -0.321030
v -1.395261 -0.407119 -0.317497
v -1.344257 -0.349691 -0.320722
v -1.549032 -0.519017 -0.306168
v -1.597591 -0.561038 -0.265798
v -1.498411 -0.463382 -0.318299
v -1.293534 -0.292127 -0.325810
v -1.600006 -0.518404 -0.303780
v -1.647259 -0.561040 -0.264158
v -1.550275 -0.462664 -0.315917
v -1.649293 -0.517304 -0.300824
v -1.600923 -0.462141 -0.312731
v -1.650475 -0.461419 -0.309355
v -1.550005 -0.405187 -0.306754
v -1.498466 -0.405679 -0.310320
v -1.446698 -0.406407 -0.312891
v -1.395039 -0.349321 -0.312786
v -1.446464 -0.348687 -0.307745
v -1.498008 -0.348122 -0.303577
v -1.445177 -0.290731 -0.306777
v -1.343990 -0.291743 -0.322229
v -1.496884 -0.289869 -0.303496
v -1.394394 -0.291312 -0.314787
v -1.442942 -0.232961 -0.307791
v -1.494497 -0.232641 -0.309977
v -1.393449 -0.233737 -0.320905
v -1.343083 -0.234079 -0.326220
v -1.292991 -0.234274 -0.325469
v -1.441110 -0.175319 -0.309894
v -1.391527 -0.175698 -0.319344
v -1.341856 -0.176001 -0.324360
v -1.244215 -0.292186 -0.325833
v -1.243749 -0.234577 -0.321594
v -1.291991 -0.176429 -0.324947
v -1.242822 -0.176768 -0.320926
v -1.193051 -0.176753 -0.320051
v -1.241797 -0.118815 -0.314189
v -1.192693 -0.119124 -0.317060
v -1.192856 -0.062839 -0.302650
v -1.241787 -0.062307 -0.305093
v -1.291352 -0.119170 -0.315509
v -1.290186 -0.061054 -0.311870
v -1.244307 -0.006004 -0.305211
v -1.242944 0.049150 -0.279228
v -1.285425 -0.000935 -0.314630
v -1.341126 -0.118630 -0.318051
v -1.339997 -0.060502 -0.316525
v -1.337213 0.002708 -0.317975
v -1.390474 -0.118027 -0.313997
v -1.389808 -0.059958 -0.317458
v -1.389146 -0.001292 -0.314459
v -1.439494 -0.059755 -0.322339
v -1.440272 -0.117646 -0.312685
v -1.438687 0.000196 -0.318653
v -1.489078 -0.059499 -0.325904
v -1.388314 0.046034 -0.275947
v -1.489382 -0.118049 -0.323466
v -1.491770 -0.174961 -0.313338
v -1.538889 -0.117964 -0.328539
v -1.539610 -0.175797 -0.329863
v -1.541616 -0.234102 -0.328612
v -1.538928 -0.060223 -0.321363
v -1.546912 -0.289776 -0.314022
v -1.588944 -0.176493 -0.336729
v -1.549259 -0.347072 -0.304120
v -1.589324 -0.234477 -0.342187
v -1.592749 -0.292173 -0.334058
v -1.598543 -0.346276 -0.314226
v -1.600595 -0.404379 -0.303783
v -1.649314 -0.404214 -0.315373
v -1.644389 -0.347886 -0.331155
v -1.639102 -0.292819 -0.349477
v -1.637490 -0.234535 -0.351292
v -1.686185 -0.346346 -0.352142
v -1.689502 -0.399780 -0.339428
v -1.638731 -0.178789 -0.332612
v -1.683734 -0.291398 -0.361562
v -1.683141 -0.236642 -0.356813
v -1.683938 -0.182889 -0.343927
v -1.736946 -0.235311 -0.368097
v -1.737481 -0.293401 -0.368744
v -1.739090 -0.351327 -0.365600
v -1.775923 -0.235258 -0.359780
v -1.776159 -0.293009 -0.359012
v -1.778145 -0.350777 -0.357688
v -1.787331 -0.235428 -0.326472
v -1.786627 -0.292723 -0.325802
v -1.789811 -0.177911 -0.327065
v -1.789717 -0.350135 -0.324674
v -1.775941 -0.177351 -0.359827
v -1.791966 -0.120144 -0.327602
v -1.795493 -0.407496 -0.323547
v -1.735730 -0.177097 -0.364191
v -1.775452 -0.119268 -0.359378
v -1.794003 -0.062245 -0.328236
v -1.685304 -0.128495 -0.333449
v -1.774741 -0.057785 -0.357722
v -1.734495 -0.119299 -0.359099
v -1.795735 -0.007163 -0.314080
v -1.638406 -0.121075 -0.322532
v -1.686025 -0.070077 -0.326201
v -1.733980 -0.057662 -0.354551
v -1.775658 0.007656 -0.338864
v -1.796195 0.033045 -0.273879
v -1.735201 0.007112 -0.335691
v -1.684867 -0.007584 -0.311878
v -1.639128 -0.063656 -0.313413
v -1.776777 0.058277 -0.288064
v -1.588677 -0.118987 -0.326656
v -1.588366 -0.062313 -0.315079
v -1.638199 -0.008220 -0.302543
v -1.588203 -0.006762 -0.305068
v -1.538405 -0.004670 -0.309677
v -1.636765 0.037487 -0.269462
v -1.586914 0.038407 -0.271238
v -1.488460 -0.001676 -0.314741
v -1.537386 0.038191 -0.272224
v -1.487730 0.045420 -0.277303
v -1.437923 0.045180 -0.276300
v -1.485528 0.059630 -0.219753
v -1.436072 0.063060 -0.220553
v -1.535212 0.059311 -0.219669
v -1.584565 0.061516 -0.219706
v -1.533571 0.065662 -0.170143
v -1.583002 0.067938 -0.170058
v -1.634130 0.065762 -0.220437
v -1.631897 0.078611 -0.171838
v -1.483900 0.067603 -0.170207
v -1.683447 0.046162 -0.271142
v -1.680829 0.076172 -0.213641
v -1.736831 0.059603 -0.287925
v -1.736405 0.082384 -0.224012
v -1.775924 0.078435 -0.223493
v -1.792652 0.047667 -0.219357
v -1.774138 0.079511 -0.169392
v -1.790204 0.048037 -0.169393
v -1.734642 0.083751 -0.169970
v -1.773166 0.078682 -0.119608
v -1.791577 0.048337 -0.119649
v -1.679243 0.083409 -0.162448
v -1.733427 0.079877 -0.120095
v -1.772127 0.076409 -0.069587
v -1.795031 0.048883 -0.070075
v -1.630981 0.078966 -0.120821
v -1.678424 0.073768 -0.115057
v -1.732365 0.070127 -0.070782
v -1.771393 0.074494 -0.019991
v -1.796739 0.049314 -0.020201
v -1.796147 0.050397 0.029596
v -1.732067 0.063156 -0.021006
v -1.769895 0.074958 0.029190
v -1.794055 0.051847 0.079215
v -1.677406 0.071181 -0.067172
v -1.730931 0.064020 0.029254
v -1.768536 0.078198 0.078149
v -1.787792 0.052867 0.128687
v -1.630074 0.076128 -0.070827
v -1.677110 0.077276 -0.019295
v -0.437606 0.109071 0.279131
v -0.350147 0.090596 0.316760
v -0.296633 0.049427 0.334767
v -0.271889 0.112092 0.318674
v -0.310535 0.101191 0.317045
v -0.282063 0.147494 0.275351
v -0.399466 0.121548 0.279330
v -0.320715 0.139313 0.277075
v -0.360682 0.131923 0.278896
v -0.325702 0.157865 0.224709
v -0.364845 0.147290 0.224706
v -0.402737 0.135043 0.224684
v -0.440798 0.123407 0.225032
v -0.243595 0.156860 0.274680
v -0.285417 0.157046 0.219923
v -0.245795 0.165962 0.219109
v -0.290478 0.175386 0.174355
v -0.251269 0.183369 0.171264
v -0.330387 0.173639 0.177546
v -0.370028 0.165509 0.178822
v -0.332416 0.178539 0.127807
v -0.408119 0.152901 0.178375
v -0.372464 0.171686 0.128191
v -0.444445 0.136151 0.176838
v -0.297133 0.197412 0.128483
v -0.259636 0.209617 0.128342
v -0.410867 0.161838 0.128450
v -0.369846 0.163593 0.078686
v -0.410367 0.160212 0.077969
v -0.441943 0.130748 -0.173114
v -0.481655 0.126402 -0.123376
v -0.441770 0.128382 -0.122451
v -0.480173 0.122372 -0.174189
v -0.517297 0.106205 -0.123466
v -0.557128 0.098378 -0.123396
v -0.519912 0.109884 -0.072355
v -0.519914 0.116459 -0.174530
v -0.442303 0.132561 -0.223547
v -0.480059 0.122170 -0.224992
v -0.405742 0.145083 -0.223282
v -0.405843 0.145795 -0.172445
v -0.403081 0.138833 -0.122322
v -0.404257 0.140026 -0.071216
v -0.371699 0.165238 -0.172483
v -0.370207 0.161390 -0.071441
v -0.369290 0.161606 -0.021289
v -0.369183 0.159132 -0.121681
v -0.338887 0.187949 -0.021802
v -0.337638 0.187553 0.028354
v -0.338777 0.186588 -0.072008
v -0.333480 0.176716 -0.172076
v -0.302753 0.206795 -0.021795
v -0.336093 0.181817 -0.121821
v -0.300765 0.201445 -0.071897
v -0.298818 0.196933 -0.121956
v -0.368227 0.156386 -0.222178
v -0.294722 0.185541 -0.171082
v -0.329908 0.165291 -0.220630
v -0.362417 0.134553 -0.273767
v -0.400031 0.124504 -0.275944
v -0.438239 0.113740 -0.277392
v -0.389783 0.079639 -0.308748
v -0.476143 0.102508 -0.278427
v -0.428255 0.069046 -0.310722
v -0.515330 0.094132 -0.279054
v -0.518960 0.113722 -0.225942
v -0.555839 0.095652 -0.174564
v -0.555639 0.087279 -0.280624
v -0.507860 0.051552 -0.314375
v -0.557734 0.103058 -0.225475
v -0.595967 0.085797 -0.173939
v -0.596561 0.078812 -0.279300
v -0.597936 0.093225 -0.224401
v -0.597127 0.090349 -0.122867
v -0.596640 0.086073 -0.071674
v -0.637620 0.070686 -0.278615
v 0.687405 -0.086716 -0.310326
v 0.740569 -0.110765 -0.269728
v 0.629385 -0.049515 -0.326362
v 0.570242 -0.009441 -0.329692
v 0.511519 0.029996 -0.341111
v 0.727837 -0.072299 -0.309385
v 0.780850 -0.096114 -0.268902
v 0.669793 -0.035258 -0.325523
v 0.610616 0.004924 -0.330248
v 0.551993 0.044649 -0.340097
v 0.650851 0.019298 -0.328220
v 0.768301 -0.057912 -0.308798
v 0.710126 -0.020946 -0.324454
v 0.821222 -0.081814 -0.268402
v 0.591632 0.059655 -0.332037
v 0.808556 -0.043325 -0.308084
v 0.861807 -0.068673 -0.268537
v 0.750401 -0.006634 -0.324469
v 0.691065 0.033534 -0.328441
v 0.848529 -0.028189 -0.306040
v 0.902698 -0.055826 -0.268539
v 0.790704 0.007873 -0.323475
v 0.731401 0.047760 -0.328898
v 0.672262 0.087316 -0.340137
v 0.712383 0.101871 -0.337550
v 0.631933 0.073552 -0.336321
v 0.653231 0.142351 -0.337957
v 0.613208 0.128106 -0.342158
v 0.573214 0.113779 -0.341598
v 0.533338 0.099439 -0.342801
v 0.693471 0.156692 -0.335564
v 0.493178 0.085029 -0.341887
v 0.514480 0.153920 -0.335819
v 0.474598 0.139312 -0.334780
v 0.453006 0.070356 -0.342742
v 0.434465 0.125342 -0.338024
v 0.554294 0.168731 -0.338759
v 0.412978 0.055781 -0.342386
v 0.394572 0.110825 -0.340874
v 0.594074 0.182390 -0.332042
v 0.372948 0.041101 -0.343414
v 0.634234 0.196764 -0.332586
v 0.354787 0.096306 -0.345620
v 0.336905 0.151481 -0.341252
v 0.375943 0.164458 -0.329173
v 0.416093 0.178558 -0.324509
v 0.357887 0.218733 -0.319916
v 0.455826 0.193471 -0.327723
v 0.398052 0.233287 -0.316904
v 0.495556 0.208158 -0.329903
v 0.437532 0.247917 -0.320673
v 0.535215 0.222449 -0.329295
v 0.476815 0.262779 -0.326103
v 0.575230 0.236871 -0.329233
v 0.516823 0.276699 -0.319646
v 0.459069 0.317691 -0.323202
v 0.420317 0.303004 -0.321082
v 0.381164 0.288621 -0.322274
v 0.341355 0.274515 -0.325078
v 0.365262 0.341388 -0.308167
v 0.325559 0.326790 -0.309194
v 0.285724 0.311783 -0.308774
v 0.404223 0.354805 -0.305575
v 0.354687 0.377966 -0.266631
v 0.393549 0.392373 -0.265340
v 0.315471 0.362198 -0.266793
v 0.388122 0.407220 -0.211239
v 0.351769 0.386919 -0.210705
v 0.312753 0.371198 -0.211077
v 0.275238 0.347589 -0.267016
v 0.271497 0.359202 -0.212014
v 0.381922 0.420631 -0.162974
v 0.348956 0.394071 -0.160988
v 0.309011 0.378759 -0.161429
v 0.234254 0.333717 -0.267403
v 0.266223 0.373265 -0.163966
v 0.229149 0.349701 -0.213686
v 0.193174 0.319792 -0.267852
v 0.224242 0.362438 -0.165357
v 0.187340 0.337371 -0.214682
v 0.182924 0.349004 -0.166097
v 0.261160 0.382681 -0.114085
v 0.219296 0.373041 -0.115889
v 0.303345 0.389831 -0.111832
v 0.178228 0.360069 -0.116940
v 0.256221 0.392006 -0.064530
v 0.343375 0.404813 -0.111202
v 0.299008 0.397134 -0.061603
v 0.337673 0.415760 -0.061898
v 0.376097 0.432058 -0.113646
v 0.370622 0.442763 -0.064278
v 0.330616 0.430342 -0.014056
v 0.367654 0.450987 -0.014515
v 0.290913 0.416183 -0.014942
v 0.368266 0.449616 0.036243
v 0.406822 0.466892 -0.014060
v 0.409394 0.459956 -0.064239
v 0.328051 0.436306 0.036058
v 0.414997 0.448753 -0.113355
v 0.447555 0.478783 -0.013272
v 0.420881 0.436088 -0.162302
v 0.452215 0.463609 -0.061054
v 0.456935 0.450232 -0.109230
v 0.427893 0.415948 -0.208268
v 0.462764 0.435511 -0.157451
v 0.432305 0.404199 -0.263153
v 0.467498 0.425176 -0.206312
v 0.442883 0.368770 -0.305520
v 0.470442 0.417147 -0.262166
v 0.497927 0.331869 -0.324052
v 0.481042 0.383314 -0.306264
v 0.556063 0.291259 -0.326351
v 0.537189 0.346250 -0.324942
v 0.614440 0.251280 -0.335783
v 0.594749 0.305819 -0.334758
v 0.653898 0.265316 -0.343085
v 0.673996 0.211130 -0.338949
v 0.634573 0.320245 -0.338072
v 0.713564 0.224714 -0.346965
v 0.693877 0.279377 -0.348692
v 0.674723 0.333603 -0.336279
v 0.616468 0.372449 -0.321013
v 0.656848 0.383680 -0.313470
v 0.576805 0.360066 -0.324536
v 0.638959 0.436262 -0.302579
v 0.520049 0.397023 -0.306262
v 0.599156 0.422779 -0.303246
v 0.559999 0.410199 -0.305519
v 0.508872 0.430731 -0.261715
v 0.586634 0.459969 -0.262495
v 0.547596 0.445772 -0.262424
v 0.507012 0.437302 -0.205535
v 0.546001 0.452527 -0.205735
v 0.582345 0.474254 -0.208259
v 0.502942 0.448158 -0.156769
v 0.538018 0.472204 -0.160100
v 0.577679 0.487231 -0.160444
v 0.265516 0.362543 0.176554
v 0.232078 0.333302 0.222878
v 0.195782 0.310093 0.277496
v 0.191407 0.320213 0.222283
v 0.155254 0.296540 0.277108
v 0.151322 0.306576 0.221809
v 0.166228 0.263391 0.321548
v 0.114916 0.283425 0.277502
v 0.125874 0.249054 0.321033
v 0.111114 0.293271 0.221911
v 0.145803 0.319079 0.173474
v 0.085893 0.234701 0.320529
v 0.104432 0.310429 0.175383
v 0.136725 0.343984 0.129964
v 0.074857 0.269480 0.277578
v 0.070791 0.280332 0.222439
v 0.096130 0.331840 0.130291
v 0.131218 0.358527 0.081602
v 0.063968 0.297969 0.175992
v 0.092062 0.342467 0.080623
v 0.056594 0.317176 0.129739
v 0.130834 0.360750 0.031273
v 0.022825 0.287582 0.177700
v 0.030524 0.266881 0.222831
v 0.034597 0.256387 0.278245
v 0.045739 0.220716 0.320564
v -0.005503 0.243683 0.279206
v 0.005663 0.206531 0.319930
v -0.011063 0.259908 0.225604
v -0.046222 0.231198 0.279968
v -0.016267 0.271197 0.177252
v -0.051154 0.245635 0.225418
v 0.017689 0.300450 0.129101
v -0.051494 0.247318 0.175372
v -0.034437 0.192855 0.319981
v -0.086257 0.216687 0.279526
v -0.090031 0.229174 0.224228
v -0.019872 0.280898 0.127998
v -0.090942 0.231302 0.174607
v -0.054014 0.255217 0.126247
v -0.017369 0.278937 0.077773
v -1.578681 -0.336812 0.350895
v -1.627174 -0.336877 0.355932
v -1.581068 -0.394096 0.338552
v -1.625790 -0.279000 0.362191
v -1.629804 -0.394265 0.345232
v -1.631000 -0.451931 0.339815
v -1.581446 -0.452068 0.339769
v -1.631421 -0.506513 0.326776
v -1.631632 -0.550335 0.291342
v -1.581655 -0.507024 0.327514
v -1.581761 -0.549893 0.290714
v -1.631705 -0.571132 0.238545
v -1.581963 -0.569617 0.237508
v -1.532230 -0.549550 0.289795
v -1.532562 -0.568345 0.236450
v -1.482845 -0.548734 0.288848
v -1.532190 -0.507093 0.327004
v -1.482787 -0.506799 0.326903
v -1.532058 -0.451874 0.338957
v -1.482526 -0.451277 0.338216
v -1.531654 -0.393863 0.334685
v -1.482420 -0.393545 0.329251
v -1.531108 -0.336176 0.336545
v -1.579026 -0.278704 0.347775
v -1.482304 -0.335678 0.331309
v -1.434572 -0.334751 0.326006
v -1.529562 -0.278524 0.343797
v -1.482599 -0.277383 0.328490
v -1.389340 -0.276559 0.330474
v -1.435274 -0.276933 0.326257
v -1.529973 -0.220508 0.342332
v -1.480718 -0.220091 0.338154
v -1.434627 -0.219057 0.325893
v -1.387529 -0.219046 0.324800
v -1.480623 -0.162151 0.341728
v -1.385045 -0.161170 0.327095
v -1.432395 -0.161833 0.332618
v -1.530355 -0.162482 0.339014
v -1.481134 -0.104387 0.331525
v -1.431772 -0.104060 0.337684
v -1.382813 -0.104032 0.338094
v -1.431849 -0.046434 0.337223
v -1.432062 0.008348 0.324057
v -1.481423 -0.046642 0.336821
v -1.530755 -0.104460 0.336750
v -1.530730 -0.046184 0.341124
v -1.579898 -0.162621 0.341604
v -1.579405 -0.220788 0.344544
v -1.625278 -0.220674 0.363177
v -1.671944 -0.222505 0.371615
v -1.672107 -0.277759 0.371599
v 0.424159 0.419598 0.180472
v 0.378959 0.418809 0.131101
v 0.419878 0.430466 0.131181
v 0.371740 0.438910 0.085294
v 0.331010 0.428263 0.086007
v 0.412664 0.449924 0.085101
v 0.408525 0.461945 0.036520
v 0.448154 0.477178 0.037667
v 0.487761 0.491371 -0.012976
v 0.452044 0.464388 0.086342
v 0.489714 0.483875 0.037133
v 0.529193 0.499587 -0.012515
v 0.458755 0.446555 0.132916
v 0.491487 0.478804 0.087159
v 0.531022 0.491833 0.037465
v 0.570460 0.508132 -0.011932
v 0.571240 0.504699 0.038165
v 0.531131 0.492615 0.087838
v 0.572865 0.500913 0.088154
v 0.497899 0.461821 0.134516
v 0.534390 0.483103 0.137352
v 0.575404 0.494999 0.137802
v 0.463198 0.434981 0.182188
v 0.502086 0.451043 0.183627
v 0.541118 0.466854 0.185112
v 0.579264 0.484855 0.186890
v 0.426513 0.414071 0.230014
v 0.463505 0.433088 0.231979
v 0.430248 0.403943 0.285370
v 0.405229 0.355155 0.329579
v 0.468053 0.420516 0.286871
v 0.501394 0.450987 0.234125
v 0.443568 0.370390 0.329549
v 0.506233 0.436454 0.288214
v 0.539888 0.468480 0.235964
v 0.579280 0.483257 0.237256
v 0.545414 0.452274 0.289964
v 0.584685 0.467873 0.291757
v 0.624380 0.482235 0.291946
v 0.637410 0.445140 0.332553
v 0.597982 0.430198 0.331691
v 0.655165 0.394166 0.349194
v 0.615882 0.379510 0.348278
v 0.558801 0.414526 0.329249
v 0.576679 0.364514 0.347165
v 0.519941 0.400115 0.329249
v 0.481643 0.385407 0.329506
v 0.538090 0.349670 0.347293
v 0.595512 0.310122 0.353352
v 0.557246 0.294830 0.348054
v 0.500208 0.334607 0.347100
v 0.575164 0.240527 0.356130
v 0.519351 0.279711 0.344408
v 0.462433 0.319534 0.347561
v 0.593800 0.185580 0.356242
v 0.537118 0.225374 0.351694
v 0.554679 0.170832 0.358889
v 0.481278 0.264550 0.341476
v 0.498913 0.209846 0.346168
v 0.515500 0.155813 0.357484
v 0.460218 0.194551 0.341935
v 0.442707 0.249258 0.341286
v 0.424078 0.304272 0.348403
v 0.101591 0.323703 -0.169022
v 0.061166 0.311279 -0.170585
v 0.136987 0.349915 -0.119067
v 0.096759 0.336452 -0.120335
v 0.022014 0.294797 -0.170401
v 0.174087 0.370002 -0.067887
v 0.057298 0.321144 -0.120925
v 0.133603 0.357198 -0.069209
v -0.011050 0.262014 -0.216810
v 0.214927 0.381290 -0.066159
v -0.046879 0.236983 -0.273143
v 0.252167 0.399358 -0.014921
v 0.212051 0.386093 -0.016282
v 0.171829 0.373274 -0.017600
v 0.248528 0.407914 0.034481
v 0.288812 0.420629 0.035567
v 0.208244 0.395044 0.033396
v 0.250193 0.402929 0.085149
v 0.290265 0.416681 0.085770
v 0.210703 0.387653 0.083823
v 0.169928 0.376867 0.032438
v 0.171136 0.372713 0.082652
v 0.177193 0.356246 0.130094
v 0.217516 0.369516 0.130370
v 0.256917 0.385036 0.131998
v 0.186210 0.332477 0.173947
v 0.296694 0.399413 0.133169
v 0.225577 0.348242 0.175490
v -0.448515 0.148433 0.128140
v -0.481311 0.121257 0.175917
v -0.478365 0.109639 0.224548
v -0.487703 0.141115 0.128533
v -0.475832 0.098931 0.280351
v -0.520507 0.116323 0.178928
v -0.518706 0.108593 0.227587
v -0.508981 0.055346 0.322861
v -0.515608 0.093504 0.281764
v -0.556057 0.088686 0.282874
v -0.597410 0.081525 0.282404
v -0.558820 0.108729 0.230157
v -0.559965 0.114157 0.179674
v -0.600091 0.103144 0.230494
v -0.639948 0.096645 0.230699
v -0.601064 0.108854 0.180028
v -0.601272 0.113673 0.128892
v -0.559510 0.107297 0.129444
v -0.520912 0.117760 0.128610
v -0.558733 0.101435 0.079792
v -0.519213 0.113984 0.078751
v -0.488751 0.142678 0.078258
v -0.449960 0.154281 0.077731
v -0.487718 0.138243 0.028071
v -0.518577 0.110569 0.028994
v -0.557567 0.097014 0.029721
v -0.448594 0.149497 0.027202
v -0.522942 0.116290 -0.021653
v -0.485468 0.131678 -0.022144
v -0.407640 0.148615 0.028992
v -0.445336 0.134506 -0.021096
v -0.483217 0.127379 -0.072543
v -0.442807 0.128004 -0.071516
v -0.405668 0.143254 -0.020960
v -0.369258 0.162573 0.028685
v 0.497298 0.462941 -0.108947
v 0.533691 0.485029 -0.111726
v 0.574700 0.495951 -0.111049
v 0.489771 0.484010 -0.063447
v 0.530407 0.495850 -0.062783
v 0.571542 0.504790 -0.061995
v 0.612057 0.516393 -0.062036
v 0.612399 0.515578 -0.112431
v 0.615389 0.505643 -0.161990
v 0.621457 0.488867 -0.208560
v 0.625414 0.475614 -0.263471
v 0.658441 0.509880 -0.211761
v 0.678766 0.449335 -0.300793
v 0.665091 0.489935 -0.263944
v 0.696939 0.397509 -0.312927
v 0.718125 0.463611 -0.302070
v 0.714989 0.345111 -0.328666
v 0.736323 0.411257 -0.312588
v 0.753801 0.359976 -0.332702
v 0.734023 0.293146 -0.347923
v 0.773546 0.306383 -0.345270
v 0.753891 0.238437 -0.352129
v 0.733803 0.170885 -0.338780
v 0.793878 0.252357 -0.350304
v 0.752683 0.115846 -0.340271
v 0.773515 0.183974 -0.348320
v -0.680653 0.096267 0.180749
v -0.680772 0.091624 0.231245
v -0.640590 0.105375 0.180142
v -0.639676 0.100787 0.129534
v -0.680093 0.093818 0.130086
v -0.721559 0.093458 0.130600
v -0.639706 0.101963 0.079421
v -0.680510 0.096589 0.079927
v -0.599917 0.109339 0.078223
v -0.721387 0.091127 0.080198
v -0.679571 0.087597 0.030008
v -0.638723 0.094862 0.029279
v -0.598856 0.100821 0.028555
v -0.720600 0.081901 0.030606
v -0.762410 0.077401 0.030550
v -0.720805 0.079447 -0.019699
v -0.762263 0.080569 0.080818
v -0.804129 0.084210 0.080123
v -0.763363 0.090225 0.130588
v -0.721551 0.093283 0.181101
v -0.721602 0.087545 0.231449
v -0.763279 0.083381 0.230941
v -0.761786 0.059602 0.281859
v -0.720271 0.065479 0.283681
v -0.678799 0.070007 0.283641
v -1.282842 0.062475 0.184955
v -1.331610 0.066971 0.183309
v -1.380262 0.074153 0.182155
v -1.430254 0.066308 0.230833
v -1.282025 0.070001 0.132516
v -1.331222 0.068215 0.131599
v -1.380490 0.073739 0.131520
v -1.427862 0.073716 0.179994
v -1.331254 0.070980 0.080748
v -1.429342 0.070280 0.130682
v -1.233356 0.063022 0.184508
v -1.281061 0.070925 0.079422
v -1.380884 0.071570 0.081206
v -1.182088 0.055331 0.230611
v -1.331187 0.067182 0.032639
v -1.232913 0.075028 0.132149
v -1.181150 0.065107 0.180491
v -1.131292 0.041588 0.282509
v -1.129969 0.059475 0.228042
v -1.129641 0.073394 0.178286
v -1.181100 0.071255 0.128426
v -1.232842 0.079537 0.080257
v -1.129963 0.077596 0.127050
v -1.232693 0.082557 0.028384
v -1.182276 0.076732 0.078453
v -1.078878 0.078684 0.177806
v -1.079180 0.063238 0.227677
v -1.080611 0.039752 0.279429
v -1.081294 0.003036 0.321215
v -1.031005 0.040835 0.278349
v -1.031330 0.000838 0.316925
v -1.082234 -0.047093 0.346723
v -1.133676 -0.046686 0.347644
v -1.031530 -0.048402 0.342550
v -0.981807 0.000336 0.314077
v -1.031649 -0.104179 0.359065
v -0.981279 -0.049776 0.337300
v -0.981527 0.042884 0.278373
v -0.980563 -0.104175 0.356793
v -0.932398 0.002101 0.314131
v -0.931481 -0.051036 0.331349
v -0.979589 -0.161996 0.361123
v -0.929703 -0.104688 0.349549
v -0.978605 -0.218217 0.345395
v -0.927473 -0.161043 0.357119
v -0.925642 -0.217935 0.347734
v -0.875949 -0.159911 0.350716
v -0.924040 -0.276194 0.353478
v -0.872881 -0.217029 0.350873
v -0.870441 -0.275123 0.358637
v -0.637323 0.081281 -0.071118
v -0.679664 0.082559 -0.121302
v -0.679082 0.077629 -0.070518
v -0.721344 0.081179 -0.070328
v -0.678876 0.078500 -0.019679
v -0.637368 0.081299 -0.019599
v -0.597130 0.085242 -0.020511
v -0.556830 0.092480 -0.020847
v -0.556364 0.093001 -0.072079
v -0.933611 0.074239 0.230489
v -0.886230 0.087784 0.180590
v -0.933650 0.085489 0.179641
v -0.981389 0.070107 0.228687
v -0.981296 0.085451 0.178624
v -1.029670 0.066840 0.227831
v -0.933219 0.046137 0.279591
v -0.885805 0.075390 0.230773
v -0.885102 0.047634 0.279852
v -0.842239 0.008709 0.317143
v -0.800189 0.012313 0.317176
v -0.844299 0.050422 0.280239
v -0.845278 0.076353 0.230444
v -0.758134 0.016862 0.317964
v -0.803097 0.054579 0.280889
v -0.804263 0.079656 0.230722
v -0.845702 0.089448 0.181082
v -0.804727 0.091355 0.181155
v -0.763597 0.093988 0.181308
v -0.804316 0.083227 0.130682
v -0.845671 0.082680 0.130167
v -0.886461 0.084059 0.129661
v -0.845565 0.084882 0.079722
v -0.933948 0.078240 0.128417
v -0.886717 0.081813 0.079580
v -0.803959 0.081853 0.029664
v -0.845277 0.080824 0.029074
v -0.886728 0.082839 0.028635
v -0.934477 0.075513 0.078283
v -0.981656 0.082555 0.126684
v -0.935149 0.072596 0.027622
v -1.029436 0.081767 0.177539
v -1.029937 0.086269 0.125546
v -0.983014 0.075449 0.076289
v -1.079421 0.084278 0.125904
v -1.031158 0.082981 0.074721
v -0.984352 0.072056 0.026118
v -1.131500 0.084569 0.076909
v -1.080867 0.085392 0.074803
v -1.183404 0.084911 0.029067
v -1.132793 0.081188 0.026826
v -1.032942 0.079695 0.024885
v -1.184480 0.081791 -0.020709
v -1.082476 0.082416 0.025138
v -1.629535 0.075838 -0.020534
v -1.581362 0.074919 -0.120563
v -1.580495 0.075353 -0.070346
v -1.532316 0.070139 -0.120248
v -1.675482 0.068767 0.028191
v -1.579785 0.078170 -0.020360
v -1.531160 0.070550 -0.070037
v -1.628770 0.080495 0.029612
v -1.674251 0.066256 0.075837
v -1.729480 0.069020 0.079141
v -1.627314 0.077586 0.079687
v -1.579273 0.076482 0.030055
v -1.530256 0.071726 -0.020241
v -1.768110 0.083093 0.127365
v -1.784920 0.054479 0.177737
v -1.767233 0.085196 0.177164
v -1.786148 0.056017 0.227075
v -1.727487 0.083786 0.127455
v -1.767449 0.086127 0.230993
v -1.786365 0.042790 0.281464
v -1.726352 0.087806 0.177730
v -1.767464 0.069036 0.296631
v -1.786757 0.003762 0.321592
v -1.726858 0.087262 0.231703
v -1.673212 0.078047 0.169839
v -1.673260 0.075060 0.122929
v -1.626553 0.078332 0.129157
v -1.673531 0.074179 0.221448
v -1.629616 0.072445 0.177196
v -1.673603 0.054869 0.283347
v -1.578006 0.081608 0.079990
v -1.578647 0.073059 0.178759
v -1.629425 0.060203 0.226825
v -1.530299 0.073006 0.030234
v -1.577328 0.083685 0.129939
v -1.481014 0.067023 -0.019525
v -1.529670 0.072700 0.080388
v -1.480388 0.068521 0.030602
v -1.528392 0.078009 0.130075
v -1.480211 0.070473 0.080671
v -1.524116 0.075181 0.180496
v -1.478302 0.072640 0.129719
v -1.430614 0.071917 0.030670
v -1.431113 0.068941 -0.019230
v -1.430411 0.072256 0.080962
v -1.474690 0.070868 0.178247
v -1.381208 0.068296 0.031046
v -1.476893 0.063640 0.229605
v -1.381563 0.062831 -0.019256
v -1.331600 0.067371 -0.020215
v -1.481381 0.048765 0.284246
v -1.523611 0.056799 0.231725
v -1.576556 0.053004 0.228512
v -1.529413 0.045357 0.284410
v -1.481789 0.008769 0.324713
v -1.578823 0.044457 0.283546
v -1.628075 0.045268 0.282712
v -1.531224 0.008474 0.325414
v -1.580111 0.007017 0.324912
v -1.629011 0.005585 0.323771
v -1.580033 -0.046442 0.342590
v -1.675136 0.006974 0.331539
v -1.629120 -0.047905 0.341258
v -1.727725 0.069509 0.297072
v -1.728673 0.020077 0.348488
v -1.728407 -0.044564 0.367890
v -1.768965 0.019479 0.348006
v -1.768880 -0.045090 0.367150
v -1.187021 0.067473 -0.171500
v -1.231205 0.067908 -0.124569
v -1.183132 0.076597 -0.121348
v -1.232158 0.081823 -0.070887
v -1.137916 0.062872 -0.223270
v -1.192804 0.063293 -0.223028
v -1.230524 0.067162 -0.171380
v -1.279628 0.071193 -0.122219
v -1.194098 0.051219 -0.277833
v -1.237795 0.064384 -0.222807
v -1.280582 0.064182 -0.173666
v -1.286988 0.066105 -0.223256
v -1.285847 0.048682 -0.277680
v -1.338868 0.052291 -0.280881
v -1.335606 0.065200 -0.222088
v -1.332950 0.064658 -0.171914
v -1.386556 0.062569 -0.220561
v -1.384866 0.065819 -0.170346
v -1.332960 0.064963 -0.120458
v -1.434399 0.067755 -0.170226
v -1.482576 0.069273 -0.119682
v -1.433398 0.066524 -0.119117
v -1.482042 0.066422 -0.072778
v -1.431189 0.064356 -0.073054
v -1.383703 0.061326 -0.119243
v -1.381814 0.063518 -0.073083
v -1.333927 0.072814 -0.068654
v -1.283011 0.075782 -0.066954
v -1.281770 0.080118 -0.022215
v -1.233029 0.082289 -0.020887
v -1.279857 0.072623 0.026721
v 0.053230 0.325558 0.079807
v 0.019003 0.300450 0.078835
v 0.054134 0.324834 0.029457
v 0.017697 0.303930 0.028935
v -0.056899 0.263335 0.077195
v 0.093869 0.339950 0.030425
v -0.019968 0.285447 0.028067
v -0.092904 0.236896 0.124128
v -0.058938 0.269399 0.027731
v -0.098935 0.257444 0.077861
v -0.135328 0.230944 0.125468
v -0.132049 0.220733 0.174445
v -0.129924 0.215250 0.223779
v -0.126055 0.202829 0.278808
v -0.165896 0.188074 0.277787
v -0.074533 0.179134 0.320117
v -0.170933 0.204802 0.224232
v -0.174780 0.218543 0.176504
v -0.114482 0.165326 0.319894
v -0.017831 0.140890 0.334908
v -0.058270 0.127446 0.336429
v 0.021744 0.155986 0.338819
v 0.061879 0.170597 0.340580
v 0.038787 0.102241 0.350719
v -0.001199 0.087636 0.348179
v 0.102114 0.184949 0.341263
v 0.079131 0.116880 0.352555
v 0.119646 0.131015 0.351955
v 0.142446 0.199262 0.341699
v 0.160093 0.145479 0.352242
v 0.137095 0.076593 0.360588
v 0.182771 0.214478 0.344372
v 0.200630 0.160621 0.355220
v 0.177640 0.091180 0.361400
v 0.218248 0.105756 0.360642
v 0.235725 0.050719 0.360177
v 0.195320 0.036114 0.363762
v 0.154676 0.021477 0.364073
v 0.096459 0.062103 0.360517
v 0.055882 0.047561 0.360062
v 0.114102 0.006907 0.361986
v 0.073711 -0.007680 0.358333
v 0.015382 0.032843 0.358445
v -0.041501 0.073302 0.346617
v -0.024763 0.018158 0.354013
v -0.098011 0.113012 0.334434
v -0.080851 0.058355 0.339262
v -0.154018 0.150433 0.317948
v -0.194398 0.137757 0.319684
v -0.205191 0.172218 0.275891
v -0.206600 0.181081 0.219939
v -0.215187 0.205098 0.176026
v -0.177772 0.229543 0.128032
v -0.219666 0.221798 0.128614
v -0.140135 0.248401 0.078180
v -0.181481 0.239624 0.078427
v -0.222597 0.229945 0.078908
v -0.264162 0.222526 0.079730
v -0.223709 0.231575 0.028467
v -0.301414 0.205707 0.078833
v -0.265008 0.222771 0.028805
v -0.332408 0.179466 0.077944
v -0.302834 0.208150 0.028738
v -0.264377 0.218942 -0.021635
v -0.181183 0.236618 0.028187
v -0.262825 0.213680 -0.071812
v -0.223379 0.229462 -0.021821
v -0.182570 0.241566 -0.021926
v -0.141613 0.252587 0.027917
v -0.261298 0.211364 -0.122352
v -0.221601 0.224149 -0.071934
v -0.255805 0.194664 -0.170238
v -0.219645 0.219102 -0.121907
v -0.181736 0.238706 -0.072317
v -0.252511 0.185162 -0.219462
v -0.217060 0.212952 -0.172064
v -0.213048 0.200369 -0.220572
v -0.206706 0.179638 -0.272444
v -0.177361 0.225608 -0.120952
v -0.141466 0.251191 -0.072385
v -0.175489 0.221268 -0.171171
v -0.139329 0.244886 -0.122281
v -0.140333 0.247016 -0.022060
v -0.099521 0.258731 -0.072007
v -0.172966 0.214147 -0.220805
v -0.134022 0.230974 -0.170602
v -0.099418 0.258896 -0.122192
v -0.132922 0.227680 -0.220809
v -0.166919 0.194455 -0.273425
v -0.154224 0.153263 -0.309821
v -0.095376 0.248526 -0.171134
v -0.114468 0.168038 -0.310550
v -0.127094 0.209145 -0.273876
v -0.092986 0.241645 -0.220678
v -0.060558 0.275706 -0.122343
v -0.057282 0.266883 -0.171721
v -0.087272 0.223473 -0.273870
v -0.074636 0.182754 -0.310964
v -0.057969 0.129985 -0.322509
v -0.018570 0.144890 -0.324896
v -0.034952 0.197393 -0.311768
v -0.052249 0.253401 -0.219413
v -0.018044 0.282996 -0.171900
v -0.021566 0.291952 -0.122034
v 0.017406 0.307284 -0.121758
v -0.060013 0.273615 -0.072004
v -0.018839 0.284742 -0.071965
v 0.016821 0.308229 -0.071157
v 0.057776 0.319222 -0.070608
v -0.098478 0.254241 -0.022224
v -0.057619 0.266413 -0.022444
v -0.019186 0.284324 -0.021970
v 0.019737 0.300292 -0.021417
v -0.101076 0.264188 0.027508
v 0.058436 0.316922 -0.020441
v 0.096410 0.336448 -0.069748
v 0.095949 0.336708 -0.019708
v 0.131392 0.360644 -0.019112
v -1.133894 0.084958 -0.022476
v -1.034494 0.072410 -0.024131
v -0.984891 0.071881 -0.024187
v -0.935448 0.079042 -0.023220
v -0.985202 0.079687 -0.074991
v -1.083723 0.082228 -0.024159
v -1.035101 0.072309 -0.074466
v -1.085344 0.075438 -0.073252
v -0.934841 0.077770 -0.074858
v -0.886002 0.079397 -0.022853
v -0.885708 0.068447 -0.073746
v -0.934870 0.068547 -0.126755
v -0.885379 0.064571 -0.125209
v -0.844901 0.075128 -0.021838
v -0.844163 0.066717 -0.072829
v -0.844232 0.068072 -0.124111
v -0.803725 0.075851 -0.020951
v -0.803360 0.071625 -0.071826
v -0.803045 0.065724 -0.122477
v -0.762560 0.078078 -0.020068
v -0.803531 0.063286 -0.172912
v -0.762492 0.074380 -0.070721
v -0.762920 0.075014 -0.121590
v -0.763223 0.071028 -0.171515
v -0.721774 0.080487 -0.120991
v -0.722882 0.081927 -0.171746
v -0.764892 0.072091 -0.221461
v -0.805480 0.067787 -0.222504
v -0.844888 0.065607 -0.174282
v -0.846170 0.064592 -0.223658
v -0.885615 0.064678 -0.176315
v -0.887362 0.062799 -0.225968
v -0.934793 0.071377 -0.178741
v -0.936665 0.063902 -0.229283
v -0.984651 0.075527 -0.127802
v -0.984954 0.067575 -0.179423
v -0.986522 0.065098 -0.230736
v -1.035078 0.073960 -0.126476
v -1.035106 0.068038 -0.178438
v -1.087048 0.061458 -0.225653
v -1.085987 0.068462 -0.175697
v -1.085416 0.077924 -0.124759
v -1.136592 0.072679 -0.173727
v -1.135540 0.079661 -0.122630
v -1.134934 0.083148 -0.072275
v -1.182690 0.083841 -0.071593
vn 0.9044 0.3630 0.2242
vn 0.8238 0.2788 0.4936
vn 0.8182 0.3024 0.4889
vn 0.9060 0.3482 0.2408
vn 0.8086 0.2975 0.5076
vn 0.9230 0.3572 0.1431
vn 0.9190 0.3522 0.1774
vn 0.9373 0.3355 0.0943
vn 0.9402 0.3121 0.1363
vn 0.9460 0.3082 0.1001
vn 0.9424 0.3259 0.0757
vn 0.9422 0.3082 0.1314
vn 0.9553 0.2907 0.0532
vn 0.9190 0.3122 0.2409
vn 0.8148 0.2850 0.5048
vn 0.9535 0.2895 0.0835
vn 0.9190 0.3308 0.2145
vn 0.8112 0.3023 0.5006
vn 0.9856 0.1676 0.0220
vn 0.9641 0.2028 0.1715
vn 0.8458 0.1920 0.4978
vn 0.9757 -0.1724 0.1352
vn 0.8779 -0.1500 0.4548
vn 0.9720 0.2351 0.0073
vn 0.9661 0.2507 0.0620
vn 0.6793 -0.5751 0.4558
vn 0.9897 0.1393 -0.0318
vn 0.9829 -0.1841 0.0034
vn 0.9827 0.1852 0.0005
vn 0.9868 -0.1606 -0.0190
vn 0.7607 -0.6491 0.0063
vn 0.9907 0.1334 -0.0269
vn 0.9914 -0.1305 -0.0112
vn 0.9872 0.1548 0.0376
vn 0.9748 0.2174 0.0503
vn 0.9480 0.3150 0.0464
vn 0.9201 0.3914 -0.0112
vn 0.9314 0.3551 -0.0796
vn 0.9255 0.3776 -0.0288
vn 0.9086 0.4149 -0.0484
vn 0.9230 0.3816 -0.0493
vn 0.9083 0.4168 -0.0366
vn 0.9390 0.3423 -0.0347
vn 0.9126 0.4058 -0.0493
vn 0.9169 0.3923 -0.0738
vn 0.9001 0.4303 -0.0679
vn 0.9100 0.4049 -0.0894
vn 0.9090 0.4137 -0.0513
vn 0.9063 0.4119 -0.0943
vn 0.9250 0.3777 -0.0406
vn 0.9296 0.3668 -0.0366
vn 0.9717 0.2359 0.0122
vn 0.9637 0.2662 -0.0200
vn 0.9642 0.2605 -0.0503
vn 0.9826 0.1735 0.0669
vn 0.9780 0.2087 0.0005
vn 0.8989 0.3593 -0.2508
vn 0.7461 0.3357 -0.5750
vn 0.8784 0.4009 -0.2602
vn 0.7686 0.3386 -0.5428
vn 0.9215 0.3716 -0.1128
vn 0.9567 0.2759 -0.0923
vn 0.9714 0.2320 -0.0503
vn 0.8752 0.4012 -0.2702
vn 0.8145 0.2604 -0.5184
vn 0.9084 0.3425 -0.2399
vn 0.7880 0.3581 -0.5007
vn 0.8809 0.4412 -0.1715
vn 0.5878 0.6717 -0.4509
vn 0.6509 0.7485 -0.1265
vn 0.6524 0.7579 0.0034
vn 0.9131 0.4011 -0.0738
vn 0.8685 0.4951 -0.0249
vn 0.6486 0.7610 0.0122
vn 0.8465 0.5319 -0.0249
vn 0.6251 0.7805 -0.0073
vn 0.8272 0.5594 -0.0533
vn 0.5936 0.8046 -0.0161
vn 0.8136 0.5791 -0.0523
vn 0.5818 0.8133 0.0034
vn 0.8983 0.4352 -0.0601
vn 0.7959 0.6053 -0.0142
vn 0.5915 0.8063 -0.0103
vn 0.7886 0.6148 0.0092
vn 0.9018 0.4267 -0.0689
vn 0.5974 0.8015 -0.0259
vn 0.8111 0.5846 0.0181
vn 0.8872 0.4614 0.0063
vn 0.9482 0.3171 0.0191
vn 0.8955 0.4324 0.1050
vn 0.8492 0.5259 0.0464
vn 0.6111 0.7908 -0.0337
vn 0.8700 0.4655 0.1627
vn 0.6403 0.7633 0.0855
vn 0.5858 0.6843 0.4342
vn 0.7705 0.3855 0.5076
vn 0.9232 0.3534 0.1510
vn 0.9295 0.3014 0.2125
vn 0.8088 0.2663 0.5243
vn 0.9445 0.2907 0.1529
vn 0.9363 0.2848 0.2056
vn 0.9324 0.2867 0.2203
vn -0.9925 0.1139 0.0444
vn -0.9711 -0.2370 0.0298
vn -0.9812 -0.1890 0.0395
vn -0.9732 -0.0591 -0.2224
vn -0.9798 -0.0474 -0.1940
vn -0.9597 -0.0356 -0.2789
vn -0.9940 0.0865 -0.0669
vn -0.9761 -0.2173 -0.0064
vn -0.9925 0.0317 -0.1177
vn -0.9960 0.0894 0.0073
vn -0.9850 -0.0728 -0.1567
vn -0.9943 0.0112 -0.1060
vn -0.9776 -0.1031 -0.1833
vn -0.9756 0.0133 -0.2194
vn -0.9978 -0.0064 -0.0659
vn -0.9987 0.0435 -0.0249
vn -0.9662 -0.2575 0.0093
vn -0.9940 -0.0777 -0.0767
vn -0.9989 -0.0357 0.0288
vn -0.9988 0.0327 0.0366
vn -0.9635 -0.2661 0.0298
vn -0.9971 -0.0757 0.0044
vn -0.9981 -0.0503 0.0357
vn -0.9986 0.0415 0.0337
vn -0.9664 -0.2554 0.0298
vn -0.9952 -0.0953 0.0210
vn -0.9965 -0.0709 -0.0445
vn -0.9998 0.0181 -0.0034
vn -0.9692 -0.2448 0.0279
vn -0.9980 -0.0620 -0.0083
vn -0.9978 -0.0659 -0.0034
vn -0.9996 -0.0288 -0.0034
vn -0.9718 -0.2349 0.0210
vn -0.9990 -0.0366 0.0269
vn -0.9743 -0.2251 0.0122
vn -0.9991 0.0073 0.0415
vn -0.9980 -0.0435 0.0454
vn -1.0000 -0.0026 -0.0038
vn -0.9675 -0.2505 0.0356
vn -0.9562 -0.2497 0.1529
vn -0.9989 0.0249 -0.0396
vn -0.9495 -0.1471 0.2770
vn -0.9997 0.0230 -0.0083
vn -0.9594 -0.0044 0.2820
vn -0.9991 -0.0191 0.0386
vn -0.9995 0.0112 0.0278
vn -0.9981 0.0503 0.0347
vn -0.9717 0.0581 0.2291
vn -0.9970 0.0141 0.0767
vn -0.9965 0.0738 0.0396
vn -0.9792 0.0542 0.1958
vn -0.9843 0.0220 0.1753
vn -0.9988 -0.0220 0.0444
vn -0.9888 0.0513 0.1402
vn -0.9994 0.0337 0.0122
vn -0.9968 -0.0747 0.0288
vn -0.9801 -0.0269 0.1968
vn -0.9818 0.0533 0.1823
vn -0.9919 0.0093 0.1265
vn -0.9993 -0.0191 0.0318
vn -0.9830 -0.0835 0.1636
vn -0.9902 -0.0288 0.1363
vn -0.9991 0.0112 0.0415
vn -0.9995 -0.0279 -0.0171
vn -0.9999 -0.0132 -0.0073
vn -0.9992 -0.0142 0.0376
vn -0.9998 0.0122 0.0142
vn -0.9992 -0.0386 -0.0093
vn -0.9979 -0.0620 0.0171
vn -0.9942 0.0063 0.1070
vn -0.9902 -0.0347 0.1353
vn -0.9939 -0.0962 -0.0542
vn -0.9967 -0.0483 0.0650
vn -0.9966 -0.0581 -0.0581
vn -0.9961 -0.0239 0.0855
vn -0.9963 -0.0132 -0.0845
vn -0.9919 0.0132 -0.1265
vn -0.9977 -0.0425 0.0522
vn -0.9909 -0.0884 0.1011
vn -0.9637 0.0591 -0.2603
vn -0.9647 0.0552 -0.2574
vn -0.9812 0.0220 -0.1919
vn -0.9582 0.0591 -0.2800
vn -0.9932 -0.0317 -0.1119
vn -0.9817 0.0298 -0.1881
vn -0.9679 0.0376 -0.2487
vn -0.9935 -0.1071 -0.0387
vn -0.9995 -0.0298 -0.0113
vn -0.9738 0.0728 -0.2155
vn -0.9867 -0.0239 -0.1608
vn -0.9859 0.1674 0.0034
vn -0.9707 0.2330 -0.0581
vn -0.9838 0.0728 -0.1636
vn -0.9385 0.3395 -0.0630
vn -0.9961 0.0689 -0.0542
vn -0.9912 0.1197 -0.0572
vn -0.9064 0.4217 -0.0249
vn -0.9931 -0.0288 0.1138
vn -0.9874 0.0581 0.1471
vn -0.9920 0.0786 0.0992
vn -0.8979 0.4394 0.0249
vn -0.9967 -0.0747 0.0317
vn -0.9905 0.0562 0.1256
vn -0.9990 -0.0269 0.0347
vn -0.9735 0.0796 0.2144
vn -0.9911 0.1207 0.0562
vn -0.9972 -0.0425 0.0611
vn -0.9901 0.1373 0.0288
vn -0.9884 -0.0923 0.1207
vn -0.9790 -0.0063 0.2038
vn -0.9256 0.3678 0.0894
vn -0.9852 0.1372 0.1030
vn -0.9879 -0.0396 0.1499
vn -0.9634 0.2524 0.0903
vn -0.9841 0.1734 0.0396
vn -0.9982 -0.0444 0.0396
vn -0.9819 0.1891 0.0132
vn -0.9880 0.1509 0.0327
vn -0.9968 -0.0787 -0.0103
vn -0.9773 0.2114 0.0141
vn -0.9730 0.2018 0.1119
vn -0.9879 -0.1118 -0.1079
vn -0.9769 0.1207 0.1764
vn -0.9955 0.0767 -0.0552
vn -0.9731 0.0532 0.2241
vn -0.9668 0.0034 0.2555
vn -0.9968 0.0650 0.0464
vn -0.9678 -0.0494 0.2467
vn -0.9888 0.1284 0.0767
vn -0.9925 -0.0933 0.0787
vn -0.9881 -0.0962 0.1197
vn -0.9657 0.2339 -0.1128
vn -0.9560 0.1295 -0.2633
vn -0.9856 -0.1285 0.1099
vn -0.9786 0.2047 0.0230
vn -0.9808 -0.1100 0.1608
vn -0.9727 -0.0103 -0.2320
vn -0.9914 -0.0992 0.0855
vn -0.9797 -0.0816 0.1832
vn -0.9914 -0.0454 -0.1226
vn -0.9985 -0.0523 0.0152
vn -0.9817 -0.0513 0.1832
vn -0.9980 -0.0386 -0.0493
vn -0.9997 -0.0249 -0.0024
vn -0.9975 -0.0073 -0.0698
vn -0.9857 -0.0269 0.1666
vn -0.9996 0.0288 0.0034
vn -0.9897 0.0005 -0.1432
vn -0.9864 0.0376 0.1597
vn -0.9952 0.0855 -0.0474
vn -0.9570 0.0269 -0.2887
vn -0.9893 0.0034 -0.1461
vn -0.9789 0.1158 0.1686
vn -0.9849 0.0963 -0.1441
vn -0.9744 0.1646 0.1529
vn -0.9697 0.0161 -0.2438
vn -0.9977 0.0454 -0.0503
vn -0.9865 0.1178 0.1138
vn -0.9561 -0.1451 -0.2545
vn -0.9883 0.1324 0.0757
vn -0.9948 0.0561 0.0855
vn -0.9599 -0.2554 -0.1158
vn -0.9812 0.1324 0.1402
vn -0.9883 0.0894 0.1236
vn 0.9910 0.1294 0.0347
vn 0.9868 0.1608 -0.0200
vn 0.9889 0.1255 0.0796
vn 0.9719 -0.2340 0.0269
vn 0.9670 -0.2546 0.0044
vn 0.9900 0.1363 0.0357
vn 0.6854 -0.7273 -0.0356
vn 0.9822 -0.1851 0.0327
vn 0.6648 -0.7469 0.0112
vn 0.9904 -0.1373 0.0161
vn 0.7276 -0.6846 -0.0445
vn 0.4686 -0.8810 -0.0650
vn 0.7624 -0.6471 0.0054
vn 0.4471 -0.8918 -0.0689
vn 0.7560 -0.6543 -0.0191
vn 0.4323 -0.9012 -0.0308
vn 0.4458 -0.8951 -0.0064
vn 0.7606 -0.6492 0.0122
vn 0.4637 -0.8859 0.0132
vn 0.3454 -0.9384 -0.0054
vn 0.4598 -0.8879 0.0142
vn 0.7521 -0.6466 0.1275
vn 0.4431 -0.8859 0.1373
vn 0.3522 -0.9354 0.0308
vn 0.3902 -0.7740 0.4986
vn 0.3161 -0.9482 -0.0327
vn 0.3229 -0.9337 0.1549
vn 0.3433 -0.9351 -0.0874
vn 0.3093 -0.8253 -0.4725
vn 0.3416 -0.9349 -0.0963
vn 0.3101 -0.8257 -0.4712
vn 0.3298 -0.9424 -0.0552
vn 0.3309 -0.9428 -0.0406
vn 0.3404 -0.9343 -0.1060
vn 0.3044 -0.8261 -0.4743
vn 0.3328 -0.9408 -0.0640
vn 0.3326 -0.9363 -0.1129
vn 0.2974 -0.8248 -0.4809
vn 0.3043 -0.9314 -0.1997
vn 0.3025 -0.9378 -0.1705
vn 0.3179 -0.9245 -0.2105
vn 0.3277 -0.9375 -0.1168
vn 0.2986 -0.8206 -0.4872
vn 0.3328 -0.9407 -0.0650
vn 0.3346 -0.9207 -0.2008
vn 0.3279 -0.9369 -0.1218
vn 0.2983 -0.8169 -0.4936
vn 0.3308 -0.9417 -0.0611
vn 0.3434 -0.9217 -0.1803
vn 0.3261 -0.9361 -0.1316
vn 0.2886 -0.8180 -0.4976
vn 0.3289 -0.9427 -0.0552
vn 0.3392 -0.9270 -0.1601
vn 0.3231 -0.9358 -0.1412
vn 0.2800 -0.8196 -0.4999
vn 0.3309 -0.9427 -0.0435
vn 0.3414 -0.9294 -0.1402
vn 0.3181 -0.9378 -0.1393
vn 0.2877 -0.8122 -0.5074
vn 0.3328 -0.9426 -0.0259
vn 0.3561 -0.9275 -0.1138
vn 0.3131 -0.9392 -0.1411
vn 0.2947 -0.8059 -0.5136
vn 0.3405 -0.9403 -0.0024
vn 0.3599 -0.9294 -0.0816
vn 0.3208 -0.9342 -0.1558
vn 0.2849 -0.8038 -0.5223
vn 0.3278 -0.9443 0.0288
vn 0.3259 -0.9326 -0.1549
vn 0.2701 -0.7947 -0.5436
vn 0.3231 -0.9447 0.0562
vn 0.3102 -0.9414 -0.1324
vn 0.2684 -0.7777 -0.5684
vn 0.3550 -0.9312 0.0825
vn 0.2917 -0.9482 -0.1256
vn 0.2682 -0.7656 -0.5848
vn 0.3405 -0.9335 0.1128
vn 0.3014 -0.9424 -0.1451
vn 0.2613 -0.7703 -0.5817
vn 0.2721 -0.9553 0.1158
vn 0.2555 -0.9638 0.0767
vn 0.3346 -0.9294 -0.1558
vn 0.2810 -0.7763 -0.5642
vn 0.3199 -0.9470 0.0278
vn 0.3452 -0.9243 -0.1626
vn 0.2838 -0.7919 -0.5407
vn 0.3247 -0.9458 -0.0054
vn 0.3435 -0.9221 -0.1783
vn 0.2712 -0.8116 -0.5174
vn 0.3854 -0.9120 -0.1402
vn 0.3971 -0.7742 -0.4928
vn 0.3569 -0.9341 -0.0044
vn 0.4762 -0.8758 -0.0786
vn 0.6781 -0.5844 -0.4457
vn 0.4801 -0.8757 0.0503
vn 0.7283 -0.6794 -0.0894
vn 0.9685 -0.2047 -0.1421
vn 0.8720 -0.1685 -0.4596
vn 0.6915 -0.7208 0.0474
vn 0.8348 0.1597 -0.5270
vn 0.4980 -0.8626 0.0894
vn 0.9712 0.1704 -0.1665
vn 0.7747 0.2751 -0.5693
vn 0.9711 -0.2380 -0.0181
vn 0.9416 0.2800 -0.1872
vn 0.7519 0.2848 -0.5945
vn 0.9838 0.1754 -0.0367
vn 0.9224 0.3111 -0.2290
vn 0.7472 0.2947 -0.5957
vn 0.9661 0.2536 -0.0484
vn -0.9731 0.0532 0.2242
vn -0.9668 0.0034 0.2556
vn -0.5291 -0.0005 0.8486
vn -0.5494 0.0054 0.8355
vn 0.0865 0.0513 0.9949
vn -0.9678 -0.0493 0.2468
vn 0.2301 0.1813 0.9561
vn 0.1676 0.1275 0.9776
vn 0.1099 0.1138 0.9874
vn 0.0044 0.0659 0.9978
vn -0.5795 0.0112 0.8149
vn -0.0406 0.0288 0.9988
vn -0.9801 -0.0268 0.1969
vn 0.2174 0.0796 0.9728
vn 0.1304 0.1099 0.9853
vn 0.1304 0.0298 0.9910
vn -0.5828 0.0181 0.8124
vn -0.9842 0.0220 0.1754
vn -0.0308 -0.0063 0.9995
vn -0.5455 0.0278 0.8376
vn -0.9791 0.0542 0.1959
vn 0.0210 -0.0308 0.9993
vn -0.4928 0.0230 0.8699
vn -0.9594 -0.0044 0.2821
vn 0.1089 -0.0513 0.9927
vn -0.4432 -0.1002 0.8908
vn -0.9495 -0.1471 0.2771
vn 0.1861 -0.1480 0.9713
vn -0.4314 -0.4285 0.7939
vn 0.2115 -0.4606 0.8621
vn 0.2866 -0.1694 0.9430
vn 0.2976 -0.4275 0.8536
vn 0.2486 -0.1226 0.9608
vn -0.4556 -0.7485 0.4819
vn 0.1891 -0.0904 0.9778
vn 0.1832 -0.8171 0.5466
vn -0.4937 -0.8561 0.1529
vn -0.9674 -0.2506 0.0357
vn 0.1422 -0.9718 0.1881
vn 0.2828 -0.7948 0.5369
vn -0.5222 -0.8525 0.0230
vn -0.9742 -0.2252 0.0122
vn 0.1207 -0.9922 0.0318
vn 0.2652 -0.9500 0.1646
vn -0.5125 -0.8585 0.0181
vn -0.9718 -0.2351 0.0210
vn 0.1158 -0.9932 0.0083
vn -0.9691 -0.2449 0.0279
vn 0.2691 -0.9626 0.0298
vn -0.4940 -0.8692 0.0230
vn 0.1352 -0.9908 -0.0102
vn 0.2818 -0.9595 -0.0034
vn 0.1305 -0.9914 0.0112
vn 0.1588 -0.9872 0.0132
vn 0.1588 -0.9872 -0.0161
vn 0.2781 -0.9602 -0.0259
vn 0.1412 -0.9899 0.0132
vn -0.4794 -0.8772 0.0269
vn 0.2566 -0.9662 0.0230
vn 0.1412 -0.9889 0.0474
vn -0.4870 -0.8728 0.0317
vn -0.9635 -0.2662 0.0298
vn 0.0668 -0.9947 0.0777
vn -0.5126 -0.8578 0.0365
vn -0.9662 -0.2576 0.0093
vn 0.0845 -0.9938 0.0718
vn 0.2067 -0.9728 0.1050
vn 0.1480 -0.9806 0.1285
vn -0.5388 -0.8417 0.0345
vn -0.9761 -0.2173 -0.0063
vn 0.0396 -0.9981 0.0474
vn 0.1617 -0.9865 0.0239
vn 0.0298 -0.9887 0.1471
vn 0.7519 0.2848 -0.5946
vn 0.3630 0.2086 -0.9081
vn 0.3179 0.1617 -0.9342
vn 0.1266 0.1793 -0.9756
vn 0.7472 0.2947 -0.5958
vn 0.1119 0.1530 -0.9819
vn 0.0963 0.1324 -0.9865
vn 0.3514 0.1002 -0.9309
vn 0.7460 0.3357 -0.5751
vn 0.1227 0.1901 -0.9741
vn 0.0943 0.0279 -0.9952
vn 0.1001 -0.0249 -0.9947
vn 0.4448 0.1148 -0.8882
vn 0.7686 0.3386 -0.5429
vn 0.1666 0.2046 -0.9646
vn 0.0874 -0.1548 -0.9841
vn 0.1168 0.0200 -0.9930
vn 0.1628 -0.1158 -0.9798
vn 0.5214 0.1754 -0.8351
vn 0.5390 0.1686 -0.8253
vn 0.2232 -0.0288 -0.9743
vn 0.0904 -0.1568 -0.9835
vn 0.1695 0.1168 -0.9786
vn 0.0542 -0.1422 -0.9884
vn 0.1753 0.1421 -0.9742
vn 0.0884 -0.2790 -0.9562
vn 0.1314 0.0064 -0.9913
vn 0.2183 0.1831 -0.9586
vn 0.1294 -0.0718 -0.9890
vn 0.2458 0.0288 -0.9689
vn 0.0786 -0.1265 -0.9888
vn 0.1979 -0.0327 -0.9797
vn 0.0162 -0.0044 -0.9999
vn 0.0337 0.0151 -0.9993
vn 0.2203 0.0855 -0.9717
vn -0.0210 0.2017 -0.9792
vn 0.1334 0.2135 -0.9678
vn -0.2518 0.9562 0.1490
vn -0.1304 0.9891 -0.0679
vn -0.2213 0.9734 -0.0601
vn -0.2467 0.9619 -0.1177
vn -0.2575 0.9653 -0.0435
vn -0.2272 0.9681 -0.1061
vn -0.2740 0.9607 -0.0454
vn -0.2800 0.9416 0.1871
vn -0.3189 0.9265 0.1997
vn -0.2477 0.9687 -0.0181
vn -0.2673 0.9632 -0.0278
vn -0.1627 0.9865 -0.0200
vn -0.1587 0.9850 -0.0679
vn -0.1803 0.9834 -0.0210
vn 0.1637 0.9864 -0.0132
vn 0.1793 0.9835 -0.0249
vn 0.5818 0.8134 0.0034
vn 0.5914 0.8063 -0.0103
vn 0.1841 0.9823 -0.0357
vn 0.5974 0.8016 -0.0259
vn 0.1881 0.9798 -0.0679
vn 0.6110 0.7909 -0.0337
vn -0.1548 0.9832 0.0972
vn 0.1832 0.9814 0.0571
vn 0.6402 0.7634 0.0854
vn 0.5857 0.6844 0.4343
vn 0.1647 0.8907 0.4236
vn 0.2692 0.5672 0.7783
vn -0.1568 0.8641 0.4782
vn -0.0405 0.5047 0.8623
vn 0.0787 0.1373 0.9874
vn -0.2585 0.8194 0.5116
vn -0.1733 0.4566 0.8726
vn -0.2692 0.8008 0.5350
vn -0.0386 0.1119 0.9930
vn 0.1011 0.0200 0.9947
vn 0.0757 0.0484 0.9960
vn -0.1676 0.4411 0.8817
vn -0.2691 0.7929 0.5467
vn -0.1421 0.4526 0.8803
vn -0.0210 0.1842 0.9827
vn -0.2623 0.7959 0.5457
vn -0.3150 0.9293 0.1929
vn -0.1481 0.4549 0.8781
vn -0.0571 0.2134 0.9753
vn -0.2780 0.7919 0.5437
vn -0.0630 0.1392 -0.9883
vn 0.0152 0.1139 -0.9934
vn -0.1177 0.2026 -0.9722
vn -0.1646 0.2144 -0.9628
vn 0.1379 0.0512 -0.9891
vn 0.1158 0.0777 -0.9902
vn -0.1696 0.2077 -0.9634
vn -0.2086 0.4127 -0.8866
vn 0.0376 0.0631 -0.9973
vn 0.2623 0.0806 -0.9616
vn -0.2213 0.4480 -0.8662
vn -0.1158 0.2048 -0.9719
vn 0.1294 0.0562 -0.9900
vn 0.0161 -0.0142 -0.9998
vn 0.0601 -0.1227 -0.9906
vn -0.0610 -0.1353 -0.9889
vn 0.2233 0.1500 -0.9631
vn 0.1236 -0.0894 -0.9883
vn 0.0679 -0.2350 -0.9696
vn 0.0044 -0.1695 -0.9855
vn 0.1628 -0.2038 -0.9654
vn 0.1842 -0.2154 -0.9590
vn 0.1862 -0.3445 -0.9201
vn 0.1725 -0.2770 -0.9453
vn 0.1490 -0.3024 -0.9415
vn 0.1030 -0.2349 -0.9665
vn 0.1295 -0.3357 -0.9330
vn 0.2682 -0.7655 -0.5848
vn 0.0327 -0.2565 -0.9660
vn 0.0894 -0.3620 -0.9279
vn 0.2613 -0.7702 -0.5818
vn 0.0748 -0.4186 -0.9051
vn 0.2809 -0.7763 -0.5643
vn 0.2838 -0.7918 -0.5408
vn -0.0161 -0.2632 -0.9646
vn 0.0190 -0.2114 -0.9772
vn 0.1080 -0.4735 -0.8742
vn 0.1471 -0.4793 -0.8653
vn 0.2712 -0.8116 -0.5175
vn 0.0943 -0.1080 -0.9897
vn 0.1763 -0.0122 -0.9843
vn 0.2702 -0.4139 -0.8693
vn 0.3971 -0.7742 -0.4929
vn 0.6781 -0.5844 -0.4458
vn 0.5649 -0.2583 -0.7837
vn 0.8719 -0.1685 -0.4597
vn 0.4636 0.0865 -0.8818
vn 0.8347 0.1597 -0.5271
vn 0.7746 0.2752 -0.5694
vn 0.0953 -0.9916 0.0875
vn 0.2400 -0.9663 -0.0934
vn 0.1568 -0.9868 -0.0396
vn 0.0435 -0.9949 0.0913
vn 0.2193 -0.9707 -0.0982
vn 0.2017 -0.9686 -0.1451
vn 0.2593 -0.9586 -0.1177
vn 0.0542 -0.9981 -0.0298
vn 0.2839 -0.9339 -0.2174
vn -0.5479 -0.8363 0.0191
vn -0.9812 -0.1890 0.0396
vn -0.9710 -0.2370 0.0298
vn 0.1412 -0.9891 -0.0415
vn -0.5133 -0.8504 -0.1158
vn -0.9598 -0.2555 -0.1158
vn -0.4597 -0.7645 -0.4519
vn 0.2026 -0.8198 -0.5356
vn 0.1206 -0.9714 -0.2046
vn 0.2915 -0.7945 -0.5327
vn 0.1773 -0.9656 -0.1900
vn 0.0708 -0.8260 -0.5592
vn -0.0112 -0.8538 -0.5204
vn 0.0523 -0.9943 -0.0933
vn -0.0132 -0.8644 -0.5027
vn 0.0122 -0.9986 -0.0512
vn -0.0210 -0.8682 -0.4958
vn 0.0523 -0.9975 0.0484
vn -0.0132 -0.9985 -0.0523
vn -0.0132 -0.8689 -0.4947
vn 0.1226 -0.9889 -0.0845
vn -0.0074 -0.9957 0.0921
vn -0.0151 -0.9974 -0.0708
vn 0.0025 -0.8718 -0.4898
vn 0.0025 -0.9959 -0.0903
vn 0.0015 -0.8729 -0.4879
vn -0.0337 -0.9951 0.0933
vn 0.0278 -0.9996 -0.0054
vn 0.1725 -0.9804 -0.0953
vn 0.0005 -0.9952 -0.0982
vn -0.0024 -0.8701 -0.4929
vn -0.0024 -0.9963 0.0855
vn -0.0279 -0.9987 0.0424
vn 0.0865 -0.9946 -0.0582
vn -0.0014 -0.9954 -0.0953
vn 0.0034 -0.8662 -0.4997
vn 0.0015 -0.9962 0.0874
vn 0.0064 -0.9979 0.0640
vn -0.0054 -0.9998 -0.0190
vn 0.0005 -0.9954 -0.0953
vn 0.0054 -0.8666 -0.4990
vn 0.0005 -0.9940 -0.1089
vn -0.0102 -0.9972 0.0738
vn -0.0229 -0.9989 0.0415
vn -0.0210 -0.9997 0.0093
vn -0.0161 -0.9984 0.0542
vn -0.0532 -0.9985 0.0083
vn -0.0445 -0.9987 -0.0239
vn -0.0200 -0.9997 -0.0122
vn -0.0064 -1.0000 -0.0025
vn -0.0122 -0.9992 -0.0376
vn -0.0317 -0.9976 -0.0610
vn -0.0151 -0.9996 0.0239
vn -0.0543 -0.9984 -0.0132
vn -0.0504 -0.9984 -0.0259
vn 0.0044 -1.0000 0.0015
vn -0.0533 -0.9965 0.0650
vn 0.1344 -0.9907 0.0220
vn -0.0230 -0.9992 0.0318
vn -0.0376 -0.9978 0.0542
vn 0.1676 -0.9856 0.0210
vn 0.1246 -0.9885 0.0855
vn 0.1382 -0.9822 0.1274
vn 0.0044 -0.9914 0.1305
vn 0.0455 -0.9962 0.0738
vn 0.0982 -0.9922 0.0767
vn 0.0406 -0.9992 -0.0025
vn -0.0454 -0.9975 -0.0533
vn 0.0601 -0.9974 -0.0396
vn 0.0493 -0.9963 -0.0708
vn -0.0249 -0.9948 -0.0991
vn -0.0249 -0.9959 -0.0874
vn 0.0357 -0.9993 -0.0142
vn 0.0269 -0.9991 -0.0318
vn -0.0073 -0.9999 -0.0093
vn 0.0142 -0.9994 0.0327
vn 0.0591 -0.9972 0.0454
vn 0.0259 -0.9781 0.2066
vn 0.0279 -0.9845 0.1734
vn 0.0171 -0.8428 0.5379
vn 0.0327 -0.9987 -0.0396
vn 0.0523 -0.9984 0.0230
vn 0.0269 -0.9780 0.2067
vn -0.0171 -0.9994 -0.0288
vn 0.0611 -0.9981 -0.0015
vn 0.0396 -0.9990 -0.0220
vn 0.0464 -0.9989 -0.0044
vn 0.0600 -0.9982 0.0092
vn 0.0269 -0.9996 -0.0112
vn 0.0396 -0.9957 0.0835
vn 0.0464 -0.9953 0.0855
vn 0.0493 -0.9944 0.0933
vn 0.0347 -0.9976 0.0601
vn 0.0132 -0.9974 0.0708
vn 0.0660 -0.9865 0.1500
vn 0.0220 -0.9922 0.1226
vn 0.0259 -0.9958 0.0874
vn 0.0494 -0.9929 0.1080
vn -0.0308 -0.9995 -0.0103
vn 0.0161 -0.9999 0.0015
vn 0.0786 -0.9878 0.1343
vn 0.0278 -0.9989 0.0376
vn 0.0787 -0.9875 0.1363
vn 0.0630 -0.9926 0.1041
vn 0.0259 -0.9996 0.0093
vn 0.0503 -0.9890 0.1392
vn 0.0425 -0.9929 0.1109
vn 0.0161 -0.9974 -0.0699
vn -0.0200 -0.9980 -0.0601
vn -0.0024 -0.9976 0.0689
vn -0.0200 -0.9969 -0.0767
vn -0.0142 -0.9960 -0.0884
vn -0.0210 -0.9981 -0.0572
vn -0.0005 -1.0000 0.0083
vn 0.0366 -0.9910 0.1285
vn 0.0464 -0.9985 0.0288
vn 0.0445 -0.9946 0.0934
vn 0.0249 -0.9979 0.0601
vn 0.0552 -0.9977 0.0405
vn -0.0972 -0.1118 0.9890
vn -0.0855 -0.1334 0.9874
vn 0.0357 -0.2231 0.9741
vn 0.0523 -0.5018 0.8634
vn 0.0513 -0.2691 0.9617
vn 0.0347 -0.4440 0.8954
vn -0.0415 -0.2868 0.9571
vn -0.0503 -0.2760 0.9598
vn -0.0190 -0.4245 0.9052
vn -0.0063 -0.2272 0.9738
vn -0.0699 -0.2771 0.9583
vn -0.0630 0.0748 0.9952
vn -0.0356 0.0854 0.9957
vn -0.0591 0.1119 0.9920
vn -0.0503 -0.3120 0.9487
vn -0.0747 0.1187 0.9901
vn -0.0552 -0.2818 0.9579
vn -0.0353 0.1899 0.9812
vn -0.0132 -0.4517 0.8921
vn -0.0239 -0.3445 0.9385
vn -0.0835 0.0816 0.9932
vn -0.0288 -0.3005 0.9533
vn 0.0034 -0.4753 0.8798
vn -0.0122 -0.3639 0.9314
vn 0.0093 -0.8875 0.4606
vn -0.0191 -0.3670 0.9300
vn 0.0190 -0.5016 0.8649
vn -0.0024 -0.8794 0.4761
vn 0.0181 -0.5283 0.8489
vn 0.0533 -0.8718 0.4869
vn 0.0298 -0.8750 0.4832
vn 0.0132 -0.9936 0.1118
vn -0.0474 -0.9895 0.1363
vn 0.0240 -0.8554 0.5173
vn 0.0835 -0.9864 0.1412
vn 0.0474 -0.9835 0.1744
vn 0.0034 -0.8571 0.5152
vn 0.0210 -0.8618 0.5069
vn -0.0054 -0.9819 0.1891
vn 0.0357 -0.9984 0.0444
vn 0.0816 -0.9922 0.0943
vn -0.4314 -0.4646 -0.7734
vn 0.2027 -0.8197 -0.5357
vn -0.9561 -0.1451 -0.2546
vn 0.2605 -0.4911 -0.8313
vn 0.2915 -0.7944 -0.5328
vn 0.3296 -0.4322 -0.8394
vn -0.4744 -0.1568 -0.8662
vn -0.5624 -0.0337 -0.8262
vn 0.2524 -0.2300 -0.9399
vn 0.3883 -0.2222 -0.8943
vn 0.1608 -0.1549 -0.9748
vn 0.3882 -0.9205 -0.0454
vn 0.4126 -0.9018 -0.1284
vn 0.4235 -0.9040 -0.0581
vn 0.3416 -0.9389 0.0425
vn 0.3638 -0.9312 -0.0230
vn 0.3729 -0.9222 -0.1022
vn 0.2634 -0.9601 0.0943
vn 0.2516 -0.9658 0.0620
vn 0.4077 -0.9038 -0.1304
vn 0.3532 -0.9355 0.0005
vn 0.3043 -0.9490 0.0825
vn 0.4097 -0.9020 -0.1362
vn 0.4042 -0.9085 -0.1061
vn 0.3318 -0.9426 0.0366
vn 0.4226 -0.8955 -0.1392
vn 0.3043 -0.9482 0.0913
vn 0.3610 -0.9309 0.0562
vn 0.3073 -0.9513 0.0230
vn 0.3913 -0.9199 -0.0249
vn 0.3093 -0.9308 0.1950
vn 0.3679 -0.9279 -0.0601
vn 0.3286 -0.9302 0.1636
vn 0.4177 -0.9072 -0.0494
vn 0.4091 -0.9038 -0.1256
vn 0.3825 -0.9238 -0.0161
vn 0.3885 -0.9161 0.0992
vn 0.4070 -0.9103 -0.0748
vn 0.4178 -0.9035 -0.0953
vn 0.4226 -0.9004 -0.1031
vn 0.3836 -0.9231 0.0249
vn 0.3444 -0.9356 0.0777
vn 0.4079 -0.9130 0.0073
vn 0.3112 -0.9472 0.0767
vn 0.4166 -0.9079 0.0464
vn 0.3747 -0.9258 0.0494
vn 0.3141 -0.9306 0.1881
vn 0.3737 -0.9150 0.1519
vn 0.4286 -0.9025 0.0425
vn 0.4253 -0.9049 0.0171
vn 0.3414 -0.9264 0.1587
vn 0.2867 -0.8083 0.5143
vn 0.2984 -0.7996 0.5212
vn 0.2633 -0.8124 0.5203
vn 0.2575 -0.8078 0.5302
vn 0.1587 -0.4615 0.8728
vn 0.1422 -0.4596 0.8767
vn 0.1549 -0.4665 0.8709
vn 0.0318 -0.1168 0.9926
vn 0.0640 -0.1196 0.9908
vn 0.0034 -0.1314 0.9913
vn 0.1323 -0.4644 0.8757
vn 0.2712 -0.8059 0.5263
vn 0.3326 -0.9324 0.1412
vn 0.3502 -0.9353 -0.0503
vn 0.2780 -0.9601 -0.0318
vn 0.2839 -0.8097 0.5136
vn 0.3209 -0.9344 0.1548
vn 0.3211 -0.9319 0.1686
vn 0.3033 -0.9527 0.0181
vn 0.2769 -0.8160 0.5073
vn 0.2675 -0.8202 0.5057
vn 0.1461 -0.4685 0.8713
vn 0.1520 -0.4694 0.8698
vn 0.1507 -0.4708 0.8693
vn 0.2701 -0.4166 0.8680
vn 0.0112 -0.1489 0.9888
vn 0.0415 -0.1490 0.9880
vn 0.5662 -0.2604 0.7821
vn 0.8778 -0.1500 0.4549
vn 0.1695 -0.0786 0.9824
vn 0.5026 0.0630 0.8622
vn 0.8457 0.1920 0.4979
vn 0.4764 0.1715 0.8623
vn 0.8148 0.2850 0.5049
vn 0.0523 -0.1363 0.9893
vn 0.1167 0.0522 0.9918
vn -0.0024 0.0288 0.9996
vn 0.4596 0.1744 0.8708
vn 0.0562 0.0679 0.9961
vn 0.4402 0.1646 0.8827
vn 0.8182 0.3023 0.4890
vn -0.0034 0.0259 0.9997
vn -0.0542 0.0747 0.9957
vn 0.0289 0.0288 0.9992
vn 0.4256 0.1481 0.8927
vn 0.8237 0.2788 0.4937
vn -0.0415 -0.0083 0.9991
vn 0.4175 0.1617 0.8942
vn 0.8087 0.2663 0.5244
vn -0.0034 0.1041 0.9946
vn -0.0523 -0.0161 0.9985
vn -0.0190 0.0650 0.9977
vn -0.0562 0.0015 0.9984
vn 0.0386 0.0308 0.9988
vn -0.0200 0.0112 0.9997
vn -0.0396 0.0103 0.9992
vn 0.0591 0.0142 0.9982
vn 0.0269 -0.0708 0.9971
vn 0.0943 -0.0972 0.9908
vn 0.0620 0.0044 0.9981
vn 0.0874 0.0327 0.9956
vn 0.1031 -0.0005 0.9947
vn 0.4459 0.1490 0.8826
vn 0.1197 -0.0483 0.9916
vn 0.4179 0.2536 0.8724
vn 0.7705 0.3855 0.5077
vn 0.0923 -0.0845 0.9921
vn 0.0327 -0.0356 0.9988
vn 0.0279 -0.0777 0.9966
vn -0.0073 -0.0122 0.9999
vn 0.0601 -0.0689 0.9958
vn 0.0367 -0.0621 0.9974
vn 0.0464 0.0298 0.9985
vn 0.0698 0.0063 0.9975
vn 0.0542 -0.1490 0.9874
vn 0.0445 -0.0034 0.9990
vn 0.1441 -0.4575 0.8774
vn 0.0141 -0.1696 0.9854
vn 0.1343 -0.4391 0.8884
vn -0.0278 -0.0533 0.9982
vn 0.0396 0.0161 0.9991
vn -0.0288 -0.0064 0.9996
vn -0.0181 -0.1538 0.9879
vn -0.0582 0.0103 0.9983
vn 0.3014 -0.7887 0.5358
vn -0.0376 -0.1187 0.9922
vn 0.3971 -0.9003 0.1783
vn 0.1206 -0.4233 0.8979
vn 0.2966 -0.7754 0.5575
vn 0.4295 -0.9014 0.0542
vn 0.3855 -0.8957 0.2214
vn 0.3817 -0.9243 0.0005
vn 0.3728 -0.9250 0.0738
vn 0.3396 -0.9055 0.2546
vn 0.2897 -0.9532 0.0865
vn 0.2830 -0.7638 0.5801
vn 0.2858 -0.9239 0.2546
vn 0.1226 -0.4089 0.9043
vn 0.2720 -0.7614 0.5885
vn 0.1471 -0.4021 0.9037
vn -0.0181 -0.0807 0.9966
vn 0.0386 -0.0601 0.9974
vn 0.1774 -0.4119 0.8938
vn 0.1070 -0.0689 0.9919
vn 0.2642 -0.7731 0.5767
vn 0.1617 -0.1138 0.9803
vn 0.1959 -0.4404 0.8762
vn 0.2584 -0.7958 0.5476
vn 0.2612 -0.9370 0.2319
vn 0.2496 -0.9646 0.0855
vn 0.3179 -0.9479 0.0181
vn 0.2719 -0.9604 0.0610
vn 0.3865 -0.9222 0.0122
vn 0.2643 -0.9601 0.0914
vn 0.2507 -0.9436 0.2165
vn 0.3582 -0.9329 0.0366
vn 0.3990 -0.9169 0.0122
vn 0.3805 -0.9246 0.0190
vn 0.4111 -0.9116 0.0034
vn 0.4158 -0.9063 -0.0757
vn 0.3960 -0.9146 -0.0816
vn 0.4051 -0.9056 -0.1256
vn 0.3785 -0.9256 0.0034
vn 0.3837 -0.9192 -0.0884
vn 0.3815 -0.9138 -0.1392
vn 0.3777 -0.9248 -0.0455
vn 0.3768 -0.9142 -0.1490
vn 0.3631 -0.9299 0.0581
vn 0.3638 -0.9234 0.1226
vn 0.2642 -0.9549 0.1353
vn 0.2194 -0.9661 0.1363
vn 0.2115 -0.9684 0.1323
vn 0.1696 -0.9807 0.0972
vn 0.2554 -0.9617 0.0992
vn 0.2106 -0.9730 0.0943
vn 0.3073 -0.9492 0.0679
vn 0.2818 -0.9587 0.0386
vn 0.3706 -0.9283 0.0308
vn 0.4051 -0.9142 -0.0116
vn 0.3853 -0.9224 0.0268
vn 0.4901 -0.8712 -0.0288
vn 0.5231 -0.8513 0.0396
vn 0.4901 -0.8713 0.0259
vn 0.0132 -0.1968 -0.9803
vn 0.0151 -0.5427 -0.8398
vn 0.0072 -0.1990 -0.9800
vn 0.0144 -0.5427 -0.8398
vn 0.0288 -0.8750 -0.4832
vn -0.0063 -0.0025 -1.0000
vn 0.0269 -0.8778 -0.4783
vn 0.0347 -0.5506 -0.8340
vn 0.0640 -0.8800 -0.4706
vn 0.0591 -0.5498 -0.8332
vn 0.1041 -0.8799 -0.4637
vn 0.0210 -0.1833 -0.9828
vn 0.0054 -0.0102 -0.9999
vn 0.0054 -0.1901 -0.9818
vn 0.0669 -0.5583 -0.8270
vn 0.1118 -0.8826 -0.4567
vn 0.0571 -0.5738 -0.8170
vn 0.0044 -0.9912 -0.1324
vn 0.0132 -0.8672 -0.4978
vn 0.0210 -0.8688 -0.4947
vn 0.0220 -0.9874 -0.1568
vn 0.0230 -0.8714 -0.4901
vn 0.0367 -0.9863 -0.1607
vn 0.0288 -0.8751 -0.4832
vn 0.0396 -0.9874 -0.1529
vn 0.0269 -0.8778 -0.4782
vn 0.0444 -0.9988 0.0220
vn 0.0395 -0.9889 -0.1431
vn 0.0640 -0.8801 -0.4705
vn 0.0747 -0.9881 -0.1343
vn 0.1041 -0.8799 -0.4636
vn 0.1139 -0.9837 -0.1393
vn 0.1119 -0.8826 -0.4566
vn 0.0562 -0.9979 0.0318
vn 0.1139 -0.9817 -0.1529
vn 0.1197 -0.8904 -0.4391
vn 0.0845 -0.9963 -0.0122
vn 0.1275 -0.9755 -0.1793
vn 0.1002 -0.9084 -0.4060
vn 0.0914 -0.9945 -0.0514
vn 0.1246 -0.9717 -0.2008
vn 0.0699 -0.9147 -0.3980
vn 0.0835 -0.9921 -0.0933
vn 0.0454 -0.9984 0.0327
vn 0.0835 -0.9962 0.0249
vn 0.0767 -0.9784 -0.1920
vn 0.1177 -0.9019 -0.4155
vn 0.0982 -0.9844 -0.1461
vn 0.0640 -0.9971 0.0415
vn 0.1314 -0.9781 -0.1616
vn 0.1812 -0.8867 -0.4254
vn 0.1003 -0.9822 -0.1586
vn 0.2028 -0.9691 -0.1402
vn 0.1725 -0.8898 -0.4226
vn 0.1598 -0.9777 -0.1363
vn 0.0640 -0.9970 0.0425
vn 0.0963 -0.9952 0.0181
vn 0.1822 -0.9728 -0.1431
vn 0.1528 -0.8883 -0.4331
vn 0.2008 -0.9709 -0.1305
vn 0.1500 -0.9885 -0.0210
vn 0.1587 -0.9765 -0.1461
vn 0.1911 -0.8713 -0.4520
vn 0.1832 -0.9745 -0.1295
vn 0.1851 -0.9811 -0.0571
vn 0.3612 -0.9153 -0.1784
vn 0.3522 -0.9199 -0.1724
vn 0.3659 -0.9275 -0.0767
vn 0.3639 -0.9276 -0.0845
vn 0.3612 -0.9310 0.0523
vn 0.3552 -0.9338 0.0425
vn 0.3611 -0.9184 -0.1619
vn 0.3571 -0.9298 -0.0894
vn 0.3739 -0.9232 -0.0885
vn 0.3571 -0.9334 0.0347
vn 0.3571 -0.9335 0.0337
vn 0.3690 -0.9290 0.0279
vn 0.3289 -0.9407 0.0836
vn 0.3297 -0.9345 0.1343
vn 0.3405 -0.9259 0.1637
vn 0.2917 -0.9514 0.0982
vn 0.3394 -0.9247 0.1727
vn 0.3237 -0.9380 0.1236
vn 0.2928 -0.9487 0.1197
vn 0.3443 -0.9214 0.1802
vn 0.3659 -0.9296 0.0444
vn 0.3161 -0.9376 0.1451
vn 0.2681 -0.9392 0.2144
vn 0.2536 -0.8252 0.5047
vn 0.3326 -0.9303 0.1548
vn 0.3668 -0.9109 0.1890
vn 0.3404 -0.9402 0.0142
vn 0.2057 -0.4772 0.8544
vn 0.3687 -0.9117 0.1812
vn 0.2965 -0.9550 0.0005
vn 0.3580 -0.9187 0.1665
vn 0.3209 -0.9342 0.1558
vn 0.3854 -0.9071 0.1695
vn 0.3240 -0.9358 0.1393
vn 0.2769 -0.9606 0.0239
vn 0.3445 -0.9240 0.1656
vn 0.3855 -0.9121 0.1392
vn 0.2809 -0.9559 0.0855
vn 0.2907 -0.9560 0.0396
vn 0.3874 -0.9053 0.1744
vn 0.3474 -0.9346 0.0767
vn 0.2857 -0.9558 0.0698
vn 0.3171 -0.9483 0.0142
vn 0.4244 -0.8902 0.1655
vn 0.2857 -0.9578 0.0317
vn 0.3326 -0.9393 0.0845
vn 0.2858 -0.9580 -0.0229
vn 0.4049 -0.9040 0.1372
vn 0.3092 -0.9502 0.0396
vn 0.3435 -0.9376 0.0542
vn 0.2546 -0.9660 -0.0445
vn 0.3218 -0.9419 0.0962
vn 0.3893 -0.9198 0.0484
vn 0.3062 -0.9517 -0.0210
vn 0.3141 -0.9481 0.0503
vn 0.3727 -0.9277 0.0210
vn 0.2731 -0.9600 -0.0620
vn 0.2820 -0.7822 0.5555
vn 0.1324 -0.3815 0.9149
vn 0.2458 -0.8037 0.5418
vn 0.2116 -0.8223 0.5282
vn 0.3092 -0.9372 0.1616
vn 0.2916 -0.7752 0.5603
vn 0.2125 -0.9718 0.1021
vn 0.2008 -0.8397 0.5046
vn 0.1959 -0.9747 0.1080
vn 0.1305 -0.3836 0.9142
vn 0.1392 -0.3815 0.9138
vn -0.0083 0.0601 0.9982
vn 0.1431 -0.4080 0.9017
vn 0.1871 -0.8592 0.4763
vn 0.1754 -0.9803 0.0913
vn 0.1519 -0.9873 0.0463
vn 0.0249 0.0767 0.9967
vn -0.0415 0.0318 0.9986
vn 0.1431 -0.4451 0.8840
vn -0.0483 0.1392 0.9891
vn 0.0581 0.0737 0.9956
vn -0.0102 0.1665 0.9860
vn 0.1831 -0.8717 0.4546
vn 0.0962 0.0356 0.9947
vn 0.1802 -0.9822 0.0532
vn 0.1363 -0.4880 0.8622
vn 0.1880 -0.8786 0.4390
vn 0.1460 -0.9889 0.0278
vn 0.1685 -0.9773 0.1285
vn 0.1617 -0.9735 0.1617
vn 0.1832 -0.9823 0.0386
vn 0.1782 -0.9840 0.0044
vn 0.1871 -0.9735 0.1314
vn 0.1618 -0.9691 0.1862
vn 0.1587 -0.9704 0.1822
vn 0.1832 -0.9794 0.0855
vn 0.1616 -0.9713 0.1743
vn 0.2106 -0.9776 -0.0025
vn 0.1892 -0.9799 0.0641
vn 0.1628 -0.8910 0.4238
vn 0.1324 -0.5221 0.8425
vn 0.2027 -0.9792 -0.0005
vn 0.1871 -0.9823 -0.0014
vn 0.1481 -0.8908 0.4295
vn 0.1774 -0.9824 0.0581
vn 0.1890 -0.9772 0.0972
vn 0.1794 -0.9769 0.1158
vn 0.1392 -0.9903 -0.0034
vn 0.1608 -0.9728 0.1666
vn 0.1412 -0.9836 0.1119
vn 0.1510 -0.9865 0.0640
vn 0.1256 -0.9905 0.0552
vn 0.0728 -0.9971 -0.0220
vn 0.0571 -0.9967 -0.0571
vn 0.0767 -0.9969 0.0151
vn 0.1305 -0.9844 0.1177
vn 0.0662 -0.9922 0.1061
vn 0.1627 -0.9737 0.1597
vn 0.1499 -0.9780 0.1450
vn 0.1089 -0.9939 -0.0200
vn 0.0747 -0.9942 -0.0777
vn -0.0650 0.2017 -0.9773
vn -0.2104 0.4946 -0.8432
vn -0.1813 0.5254 -0.8313
vn -0.1645 0.5181 -0.8394
vn -0.3072 0.8278 -0.4694
vn -0.0376 0.5298 -0.8473
vn -0.2897 0.8379 -0.4627
vn -0.2711 0.8376 -0.4742
vn -0.3689 0.9239 -0.1021
vn -0.2722 0.8197 -0.5040
vn -0.3210 0.9424 -0.0943
vn -0.2545 0.9589 -0.1255
vn -0.2809 0.7968 -0.5350
vn -0.2798 0.7769 -0.5640
vn -0.2525 0.9518 -0.1743
vn -0.2818 0.9372 -0.2056
vn -0.2739 0.9321 -0.2368
vn -0.1919 0.9804 -0.0445
vn -0.2047 0.9745 -0.0923
vn -0.2614 0.9574 -0.1227
vn -0.2468 0.9594 -0.1364
vn -0.2888 0.9573 0.0093
vn -0.2613 0.9637 -0.0542
vn -0.3884 0.9210 0.0298
vn -0.2692 0.9629 0.0191
vn -0.1646 0.9852 -0.0474
vn -0.1754 0.9833 -0.0493
vn -0.2312 0.9701 -0.0738
vn -0.1773 0.9841 0.0093
vn -0.2437 0.9656 -0.0904
vn -0.2887 0.9403 -0.1803
vn -0.2427 0.9656 -0.0935
vn -0.1793 0.9835 0.0250
vn -0.2242 0.9735 0.0444
vn -0.2329 0.9714 0.0454
vn -0.2232 0.9746 0.0200
vn -0.2330 0.9707 0.0591
vn -0.1890 0.9804 0.0552
vn -0.2017 0.9791 0.0249
vn -0.2447 0.9687 0.0425
vn -0.1921 0.9808 0.0327
vn -0.2409 0.9701 -0.0308
vn -0.2203 0.9754 -0.0103
vn -0.1832 0.9817 -0.0513
vn -0.2340 0.9709 -0.0503
vn -0.2047 0.9787 0.0142
vn -0.1940 0.9808 -0.0200
vn -0.2184 0.9747 -0.0484
vn -0.2331 0.9722 -0.0230
vn -0.2116 0.9769 -0.0298
vn -0.2047 0.9784 -0.0298
vn -0.2349 0.9714 0.0337
vn -0.2624 0.9592 0.1051
vn -0.2575 0.9662 -0.0132
vn -0.3375 0.9335 0.1207
vn -0.3003 0.9537 0.0181
vn -0.3571 0.9198 0.1627
vn -0.3776 0.9143 0.1462
vn -0.3044 0.9503 0.0650
vn -0.3590 0.9140 0.1891
vn -0.3524 0.9116 0.2116
vn -0.3374 0.9166 0.2144
vn -0.2926 0.9560 0.0210
vn -0.3180 0.9481 -0.0015
vn -0.3141 0.9286 0.1978
vn -0.2761 0.9594 -0.0582
vn -0.3141 0.9491 -0.0220
vn -0.2809 0.9543 -0.1021
vn -0.2634 0.9622 -0.0689
vn -0.2448 0.9689 -0.0376
vn -0.3082 0.9501 -0.0474
vn -0.3112 0.9503 -0.0093
vn -0.2847 0.9585 -0.0151
vn -0.3387 0.9408 -0.0142
vn -0.3004 0.9538 0.0005
vn -0.3765 0.9255 -0.0403
vn -0.1988 0.9797 0.0259
vn -0.2516 0.9678 -0.0015
vn -0.1627 0.9864 0.0239
vn 0.1794 0.9835 0.0240
vn 0.1715 0.9845 0.0367
vn 0.1587 0.9871 0.0200
vn 0.6486 0.7611 0.0122
vn 0.5935 0.8047 -0.0161
vn 0.6523 0.7579 0.0034
vn 0.1764 0.9843 0.0083
vn 0.6509 0.7486 -0.1265
vn 0.1715 0.9776 -0.1216
vn 0.5877 0.6718 -0.4509
vn -0.2487 0.9610 -0.1207
vn -0.1920 0.8585 -0.4755
vn 0.1637 0.8809 -0.4441
vn 0.2896 0.5748 -0.7653
vn 0.4685 0.2653 -0.8427
vn 0.7880 0.3581 -0.5008
vn 0.2077 -0.9689 -0.1344
vn 0.2341 -0.8518 -0.4686
vn 0.1802 -0.9781 -0.1040
vn 0.1931 -0.9789 -0.0670
vn 0.2608 -0.9576 -0.1226
vn 0.2360 -0.8459 -0.4783
vn 0.2301 -0.9706 -0.0708
vn 0.2058 -0.9769 -0.0574
vn 0.2437 -0.9608 -0.1324
vn 0.2321 -0.8419 -0.4871
vn 0.2682 -0.9618 -0.0552
vn 0.2428 -0.9688 -0.0493
vn 0.2448 -0.9563 -0.1598
vn 0.2243 -0.8411 -0.4921
vn 0.2301 -0.9717 -0.0542
vn 0.2604 -0.9638 -0.0581
vn 0.2544 -0.9519 -0.1705
vn 0.2194 -0.8408 -0.4949
vn 0.2370 -0.9700 -0.0533
vn 0.2486 -0.9675 -0.0474
vn 0.2566 -0.9661 0.0288
vn 0.2563 -0.9526 -0.1636
vn 0.2516 -0.8318 -0.4947
vn 0.2720 -0.9615 -0.0386
vn 0.2642 -0.9645 -0.0044
vn 0.2907 -0.9445 -0.1529
vn 0.2828 -0.8182 -0.5006
vn 0.2868 -0.9580 -0.0054
vn 0.3239 -0.9343 -0.1489
vn 0.2848 -0.8181 -0.4996
vn 0.3111 -0.9500 0.0268
vn 0.3335 -0.9312 -0.1470
vn 0.2897 -0.8182 -0.4967
vn 0.3269 -0.9443 0.0376
vn 0.3385 -0.9305 -0.1402
vn 0.2927 -0.8164 -0.4978
vn 0.3345 -0.9419 0.0298
vn 0.3355 -0.9323 -0.1353
vn 0.2946 -0.8145 -0.4998
vn 0.3424 -0.9393 0.0200
vn 0.3396 -0.9404 0.0161
vn 0.3384 -0.9312 -0.1352
vn 0.2956 -0.8154 -0.4978
vn 0.3424 -0.9394 0.0171
vn 0.3493 -0.9279 -0.1305
vn 0.2964 -0.8170 -0.4946
vn 0.3540 -0.9351 0.0132
vn 0.3571 -0.9268 -0.1158
vn 0.3013 -0.8170 -0.4917
vn 0.3659 -0.9306 0.0044
vn 0.3560 -0.9294 -0.0972
vn 0.3131 -0.8142 -0.4889
vn 0.3717 -0.9284 0.0024
vn 0.3385 -0.9384 -0.0689
vn 0.3298 -0.9435 -0.0308
vn 0.3619 -0.9284 -0.0845
vn 0.3133 -0.8186 -0.4813
vn 0.3610 -0.9326 -0.0005
vn 0.3571 -0.9285 -0.1021
vn 0.3570 -0.9304 -0.0825
vn 0.3053 -0.8251 -0.4753
vn 0.3416 -0.9397 -0.0191
vn 0.3318 -0.9337 -0.1344
vn 0.3279 -0.9447 -0.0073
vn 0.2516 -0.9669 -0.0435
vn 0.2291 -0.9726 -0.0405
vn 0.2379 -0.9685 -0.0738
vn 0.2544 -0.9665 0.0347
vn 0.2252 -0.9735 -0.0405
vn 0.1958 -0.9801 0.0317
vn 0.3796 -0.9230 -0.0630
vn 0.3863 -0.9206 -0.0571
vn 0.3345 -0.9420 -0.0278
vn 0.4468 -0.8942 -0.0278
vn 0.3943 -0.9190 -0.0073
vn 0.4683 -0.8814 -0.0620
vn 0.4107 -0.9118 0.0015
vn 0.4440 -0.8913 -0.0923
vn -0.0786 0.0171 0.9968
vn -0.0054 -0.2915 0.9566
vn 0.0044 -0.3387 0.9409
vn 0.0278 -0.5643 0.8251
vn 0.0386 -0.2672 0.9629
vn -0.0151 -0.0640 0.9978
vn -0.1607 0.1676 0.9727
vn 0.0455 -0.5918 0.8048
vn 0.1246 -0.9146 0.3847
vn 0.0239 -0.3053 0.9520
vn 0.0669 -0.9227 0.3796
vn 0.0494 -0.9963 0.0709
vn 0.0523 -0.5977 0.8000
vn 0.0493 -0.2428 0.9688
vn 0.0220 -0.2956 0.9551
vn 0.0504 -0.5905 0.8054
vn 0.0552 -0.9055 0.4208
vn 0.0327 -0.9960 0.0835
vn 0.0571 -0.9958 0.0718
vn 0.0786 -0.9861 0.1460
vn 0.1237 -0.9634 0.2380
vn 0.1558 -0.9618 0.2252
vn 0.1246 -0.9736 0.1910
vn 0.1079 -0.9931 0.0464
vn 0.0972 -0.9953 -0.0034
vn 0.1178 -0.9874 0.1060
vn 0.0806 -0.9914 -0.1031
vn 0.0914 -0.9916 -0.0914
vn 0.0376 -0.9970 -0.0679
vn 0.0659 -0.9958 -0.0630
vn 0.0904 -0.9952 -0.0386
vn 0.0943 -0.9949 -0.0347
vn 0.0943 -0.9934 0.0650
vn 0.0445 -0.9979 -0.0464
vn 0.0025 -0.9971 -0.0757
vn 0.0582 -0.9978 0.0308
vn 0.0269 -0.9996 -0.0093
vn 0.0747 -0.9947 0.0708
vn 0.0474 -0.9969 0.0630
vn 0.0679 -0.9968 0.0425
vn 0.1167 -0.9930 0.0200
vn 0.1656 -0.9862 0.0015
vn 0.1158 -0.9933 0.0044
vn 0.1880 -0.9821 -0.0151
vn 0.1578 -0.9874 0.0132
vn 0.2212 -0.9751 -0.0142
vn 0.1568 -0.9786 0.1334
vn 0.1782 -0.9839 0.0102
vn 0.2564 -0.9665 0.0093
vn 0.2224 -0.9750 0.0015
vn 0.2710 -0.9626 -0.0044
vn 0.2781 -0.9604 0.0142
vn 0.2437 -0.9694 0.0307
vn 0.2973 -0.9537 0.0464
vn 0.1901 -0.9778 0.0884
vn 0.1655 -0.9781 0.1265
vn 0.1851 -0.9696 0.1597
vn 0.2525 -0.9635 0.0894
vn 0.1891 -0.9808 0.0484
vn 0.2761 -0.9611 0.0015
vn 0.3151 -0.9491 0.0054
vn 0.2828 -0.9588 -0.0259
vn 0.2193 -0.9732 -0.0689
vn 0.3198 -0.9458 0.0571
vn 0.2175 -0.9720 -0.0885
vn 0.2761 -0.9603 0.0405
vn 0.3053 -0.9500 0.0659
vn 0.2838 -0.9587 0.0181
vn 0.3199 -0.9439 0.0815
vn 0.2261 -0.9725 -0.0562
vn 0.3034 -0.9521 0.0396
vn 0.2964 -0.9538 0.0483
vn 0.3170 -0.9459 0.0689
vn 0.2653 -0.9641 -0.0142
vn 0.3102 -0.9482 0.0679
vn 0.2662 -0.9618 -0.0640
vn 0.3072 -0.9509 0.0386
vn 0.3063 -0.9519 0.0015
vn 0.2368 -0.9673 -0.0903
vn 0.2809 -0.9560 -0.0845
vn 0.3249 -0.9453 -0.0288
vn 0.2712 -0.9604 -0.0640
vn 0.3083 -0.9473 -0.0874
vn 0.3484 -0.9368 -0.0318
vn 0.2955 -0.9549 -0.0278
vn 0.3384 -0.9351 -0.1050
vn 0.3483 -0.9372 -0.0190
vn 0.3377 -0.9319 -0.1324
vn 0.2994 -0.9539 -0.0210
vn 0.2849 -0.9565 -0.0631
vn 0.2936 -0.9432 -0.1558
vn 0.2956 -0.9473 -0.1236
vn 0.2954 -0.9380 -0.1812
vn 0.2839 -0.9475 -0.1471
vn 0.3247 -0.9234 -0.2046
vn 0.2819 -0.9486 -0.1442
vn 0.3005 -0.9280 -0.2204
vn 0.3043 -0.9401 -0.1538
vn 0.2751 -0.9339 -0.2283
vn 0.2975 -0.9403 -0.1655
vn 0.2966 -0.9278 -0.2262
vn 0.2965 -0.9433 -0.1490
vn 0.3307 -0.9197 -0.2115
vn 0.3297 -0.9374 -0.1119
vn 0.3551 -0.9149 -0.1920
vn 0.3562 -0.9308 -0.0816
vn 0.2809 -0.9588 -0.0425
vn 0.2809 -0.9581 -0.0562
vn 0.3014 -0.9532 -0.0239
vn 0.3082 -0.9510 -0.0249
vn 0.3072 -0.9509 -0.0366
vn 0.2672 -0.9618 -0.0601
vn 0.2897 -0.9570 -0.0132
vn 0.2937 -0.9553 -0.0337
vn 0.2047 -0.9736 -0.1011
vn 0.1997 -0.9761 -0.0855
vn 0.2467 -0.9678 -0.0493
vn 0.2908 -0.9565 -0.0249
vn 0.2507 -0.9678 0.0220
vn 0.2731 -0.9619 -0.0161
vn 0.1978 -0.9802 0.0122
vn 0.2253 -0.9738 0.0298
vn 0.2947 -0.9556 -0.0044
vn 0.2534 -0.9674 -0.0034
vn 0.2175 -0.9760 0.0122
vn 0.2261 -0.9734 0.0357
vn 0.2008 -0.9784 0.0484
vn 0.2165 -0.9699 0.1119
vn 0.2624 -0.9553 0.1363
vn 0.0259 -0.9984 0.0494
vn 0.0132 -0.9996 -0.0249
vn 0.0298 -0.9935 0.1099
vn 0.0044 -0.9994 0.0357
vn -0.0806 -0.9917 0.1001
vn 0.0171 -0.9925 0.1207
vn 0.0581 -0.9843 0.1666
vn -0.0542 -0.9921 0.1129
vn 0.1442 -0.8792 0.4541
vn 0.0601 -0.9921 0.1099
vn 0.2379 -0.9619 0.1343
vn 0.2439 -0.9593 0.1422
vn 0.0493 -0.9947 0.0903
vn 0.1832 -0.9793 0.0865
vn 0.1637 -0.9750 0.1501
vn 0.1909 -0.9655 0.1773
vn 0.0327 -0.9992 -0.0249
vn -0.0034 -1.0000 0.0005
vn -0.0132 -0.9996 0.0229
vn -0.0444 -0.9988 0.0220
vn -0.0083 -1.0000 0.0025
vn -0.0308 -0.9988 -0.0376
vn -0.0210 -0.9977 -0.0650
vn 0.0347 -0.9986 -0.0396
vn -0.0435 -0.9962 -0.0757
vn -0.0533 -0.9956 -0.0777
vn 0.0024 -0.9988 0.0493
vn 0.0288 -0.9796 0.1988
vn -0.0298 -0.9965 -0.0787
vn -0.0308 -0.9995 -0.0015
vn 0.0181 -0.9836 0.1793
vn 0.0279 -0.8542 0.5192
vn -0.0044 -0.9905 0.1373
vn -0.0083 -0.9999 -0.0103
vn 0.0191 -0.9911 0.1314
vn 0.0122 -0.8459 0.5332
vn -0.0005 -0.8432 0.5376
vn -0.0102 -0.4459 0.8950
vn -0.0024 -0.5194 0.8545
vn -0.0220 -0.4840 0.8748
vn -0.0855 -0.0513 0.9950
vn -0.1871 -0.0093 0.9823
vn -0.0171 -0.0298 0.9994
vn -0.1519 0.0523 0.9870
vn -0.1109 0.0220 0.9936
vn -0.1608 -0.0249 0.9867
vn -0.0552 0.0454 0.9974
vn 0.0024 0.0103 0.9999
vn -0.0650 -0.1119 0.9916
vn 0.0064 -0.0415 0.9991
vn -0.0190 -0.1129 0.9934
vn -0.0005 -0.4372 0.8994
vn -0.0112 0.0190 0.9998
vn 0.0044 -0.0347 0.9994
vn -0.0015 -0.8429 0.5380
vn 0.0093 -0.4501 0.8929
vn 0.0083 -0.0239 0.9997
vn 0.0132 -0.4606 0.8875
vn 0.0113 0.0913 0.9958
vn -0.0435 0.0650 0.9969
vn -0.0767 -0.0493 0.9958
vn -0.0874 -0.0073 0.9961
vn -0.1002 -0.0718 0.9924
vn -0.1480 -0.0083 0.9890
vn -0.0327 -0.1138 0.9930
vn -0.0356 -0.0708 0.9969
vn -0.0669 -0.0132 0.9977
vn -0.1608 0.0298 0.9865
vn -0.1784 0.0454 0.9829
vn -0.0063 -0.0620 0.9981
vn 0.0113 -0.0903 0.9958
vn -0.1489 0.0874 0.9850
vn -0.1090 0.0953 0.9895
vn -0.0884 0.0308 0.9956
vn -0.0376 0.1363 0.9900
vn -0.1168 0.0093 0.9931
vn -0.0083 0.1745 0.9846
vn -0.0024 -0.0894 0.9960
vn -0.0386 -0.0621 0.9973
vn -0.0024 -0.0884 0.9961
vn -0.0064 -0.1109 0.9938
vn -0.1295 0.0513 0.9903
vn -0.0640 0.0786 0.9948
vn -0.0025 -0.1148 0.9934
vn 0.0044 0.1109 0.9938
vn -0.1129 0.0278 0.9932
vn -0.0532 0.1958 0.9792
vn -0.0826 -0.0181 0.9964
vn -0.0640 0.1139 0.9914
vn -0.0337 0.0758 0.9966
vn -0.0269 -0.0787 0.9965
vn -0.0122 0.0786 0.9968
vn 0.0005 0.5291 0.8486
vn 0.0396 0.5616 0.8265
vn -0.0132 0.5215 0.8531
vn 0.0484 0.8786 0.4752
vn 0.0630 0.5895 0.8053
vn 0.0601 0.8856 0.4606
vn 0.0484 0.9871 0.1529
vn 0.0076 0.8770 0.4804
vn -0.0239 0.5162 0.8561
vn -0.0278 0.4969 0.8673
vn -0.0063 0.8722 0.4891
vn -0.0151 0.1060 0.9942
vn -0.0073 0.8552 0.5182
vn 0.0239 0.9898 0.1402
vn 0.0269 0.9764 0.2144
vn -0.0112 0.8545 0.5193
vn 0.0416 0.9845 0.1705
vn 0.1696 -0.1314 0.9767
vn -0.0347 -0.0269 0.9990
vn 0.0689 -0.1021 0.9924
vn 0.0689 -0.0259 0.9973
vn 0.1578 -0.1109 0.9812
vn 0.1568 -0.1206 0.9802
vn 0.2145 -0.1236 0.9689
vn 0.1657 -0.0424 0.9853
vn 0.0991 -0.0553 0.9935
vn 0.1685 -0.0816 0.9823
vn 0.2087 -0.0640 0.9759
vn -0.0005 0.0161 0.9999
vn 0.0718 -0.0327 0.9969
vn -0.0581 0.0758 0.9954
vn 0.1529 -0.0884 0.9843
vn 0.1607 -0.1753 0.9713
vn 0.0738 -0.1021 0.9920
vn 0.0112 -0.0034 0.9999
vn -0.0572 0.1099 0.9923
vn 0.1217 -0.2145 0.9691
vn 0.2038 -0.5107 0.8352
vn 0.0454 -0.1021 0.9937
vn -0.0005 0.0064 1.0000
vn -0.0357 0.1168 0.9925
vn 0.0943 -0.2270 0.9693
vn 0.2673 -0.8468 0.4598
vn 0.1949 -0.5349 0.8221
vn 0.3063 -0.9279 0.2126
vn 0.2905 -0.8532 0.4332
vn 0.3150 -0.9263 0.2065
vn 0.2965 -0.8565 0.4226
vn 0.3318 -0.9202 0.2077
vn 0.3747 -0.9015 0.2165
vn 0.3075 -0.8568 0.4140
vn 0.1910 -0.5466 0.8153
vn 0.0836 -0.2339 0.9687
vn 0.4265 -0.8760 0.2252
vn 0.3328 -0.8449 0.4188
vn 0.1920 -0.5488 0.8136
vn 0.0748 -0.2390 0.9681
vn 0.4128 -0.8808 0.2320
vn 0.3532 -0.9081 0.2252
vn 0.3541 -0.8172 0.4548
vn 0.3396 -0.7930 0.5057
vn 0.3161 -0.7861 0.5311
vn 0.1871 -0.5378 0.8221
vn 0.1744 -0.4646 0.8682
vn 0.1745 -0.4491 0.8763
vn 0.0376 -0.1900 0.9811
vn 0.1655 -0.4917 0.8549
vn 0.0494 -0.2214 0.9739
vn 0.1695 -0.5174 0.8388
vn 0.0415 -0.2429 0.9692
vn -0.0582 -0.0982 0.9935
vn -0.0561 -0.0600 0.9966
vn -0.0239 -0.1255 0.9918
vn 0.0444 -0.2486 0.9676
vn -0.0132 -0.1441 0.9895
vn 0.0620 -0.2438 0.9678
vn 0.0054 -0.1470 0.9891
vn 0.0318 -0.1313 0.9908
vn 0.0405 -0.1129 0.9928
vn -0.0288 -0.0572 0.9979
vn 0.0200 -0.0318 0.9993
vn 0.0396 -0.1030 0.9939
vn 0.0289 -0.0073 0.9996
vn 0.0102 0.0044 0.9999
vn 0.0396 0.0376 0.9985
vn -0.0132 -0.0230 0.9996
vn 0.0415 0.0816 0.9958
vn -0.0396 -0.0669 0.9970
vn 0.0034 0.1070 0.9943
vn 0.0992 0.0533 0.9936
vn 0.0659 0.0796 0.9946
vn 0.0991 0.0200 0.9949
vn -0.0562 -0.0630 0.9964
vn -0.0347 -0.0855 0.9957
vn -0.0581 -0.0669 0.9961
vn -0.0630 -0.1109 0.9918
vn -0.0904 -0.0855 0.9922
vn -0.0787 -0.1197 0.9897
vn -0.0757 -0.1060 0.9915
vn -0.0376 -0.0973 0.9945
vn -0.0210 -0.0884 0.9959
vn -0.0776 -0.0786 0.9939
vn -0.0268 -0.0610 0.9978
vn 0.0738 0.1558 -0.9850
vn 0.0425 0.1558 -0.9869
vn 0.0513 0.1608 -0.9857
vn 0.0493 0.0649 -0.9967
vn 0.0591 -0.0992 -0.9933
vn 0.0640 0.0386 -0.9972
vn 0.0474 -0.0659 -0.9967
vn 0.0640 -0.2153 -0.9744
vn 0.0200 0.1324 -0.9910
vn -0.0142 0.1207 -0.9926
vn 0.0572 -0.2086 -0.9763
vn 0.1380 -0.5134 -0.8470
vn 0.0161 0.0591 -0.9981
vn 0.1324 -0.5124 -0.8485
vn 0.2243 -0.8411 -0.4922
vn 0.0386 -0.0396 -0.9985
vn 0.0679 -0.1998 -0.9775
vn 0.1549 -0.5076 -0.8476
vn 0.2515 -0.8318 -0.4948
vn 0.2828 -0.8181 -0.5007
vn 0.1724 -0.4927 -0.8530
vn 0.2848 -0.8181 -0.4997
vn 0.0797 -0.1783 -0.9807
vn 0.1675 -0.4870 -0.8572
vn 0.2896 -0.8181 -0.4968
vn 0.0493 -0.0093 -0.9987
vn 0.0728 -0.1579 -0.9848
vn 0.1675 -0.4840 -0.8589
vn 0.2926 -0.8164 -0.4979
vn 0.1705 -0.4814 -0.8597
vn 0.2946 -0.8145 -0.4999
vn 0.0543 -0.1461 -0.9878
vn 0.0415 0.0093 -0.9991
vn 0.0366 0.0581 -0.9976
vn 0.1704 -0.4803 -0.8604
vn 0.2956 -0.8153 -0.4979
vn 0.0484 -0.1412 -0.9888
vn 0.0034 0.0024 -1.0000
vn 0.0386 0.0562 -0.9977
vn 0.1674 -0.4790 -0.8617
vn 0.2964 -0.8170 -0.4947
vn 0.0444 -0.1421 -0.9889
vn 0.0008 0.0009 -1.0000
vn -0.0202 0.0317 -0.9993
vn 0.1676 -0.4744 -0.8642
vn 0.3013 -0.8169 -0.4918
vn 0.0464 -0.1411 -0.9889
vn -0.0132 -0.0073 -0.9999
vn -0.0161 0.0181 -0.9997
vn 0.1716 -0.4686 -0.8666
vn 0.3131 -0.8142 -0.4890
vn 0.0523 -0.1314 -0.9900
vn -0.0083 -0.0200 -0.9998
vn -0.0298 -0.0014 -0.9996
vn 0.1774 -0.4674 -0.8661
vn 0.3133 -0.8186 -0.4814
vn 0.0513 -0.1188 -0.9916
vn 0.0103 -0.0337 -0.9994
vn -0.0396 -0.0249 -0.9989
vn 0.1744 -0.4742 -0.8630
vn 0.3053 -0.8251 -0.4754
vn 0.0464 -0.1118 -0.9926
vn 0.0249 -0.0444 -0.9987
vn -0.0132 -0.0376 -0.9992
vn 0.1744 -0.4804 -0.8596
vn 0.0386 -0.1089 -0.9933
vn 0.0327 -0.0416 -0.9986
vn 0.0093 -0.0435 -0.9990
vn 0.1802 -0.4829 -0.8569
vn 0.3101 -0.8257 -0.4713
vn 0.0357 -0.1080 -0.9935
vn 0.0249 -0.0298 -0.9992
vn 0.0249 -0.0610 -0.9978
vn 0.1841 -0.4879 -0.8532
vn 0.3043 -0.8260 -0.4744
vn 0.0366 -0.1109 -0.9932
vn 0.0093 -0.0249 -0.9996
vn 0.0386 -0.0855 -0.9956
vn 0.1929 -0.4830 -0.8541
vn 0.2974 -0.8247 -0.4810
vn 0.0337 -0.1256 -0.9915
vn -0.0064 -0.0347 -0.9994
vn 0.0308 -0.1099 -0.9935
vn 0.1900 -0.4733 -0.8602
vn 0.2986 -0.8206 -0.4873
vn 0.0679 -0.1256 -0.9898
vn -0.0161 -0.0513 -0.9986
vn 0.0093 -0.1343 -0.9909
vn 0.1783 -0.4724 -0.8632
vn 0.2983 -0.8169 -0.4937
vn 0.0767 -0.1196 -0.9899
vn 0.0308 -0.0482 -0.9984
vn 0.0141 -0.1334 -0.9910
vn 0.1783 -0.4762 -0.8611
vn 0.2886 -0.8179 -0.4977
vn 0.0415 -0.1373 -0.9897
vn 0.0356 -0.0728 -0.9967
vn 0.0474 -0.1158 -0.9921
vn 0.1733 -0.4800 -0.8599
vn 0.2800 -0.8195 -0.5000
vn 0.0454 -0.1570 -0.9866
vn 0.0015 -0.1196 -0.9928
vn 0.0190 -0.1324 -0.9910
vn -0.0347 0.1921 -0.9808
vn -0.0298 0.1519 -0.9879
vn 0.0288 0.2037 -0.9786
vn -0.0288 0.3775 -0.9256
vn 0.0415 0.1969 -0.9795
vn 0.0611 0.2408 -0.9687
vn 0.1051 0.1393 -0.9847
vn -0.0846 0.0875 -0.9926
vn 0.1031 0.2028 -0.9738
vn 0.0278 0.1559 -0.9874
vn 0.1861 0.1402 -0.9725
vn 0.0904 0.0816 -0.9926
vn 0.1685 0.1499 -0.9742
vn 0.0689 0.1178 -0.9906
vn -0.0054 0.1070 -0.9942
vn 0.1266 0.1129 -0.9855
vn 0.1021 0.1676 -0.9806
vn 0.0171 -0.0054 -0.9998
vn 0.0972 0.1070 -0.9895
vn -0.0972 0.0005 -0.9953
vn -0.2234 -0.0337 -0.9741
vn -0.1793 -0.1206 -0.9764
vn -0.1665 -0.0649 -0.9839
vn -0.1080 -0.1061 -0.9885
vn -0.0913 0.0366 -0.9951
vn -0.0610 0.0025 -0.9981
vn -0.1031 -0.0669 -0.9924
vn -0.0914 -0.1432 -0.9855
vn -0.0122 0.0025 -0.9999
vn -0.0708 0.0728 -0.9948
vn -0.0181 0.0279 -0.9994
vn -0.0229 0.0649 -0.9976
vn -0.0220 0.0523 -0.9984
vn -0.0796 0.0630 -0.9948
vn -0.0278 0.0737 -0.9969
vn 0.0582 0.0894 -0.9943
vn 0.0386 -0.1754 -0.9837
vn -0.0054 -0.1616 -0.9868
vn 0.0630 -0.1217 -0.9906
vn 0.0494 -0.1667 -0.9848
vn 0.0142 -0.1274 -0.9917
vn 0.0551 -0.5779 -0.8143
vn 0.0669 -0.5623 -0.8242
vn 0.1002 -0.9083 -0.4061
vn 0.0699 -0.9147 -0.3981
vn 0.0865 -0.5566 -0.8263
vn 0.1177 -0.9019 -0.4156
vn 0.1051 -0.5488 -0.8293
vn 0.1812 -0.8866 -0.4255
vn 0.1080 -0.5534 -0.8259
vn 0.1725 -0.8897 -0.4227
vn 0.0542 -0.1645 -0.9849
vn 0.1129 -0.5488 -0.8283
vn 0.1529 -0.8882 -0.4332
vn -0.0239 -0.0767 -0.9968
vn 0.0552 -0.1685 -0.9842
vn 0.1383 -0.5352 -0.8333
vn 0.1911 -0.8713 -0.4521
vn 0.1539 -0.5144 -0.8436
vn 0.2341 -0.8518 -0.4687
vn 0.0484 -0.1900 -0.9806
vn 0.1500 -0.5105 -0.8467
vn 0.2360 -0.8458 -0.4784
vn -0.0171 -0.1442 -0.9894
vn 0.0513 -0.2184 -0.9745
vn 0.1471 -0.5126 -0.8459
vn 0.2321 -0.8419 -0.4872
vn 0.0708 -0.2222 -0.9724
vn 0.0210 -0.1559 -0.9876
vn -0.0288 -0.1363 -0.9902
vn 0.0454 -0.0640 -0.9969
vn 0.0669 -0.1276 -0.9896
vn 0.0747 0.0025 -0.9972
vn 0.1382 -0.9831 0.1197
vn 0.1168 -0.8878 0.4451
vn 0.1490 -0.8855 0.4401
vn 0.1559 -0.8867 0.4352
vn 0.0698 -0.8918 0.4471
vn 0.0689 -0.5847 0.8083
vn 0.0904 -0.5691 0.8173
vn 0.0376 -0.3140 0.9487
vn 0.0914 -0.5673 0.8184
vn 0.0591 -0.2975 0.9529
vn 0.0171 -0.3083 0.9511
vn 0.0953 -0.5635 0.8206
vn 0.0288 -0.2165 0.9759
vn 0.0229 -0.1773 0.9839
vn 0.1138 -0.5465 0.8297
vn 0.0825 -0.1676 0.9824
vn 0.0786 -0.2193 0.9725
vn 0.0836 -0.1100 0.9904
vn 0.1070 -0.0376 0.9935
vn 0.0874 0.0679 0.9939
vn 0.0982 0.1256 0.9872
vn 0.0572 -0.2711 0.9608
vn 0.0991 0.0269 0.9947
vn 0.0943 -0.0503 0.9943
vn 0.1236 0.0992 0.9874
vn 0.0562 -0.1216 0.9910
vn 0.0259 -0.1500 0.9883
vn 0.0972 0.0933 0.9909
vn 0.0611 -0.0132 0.9980
vn 0.0825 -0.0855 0.9929
vn 0.0582 -0.1343 0.9892
vn 0.0806 0.0660 0.9946
vn 0.1266 0.1119 0.9856
vn 0.0279 -0.1266 0.9916
vn 0.0757 0.0230 0.9969
vn 0.1255 0.0796 0.9889
vn 0.1197 0.1060 0.9871
vn 0.0992 0.0738 0.9923
vn 0.0943 0.1979 0.9757
vn 0.1128 0.0572 0.9920
vn 0.0747 0.1314 0.9885
vn 0.1041 0.2243 0.9689
vn 0.0366 0.0641 0.9973
vn 0.0132 0.2105 0.9775
vn 0.0181 0.1978 0.9801
vn -0.0464 0.0982 0.9941
vn 0.0864 0.2642 0.9606
vn -0.0864 0.1773 0.9804
vn -0.1060 0.1402 0.9844
vn -0.1343 0.1451 0.9803
vn -0.1353 0.1725 0.9757
vn -0.0855 0.1119 0.9900
vn 0.0581 0.2526 0.9658
vn -0.0366 0.1783 0.9833
vn -0.1266 0.1207 0.9846
vn -0.0904 0.1373 0.9864
vn 0.0337 0.1802 0.9831
vn -0.0357 0.2595 0.9651
vn -0.0992 0.2428 0.9650
vn -0.0825 0.1627 0.9832
vn -0.0630 0.4636 0.8838
vn 0.0425 0.2242 0.9736
vn -0.0376 0.2672 0.9629
vn 0.0386 0.2624 0.9642
vn 0.0777 0.2359 0.9687
vn 0.0269 0.2116 0.9770
vn -0.0591 0.1236 -0.9906
vn 0.0249 0.0962 -0.9950
vn -0.0972 -0.0200 -0.9951
vn -0.0787 0.0347 -0.9963
vn 0.0435 0.1803 -0.9826
vn 0.1060 0.1539 -0.9824
vn -0.0591 0.2505 -0.9663
vn -0.0503 0.2389 -0.9697
vn -0.0073 0.1675 -0.9859
vn -0.1929 0.5016 -0.8433
vn -0.0591 0.2731 -0.9602
vn -0.1540 0.5155 -0.8429
vn -0.1421 0.5326 -0.8343
vn -0.2967 0.8196 -0.4902
vn -0.1627 0.5283 -0.8333
vn -0.0884 0.1920 -0.9774
vn -0.0640 -0.0161 -0.9978
vn -0.2877 0.8397 -0.4606
vn -0.3465 0.8909 -0.2937
vn -0.1724 0.5134 -0.8407
vn -0.0845 0.1431 -0.9861
vn -0.0513 -0.0161 -0.9986
vn -0.1773 0.4881 -0.8546
vn -0.0728 0.1158 -0.9906
vn -0.0278 0.0093 -0.9996
vn -0.3044 0.8965 -0.3220
vn -0.2810 0.8471 -0.4511
vn -0.2976 0.9008 -0.3162
vn -0.0718 0.1011 -0.9923
vn -0.0425 0.0249 -0.9988
vn -0.1774 0.4628 -0.8685
vn -0.2760 0.8446 -0.4587
vn -0.2614 0.8332 -0.4872
vn -0.3043 0.8915 -0.3356
vn -0.2906 0.8993 -0.3268
vn 0.3873 -0.9205 0.0522
vn 0.3238 -0.9452 0.0425
vn 0.3648 -0.9070 0.2105
vn 0.3670 -0.9094 0.1959
vn 0.3063 -0.7801 0.5456
vn 0.3892 -0.9204 0.0366
vn 0.3473 -0.9158 0.2017
vn 0.3123 -0.7823 0.5390
vn 0.1676 -0.4423 0.8811
vn 0.1608 -0.4339 0.8865
vn 0.0132 -0.1207 0.9926
vn 0.0259 -0.1529 0.9879
vn -0.0386 -0.0386 0.9985
vn -0.1265 -0.0406 0.9911
vn -0.1139 -0.1080 0.9876
vn -0.1889 -0.1391 0.9721
vn -0.2173 -0.1431 0.9656
vn -0.1539 -0.0924 0.9838
vn -0.0806 -0.1079 0.9909
vn -0.2223 -0.0630 0.9729
vn 0.0093 -0.0073 0.9999
vn -0.2749 -0.1157 0.9545
vn 0.0796 -0.0366 0.9962
vn -0.0914 -0.0943 0.9913
vn -0.2252 -0.1138 0.9676
vn -0.2673 -0.0924 0.9592
vn 0.1636 -0.0542 0.9850
vn 0.0757 -0.0611 0.9953
vn -0.1402 -0.1304 0.9815
vn -0.1559 -0.0181 0.9876
vn -0.1236 0.0015 0.9923
vn 0.1069 -0.0718 0.9917
vn 0.1207 -0.1002 0.9876
vn 0.0748 -0.1460 0.9864
vn 0.1373 -0.0054 0.9905
vn 0.0044 0.0678 0.9977
vn -0.0835 0.0747 0.9937
vn 0.0249 0.0415 0.9988
vn -0.0005 0.1373 0.9905
vn -0.1753 0.5221 0.8347
vn -0.0816 0.1500 0.9853
vn 0.1480 -0.0992 0.9840
vn 0.1421 -0.1851 0.9724
vn 0.0904 -0.0034 0.9959
vn 0.1646 -0.1812 0.9696
vn 0.1294 -0.1060 0.9859
vn 0.0670 -0.1100 0.9917
vn 0.0249 0.1382 0.9901
vn 0.0708 0.1891 0.9794
vn 0.0445 0.1373 0.9895
vn -0.0445 0.0582 0.9973
vn -0.0777 0.2008 0.9766
vn 0.0425 0.2594 0.9648
vn 0.0591 0.2800 0.9582
vn -0.0308 0.2418 0.9698
vn -0.0669 0.4519 0.8896
vn -0.0542 0.5105 0.8582
vn -0.0425 0.0630 -0.9971
vn -0.0386 -0.0112 -0.9992
vn -0.0073 0.0073 -0.9999
vn -0.0102 0.0611 -0.9981
vn -0.0288 0.0787 -0.9965
vn 0.0190 0.0464 -0.9987
vn -0.0786 0.3415 -0.9366
vn -0.1030 0.3521 -0.9303
vn -0.1910 0.7713 -0.6072
vn 0.0455 0.0826 -0.9955
vn -0.1178 0.3689 -0.9220
vn -0.2067 0.7805 -0.5899
vn -0.2300 0.9275 -0.2945
vn -0.0796 0.0562 -0.9952
vn -0.2507 0.7677 -0.5898
vn -0.1470 0.3785 -0.9139
vn -0.0601 0.0513 -0.9969
vn -0.0855 0.0737 -0.9936
vn -0.1089 0.0640 -0.9920
vn -0.0288 0.0699 -0.9971
vn 0.0073 0.0278 -0.9996
vn -0.0688 0.0396 -0.9968
vn 0.0484 0.0073 -0.9988
vn 0.0006 0.0072 -1.0000
vn -0.0053 -0.0121 -0.9999
vn -0.0269 -0.0239 -0.9994
vn 0.0083 -0.0122 -0.9999
vn -0.0737 0.0679 -0.9950
vn -0.0601 -0.0054 -0.9982
vn -0.0318 -0.0415 -0.9986
vn -0.0366 -0.0181 -0.9992
vn -0.0610 0.0552 -0.9966
vn -0.0572 0.0191 -0.9982
vn -0.1744 0.3962 -0.9014
vn -0.0211 0.0698 -0.9973
vn -0.0532 0.0660 -0.9964
vn -0.0220 0.0337 -0.9992
vn -0.0571 0.0552 -0.9968
vn -0.0444 0.0748 -0.9962
vn -0.0562 -0.0278 -0.9980
vn -0.0444 0.0200 -0.9988
vn -0.0933 0.0435 -0.9947
vn -0.0435 -0.0454 -0.9980
vn -0.0260 -0.0100 -0.9996
vn -0.0181 -0.0229 -0.9996
vn -0.0063 -0.0082 -0.9999
vn -0.0132 0.0171 -0.9998
vn -0.0366 0.0552 -0.9978
vn -0.0756 0.0152 -0.9970
vn -0.0200 -0.0122 -0.9997
vn -0.0112 0.0269 -0.9996
vn -0.0210 0.0523 -0.9984
vn -0.0269 -0.0415 -0.9988
vn -0.0327 0.0259 -0.9991
vn -0.0337 0.0259 -0.9991
vn -0.0269 -0.0943 -0.9952
vn -0.0112 -0.1196 -0.9928
vn -0.1041 -0.0181 -0.9944
vn -0.1011 -0.0601 -0.9931
vn -0.0200 -0.0318 -0.9993
vn -0.0425 -0.0191 -0.9989
vn -0.1158 -0.0621 -0.9913
vn -0.1157 0.9773 -0.1773
vn -0.0747 0.9967 0.0308
vn -0.1324 0.9822 -0.1333
vn -0.1207 0.8418 -0.5262
vn -0.0630 0.9979 -0.0132
vn -0.0777 0.9959 0.0464
vn -0.1001 0.8427 -0.5290
vn -0.1089 0.9776 -0.1803
vn -0.0581 0.4215 -0.9050
vn -0.0689 0.3960 -0.9156
vn -0.0718 0.4306 -0.8997
vn 0.0122 0.0054 -0.9999
vn -0.0786 0.8376 -0.5406
vn 0.0054 0.0347 -0.9994
vn -0.0356 0.0132 -0.9993
vn -0.0640 0.4237 -0.9036
vn 0.0112 -0.0650 -0.9978
vn -0.0454 0.0503 -0.9977
vn -0.0933 0.3923 -0.9151
vn -0.0502 0.0885 -0.9948
vn -0.0709 0.3984 -0.9145
vn -0.1118 0.0044 -0.9937
vn -0.0620 -0.0308 -0.9976
vn -0.0660 -0.0513 -0.9965
vn -0.1334 0.0865 -0.9873
vn -0.1822 -0.0102 -0.9832
vn -0.2144 0.0278 -0.9763
vn -0.0845 -0.0230 -0.9962
vn -0.2116 -0.0327 -0.9768
vn -0.0552 0.0005 -0.9985
vn -0.0865 -0.0073 -0.9962
vn -0.0054 0.0396 -0.9992
vn -0.0249 0.0142 -0.9996
vn 0.0122 0.0239 -0.9996
vn 0.0054 0.0249 -0.9997
vn 0.0171 0.0405 -0.9990
vn 0.0503 0.0357 -0.9981
vn 0.0200 0.0953 -0.9952
vn 0.0630 0.1333 -0.9891
vn 0.0464 0.1177 -0.9920
vn 0.0631 0.0845 -0.9944
vn 0.0523 0.0689 -0.9963
vn 0.0093 0.0513 -0.9986
vn 0.0630 0.0972 -0.9933
vn 0.0484 0.0748 -0.9960
vn 0.0112 -0.1987 -0.9800
vn 0.0005 0.0093 -1.0000
vn 0.0327 0.1900 0.9812
vn -0.0161 0.1735 0.9847
vn -0.0503 0.4335 0.8997
vn -0.0386 0.1334 0.9903
vn -0.0181 0.1411 0.9898
vn -0.0611 0.1637 0.9846
vn 0.0348 0.0682 0.9971
vn -0.0669 0.1031 0.9924
vn -0.0151 0.0904 0.9958
vn 0.0445 0.0435 0.9981
vn -0.0523 0.0816 0.9953
vn -0.0836 0.1755 0.9809
vn -0.0132 0.0386 0.9992
vn -0.0865 0.1831 0.9793
vn -0.0816 0.4334 0.8975
vn -0.1119 0.4579 0.8820
vn -0.0483 0.4273 0.9028
vn -0.0796 0.0493 0.9956
vn -0.1128 0.7926 0.5992
vn -0.1137 0.4789 0.8705
vn -0.1060 0.1959 0.9749
vn -0.0699 0.5351 0.8419
vn 0.0327 -0.0484 0.9983
vn 0.1569 0.0103 0.9876
vn 0.1676 -0.1011 0.9807
vn 0.1793 0.0532 0.9824
vn 0.2261 0.0718 0.9714
vn 0.1754 0.1578 0.9718
vn 0.1265 0.1754 0.9763
vn 0.1471 0.0318 0.9886
vn 0.1187 0.1744 0.9775
vn 0.1070 0.1950 0.9749
vn 0.1031 0.1382 0.9850
vn 0.0122 -0.0454 0.9989
vn 0.0435 0.1910 0.9806
vn 0.0386 0.0611 0.9974
vn -0.0014 -0.0474 0.9989
vn -0.0024 -0.0034 1.0000
vn -0.0122 -0.0288 0.9995
vn -0.0132 -0.0386 0.9992
vn -0.1129 0.0904 0.9895
vn -0.1031 -0.0835 0.9912
vn -0.1763 0.0103 0.9843
vn -0.0601 -0.0278 0.9978
vn 0.1402 -0.4011 0.9052
vn -0.0308 -0.0874 0.9957
vn 0.1519 -0.4206 0.8944
vn 0.3013 -0.7731 0.5582
vn 0.3240 -0.9270 0.1891
vn 0.3025 -0.7765 0.5527
vn 0.3455 -0.9143 0.2116
vn 0.2974 -0.9547 0.0112
vn 0.2780 -0.9601 -0.0308
vn 0.0073 0.0425 -0.9991
vn 0.0396 0.0816 -0.9959
vn -0.0093 0.0210 -0.9997
vn 0.0503 0.0200 -0.9985
vn 0.0826 0.0923 -0.9923
vn 0.1050 0.0709 -0.9919
vn 0.0523 0.1031 -0.9933
vn -0.0025 0.0748 -0.9972
vn 0.0875 0.0435 -0.9952
vn 0.1080 0.0640 -0.9921
vn 0.0445 0.0142 -0.9989
vn -0.0122 0.0064 -0.9999
vn 0.0230 0.0367 -0.9991
vn 0.0523 -0.0699 -0.9962
vn -0.0015 -0.0650 -0.9979
vn -0.0357 0.0630 -0.9974
vn 0.0054 -0.0347 -0.9994
vn -0.0327 0.0679 -0.9972
vn -0.0504 0.4013 -0.9146
vn -0.0737 0.8309 -0.5515
vn 0.0474 0.0103 -0.9988
vn 0.0083 0.0747 -0.9972
vn -0.0259 0.3893 -0.9208
vn -0.0592 0.8249 -0.5622
vn 0.0748 0.0552 -0.9957
vn 0.0249 0.0982 -0.9949
vn -0.0102 0.3785 -0.9255
vn -0.0181 0.8046 -0.5936
vn -0.0083 0.3688 -0.9295
vn 0.0376 0.1050 -0.9938
vn 0.0073 0.7870 -0.6170
vn -0.0024 0.1255 -0.9921
vn -0.0093 0.7752 -0.6316
vn -0.0103 0.3523 -0.9358
vn -0.0171 0.1305 -0.9913
vn -0.0347 0.7801 -0.6247
vn -0.0366 0.3414 -0.9392
vn -0.0278 0.9702 -0.2407
vn -0.0268 0.7867 -0.6168
vn -0.0708 0.1002 -0.9924
vn -0.0425 0.1099 -0.9930
vn -0.0601 0.3201 -0.9455
vn -0.1138 0.0777 -0.9905
vn 0.0239 0.7764 -0.6298
vn -0.0991 0.0493 -0.9939
vn -0.0376 0.2720 -0.9616
vn -0.1041 0.0825 -0.9911
vn -0.1235 0.0279 -0.9919
vn -0.0474 0.0474 -0.9978
vn -0.0024 0.2263 -0.9741
vn -0.0063 0.1187 -0.9929
vn -0.0786 0.0415 -0.9960
vn -0.0649 0.0493 -0.9967
vn 0.0640 0.0650 -0.9958
vn -0.0943 0.0347 -0.9949
vn 0.0494 0.0494 -0.9976
vn -0.1275 0.0259 -0.9915
vn -0.0786 0.0054 -0.9969
vn 0.0464 -0.0093 -0.9989
vn -0.1451 0.4675 0.8720
vn -0.2916 0.7917 0.5368
vn -0.0835 0.1832 0.9795
vn -0.0337 0.0640 0.9974
vn -0.2916 0.7996 0.5251
vn -0.1549 0.4890 0.8584
vn 0.0836 0.1050 0.9910
vn -0.0562 0.0416 0.9976
vn 0.0064 -0.0347 0.9994
vn -0.0474 0.1588 0.9862
vn -0.0493 0.0337 0.9982
vn 0.0259 -0.0572 0.9980
vn -0.0318 -0.0093 0.9995
vn -0.0649 -0.0229 0.9976
vn -0.0366 0.1256 0.9914
vn -0.1089 -0.0122 0.9940
vn -0.1715 0.4969 0.8507
vn -0.0337 0.1050 0.9939
vn -0.0044 -0.0581 0.9983
vn -0.0405 -0.0278 0.9988
vn -0.0767 -0.0161 0.9969
vn 0.0494 -0.0415 0.9979
vn -0.0982 0.0015 0.9952
vn 0.0953 -0.0181 0.9953
vn 0.0865 -0.0142 0.9962
vn -0.0200 -0.0044 0.9998
vn 0.0748 0.0396 0.9964
vn -0.0826 0.0181 0.9964
vn 0.1578 -0.0131 0.9874
vn 0.1236 -0.0405 0.9915
vn -0.0161 -0.0053 0.9999
vn -0.1080 -0.0152 0.9940
vn 0.1540 -0.0679 0.9857
vn -0.0952 -0.0698 0.9930
vn 0.0845 -0.0767 0.9935
vn -0.0571 -0.0581 0.9967
vn -0.1050 -0.0513 0.9931
vn 0.0630 0.0054 0.9980
vn 0.0064 0.1051 0.9944
vn 0.1177 -0.0034 0.9930
vn 0.0005 0.0845 0.9964
vn -0.0513 0.1235 0.9910
vn 0.0884 -0.0102 0.9960
vn 0.0524 0.0328 0.9981
vn -0.1207 0.2642 0.9569
vn -0.1089 0.1236 0.9863
vn 0.0406 0.0044 0.9992
vn 0.0718 -0.0190 0.9972
vn -0.0982 0.2429 0.9651
vn -0.2360 0.5791 0.7804
vn -0.1255 0.1079 0.9862
vn -0.0279 0.0337 0.9990
vn -0.2457 0.5779 0.7782
vn 0.0767 -0.0493 0.9958
vn -0.3239 0.8614 0.3913
vn -0.0738 0.2066 0.9756
vn -0.3327 0.8662 0.3728
vn -0.3287 0.9138 0.2388
vn -0.2447 0.5759 0.7800
vn -0.0484 0.1676 0.9847
vn 0.0571 -0.0581 0.9967
vn -0.3425 0.9114 0.2282
vn -0.3083 0.8594 0.4080
vn -0.3474 0.8662 0.3591
vn -0.2408 0.5681 0.7869
vn -0.0327 0.1313 0.9908
vn -0.2976 0.8810 0.3679
vn -0.2360 0.8868 0.3973
vn -0.3697 0.9061 0.2056
vn -0.3668 0.8582 0.3590
vn -0.2370 0.5556 0.7970
vn -0.4167 0.8914 0.1783
vn -0.3357 0.8994 0.2799
vn -0.3874 0.8397 0.3805
vn -0.1236 0.0278 -0.9919
vn 0.0425 -0.0015 -0.9991
vn -0.0425 0.0054 -0.9991
vn -0.0640 0.0024 -0.9979
vn -0.0708 0.0523 -0.9961
vn 0.0064 0.0591 -0.9982
vn 0.0112 -0.0054 -0.9999
vn -0.0434 0.1002 -0.9940
vn -0.0347 0.0073 -0.9994
vn 0.0152 0.0601 -0.9981
vn -0.0083 0.1001 -0.9949
vn 0.0318 0.0191 -0.9993
vn 0.0396 0.0445 -0.9982
vn -0.0005 0.0601 -0.9982
vn -0.0288 0.0181 -0.9994
vn -0.0298 0.0044 -0.9995
vn -0.0308 0.0093 -0.9995
vn -0.0239 -0.1959 -0.9803
vn -0.0171 -0.1646 -0.9862
vn -0.0249 -0.1851 -0.9824
vn -0.0034 -0.5261 -0.8504
vn -0.0161 -0.1998 -0.9797
vn -0.0112 -0.0083 -0.9999
vn 0.0171 -0.0015 -0.9999
vn 0.0025 -0.2008 -0.9796
vn 0.0024 -0.5380 -0.8429
vn 0.0210 -0.8688 -0.4948
vn 0.0230 -0.8713 -0.4902
vn 0.0132 -0.8671 -0.4979
vn -0.0025 -0.5164 -0.8564
vn 0.0054 -0.8665 -0.4991
vn -0.0005 -0.5077 -0.8615
vn 0.0034 -0.8661 -0.4998
vn 0.0005 -0.5066 -0.8622
vn -0.0024 -0.8701 -0.4930
vn -0.0044 -0.5028 -0.8644
vn 0.0015 -0.8728 -0.4880
vn -0.0132 -0.1451 -0.9893
vn -0.0063 -0.4948 -0.8690
vn 0.0025 -0.8718 -0.4899
vn -0.0249 -0.1236 -0.9920
vn -0.0288 0.0083 -0.9996
vn -0.0474 0.0181 -0.9987
vn -0.0317 -0.0933 -0.9951
vn -0.0151 -0.4822 -0.8759
vn -0.0132 -0.8689 -0.4948
vn -0.0171 0.0200 -0.9997
vn -0.0484 0.0005 -0.9988
vn -0.0718 0.0445 -0.9964
vn -0.0435 -0.0611 -0.9972
vn -0.0327 -0.4666 -0.8839
vn -0.0210 -0.8681 -0.4959
vn -0.0376 -0.4549 -0.8898
vn -0.0132 -0.8643 -0.5028
vn -0.0503 -0.0357 -0.9981
vn -0.0826 0.0835 -0.9931
vn -0.1030 0.0024 -0.9947
vn -0.0386 -0.4438 -0.8953
vn -0.0112 -0.8538 -0.5205
vn -0.0483 -0.0210 -0.9986
vn -0.0181 -0.0083 -0.9998
vn -0.0503 -0.4296 -0.9016
vn 0.0708 -0.8259 -0.5593
vn -0.0533 -0.0102 -0.9985
vn 0.0435 -0.4325 -0.9006
vn -0.0249 -0.0347 -0.9991
vn 0.1431 -0.1372 -0.9802
vn -0.0180 0.0796 -0.9967
vn -0.0493 0.1177 -0.9918
vn -0.0680 0.1120 -0.9914
vn -0.1217 0.0249 -0.9923
vn -0.0884 0.0484 -0.9949
vn -0.0141 0.0269 -0.9995
vn -0.1041 -0.0288 -0.9942
vn -0.0942 -0.0425 -0.9946
vn 0.0787 -0.0855 -0.9932
vn -0.1529 -0.0435 -0.9873
vn -0.0973 -0.0416 -0.9944
vn 0.1725 -0.0904 -0.9808
vn -0.1646 -0.0268 -0.9860
vn 0.0230 0.0093 -0.9997
vn -0.0347 -0.0347 -0.9988
vn -0.1305 0.0406 -0.9906
vn -0.0425 0.0728 -0.9964
vn 0.0132 0.0239 -0.9996
vn 0.0327 0.0298 -0.9990
vn 0.0396 0.0757 -0.9963
vn 0.0279 0.0650 -0.9975
vn 0.0132 0.0562 -0.9983
vn 0.0288 0.1344 -0.9905
vn 0.0083 0.1393 -0.9902
vn -0.0103 0.0796 -0.9968
vn 0.0689 0.0660 -0.9954
vn 0.0572 0.1070 -0.9926
vn 0.1012 0.0210 -0.9946
vn 0.0835 0.2252 -0.9707
vn 0.0308 0.7771 -0.6286
vn 0.1187 0.2742 -0.9543
vn -0.0073 0.0659 -0.9978
vn 0.0229 0.0005 -0.9997
vn 0.0054 0.3230 -0.9464
vn -0.0483 -0.0015 -0.9988
vn 0.0171 -0.0151 -0.9997
vn -0.0054 0.3503 -0.9366
vn 0.0669 -0.0093 -0.9977
vn 0.0523 -0.0767 -0.9957
vn 0.0239 0.3921 -0.9196
vn 0.0103 0.0659 -0.9978
vn -0.0513 0.8382 -0.5430
vn 0.1265 -0.0649 -0.9898
vn 0.1890 -0.0747 -0.9791
vn 0.0465 0.0553 -0.9974
vn 0.2066 -0.0005 -0.9784
vn 0.2945 -0.1060 -0.9498
vn -0.0747 0.1480 -0.9862
vn 0.2575 -0.1910 -0.9472
vn 0.0533 0.1275 -0.9904
vn 0.1128 -0.0864 -0.9898
vn 0.2126 -0.0161 -0.9770
vn 0.3014 -0.2281 -0.9258
vn 0.2446 -0.2300 -0.9419
vn 0.0972 -0.0308 -0.9948
vn 0.3005 -0.1696 -0.9386
vn 0.3503 -0.2712 -0.8965
vn 0.2789 -0.1695 -0.9452
vn 0.1637 0.1061 -0.9808
vn 0.3238 -0.2007 -0.9246
vn 0.3992 -0.2174 -0.8907
vn 0.0835 0.2086 -0.9744
vn 0.2252 -0.0738 -0.9715
vn 0.2037 0.1197 -0.9717
vn 0.2701 0.1832 -0.9452
vn 0.0191 0.0562 -0.9982
vn -0.0200 -0.0269 -0.9994
vn 0.0386 -0.1050 -0.9937
vn -0.6513 0.0015 -0.7588
vn -0.6700 -0.0015 -0.7423
vn -0.6402 -0.0083 -0.7682
vn -0.9997 -0.0249 -0.0025
vn -0.9980 -0.0386 -0.0494
vn -0.5947 0.0142 -0.8038
vn -0.9914 -0.0454 -0.1227
vn -0.9849 0.0963 -0.1442
vn 0.1324 0.0894 -0.9872
vn -0.5175 0.0232 -0.8553
vn -0.9726 -0.0102 -0.2321
vn 0.3404 0.1353 -0.9305
vn -0.4383 0.1344 -0.8887
vn 0.2389 0.0787 -0.9679
vn -0.9560 0.1295 -0.2634
vn 0.0708 0.1675 -0.9833
vn 0.3679 0.1588 -0.9162
vn 0.2868 0.1666 -0.9434
vn -0.4187 0.4480 -0.7899
vn -0.9657 0.2340 -0.1129
vn 0.2614 0.4686 -0.8438
vn 0.3435 0.4021 -0.8487
vn 0.0835 0.1793 -0.9802
vn -0.4665 0.7527 -0.4645
vn -0.0464 0.1529 -0.9872
vn -0.0777 0.1793 -0.9807
vn 0.0708 0.4068 -0.9108
vn -0.0689 0.4116 -0.9087
vn -0.1070 0.4256 -0.8986
vn 0.0728 0.7510 -0.6562
vn -0.0151 0.7808 -0.6246
vn -0.0727 0.4195 -0.9048
vn -0.0699 0.8124 -0.5789
vn -0.0757 0.8339 -0.5467
vn -0.0073 0.8417 -0.5398
vn -0.0444 0.9766 -0.2106
vn -0.0112 0.9809 -0.1940
vn -0.0122 0.9700 -0.2429
vn 0.0611 0.9531 -0.2965
vn 0.0210 0.9934 -0.1129
vn 0.1040 0.9862 -0.1285
vn 0.1138 0.9315 -0.3454
vn 0.1129 0.9881 -0.1040
vn -0.0112 0.9964 -0.0836
vn 0.2565 0.7589 -0.5986
vn 0.1471 0.9495 -0.2771
vn 0.1657 0.8107 -0.5615
vn 0.0454 0.9757 -0.2145
vn -0.5241 0.8426 -0.1236
vn -0.9785 0.2047 0.0229
vn -0.5439 0.8390 0.0161
vn -0.9859 0.1675 0.0034
vn -0.0132 0.9998 0.0151
vn -0.4822 0.8749 0.0444
vn -0.9707 0.2331 -0.0581
vn 0.0591 0.9983 -0.0005
vn 0.0191 0.9940 0.1080
vn -0.3648 0.9293 0.0571
vn -0.9385 0.3396 -0.0630
vn 0.0289 0.9993 0.0249
vn -0.0054 0.9948 0.1021
vn 0.0484 0.9951 0.0865
vn -0.2751 0.9612 0.0200
vn -0.8979 0.4395 0.0249
vn 0.0484 0.9980 0.0396
vn -0.2526 0.9670 -0.0327
vn -0.0620 0.9976 0.0308
vn 0.0855 0.9963 -0.0132
vn -0.3228 0.9430 -0.0806
vn -0.9634 0.2525 0.0903
vn -0.0269 0.9996 0.0005
vn -0.1138 0.9933 0.0190
vn -0.2339 0.8415 0.4869
vn -0.1246 0.4373 0.8906
vn -0.1021 0.1636 0.9812
vn -0.1481 0.5282 0.8361
vn -0.1578 0.4862 0.8595
vn -0.1724 0.8768 0.4489
vn -0.2330 0.8260 0.5133
vn -0.1520 0.8468 0.5097
vn -0.1999 0.8245 0.5293
vn -0.1158 0.9409 0.3182
vn -0.2448 0.9124 0.3279
vn -0.2995 0.9043 0.3044
vn -0.3200 0.9103 0.2624
vn -0.2789 0.8671 0.4128
vn -0.1119 0.9512 0.2877
vn -0.3013 0.9097 0.2857
vn -0.1510 0.9143 0.3758
vn -0.3003 0.8483 0.4361
vn -0.1549 0.9483 0.2770
vn -0.2419 0.9366 0.2536
vn -0.3238 0.9401 0.1069
vn -0.3221 0.9076 0.2693
vn -0.2280 0.9734 0.0239
vn -0.3347 0.8995 0.2809
vn -0.3484 0.8936 0.2829
vn -0.2966 0.8888 0.3494
vn -0.2673 0.9602 0.0806
vn -0.2945 0.9539 -0.0572
vn -0.1695 0.9816 -0.0885
vn -0.2632 0.9644 0.0268
vn -0.2408 0.9706 -0.0054
vn -0.1929 0.9811 0.0142
vn -0.2203 0.9754 0.0073
vn -0.3641 0.9311 0.0210
vn -0.2662 0.9636 0.0249
vn -0.4195 0.9059 -0.0581
vn -0.3122 0.9493 0.0376
vn -0.2839 0.9436 -0.1706
vn -0.2183 0.9589 -0.1812
vn -0.3181 0.9239 -0.2125
vn -0.3952 0.9179 0.0366
vn -0.4098 0.9110 0.0454
vn -0.3902 0.9195 -0.0474
vn -0.3971 0.9168 -0.0425
vn -0.5634 0.8253 -0.0396
vn -0.5456 0.8377 -0.0259
vn -0.5156 0.8568 0.0063
vn -0.5479 0.8363 -0.0191
vn -0.5536 0.8311 0.0523
vn -0.5094 0.8581 -0.0650
vn -0.2955 0.9422 -0.1578
vn -0.3847 0.9212 -0.0582
vn -0.4264 0.9002 -0.0884
vn -0.3543 0.9309 -0.0894
vn -0.3200 0.9335 -0.1617
vn -0.2749 0.9213 -0.2749
vn -0.2565 0.9375 -0.2350
vn -0.2184 0.9281 -0.3016
vn -0.1852 0.7656 -0.6161
vn -0.1969 0.7635 -0.6150
vn -0.2028 0.7705 -0.6044
vn -0.0561 0.3336 -0.9411
vn -0.1724 0.7818 -0.5992
vn -0.0415 0.3474 -0.9368
vn -0.1470 0.8006 -0.5808
vn -0.2438 0.9554 -0.1666
vn -0.2994 0.9529 0.0493
vn -0.1667 0.8118 -0.5596
vn -0.0386 0.4052 -0.9134
vn -0.2662 0.9588 -0.0992
vn -0.1558 0.9869 0.0415
vn -0.1764 0.8224 -0.5409
vn -0.1774 0.9809 -0.0797
vn -0.1735 0.9846 0.0200
vn -0.1625 0.9861 0.0347
vn -0.1461 0.8302 -0.5380
vn 0.1754 -0.4765 -0.8615
vn 0.2877 -0.8122 -0.5075
vn 0.0650 -0.1587 -0.9852
vn 0.0415 -0.0982 -0.9943
vn 0.0005 -0.1362 -0.9907
vn 0.1802 -0.4703 -0.8639
vn 0.2947 -0.8058 -0.5136
vn 0.0728 -0.1509 -0.9859
vn 0.0464 -0.0669 -0.9967
vn 0.0806 -0.0914 -0.9925
vn 0.0239 -0.0903 -0.9956
vn 0.1813 -0.4706 -0.8635
vn 0.0640 -0.1568 -0.9855
vn 0.2849 -0.8037 -0.5224
vn 0.0630 -0.0923 -0.9937
vn 0.1958 -0.4528 -0.8699
vn 0.2701 -0.7947 -0.5437
vn 0.0659 -0.1655 -0.9840
vn 0.0357 -0.1138 -0.9929
vn 0.2124 -0.3989 -0.8920
vn 0.2684 -0.7777 -0.5685
vn 0.0894 -0.1861 -0.9785
vn 0.0396 -0.1206 -0.9919
vn 0.0386 -0.0777 -0.9962
vn 0.0181 -0.0679 -0.9975
vn 0.0054 -0.1099 -0.9939
vn 0.0005 0.0415 -0.9991
vn 0.0083 0.0239 -0.9997
vn 0.0278 -0.0015 -0.9996
vn 0.0102 0.0220 -0.9997
vn -0.0435 -0.0200 -0.9989
vn -0.0200 0.0239 -0.9995
vn -0.0640 0.0972 -0.9932
vn -0.0464 0.1198 -0.9917
vn 0.0073 -0.0151 -0.9999
vn -0.0073 0.1442 -0.9895
vn -0.0122 0.1109 -0.9938
vn 0.0464 -0.0483 -0.9978
vn 0.0572 0.1256 -0.9904
vn -0.0024 0.0913 -0.9958
vn 0.0337 -0.0885 -0.9955
vn -0.0659 -0.0015 -0.9978
vn 0.0610 0.0513 -0.9968
vn 0.0992 0.1950 -0.9758
vn 0.0738 0.2155 -0.9737
vn -0.0337 0.1647 -0.9858
vn 0.0835 0.0835 -0.9930
vn -0.0933 0.1031 -0.9903
vn -0.0005 0.0337 -0.9994
vn -0.0562 0.1011 -0.9933
vn -0.0855 0.0220 -0.9961
vn -0.0249 0.1138 -0.9932
vn -0.0269 0.0494 -0.9984
vn -0.0825 0.0357 -0.9959
vn -0.0200 0.0426 -0.9989
vn -0.0699 0.1422 -0.9874
vn -0.0699 0.1178 -0.9906
vn -0.0034 0.1010 -0.9949
vn 0.0122 0.1119 -0.9936
vn -0.1481 0.4990 -0.8539
vn -0.1714 0.5063 -0.8452
vn -0.1929 0.5083 -0.8393
vn -0.1567 0.5014 -0.8509
vn -0.3229 0.8310 -0.4529
vn -0.2769 0.8357 -0.4743
vn -0.3091 0.8442 -0.4380
vn -0.3657 0.8921 -0.2652
vn -0.4233 0.8852 -0.1929
vn -0.3062 0.9334 -0.1871
vn -0.2781 0.8411 -0.4638
vn -0.2408 0.9405 -0.2399
vn -0.4568 0.8466 -0.2731
vn -0.4750 0.8530 -0.2163
vn -0.2573 0.9429 -0.2114
vn -0.2644 0.8217 -0.5049
vn -0.1901 0.9532 -0.2350
vn -0.2585 0.9251 -0.2781
vn -0.2829 0.8076 -0.5174
vn -0.2534 0.9351 -0.2476
vn -0.3317 0.8994 -0.2848
vn -0.3142 0.9113 -0.2663
vn -0.1783 0.9637 -0.1988
vn -0.2536 0.9445 -0.2086
vn -0.2487 0.9456 -0.2096
vn -0.2789 0.9326 -0.2291
vn -0.2183 0.9558 -0.1968
vn -0.5009 0.8341 -0.2311
vn -0.2799 0.9246 -0.2584
vn -0.4851 0.8339 -0.2633
vn -0.5073 0.8257 -0.2466
vn -0.4932 0.8413 -0.2214
vn -0.4204 0.8862 -0.1948
vn -0.4237 0.9006 -0.0972
vn -0.3249 0.9181 -0.2272
vn -0.3230 0.9395 0.1138
vn -0.3053 0.9500 -0.0650
vn -0.2488 0.9427 -0.2223
vn -0.3405 0.9394 0.0405
vn -0.1969 0.9452 -0.2604
vn -0.2808 0.9568 -0.0757
vn -0.1724 0.9372 -0.3033
vn -0.2437 0.9312 -0.2710
vn -0.1705 0.9378 -0.3025
vn -0.2077 0.9378 -0.2781
vn -0.1577 0.9459 -0.2837
vn -0.2495 0.8560 -0.4527
vn -0.2341 0.9476 -0.2175
vn -0.1881 0.5144 -0.8367
vn -0.2810 0.8673 -0.4109
vn -0.0650 0.1373 -0.9884
vn -0.1979 0.5332 -0.8225
vn -0.1227 0.0142 -0.9923
vn -0.1050 0.1598 -0.9816
vn -0.1305 -0.0415 -0.9906
vn -0.1285 0.0669 -0.9894
vn -0.1226 -0.0210 -0.9922
vn -0.1011 -0.0884 -0.9909
vn -0.0757 0.1812 -0.9805
vn -0.1024 -0.0981 -0.9899
vn -0.0679 0.0797 -0.9945
vn -0.0249 0.2819 -0.9591
vn -0.0249 0.2985 -0.9541
vn -0.0103 0.2974 -0.9547
vn -0.0826 0.2370 -0.9680
vn -0.1236 0.4588 -0.8799
vn -0.1891 0.5410 -0.8195
vn -0.1265 0.5093 -0.8512
vn -0.1577 0.5368 -0.8289
vn -0.3083 0.8653 -0.3953
vn -0.3248 0.8171 -0.4762
vn -0.3308 0.8428 -0.4246
vn -0.3552 0.9123 -0.2038
vn -0.4177 0.8741 -0.2478
vn -0.3963 0.8750 -0.2780
vn -0.3931 0.8727 -0.2896
vn -0.4294 0.8524 -0.2985
vn -0.3882 0.8805 -0.2720
vn -0.3180 0.8563 0.4069
vn -0.3257 0.9146 0.2398
vn -0.3110 0.8594 0.4059
vn -0.3209 0.9178 0.2340
vn -0.2935 0.8609 0.4156
vn -0.2927 0.9251 0.2419
vn -0.2213 0.5703 0.7911
vn -0.2898 0.8567 0.4266
vn -0.2085 0.5552 0.8052
vn -0.2828 0.9207 0.2691
vn -0.2555 0.8810 0.3982
vn -0.1949 0.5467 0.8144
vn -0.2516 0.8799 0.4031
vn -0.2741 0.8750 0.3991
vn -0.2867 0.8524 0.4372
vn -0.2848 0.9119 0.2955
vn -0.2993 0.8883 0.3482
vn -0.3582 0.9193 0.1628
vn -0.2770 0.8789 0.3884
vn -0.3797 0.9191 0.1051
vn -0.3680 0.8909 0.2663
vn -0.4158 0.9094 -0.0073
vn -0.3044 0.8918 0.3347
vn -0.2556 0.9182 0.3025
vn -0.2554 0.8501 0.4605
vn -0.1900 0.5338 0.8240
vn -0.2476 0.8336 0.4937
vn -0.1882 0.5069 0.8412
vn -0.3052 0.9166 0.2583
vn -0.2868 0.8173 0.4998
vn -0.4294 0.8739 0.2281
vn -0.3756 0.9089 0.1812
vn -0.4296 0.8890 0.1588
vn -0.4560 0.8811 0.1256
vn -0.1725 0.4881 0.8556
vn -0.3014 0.8202 0.4861
vn -0.3406 0.9280 0.1510
vn -0.4959 0.8613 0.1109
vn -0.3179 0.9421 0.1070
vn -0.4428 0.8803 0.1704
vn -0.4566 0.8873 0.0649
vn 0.1724 -0.0981 0.9801
vn 0.2057 -0.1217 0.9710
vn 0.1041 -0.0797 0.9914
vn 0.2380 -0.0278 0.9709
vn 0.1821 -0.1343 0.9741
vn 0.1285 -0.1626 0.9783
vn 0.0308 -0.1090 0.9936
vn 0.0864 -0.4489 0.8894
vn 0.0923 -0.8045 0.5867
vn 0.0044 -0.4462 0.8949
vn 0.0151 -0.8185 0.5743
vn 0.1109 -0.9717 0.2086
vn 0.0230 -0.9788 0.2038
vn 0.0210 -0.8288 0.5592
vn 0.0259 -0.9791 0.2017
vn 0.0269 -0.8374 0.5460
vn 0.0132 -0.4509 0.8925
vn 0.0091 -0.4568 0.8895
vn 0.0327 -0.0660 0.9973
vn 0.0122 -0.0347 0.9993
vn 0.1011 0.0005 0.9949
vn 0.0543 0.0640 0.9965
vn 0.1725 -0.0591 0.9832
vn 0.1978 -0.0014 0.9802
vn 0.1138 -0.0112 0.9934
vn 0.0112 0.0093 0.9999
vn 0.1646 -0.0269 0.9860
vn 0.1607 -0.0424 0.9861
vn -0.0953 0.0171 0.9953
vn 0.0337 -0.0083 0.9994
vn 0.0816 0.0054 0.9967
vn 0.1470 -0.0620 0.9872
vn 0.1041 -0.0503 0.9933
vn -0.0601 0.0142 0.9981
vn 0.0738 0.0142 0.9972
vn 0.0054 -0.0777 0.9970
vn 0.0933 -0.0669 0.9934
vn 0.0581 0.0298 0.9979
vn 0.0210 0.0063 0.9998
vn -0.0034 -0.0376 0.9993
vn 0.0220 -0.0914 0.9956
vn -0.0327 0.1060 0.9938
vn -0.0103 0.4860 0.8739
vn 0.0210 0.0865 0.9960
vn 0.1001 -0.0005 0.9950
vn 0.0718 0.1207 0.9901
vn 0.1950 0.0181 0.9806
vn 0.2048 0.0445 0.9778
vn 0.2702 0.0347 0.9622
vn 0.1245 0.0288 0.9918
vn 0.1421 -0.0337 0.9893
vn -0.3853 0.9022 0.1939
vn -0.2399 0.8996 0.3650
vn -0.3208 0.8872 0.3315
vn -0.2438 0.9192 0.3093
vn -0.2633 0.9267 0.2682
vn -0.3024 0.8947 0.3288
vn -0.3189 0.9344 0.1587
vn -0.2877 0.9454 0.1529
vn -0.2634 0.9644 -0.0249
vn -0.3221 0.8968 0.3035
vn -0.2321 0.9652 0.1207
vn -0.2223 0.9748 0.0210
vn -0.3580 0.8807 0.3102
vn -0.3180 0.9217 0.2222
vn -0.2389 0.9671 0.0875
vn -0.2330 0.9724 0.0142
vn -0.2692 0.9619 0.0484
vn -0.2926 0.9472 0.1314
vn -0.3229 0.9432 0.0777
vn -0.3895 0.8733 0.2927
vn -0.3590 0.8983 0.2535
vn -0.3689 0.9073 0.2018
vn -0.3924 0.9086 0.1432
vn -0.4052 0.9047 0.1315
vn -0.3953 0.9083 0.1373
vn -0.3905 0.9095 0.1422
vn -0.4326 0.8882 0.1549
vn -0.4147 0.8991 0.1401
vn -0.3866 0.8206 0.4208
vn -0.2272 0.5410 0.8097
vn -0.3648 0.8092 0.4606
vn -0.4010 0.9060 0.1353
vn -0.2184 0.5242 0.8231
vn -0.3472 0.7985 0.4918
vn -0.3863 0.9117 0.1401
vn -0.3707 0.9148 0.1607
vn -0.3366 0.7900 0.5125
vn -0.3199 0.7945 0.5161
vn -0.2985 0.8027 0.5164
vn -0.1854 0.4889 0.8524
vn -0.2116 0.4756 0.8539
vn -0.0269 0.1285 0.9913
vn -0.0611 0.1646 0.9845
vn -0.2124 0.4819 0.8501
vn -0.0942 0.1744 0.9802
vn -0.2008 0.4997 0.8426
vn -0.2097 0.5098 0.8344
vn -0.0875 0.1520 0.9845
vn -0.0347 0.0542 0.9979
vn -0.0875 0.0406 0.9953
vn -0.0669 0.1217 0.9903
vn -0.0503 0.0483 0.9976
vn -0.0796 0.0112 0.9968
vn -0.0444 0.1061 0.9934
vn 0.0943 -0.0464 0.9945
vn -0.1138 0.0825 0.9901
vn 0.0083 0.0142 0.9999
vn -0.0395 -0.0229 0.9990
vn -0.1266 0.0914 0.9877
vn -0.0748 0.0738 0.9945
vn -0.0952 0.0698 0.9930
vn 0.0142 -0.0483 0.9987
vn -0.0298 0.1079 0.9937
vn -0.2720 0.8952 -0.3531
vn -0.3112 0.8807 -0.3571
vn -0.2984 0.9284 -0.2213
vn -0.3365 0.9285 -0.1568
vn -0.3053 0.8878 -0.3445
vn -0.2778 0.9508 -0.1372
vn -0.3376 0.9345 -0.1128
vn -0.3727 0.9227 -0.0981
vn -0.2633 0.9111 -0.3171
vn -0.2643 0.9521 -0.1539
vn -0.2536 0.8097 -0.5292
vn -0.2907 0.9384 -0.1871
vn -0.3044 0.9425 -0.1383
vn -0.3191 0.9438 -0.0865
vn -0.3257 0.9451 -0.0269
vn -0.3346 0.9423 -0.0083
vn -0.3494 0.9368 -0.0200
vn -0.3307 0.9112 0.2457
vn -0.3061 0.9215 0.2390
vn -0.3503 0.9025 0.2506
vn -0.3639 0.9314 0.0005
vn -0.3445 0.9123 0.2213
vn -0.2985 0.8563 0.4215
vn -0.3260 0.8461 0.4218
vn -0.3257 0.8454 0.4234
vn -0.3063 0.8682 0.3904
vn -0.2925 0.8602 0.4177
vn -0.3219 0.8612 0.3932
vn -0.2818 0.9442 0.1705
vn -0.2595 0.9319 0.2536
vn -0.1939 0.9541 0.2281
vn -0.3804 0.9119 0.1539
vn -0.1529 0.8670 0.4743
vn -0.1451 0.9814 0.1256
vn -0.0464 0.9745 0.2193
vn -0.1090 0.5156 0.8499
vn -0.0826 0.8611 0.5016
vn -0.1109 0.8261 0.5525
vn -0.1441 0.8005 0.5817
vn -0.0835 0.9684 0.2349
vn -0.0747 0.9963 0.0435
vn -0.1382 0.9566 0.2564
vn -0.1373 0.9541 0.2662
vn -0.1118 0.9920 0.0591
vn -0.0698 0.9968 -0.0376
vn -0.0650 0.9955 -0.0689
vn -0.3659 0.9306 0.0122
vn -0.0728 0.9920 -0.1031
vn -0.4888 0.8697 -0.0689
vn -0.4675 0.8836 -0.0269
vn -0.2058 0.9780 -0.0357
vn -0.4284 0.8983 -0.0972
vn -0.5014 0.8647 -0.0298
vn -0.1724 0.9802 -0.0972
vn -0.1509 0.9734 -0.1724
vn -0.4742 0.8796 -0.0386
vn -0.2936 0.9492 -0.1129
vn -0.1911 0.9711 -0.1432
vn -0.1392 0.9773 -0.1597
vn -0.2398 0.9679 -0.0749
vn -0.1529 0.9865 -0.0582
vn -0.3131 0.9441 -0.1031
vn -0.4468 0.8942 -0.0269
vn -0.3972 0.8583 -0.3249
vn -0.3661 0.8919 -0.2654
vn -0.3375 0.9235 -0.1822
vn -0.3473 0.9003 -0.2623
vn -0.2654 0.9466 -0.1832
vn -0.2624 0.9591 -0.1060
vn -0.2652 0.9636 -0.0337
vn -0.3375 0.9334 -0.1216
vn -0.3826 0.8927 -0.2380
vn -0.3902 0.8737 -0.2906
vn -0.3161 0.7920 -0.5223
vn -0.3494 0.8948 -0.2781
vn -0.1470 0.4217 -0.8947
vn -0.3054 0.7697 -0.5606
vn -0.0698 0.2545 -0.9646
vn -0.1842 0.4050 -0.8956
vn -0.0650 0.2926 -0.9540
vn -0.1255 0.2272 -0.9657
vn -0.1080 0.2536 -0.9613
vn -0.0328 0.1598 -0.9866
vn -0.0200 0.1608 -0.9868
vn -0.0405 -0.0220 -0.9989
vn -0.1177 -0.0884 -0.9891
vn 0.0269 0.0523 -0.9983
vn -0.0806 -0.1138 -0.9902
vn -0.0875 -0.0738 -0.9934
vn -0.1236 0.9917 0.0357
vn -0.1119 0.9603 0.2556
vn -0.1744 0.9834 0.0503
vn -0.2008 0.9795 -0.0161
vn -0.1148 0.9933 -0.0122
vn -0.0767 0.9961 -0.0435
vn -0.1812 0.9804 -0.0777
vn -0.1275 0.9890 -0.0747
vn -0.0259 0.9941 -0.1050
vn -0.1372 0.9850 -0.1050
vn -0.1167 0.9784 -0.1705
vn -0.1412 0.9682 -0.2067
vn -0.0464 0.9801 -0.1929
vn -0.1109 0.9879 -0.1089
vn -0.0308 0.9976 -0.0620
vn -0.0425 0.9985 -0.0357
vn -0.0718 0.9928 -0.0962
vn 0.0142 0.9990 -0.0435
vn -0.0874 0.9922 -0.0894
vn -0.0494 0.9975 0.0513
vn -0.0864 0.9598 0.2672
vn -0.0854 0.9474 0.3083
vn -0.1050 0.7860 0.6092
vn -0.1001 0.7890 0.6062
vn -0.0825 0.7934 0.6030
vn 0.0093 0.9966 0.0815
vn 0.0767 0.9951 0.0630
vn 0.0464 0.9971 0.0601
vn -0.0279 0.9750 0.2204
vn -0.0464 0.9949 0.0894
vn 0.0493 0.9982 0.0337
vn 0.0308 0.9995 -0.0064
vn -0.0298 0.9979 0.0581
vn 0.0025 0.9999 -0.0132
vn -0.0161 0.9998 -0.0142
vn 0.0073 0.9923 0.1236
vn -0.1012 0.9945 0.0259
vn 0.0239 0.9994 -0.0259
vn 0.0093 0.9786 0.2057
vn -0.0581 0.9981 -0.0181
vn -0.0249 0.9918 0.1255
vn -0.0435 0.9865 0.1578
vn 0.0366 0.8699 0.4918
vn -0.0503 0.9576 0.2837
vn -0.1108 0.9781 0.1763
vn -0.0435 0.9915 0.1226
vn -0.0640 0.9951 0.0747
vn -0.1139 0.9884 0.1002
vn -0.0836 0.9953 0.0484
vn -0.0249 0.9950 0.0962
vn -0.0786 0.9784 0.1910
vn -0.0484 0.9380 0.3433
vn 0.0181 0.8390 0.5438
vn 0.0650 0.5994 0.7978
vn -0.0093 0.8055 0.5925
vn 0.0581 0.5789 0.8133
vn 0.0464 0.3375 0.9402
vn 0.0015 0.2820 0.9594
vn 0.0738 0.3659 0.9277
vn 0.0259 0.5319 0.8464
vn 0.0327 0.1530 0.9877
vn 0.0845 0.3619 0.9284
vn -0.0425 0.7759 0.6294
vn 0.0807 0.1988 0.9767
vn 0.0015 0.4830 0.8756
vn 0.0699 0.3169 0.9459
vn 0.0327 -0.0826 0.9960
vn 0.1129 0.2155 0.9700
vn -0.0103 -0.0826 0.9965
vn 0.0728 -0.0112 0.9973
vn -0.0239 -0.0259 0.9994
vn 0.0239 0.0708 0.9972
vn -0.0767 0.2008 0.9766
vn -0.0855 0.0669 0.9941
vn -0.1334 0.1930 0.9721
vn -0.0953 0.9953 0.0151
vn -0.0122 0.9987 0.0493
vn -0.0044 0.9998 0.0181
vn -0.0434 0.9990 0.0083
vn -0.0503 0.9951 -0.0855
vn -0.1080 0.9856 -0.1305
vn -0.1117 0.9869 -0.1168
vn -0.2975 0.9530 -0.0581
vn -0.2947 0.9555 0.0122
vn -0.0493 0.9278 0.3698
vn -0.0386 0.9969 0.0679
vn -0.0317 0.9970 0.0708
vn -0.0650 0.9240 0.3767
vn -0.0190 0.9931 0.1158
vn -0.0581 0.9269 0.3708
vn -0.0425 0.7595 0.6491
vn -0.0347 0.9300 0.3660
vn -0.0464 0.7616 0.6464
vn -0.0894 0.4888 0.8678
vn -0.0542 0.4976 0.8657
vn -0.0737 0.7759 0.6265
vn -0.0552 0.9320 0.3582
vn -0.0445 0.4695 0.8818
vn -0.0875 0.7843 0.6142
vn -0.0817 0.9368 0.3403
vn -0.0318 0.9976 0.0621
vn -0.0718 0.9961 0.0513
vn -0.0669 0.9961 0.0581
vn -0.0454 0.9958 -0.0796
vn -0.0122 0.9985 -0.0542
vn -0.0572 0.9962 -0.0650
vn -0.0093 0.9998 -0.0151
vn -0.0288 0.9958 -0.0874
vn -0.0816 0.9964 -0.0239
vn 0.0259 0.9972 -0.0709
vn 0.0103 0.9972 -0.0738
vn -0.0542 0.9982 -0.0269
vn -0.0631 0.9964 -0.0573
vn 0.0532 0.9961 -0.0709
vn -0.0894 0.9960 0.0024
vn -0.0474 0.9839 0.1725
vn 0.0190 0.9998 -0.0044
vn 0.0787 0.9934 -0.0836
vn -0.0581 0.9963 0.0631
vn 0.0826 0.9945 -0.0650
vn 0.0396 0.9986 -0.0356
vn -0.0669 0.9966 0.0484
vn -0.0093 0.9998 -0.0171
vn -0.0112 0.9994 0.0337
vn -0.0102 0.9999 0.0073
vn 0.1031 0.9920 -0.0728
vn -0.0132 0.9999 -0.0024
vn 0.0425 0.9982 -0.0426
vn -0.0367 0.9992 -0.0181
vn 0.0913 0.9948 -0.0454
vn 0.0611 0.9980 -0.0132
vn 0.0523 0.9978 -0.0405
vn -0.1343 0.9901 0.0396
vn 0.0543 0.9983 -0.0229
vn 0.0875 0.9961 -0.0122
vn -0.0845 0.9963 0.0132
vn -0.0835 0.9939 -0.0718
vn 0.1060 0.9843 -0.1412
vn -0.1187 0.9927 -0.0230
vn 0.0610 0.9978 -0.0249
vn 0.0982 0.9949 -0.0210
vn -0.4452 0.8929 -0.0670
vn -0.9819 0.1892 0.0132
vn -0.5053 0.8627 -0.0220
vn -0.9773 0.2115 0.0142
vn 0.0786 0.9869 -0.1411
vn -0.4878 0.8667 0.1040
vn -0.9730 0.2019 0.1119
vn 0.0757 0.9969 -0.0210
vn -0.4663 0.7730 0.4302
vn 0.1138 0.9821 0.1499
vn 0.1431 0.9892 0.0327
vn 0.0259 0.9945 -0.1012
vn -0.0679 0.9974 0.0230
vn 0.2340 0.9561 0.1764
vn 0.0572 0.9842 0.1675
vn 0.2691 0.8366 0.4772
vn 0.0454 0.9980 -0.0445
vn -0.0112 0.9703 0.2417
vn 0.1392 0.9606 0.2408
vn 0.0972 0.9950 -0.0230
vn 0.0073 0.9988 0.0493
vn 0.0328 0.9989 -0.0347
vn 0.1050 0.9929 -0.0552
vn 0.0132 0.9995 -0.0279
vn 0.0874 0.9961 0.0063
vn 0.0249 0.9992 -0.0308
vn 0.0122 0.9807 0.1950
vn 0.0445 0.9989 -0.0132
vn 0.0093 0.9988 -0.0474
vn 0.0288 0.9982 -0.0532
vn -0.0073 0.9999 -0.0152
vn 0.0034 0.9952 0.0982
vn 0.0307 0.9977 -0.0611
vn -0.0513 0.9732 0.2241
vn -0.0015 0.9996 -0.0279
vn -0.1256 0.9917 0.0269
vn -0.0404 0.8709 0.4899
vn -0.0601 0.9660 0.2516
vn -0.0005 0.9645 0.2642
vn -0.0503 0.8867 0.4597
vn 0.0083 0.4948 0.8690
vn -0.0063 0.8916 0.4529
vn 0.1118 0.8668 0.4859
vn 0.0015 0.5231 0.8523
vn -0.0191 0.5379 0.8428
vn 0.0669 0.5322 0.8440
vn 0.0327 0.1949 0.9803
vn 0.2660 0.4938 0.8279
vn 0.0650 0.2281 0.9715
vn 0.1568 0.8531 0.4976
vn 0.1686 0.5144 0.8408
vn 0.1460 0.1656 0.9753
vn -0.4781 0.4576 0.7497
vn -0.4970 0.1256 0.8586
vn -0.0571 0.9919 -0.1138
vn -0.0571 0.9893 -0.1344
vn -0.0777 0.9869 -0.1412
vn -0.0591 0.9930 -0.1021
vn 0.0220 0.9720 -0.2341
vn 0.0093 0.9834 -0.1813
vn -0.0239 0.9976 -0.0649
vn -0.0445 0.9930 -0.1099
vn 0.0289 0.7854 -0.6183
vn -0.0015 0.9890 -0.1480
vn -0.0181 0.9993 -0.0328
vn 0.0063 0.9912 -0.1324
vn 0.0630 0.8111 -0.5816
vn -0.0298 0.8310 -0.5555
vn -0.0220 0.9916 -0.1275
vn -0.0249 0.9997 -0.0083
vn -0.0239 0.9865 -0.1618
vn 0.0142 0.9999 -0.0024
vn -0.0728 0.9954 -0.0620
vn 0.0220 0.9990 -0.0386
vn 0.0288 0.9996 0.0034
vn 0.0523 0.9983 0.0259
vn 0.0474 0.9989 0.0025
vn 0.0454 0.9989 -0.0093
vn -0.0034 1.0000 -0.0014
vn -0.0357 0.9991 -0.0220
vn -0.1275 0.9913 -0.0327
vn -0.0923 0.9927 -0.0776
vn -0.1334 0.9906 0.0288
vn -0.0620 0.9981 0.0024
vn -0.1383 0.9894 0.0454
vn -0.4499 0.8906 0.0669
vn -0.5016 0.8640 0.0444
vn -0.4448 0.8930 -0.0679
vn -0.4703 0.8824 -0.0132
vn -0.3219 0.9335 0.1578
vn -0.4373 0.8977 -0.0543
vn -0.4156 0.9089 0.0347
vn -0.2583 0.9331 0.2503
vn -0.2790 0.9600 0.0220
vn -0.2017 0.9509 0.2349
vn -0.1207 0.9571 0.2633
vn -0.1626 0.9725 0.1666
vn -0.2613 0.9450 0.1968
vn -0.2926 0.8223 0.4881
vn -0.3317 0.8114 0.4812
vn -0.1724 0.4832 0.8584
vn -0.3346 0.9011 0.2759
vn -0.2116 0.9369 0.2781
vn -0.1911 0.4805 0.8559
vn -0.1070 0.2281 0.9677
vn -0.1001 0.2008 0.9745
vn -0.1353 0.2379 0.9618
vn -0.1119 0.2565 0.9600
vn -0.1089 0.1607 0.9810
vn -0.1079 0.1607 0.9811
vn -0.0992 0.2605 0.9604
vn -0.0734 0.1595 0.9845
vn -0.0601 0.1588 0.9855
vn -0.1245 0.2554 0.9588
vn -0.0816 0.1441 0.9862
vn -0.0415 0.0894 0.9951
vn -0.1392 0.2614 0.9551
vn -0.0660 0.1197 0.9906
vn -0.0278 0.0826 0.9962
vn 0.0308 0.0533 0.9981
vn 0.0777 0.0288 0.9966
vn 0.0161 -0.0005 0.9999
vn -0.0200 -0.0288 0.9994
vn -0.0503 0.0718 0.9961
vn -0.0679 0.0494 0.9965
vn -0.0298 -0.0493 0.9983
vn -0.0484 -0.0738 0.9961
vn -0.0884 0.0220 0.9958
vn -0.1285 0.1285 0.9834
vn -0.1011 0.0132 0.9948
vn -0.0914 0.1783 0.9797
vn -0.1031 0.0933 0.9903
vn -0.1813 0.4969 0.8487
vn -0.1880 0.5162 0.8356
vn -0.3562 0.8273 0.4344
vn -0.4235 0.8533 0.3043
vn -0.3706 0.8433 0.3892
vn -0.1441 0.9591 0.2438
vn -0.2661 0.9204 0.2866
vn -0.2016 0.9585 0.2017
vn -0.1949 0.9736 0.1187
vn -0.1988 0.9743 0.1060
vn -0.2916 0.9481 0.1265
vn -0.1988 0.9800 -0.0054
vn -0.4735 0.8723 0.1217
vn -0.2858 0.9582 -0.0132
vn -0.4879 0.8709 0.0591
vn -0.4488 0.8933 0.0259
vn -0.2771 0.9573 -0.0826
vn -0.2302 0.9731 0.0063
vn -0.2741 0.9571 -0.0943
vn -0.2478 0.9672 -0.0562
vn -0.2456 0.9693 -0.0122
vn -0.2534 0.9673 -0.0093
vn -0.2838 0.9433 -0.1724
vn -0.2546 0.9601 -0.1158
vn -0.3063 0.9191 -0.2478
vn -0.2339 0.9597 -0.1558
vn -0.2867 0.9509 -0.1167
vn -0.3073 0.9042 -0.2965
vn -0.2808 0.9392 -0.1978
vn -0.3237 0.8979 -0.2983
vn -0.2887 0.7566 -0.5867
vn -0.2819 0.9433 -0.1754
vn -0.2555 0.9659 -0.0425
vn -0.2594 0.9531 -0.1558
vn -0.3326 0.9255 -0.1812
vn -0.2154 0.9764 -0.0161
vn -0.2809 0.9588 0.0425
vn -0.2915 0.9196 -0.2632
vn -0.3365 0.9266 -0.1676
vn -0.3524 0.9271 -0.1276
vn -0.3200 0.9190 -0.2301
vn -0.2848 0.7626 -0.5808
vn -0.1685 0.4039 -0.8992
vn -0.3726 0.9069 -0.1968
vn -0.1627 0.4099 -0.8975
vn -0.2809 0.7705 -0.5722
vn -0.3277 0.9118 -0.2476
vn -0.3738 0.9249 -0.0689
vn -0.3502 0.9041 -0.2447
vn -0.2682 0.7851 -0.5583
vn -0.1666 0.4207 -0.8918
vn -0.0601 0.0748 -0.9954
vn -0.0787 0.0826 -0.9935
vn -0.1764 0.4384 -0.8813
vn -0.2828 0.9138 -0.2916
vn -0.2999 0.9030 -0.3075
vn -0.3719 0.9261 -0.0640
vn -0.3580 0.9285 -0.0982
vn -0.3394 0.9372 0.0806
vn -0.3992 0.9132 0.0816
vn -0.3884 0.9190 0.0669
vn -0.3619 0.9314 0.0386
vn -0.2302 0.9729 -0.0200
vn -0.3180 0.9481 0.0054
vn -0.4058 0.9138 0.0161
vn -0.4139 0.9103 0.0024
vn -0.2008 0.9796 -0.0122
vn -0.4061 0.9133 -0.0328
vn -0.4383 0.8986 -0.0220
vn -0.4744 0.8789 -0.0493
vn -0.4236 0.9043 -0.0523
vn 0.0239 0.9997 -0.0112
vn 0.0668 0.9971 -0.0377
vn -0.0288 0.9991 0.0308
vn -0.0376 0.9992 0.0093
vn -0.0308 0.9995 -0.0024
vn 0.0933 0.9943 -0.0513
vn 0.0112 0.9999 0.0054
vn 0.0992 0.9945 -0.0328
vn 0.0659 0.9949 -0.0767
vn 0.0347 0.9952 -0.0914
vn 0.0708 0.9911 -0.1128
vn 0.0914 0.9936 -0.0669
vn 0.0415 0.9985 -0.0367
vn 0.0171 0.9916 -0.1285
vn -0.0102 0.9954 -0.0952
vn -0.0103 0.9993 -0.0357
vn -0.0288 0.9953 -0.0924
vn -0.0757 0.9943 -0.0748
vn -0.0826 0.9952 -0.0523
vn -0.0493 0.9979 -0.0415
vn -0.0767 0.9971 -0.0034
vn -0.1119 0.9930 -0.0367
vn -0.1734 0.9843 -0.0337
vn -0.1812 0.9832 -0.0200
vn -0.0943 0.9955 0.0132
vn -0.1227 0.9917 -0.0396
vn -0.1226 0.9826 -0.1393
vn -0.0816 0.9893 -0.1207
vn -0.0103 0.9998 -0.0152
vn -0.0445 0.9877 -0.1500
vn 0.0259 0.9992 -0.0288
vn 0.0064 0.9794 -0.2017
vn 0.0503 0.9973 -0.0542
vn 0.0220 0.9706 -0.2398
vn 0.0054 0.9965 -0.0836
vn -0.0083 0.9960 -0.0894
vn -0.0181 0.9694 -0.2447
vn 0.0005 0.9978 -0.0669
vn -0.0040 0.9926 -0.1215
vn 0.0044 0.9676 -0.2525
vn 0.0308 0.9882 -0.1500
vn 0.0640 0.9955 -0.0699
vn -0.0093 0.9880 -0.1539
vn 0.0083 0.9942 -0.1070
vn 0.0357 0.9980 -0.0513
vn -0.0425 0.9964 -0.0728
vt 0.493167 0.916257
vt 0.475278 0.929474
vt 0.477962 0.914028
vt 0.495824 0.901363
vt 0.480996 0.898707
vt 0.509037 0.903573
vt 0.506372 0.918277
vt 0.522259 0.905933
vt 0.519542 0.920601
vt 0.535406 0.908179
vt 0.532419 0.922966
vt 0.512076 0.888547
vt 0.525258 0.890949
vt 0.498987 0.886166
vt 0.484212 0.883329
vt 0.515349 0.873613
vt 0.502446 0.871211
vt 0.487774 0.868078
vt 0.518586 0.859043
vt 0.506079 0.856566
vt 0.491561 0.852697
vt 0.509251 0.842769
vt 0.495696 0.838363
vt 0.528281 0.876031
vt 0.538319 0.893222
vt 0.498044 0.827831
vt 0.531184 0.861335
vt 0.521467 0.845130
vt 0.541178 0.878330
vt 0.533888 0.847337
vt 0.523926 0.831376
vt 0.543976 0.863525
vt 0.546479 0.849335
vt 0.554276 0.880404
vt 0.551500 0.895378
vt 0.548552 0.910253
vt 0.545470 0.925039
vt 0.542530 0.939981
vt 0.555752 0.942072
vt 0.553319 0.957538
vt 0.569421 0.944402
vt 0.558735 0.927125
vt 0.561810 0.912312
vt 0.572322 0.929348
vt 0.583302 0.946828
vt 0.580761 0.962395
vt 0.597165 0.949322
vt 0.586024 0.931660
vt 0.599716 0.933912
vt 0.588716 0.916524
vt 0.575201 0.914420
vt 0.564695 0.897450
vt 0.577911 0.899485
vt 0.591081 0.901427
vt 0.567347 0.882531
vt 0.580394 0.884460
vt 0.615477 0.920542
vt 0.628449 0.938652
vt 0.613222 0.936080
vt 0.625825 0.954384
vt 0.602034 0.918584
vt 0.604334 0.903298
vt 0.593429 0.886347
vt 0.610757 0.951632
vt 0.623358 0.969867
vt 0.608279 0.967219
vt 0.621022 0.985568
vt 0.606011 0.982732
vt 0.618796 1.000000
vt 0.604131 0.997811
vt 0.590500 0.995709
vt 0.594705 0.964845
vt 0.592590 0.980466
vt 0.576901 0.993486
vt 0.578864 0.978153
vt 0.563222 0.991079
vt 0.565023 0.975746
vt 0.549645 0.988878
vt 0.551421 0.973400
vt 0.536159 0.986543
vt 0.566999 0.959822
vt 0.538036 0.971252
vt 0.522689 0.984396
vt 0.524835 0.969101
vt 0.540007 0.955404
vt 0.509181 0.982273
vt 0.511699 0.966876
vt 0.527180 0.953150
vt 0.529659 0.937830
vt 0.514415 0.950754
vt 0.498391 0.964704
vt 0.495668 0.980260
vt 0.485163 0.962901
vt 0.482370 0.978217
vt 0.468199 0.976165
vt 0.470389 0.961408
vt 0.501262 0.948616
vt 0.487839 0.946905
vt 0.472754 0.945317
vt 0.516972 0.935367
vt 0.503914 0.933153
vt 0.490644 0.931338
vt 0.720100 0.015374
vt 0.706626 0.000487
vt 0.720321 0.000423
vt 0.719349 0.061617
vt 0.732864 0.077254
vt 0.719200 0.077347
vt 0.733738 0.015191
vt 0.733945 0.000254
vt 0.733479 0.030063
vt 0.719937 0.030233
vt 0.733220 0.045875
vt 0.719561 0.045940
vt 0.733012 0.061581
vt 0.732684 0.092935
vt 0.747133 0.029959
vt 0.747360 0.015021
vt 0.747556 0.000135
vt 0.746859 0.045816
vt 0.760852 0.029878
vt 0.761002 0.014950
vt 0.761174 0.000019
vt 0.760611 0.045699
vt 0.774557 0.029888
vt 0.774631 0.014944
vt 0.774776 0.000000
vt 0.774248 0.045575
vt 0.788170 0.029880
vt 0.788231 0.014981
vt 0.788402 0.000055
vt 0.787834 0.045639
vt 0.801820 0.030037
vt 0.801849 0.015075
vt 0.802056 0.000156
vt 0.815417 0.015157
vt 0.815637 0.000239
vt 0.801519 0.045650
vt 0.815312 0.030086
vt 0.829039 0.015280
vt 0.829205 0.000309
vt 0.843980 0.004401
vt 0.843930 0.015290
vt 0.854799 0.015338
vt 0.843856 0.030286
vt 0.858813 0.030353
vt 0.828901 0.030265
vt 0.815256 0.045805
vt 0.843748 0.046152
vt 0.858789 0.046219
vt 0.828846 0.046107
vt 0.843619 0.061902
vt 0.858661 0.062030
vt 0.858423 0.077681
vt 0.814894 0.061413
vt 0.828676 0.061772
vt 0.843525 0.077605
vt 0.843586 0.093186
vt 0.858431 0.093295
vt 0.828827 0.077511
vt 0.814738 0.076974
vt 0.800860 0.061233
vt 0.828764 0.093093
vt 0.814875 0.092752
vt 0.787003 0.061195
vt 0.800374 0.076754
vt 0.800690 0.092522
vt 0.773547 0.061184
vt 0.786412 0.076730
vt 0.786679 0.092322
vt 0.760174 0.061390
vt 0.773007 0.076776
vt 0.773225 0.092342
vt 0.746692 0.061526
vt 0.759855 0.076989
vt 0.746537 0.077147
vt 0.760058 0.092483
vt 0.746484 0.092711
vt 0.746664 0.108160
vt 0.760477 0.107976
vt 0.773993 0.107935
vt 0.732817 0.108442
vt 0.719150 0.108779
vt 0.719607 0.124256
vt 0.733312 0.123884
vt 0.720237 0.139739
vt 0.747143 0.123563
vt 0.733962 0.139361
vt 0.720730 0.154531
vt 0.760970 0.123429
vt 0.747638 0.139075
vt 0.734442 0.154193
vt 0.721376 0.169540
vt 0.734948 0.169229
vt 0.748133 0.153946
vt 0.748502 0.169074
vt 0.761298 0.138999
vt 0.761789 0.153831
vt 0.762118 0.168952
vt 0.774642 0.123579
vt 0.774979 0.139211
vt 0.775396 0.153953
vt 0.775712 0.169040
vt 0.787608 0.108188
vt 0.788271 0.123817
vt 0.801371 0.108378
vt 0.788590 0.139569
vt 0.801865 0.124083
vt 0.815216 0.108589
vt 0.815449 0.124335
vt 0.828798 0.108706
vt 0.788954 0.154274
vt 0.789277 0.169272
vt 0.802063 0.139899
vt 0.802462 0.154514
vt 0.802874 0.169483
vt 0.815613 0.140101
vt 0.815896 0.154782
vt 0.816263 0.169779
vt 0.829167 0.140245
vt 0.829412 0.155146
vt 0.829675 0.170044
vt 0.844401 0.166160
vt 0.844082 0.155287
vt 0.855112 0.155319
vt 0.843892 0.140511
vt 0.858813 0.140603
vt 0.858555 0.124870
vt 0.843738 0.124600
vt 0.858510 0.109169
vt 0.828986 0.124406
vt 0.843693 0.108887
vt 0.692292 0.155421
vt 0.692607 0.166508
vt 0.681252 0.155900
vt 0.707145 0.154945
vt 0.707693 0.169954
vt 0.691875 0.140526
vt 0.676910 0.140971
vt 0.706675 0.140089
vt 0.691489 0.124706
vt 0.676603 0.125161
vt 0.706033 0.124498
vt 0.691059 0.108962
vt 0.676257 0.109381
vt 0.676068 0.093673
vt 0.705694 0.108856
vt 0.690959 0.093302
vt 0.676003 0.078005
vt 0.705600 0.093214
vt 0.691009 0.077722
vt 0.676071 0.062230
vt 0.719030 0.093141
vt 0.705757 0.077522
vt 0.690968 0.062062
vt 0.676135 0.046403
vt 0.691078 0.046275
vt 0.676512 0.030557
vt 0.705780 0.061868
vt 0.691325 0.030430
vt 0.680614 0.015527
vt 0.705889 0.046180
vt 0.691596 0.015492
vt 0.691650 0.004542
vt 0.706146 0.030392
vt 0.706412 0.015424
vt 0.582687 0.869571
vt 0.595540 0.871366
vt 0.569787 0.867596
vt 0.584801 0.855204
vt 0.597569 0.856945
vt 0.556831 0.865634
vt 0.586916 0.840502
vt 0.572001 0.853253
vt 0.599764 0.842338
vt 0.559202 0.851305
vt 0.574046 0.838660
vt 0.589003 0.826117
vt 0.548735 0.835021
vt 0.576114 0.824397
vt 0.561297 0.836836
vt 0.563365 0.822659
vt 0.550761 0.820959
vt 0.536305 0.833232
vt 0.538307 0.819289
vt 0.539632 0.808628
vt 0.525933 0.817706
vt 0.511747 0.829268
vt 0.513885 0.816019
vt 0.527230 0.807170
vt 0.500642 0.814657
vt 0.552196 0.810167
vt 0.514963 0.805762
vt 0.651351 0.613459
vt 0.665801 0.626327
vt 0.650476 0.625052
vt 0.664851 0.637947
vt 0.636911 0.624026
vt 0.637781 0.612473
vt 0.649548 0.636653
vt 0.663877 0.649495
vt 0.635993 0.635587
vt 0.648602 0.648228
vt 0.662920 0.661113
vt 0.624256 0.611507
vt 0.625118 0.599968
vt 0.623339 0.623042
vt 0.647639 0.659800
vt 0.661929 0.672729
vt 0.635051 0.647142
vt 0.622445 0.634573
vt 0.646655 0.671383
vt 0.660912 0.684349
vt 0.634097 0.658686
vt 0.621516 0.646110
vt 0.645650 0.682973
vt 0.659889 0.695964
vt 0.633124 0.670231
vt 0.620553 0.657618
vt 0.644628 0.694573
vt 0.658786 0.707586
vt 0.632131 0.681784
vt 0.619579 0.669132
vt 0.643529 0.706165
vt 0.657681 0.719179
vt 0.631120 0.693342
vt 0.618602 0.680653
vt 0.642401 0.717724
vt 0.656449 0.730765
vt 0.630039 0.704894
vt 0.617596 0.692169
vt 0.641232 0.729254
vt 0.655223 0.742355
vt 0.628907 0.716435
vt 0.639997 0.740782
vt 0.654032 0.753910
vt 0.627736 0.727937
vt 0.638717 0.752326
vt 0.652727 0.765513
vt 0.626505 0.739404
vt 0.637388 0.763825
vt 0.651273 0.777112
vt 0.625163 0.750831
vt 0.635990 0.775314
vt 0.649797 0.788763
vt 0.623865 0.762250
vt 0.622545 0.773648
vt 0.634526 0.786771
vt 0.648251 0.800454
vt 0.621171 0.784999
vt 0.633004 0.798221
vt 0.646398 0.812107
vt 0.619669 0.796306
vt 0.631315 0.809647
vt 0.644471 0.823706
vt 0.629489 0.820992
vt 0.642311 0.835326
vt 0.618159 0.807600
vt 0.627536 0.832000
vt 0.638737 0.849688
vt 0.616454 0.818776
vt 0.625172 0.846116
vt 0.622948 0.860109
vt 0.637189 0.860399
vt 0.612513 0.844164
vt 0.636389 0.875278
vt 0.614724 0.829714
vt 0.621276 0.874467
vt 0.634983 0.891150
vt 0.610294 0.858621
vt 0.619600 0.889578
vt 0.632945 0.907031
vt 0.608366 0.873018
vt 0.617573 0.905016
vt 0.630743 0.922889
vt 0.606438 0.888046
vt 0.369982 0.023443
vt 0.385358 0.021519
vt 0.386112 0.030579
vt 0.401465 0.029657
vt 0.386916 0.041069
vt 0.400953 0.020284
vt 0.373965 0.056062
vt 0.389320 0.055515
vt 0.387718 0.068156
vt 0.402145 0.040295
vt 0.417162 0.028749
vt 0.417641 0.039396
vt 0.416753 0.019434
vt 0.403414 0.067531
vt 0.404093 0.054857
vt 0.388277 0.081226
vt 0.432637 0.027796
vt 0.432261 0.018460
vt 0.433104 0.038444
vt 0.448076 0.026883
vt 0.447763 0.017681
vt 0.463332 0.016873
vt 0.448537 0.037506
vt 0.463402 0.026057
vt 0.478754 0.016846
vt 0.463708 0.036512
vt 0.478804 0.025676
vt 0.493887 0.016512
vt 0.479062 0.035431
vt 0.494386 0.025115
vt 0.509208 0.014696
vt 0.494635 0.034334
vt 0.478205 0.049707
vt 0.494822 0.048192
vt 0.462823 0.051184
vt 0.510238 0.023857
vt 0.448279 0.052222
vt 0.510720 0.033008
vt 0.525845 0.021998
vt 0.524685 0.013037
vt 0.526607 0.031933
vt 0.512492 0.047123
vt 0.539201 0.020264
vt 0.538107 0.011036
vt 0.540127 0.030911
vt 0.529552 0.045992
vt 0.552443 0.019073
vt 0.551653 0.009618
vt 0.553306 0.029898
vt 0.565351 0.008441
vt 0.543148 0.045405
vt 0.566068 0.017949
vt 0.579025 0.007292
vt 0.566780 0.028927
vt 0.555970 0.044607
vt 0.541454 0.058407
vt 0.580315 0.027928
vt 0.555044 0.057663
vt 0.568825 0.043805
vt 0.568618 0.056844
vt 0.579616 0.016974
vt 0.581674 0.042967
vt 0.593944 0.026851
vt 0.593239 0.015905
vt 0.592674 0.006280
vt 0.582166 0.055984
vt 0.606897 0.014826
vt 0.606361 0.005268
vt 0.607590 0.025722
vt 0.594572 0.041969
vt 0.607445 0.040949
vt 0.620590 0.013880
vt 0.620039 0.004335
vt 0.621221 0.024718
vt 0.620444 0.039828
vt 0.595693 0.054984
vt 0.112248 0.857008
vt 0.095087 0.843493
vt 0.110344 0.841536
vt 0.093436 0.828770
vt 0.127955 0.854773
vt 0.092034 0.817646
vt 0.108543 0.826560
vt 0.125743 0.839260
vt 0.143550 0.851853
vt 0.107118 0.815382
vt 0.090444 0.806595
vt 0.123798 0.824188
vt 0.141145 0.836521
vt 0.159288 0.848393
vt 0.105693 0.804215
vt 0.089044 0.795317
vt 0.122231 0.812962
vt 0.138897 0.821415
vt 0.156330 0.833317
vt 0.171105 0.829818
vt 0.175021 0.844969
vt 0.153453 0.818406
vt 0.137092 0.810196
vt 0.120612 0.801849
vt 0.151601 0.807444
vt 0.104285 0.792998
vt 0.087591 0.784087
vt 0.102799 0.781906
vt 0.119205 0.790807
vt 0.135400 0.799193
vt 0.133892 0.788329
vt 0.149986 0.796527
vt 0.148481 0.785679
vt 0.164450 0.794161
vt 0.166028 0.804767
vt 0.167853 0.815395
vt 0.180071 0.802636
vt 0.181759 0.812808
vt 0.332985 0.796615
vt 0.321760 0.807616
vt 0.320917 0.797243
vt 0.307942 0.787430
vt 0.320445 0.786871
vt 0.308531 0.798017
vt 0.295323 0.787913
vt 0.332586 0.786467
vt 0.332287 0.776269
vt 0.295884 0.798674
vt 0.283017 0.799078
vt 0.283545 0.810010
vt 0.309235 0.808655
vt 0.296475 0.809460
vt 0.284192 0.824885
vt 0.297478 0.824263
vt 0.285025 0.840019
vt 0.298582 0.839276
vt 0.310564 0.823229
vt 0.312080 0.838079
vt 0.323337 0.821801
vt 0.325501 0.836477
vt 0.333591 0.806645
vt 0.335478 0.819996
vt 0.338691 0.834160
vt 0.351923 0.827816
vt 0.347659 0.818171
vt 0.356445 0.818324
vt 0.346148 0.806111
vt 0.358564 0.806174
vt 0.371530 0.807005
vt 0.346076 0.796236
vt 0.359067 0.796356
vt 0.345968 0.786147
vt 0.372347 0.796945
vt 0.385611 0.808138
vt 0.386502 0.797354
vt 0.359499 0.786248
vt 0.345971 0.775997
vt 0.359681 0.775959
vt 0.373133 0.786626
vt 0.345935 0.765715
vt 0.332074 0.765904
vt 0.359745 0.765657
vt 0.373330 0.776096
vt 0.345904 0.755371
vt 0.162032 0.773146
vt 0.146137 0.764464
vt 0.160974 0.762677
vt 0.175569 0.761442
vt 0.147293 0.775111
vt 0.131325 0.766665
vt 0.176527 0.771816
vt 0.189796 0.760499
vt 0.163144 0.783587
vt 0.132649 0.777474
vt 0.190549 0.770869
vt 0.177625 0.782141
vt 0.116498 0.768785
vt 0.115110 0.757717
vt 0.100007 0.759626
vt 0.098733 0.748418
vt 0.117908 0.779777
vt 0.101380 0.770813
vt 0.083425 0.750212
vt 0.082011 0.738789
vt 0.067988 0.752009
vt 0.069387 0.763591
vt 0.054166 0.765271
vt 0.084722 0.761513
vt 0.086130 0.772805
vt 0.070823 0.774920
vt 0.055612 0.776866
vt 0.040066 0.778914
vt 0.072298 0.786272
vt 0.057158 0.788465
vt 0.041636 0.790621
vt 0.058860 0.800032
vt 0.043385 0.802361
vt 0.045471 0.814131
vt 0.073901 0.797635
vt 0.075342 0.808978
vt 0.060707 0.811528
vt 0.062679 0.822763
vt 0.047603 0.825905
vt 0.077091 0.820123
vt 0.078719 0.830880
vt 0.064801 0.833611
vt 0.050330 0.837685
vt 0.057244 0.850939
vt 0.066846 0.846931
vt 0.066287 0.857460
vt 0.080214 0.844981
vt 0.080976 0.859722
vt 0.096598 0.858662
vt 0.609381 0.053926
vt 0.633462 0.038440
vt 0.610231 0.067449
vt 0.596586 0.068567
vt 0.623123 0.052667
vt 0.623937 0.066302
vt 0.636800 0.051288
vt 0.634673 0.023563
vt 0.647217 0.036665
vt 0.634061 0.012899
vt 0.633687 0.003464
vt 0.647298 0.002719
vt 0.637552 0.064905
vt 0.648093 0.011879
vt 0.662655 0.000000
vt 0.665849 0.009202
vt 0.666836 0.020069
vt 0.648732 0.022048
vt 0.664744 0.035372
vt 0.650408 0.049494
vt 0.666076 0.048222
vt 0.666940 0.061890
vt 0.651298 0.063338
vt 0.667890 0.075913
vt 0.652312 0.077326
vt 0.668874 0.090122
vt 0.638457 0.078692
vt 0.653384 0.091387
vt 0.669900 0.104268
vt 0.624979 0.080000
vt 0.639614 0.092587
vt 0.654349 0.105371
vt 0.670588 0.118171
vt 0.655072 0.119116
vt 0.671178 0.132032
vt 0.640596 0.106384
vt 0.626072 0.093733
vt 0.611355 0.081009
vt 0.655707 0.132911
vt 0.671799 0.145883
vt 0.641316 0.120143
vt 0.626977 0.107403
vt 0.612462 0.094677
vt 0.656325 0.146733
vt 0.672438 0.159424
vt 0.641977 0.133868
vt 0.627772 0.121143
vt 0.613539 0.108489
vt 0.656909 0.160254
vt 0.672926 0.173287
vt 0.657468 0.174076
vt 0.642560 0.147590
vt 0.643098 0.161144
vt 0.643723 0.174912
vt 0.628377 0.134836
vt 0.628933 0.148459
vt 0.629505 0.161951
vt 0.630068 0.175605
vt 0.644333 0.188668
vt 0.614511 0.122294
vt 0.615241 0.135899
vt 0.600142 0.109584
vt 0.601272 0.123485
vt 0.615465 0.149408
vt 0.601913 0.137043
vt 0.587784 0.124285
vt 0.598797 0.095606
vt 0.615823 0.162766
vt 0.586556 0.110436
vt 0.597712 0.082036
vt 0.585198 0.096577
vt 0.584064 0.082936
vt 0.583093 0.069381
vt 0.569487 0.070308
vt 0.570437 0.083792
vt 0.571422 0.097355
vt 0.572575 0.111079
vt 0.555865 0.071157
vt 0.556809 0.084634
vt 0.557719 0.098099
vt 0.558526 0.111678
vt 0.542206 0.071913
vt 0.543067 0.085372
vt 0.543922 0.098863
vt 0.544687 0.112384
vt 0.545439 0.125930
vt 0.530959 0.113175
vt 0.531695 0.126781
vt 0.515497 0.114092
vt 0.559365 0.125297
vt 0.546140 0.139488
vt 0.530178 0.099623
vt 0.573668 0.124800
vt 0.560050 0.138783
vt 0.560557 0.152183
vt 0.574292 0.138331
vt 0.574553 0.151708
vt 0.574803 0.165019
vt 0.588383 0.137834
vt 0.588492 0.151124
vt 0.588606 0.164316
vt 0.589056 0.177762
vt 0.602086 0.150341
vt 0.602739 0.177026
vt 0.602229 0.163545
vt 0.616397 0.176300
vt 0.603304 0.190578
vt 0.589548 0.191272
vt 0.603921 0.205792
vt 0.616959 0.189909
vt 0.630626 0.189274
vt 0.617657 0.205201
vt 0.631257 0.204639
vt 0.644982 0.204128
vt 0.631835 0.219974
vt 0.618224 0.220502
vt 0.604614 0.220971
vt 0.590967 0.221525
vt 0.618692 0.235576
vt 0.605099 0.236085
vt 0.591609 0.236646
vt 0.605594 0.251281
vt 0.619129 0.250847
vt 0.632313 0.235140
vt 0.645997 0.234694
vt 0.632775 0.250517
vt 0.633108 0.265889
vt 0.646376 0.250120
vt 0.473515 0.197474
vt 0.488474 0.183538
vt 0.489444 0.196925
vt 0.504688 0.195822
vt 0.490216 0.211982
vt 0.505509 0.210802
vt 0.491150 0.226571
vt 0.475495 0.227398
vt 0.506356 0.225713
vt 0.474550 0.212431
vt 0.476620 0.242114
vt 0.458431 0.213124
vt 0.459404 0.228191
vt 0.460375 0.242999
vt 0.492226 0.241270
vt 0.461286 0.257609
vt 0.477574 0.256717
vt 0.444240 0.243809
vt 0.507384 0.240481
vt 0.493358 0.255805
vt 0.462501 0.272142
vt 0.478790 0.271236
vt 0.508510 0.254988
vt 0.494602 0.270164
vt 0.522725 0.239793
vt 0.494643 0.283024
vt 0.509691 0.269296
vt 0.523598 0.254313
vt 0.509708 0.282174
vt 0.524637 0.268576
vt 0.521810 0.224822
vt 0.537879 0.238951
vt 0.538630 0.253535
vt 0.520943 0.209950
vt 0.537152 0.223914
vt 0.536108 0.208904
vt 0.520024 0.194920
vt 0.519166 0.181658
vt 0.535274 0.193917
vt 0.549554 0.208189
vt 0.550426 0.223155
vt 0.035972 0.017478
vt 0.017401 0.014887
vt 0.021306 0.005417
vt 0.016412 0.025859
vt 0.037115 0.008578
vt 0.035005 0.026942
vt 0.016135 0.041028
vt 0.034694 0.041550
vt 0.052084 0.018834
vt 0.052460 0.009854
vt 0.067660 0.019932
vt 0.051465 0.028836
vt 0.052157 0.043073
vt 0.067057 0.030420
vt 0.559482 0.744229
vt 0.571348 0.756626
vt 0.558393 0.755359
vt 0.546527 0.743075
vt 0.583128 0.769075
vt 0.584368 0.757906
vt 0.596168 0.770497
vt 0.581795 0.780208
vt 0.572479 0.745438
vt 0.560498 0.733074
vt 0.547511 0.731935
vt 0.585548 0.746714
vt 0.573548 0.734221
vt 0.561486 0.721838
vt 0.586665 0.735448
vt 0.533586 0.741984
vt 0.532622 0.753025
vt 0.597450 0.759281
vt 0.598631 0.748061
vt 0.519810 0.752053
vt 0.574579 0.722980
vt 0.518864 0.762962
vt 0.599847 0.736739
vt 0.587766 0.724130
vt 0.575597 0.711648
vt 0.613108 0.738060
vt 0.600983 0.725377
vt 0.588827 0.712752
vt 0.602112 0.713961
vt 0.562452 0.710550
vt 0.548435 0.720737
vt 0.563324 0.699222
vt 0.534521 0.730843
vt 0.549328 0.709488
vt 0.535440 0.719705
vt 0.520691 0.740965
vt 0.522386 0.718723
vt 0.536285 0.708490
vt 0.550165 0.698225
vt 0.521555 0.729901
vt 0.506130 0.739981
vt 0.506896 0.728889
vt 0.505340 0.750935
vt 0.504543 0.761844
vt 0.490830 0.749935
vt 0.490197 0.760779
vt 0.491493 0.739013
vt 0.475825 0.759799
vt 0.476363 0.748924
vt 0.475351 0.770603
vt 0.489564 0.771584
vt 0.503743 0.772658
vt 0.517938 0.773771
vt 0.530655 0.774912
vt 0.529550 0.785812
vt 0.502985 0.783336
vt 0.517006 0.784561
vt 0.516032 0.795272
vt 0.528401 0.796550
vt 0.502170 0.794050
vt 0.501380 0.804439
vt 0.488979 0.782283
vt 0.488323 0.792870
vt 0.487847 0.803358
vt 0.487450 0.813442
vt 0.474925 0.781336
vt 0.474503 0.791970
vt 0.488154 0.826198
vt 0.490938 0.835879
vt 0.474225 0.812858
vt 0.475071 0.826463
vt 0.477228 0.841043
vt 0.461302 0.842303
vt 0.460500 0.827192
vt 0.445507 0.842425
vt 0.474240 0.802635
vt 0.460020 0.812781
vt 0.459886 0.801822
vt 0.445311 0.827099
vt 0.429648 0.841836
vt 0.445220 0.812158
vt 0.429992 0.826532
vt 0.413920 0.840819
vt 0.460131 0.791103
vt 0.445275 0.801136
vt 0.430357 0.811415
vt 0.414590 0.825421
vt 0.398113 0.839734
vt 0.460470 0.780351
vt 0.399302 0.824028
vt 0.381911 0.837703
vt 0.445481 0.790299
vt 0.460756 0.769602
vt 0.445812 0.779453
vt 0.430554 0.800362
vt 0.430719 0.789486
vt 0.461142 0.758762
vt 0.446154 0.768680
vt 0.431028 0.778597
vt 0.415729 0.799528
vt 0.415981 0.788709
vt 0.415356 0.810487
vt 0.400404 0.809274
vt 0.400952 0.798507
vt 0.383945 0.822686
vt 0.401346 0.787734
vt 0.369187 0.820596
vt 0.365537 0.834646
vt 0.416285 0.777836
vt 0.431376 0.767847
vt 0.401803 0.777087
vt 0.446442 0.757852
vt 0.416679 0.767153
vt 0.431719 0.757093
vt 0.461662 0.747929
vt 0.446860 0.747063
vt 0.477044 0.738058
vt 0.462268 0.737066
vt 0.492209 0.727984
vt 0.477700 0.727103
vt 0.492953 0.716946
vt 0.462850 0.726227
vt 0.447374 0.736226
vt 0.432548 0.735607
vt 0.478396 0.716125
vt 0.447923 0.725392
vt 0.507687 0.717782
vt 0.479105 0.705100
vt 0.523188 0.707529
vt 0.493759 0.705839
vt 0.508502 0.706635
vt 0.537079 0.697257
vt 0.523981 0.696338
vt 0.551013 0.686946
vt 0.537865 0.686030
vt 0.524803 0.685140
vt 0.538698 0.674776
vt 0.509345 0.695473
vt 0.525630 0.673896
vt 0.494569 0.694678
vt 0.510158 0.684263
vt 0.495337 0.683446
vt 0.479768 0.694008
vt 0.480461 0.682815
vt 0.496058 0.672183
vt 0.481160 0.671592
vt 0.510914 0.673001
vt 0.481857 0.660359
vt 0.496747 0.660912
vt 0.511623 0.661701
vt 0.526431 0.662597
vt 0.539565 0.663452
vt 0.551886 0.675652
vt 0.552808 0.664291
vt 0.564218 0.687905
vt 0.540377 0.652064
vt 0.527205 0.651250
vt 0.565132 0.676551
vt 0.577488 0.688885
vt 0.578438 0.677515
vt 0.576546 0.700263
vt 0.589838 0.701355
vt 0.590793 0.689951
vt 0.603164 0.702514
vt 0.615472 0.715191
vt 0.591772 0.678530
vt 0.604170 0.691041
vt 0.616554 0.703690
vt 0.605167 0.679579
vt 0.614305 0.726649
vt 0.611839 0.749403
vt 0.610603 0.760735
vt 0.609319 0.772014
vt 0.594787 0.781638
vt 0.580516 0.791247
vt 0.607929 0.783255
vt 0.593474 0.792776
vt 0.579201 0.802318
vt 0.606571 0.794479
vt 0.592078 0.803974
vt 0.577693 0.813431
vt 0.605080 0.805728
vt 0.590569 0.815139
vt 0.603509 0.816931
vt 0.601881 0.827878
vt 0.032967 0.270054
vt 0.018835 0.253906
vt 0.034255 0.254653
vt 0.019910 0.238566
vt 0.004500 0.237759
vt 0.048941 0.270692
vt 0.003417 0.253183
vt 0.017598 0.269382
vt 0.002294 0.268741
vt 0.017452 0.283143
vt 0.002030 0.282692
vt 0.032951 0.283708
vt 0.048953 0.284223
vt 0.032771 0.297309
vt 0.017252 0.296846
vt 0.001800 0.296544
vt 0.017030 0.310645
vt 0.657969 0.188046
vt 0.673506 0.187278
vt 0.674098 0.202954
vt 0.658651 0.203508
vt 0.674698 0.218467
vt 0.659270 0.218985
vt 0.675111 0.233754
vt 0.659681 0.234231
vt 0.675433 0.249275
vt 0.645524 0.219453
vt 0.660052 0.249743
vt 0.675659 0.264918
vt 0.660233 0.265234
vt 0.675860 0.278911
vt 0.660470 0.279121
vt 0.676003 0.292813
vt 0.646682 0.265559
vt 0.660631 0.292981
vt 0.676001 0.306731
vt 0.646877 0.279407
vt 0.660653 0.306862
vt 0.675899 0.320405
vt 0.646972 0.293247
vt 0.660598 0.320606
vt 0.676003 0.334331
vt 0.647026 0.307091
vt 0.633292 0.279731
vt 0.633391 0.293499
vt 0.660542 0.334425
vt 0.675852 0.348322
vt 0.647041 0.320760
vt 0.633410 0.307292
vt 0.660430 0.348268
vt 0.675831 0.363086
vt 0.646949 0.334556
vt 0.660416 0.362914
vt 0.675683 0.377630
vt 0.646888 0.348316
vt 0.633417 0.320851
vt 0.633360 0.334593
vt 0.660281 0.377442
vt 0.675497 0.392160
vt 0.646866 0.362831
vt 0.633306 0.348310
vt 0.660083 0.391987
vt 0.675217 0.406716
vt 0.646744 0.377263
vt 0.633188 0.362762
vt 0.608054 0.645122
vt 0.607120 0.656612
vt 0.595569 0.632670
vt 0.594654 0.644167
vt 0.583093 0.620276
vt 0.582190 0.631760
vt 0.606150 0.668099
vt 0.593704 0.655648
vt 0.592739 0.667093
vt 0.581273 0.643225
vt 0.580344 0.654681
vt 0.579395 0.666113
vt 0.566093 0.665169
vt 0.567029 0.653740
vt 0.567934 0.642320
vt 0.553704 0.652894
vt 0.568830 0.630871
vt 0.554617 0.641472
vt 0.541212 0.640631
vt 0.569739 0.619390
vt 0.584018 0.608781
vt 0.555485 0.630013
vt 0.542055 0.629182
vt 0.528041 0.639826
vt 0.512331 0.650365
vt 0.556377 0.618533
vt 0.570650 0.607900
vt 0.584826 0.597309
vt 0.497391 0.649607
vt 0.571440 0.596438
vt 0.585471 0.585829
vt 0.557274 0.607053
vt 0.542944 0.617705
vt 0.558062 0.595568
vt 0.572088 0.584971
vt 0.586055 0.574304
vt 0.543820 0.606205
vt 0.558722 0.584037
vt 0.572649 0.573411
vt 0.586676 0.562774
vt 0.544561 0.594692
vt 0.559240 0.572519
vt 0.573223 0.561931
vt 0.587256 0.551278
vt 0.545212 0.583187
vt 0.559866 0.561023
vt 0.573854 0.550421
vt 0.587835 0.539760
vt 0.545826 0.571673
vt 0.560506 0.549550
vt 0.574448 0.538932
vt 0.588359 0.528222
vt 0.546473 0.560202
vt 0.561099 0.538064
vt 0.574967 0.527425
vt 0.547179 0.548683
vt 0.561647 0.526605
vt 0.575502 0.515972
vt 0.522445 0.490057
vt 0.508427 0.478058
vt 0.523142 0.478881
vt 0.523402 0.466393
vt 0.537145 0.490947
vt 0.521685 0.501312
vt 0.538478 0.454588
vt 0.523702 0.453950
vt 0.538798 0.441994
vt 0.508581 0.465659
vt 0.507623 0.489290
vt 0.493391 0.477270
vt 0.508924 0.453220
vt 0.524018 0.441427
vt 0.539126 0.429301
vt 0.552256 0.429691
vt 0.493570 0.464917
vt 0.492514 0.488601
vt 0.509167 0.440755
vt 0.478041 0.476593
vt 0.493720 0.452539
vt 0.478127 0.464215
vt 0.524321 0.428831
vt 0.494103 0.440074
vt 0.539333 0.416662
vt 0.509489 0.428311
vt 0.524587 0.416324
vt 0.552489 0.416956
vt 0.565769 0.417226
vt 0.565987 0.404422
vt 0.539663 0.403993
vt 0.552797 0.404229
vt 0.566162 0.390365
vt 0.579422 0.390574
vt 0.579529 0.376410
vt 0.566252 0.376243
vt 0.579730 0.362188
vt 0.552941 0.390194
vt 0.539791 0.390004
vt 0.525043 0.403763
vt 0.510010 0.415779
vt 0.553018 0.376093
vt 0.553226 0.361898
vt 0.525000 0.389835
vt 0.566458 0.362037
vt 0.539912 0.375979
vt 0.540131 0.361834
vt 0.553375 0.347607
vt 0.579804 0.347857
vt 0.593074 0.348103
vt 0.566597 0.347652
vt 0.593134 0.334401
vt 0.606452 0.334550
vt 0.606487 0.320894
vt 0.553484 0.333926
vt 0.566698 0.334035
vt 0.540322 0.334185
vt 0.579900 0.334199
vt 0.579905 0.320551
vt 0.593151 0.320732
vt 0.593232 0.307341
vt 0.178837 0.792387
vt 0.191366 0.781155
vt 0.192372 0.791323
vt 0.193355 0.801335
vt 0.206589 0.800568
vt 0.194618 0.811068
vt 0.205958 0.790549
vt 0.205342 0.780315
vt 0.219953 0.800069
vt 0.204675 0.770050
vt 0.219618 0.789933
vt 0.219182 0.779500
vt 0.204120 0.759578
vt 0.203493 0.749007
vt 0.218742 0.769124
vt 0.218245 0.758628
vt 0.217692 0.748042
vt 0.231652 0.779013
vt 0.231181 0.768479
vt 0.230808 0.757890
vt 0.230358 0.747288
vt 0.231943 0.789501
vt 0.244406 0.789181
vt 0.232092 0.799918
vt 0.232108 0.810289
vt 0.244175 0.778600
vt 0.243804 0.767984
vt 0.243431 0.757350
vt 0.256813 0.778202
vt 0.243022 0.746674
vt 0.229845 0.736611
vt 0.242597 0.735980
vt 0.256448 0.767524
vt 0.256097 0.756848
vt 0.255746 0.746182
vt 0.255366 0.735468
vt 0.268512 0.745762
vt 0.268199 0.735003
vt 0.267896 0.724225
vt 0.268808 0.756442
vt 0.269174 0.767161
vt 0.281571 0.756113
vt 0.280759 0.723898
vt 0.280975 0.734705
vt 0.281238 0.745404
vt 0.269513 0.777888
vt 0.281878 0.766824
vt 0.294566 0.766524
vt 0.294258 0.755863
vt 0.293965 0.745158
vt 0.293755 0.734500
vt 0.306718 0.745022
vt 0.306523 0.734366
vt 0.306914 0.755676
vt 0.319227 0.734356
vt 0.293575 0.723794
vt 0.306308 0.723710
vt 0.319142 0.723693
vt 0.319361 0.744992
vt 0.331872 0.723799
vt 0.331882 0.734418
vt 0.331937 0.744995
vt 0.319497 0.755563
vt 0.319691 0.766111
vt 0.331996 0.755489
vt 0.307170 0.766285
vt 0.320013 0.776594
vt 0.307499 0.776832
vt 0.294900 0.777171
vt 0.282232 0.777555
vt 0.282635 0.788311
vt 0.269876 0.788608
vt 0.257080 0.789006
vt 0.257233 0.799808
vt 0.270134 0.799485
vt 0.244496 0.799745
vt 0.257369 0.810558
vt 0.244572 0.810445
vt 0.270397 0.810447
vt 0.244371 0.825016
vt 0.257507 0.825157
vt 0.270819 0.825195
vt 0.257766 0.840219
vt 0.244026 0.840039
vt 0.271414 0.840408
vt 0.230449 0.839134
vt 0.231583 0.824425
vt 0.217012 0.837504
vt 0.219359 0.823294
vt 0.203205 0.831811
vt 0.220088 0.810067
vt 0.207315 0.810224
vt 0.206726 0.822240
vt 0.197753 0.823119
vt 0.185345 0.826139
vt 0.190901 0.840385
vt 0.659840 0.406473
vt 0.675040 0.419914
vt 0.646527 0.391726
vt 0.633104 0.377054
vt 0.659641 0.419585
vt 0.674771 0.433107
vt 0.646316 0.406209
vt 0.632956 0.391490
vt 0.659378 0.432723
vt 0.674396 0.446281
vt 0.646056 0.419327
vt 0.632748 0.405913
vt 0.659051 0.445892
vt 0.674028 0.459448
vt 0.645774 0.432404
vt 0.632509 0.418978
vt 0.658669 0.459001
vt 0.673579 0.472649
vt 0.645491 0.445507
vt 0.632233 0.432041
vt 0.619060 0.418648
vt 0.658228 0.472178
vt 0.673065 0.485875
vt 0.645105 0.458548
vt 0.631926 0.445086
vt 0.657747 0.485313
vt 0.672719 0.497695
vt 0.644660 0.471662
vt 0.657390 0.496979
vt 0.672320 0.509502
vt 0.644223 0.484774
vt 0.656936 0.508721
vt 0.671832 0.521299
vt 0.643803 0.496432
vt 0.656461 0.520417
vt 0.671343 0.533032
vt 0.643376 0.508080
vt 0.655979 0.532073
vt 0.670820 0.544740
vt 0.642906 0.519689
vt 0.642406 0.531317
vt 0.655466 0.543732
vt 0.670280 0.556433
vt 0.641887 0.542933
vt 0.654918 0.555375
vt 0.669743 0.568114
vt 0.641341 0.554538
vt 0.654354 0.567013
vt 0.669140 0.579787
vt 0.640756 0.566143
vt 0.653752 0.578644
vt 0.668440 0.591441
vt 0.640128 0.577747
vt 0.627165 0.565276
vt 0.627755 0.553700
vt 0.653051 0.590233
vt 0.667525 0.603061
vt 0.639442 0.589325
vt 0.626530 0.576865
vt 0.652245 0.601838
vt 0.666699 0.614698
vt 0.638671 0.600897
vt 0.625857 0.588425
vt 0.564891 0.811780
vt 0.540946 0.797872
vt 0.553549 0.799302
vt 0.542186 0.787089
vt 0.566333 0.800808
vt 0.554839 0.788425
vt 0.567616 0.789796
vt 0.543363 0.776144
vt 0.556126 0.777453
vt 0.568913 0.778824
vt 0.544465 0.765154
vt 0.531661 0.763992
vt 0.557277 0.766392
vt 0.545527 0.754135
vt 0.570184 0.767681
vt 0.462641 0.285044
vt 0.478952 0.284029
vt 0.494719 0.295975
vt 0.509659 0.295238
vt 0.479116 0.296917
vt 0.462981 0.298036
vt 0.446356 0.285902
vt 0.509957 0.308304
vt 0.525104 0.294466
vt 0.494955 0.308987
vt 0.525299 0.307781
vt 0.540362 0.307349
vt 0.510300 0.321590
vt 0.479485 0.310090
vt 0.495309 0.322078
vt 0.510574 0.334880
vt 0.525358 0.321228
vt 0.540352 0.320701
vt 0.553488 0.320421
vt 0.553500 0.307109
vt 0.566900 0.307121
vt 0.567179 0.294135
vt 0.566731 0.320484
vt 0.580442 0.294201
vt 0.580506 0.281081
vt 0.580050 0.307256
vt 0.593505 0.294086
vt 0.593476 0.280795
vt 0.593068 0.267234
vt 0.606434 0.307389
vt 0.606448 0.293884
vt 0.606386 0.280375
vt 0.619858 0.293723
vt 0.606117 0.266667
vt 0.592296 0.251926
vt 0.619722 0.279966
vt 0.619485 0.266210
vt 0.619872 0.307398
vt 0.619887 0.320940
vt 0.619884 0.334597
vt 0.619792 0.348289
vt 0.619718 0.362649
vt 0.606393 0.348268
vt 0.619588 0.376893
vt 0.606288 0.362556
vt 0.619496 0.391289
vt 0.592955 0.362399
vt 0.606201 0.376696
vt 0.619281 0.405646
vt 0.606079 0.391038
vt 0.605881 0.405341
vt 0.605651 0.418290
vt 0.592536 0.405043
vt 0.605359 0.431235
vt 0.592717 0.390788
vt 0.592809 0.376566
vt 0.592320 0.417948
vt 0.579233 0.404731
vt 0.579012 0.417590
vt 0.565463 0.430085
vt 0.578740 0.430478
vt 0.592020 0.430842
vt 0.591667 0.443818
vt 0.578407 0.443342
vt 0.605017 0.444244
vt 0.591315 0.456588
vt 0.618751 0.431653
vt 0.618434 0.444662
vt 0.604657 0.457087
vt 0.618068 0.457601
vt 0.604262 0.470017
vt 0.631540 0.458085
vt 0.617695 0.470597
vt 0.631136 0.471138
vt 0.617199 0.483588
vt 0.630691 0.484180
vt 0.616713 0.495155
vt 0.630228 0.495803
vt 0.629738 0.507403
vt 0.603740 0.482995
vt 0.616233 0.506680
vt 0.629298 0.518963
vt 0.603263 0.494516
vt 0.615750 0.518233
vt 0.628815 0.530554
vt 0.602774 0.505972
vt 0.615287 0.529790
vt 0.628302 0.542140
vt 0.614776 0.541349
vt 0.602298 0.517480
vt 0.601799 0.529008
vt 0.614221 0.552883
vt 0.601282 0.540548
vt 0.613644 0.564439
vt 0.600755 0.552091
vt 0.613025 0.575993
vt 0.600132 0.563637
vt 0.612374 0.587539
vt 0.599515 0.575145
vt 0.611671 0.599084
vt 0.598906 0.586677
vt 0.610829 0.610598
vt 0.598229 0.598196
vt 0.609882 0.622109
vt 0.597414 0.609681
vt 0.608975 0.633613
vt 0.596467 0.621184
vt 0.588877 0.516733
vt 0.576044 0.504530
vt 0.589372 0.505266
vt 0.589893 0.493833
vt 0.576584 0.493134
vt 0.590381 0.482384
vt 0.562221 0.515183
vt 0.563333 0.492432
vt 0.590913 0.469473
vt 0.578026 0.456085
vt 0.577625 0.468887
vt 0.577081 0.481729
vt 0.564386 0.468323
vt 0.563856 0.481103
vt 0.565129 0.442868
vt 0.564783 0.455578
vt 0.550204 0.491720
vt 0.550711 0.480446
vt 0.551223 0.467748
vt 0.551572 0.455105
vt 0.551892 0.442421
vt 0.538116 0.467151
vt 0.537733 0.479776
vt 0.548827 0.193136
vt 0.563137 0.207546
vt 0.551149 0.238191
vt 0.563825 0.222701
vt 0.552030 0.252995
vt 0.564585 0.237673
vt 0.539455 0.267934
vt 0.565555 0.252779
vt 0.524764 0.281464
vt 0.553003 0.267815
vt 0.539850 0.280773
vt 0.553431 0.280989
vt 0.566641 0.267824
vt 0.540266 0.294002
vt 0.567179 0.281112
vt 0.553591 0.293994
vt 0.580025 0.267691
vt 0.579043 0.252469
vt 0.578064 0.237261
vt 0.577373 0.222096
vt 0.576641 0.207007
vt 0.590209 0.206525
vt 0.575869 0.191807
vt 0.562403 0.192429
vt 0.575389 0.178395
vt 0.561765 0.179169
vt 0.548102 0.179831
vt 0.534483 0.180656
vt 0.561094 0.165730
vt 0.547345 0.166440
vt 0.533698 0.167279
vt 0.518434 0.168211
vt 0.533096 0.153709
vt 0.546806 0.152934
vt 0.532371 0.140321
vt 0.517632 0.154678
vt 0.516888 0.141277
vt 0.502122 0.155612
vt 0.503871 0.182621
vt 0.503051 0.169241
vt 0.487569 0.170222
vt 0.472499 0.183961
vt 0.486608 0.156640
vt 0.457655 0.198163
vt 0.471575 0.170779
vt 0.456655 0.184659
vt 0.441670 0.198880
vt 0.470667 0.157557
vt 0.455628 0.170945
vt 0.485808 0.143036
vt 0.454877 0.157419
vt 0.501366 0.142101
vt 0.469884 0.143726
vt 0.485067 0.129497
vt 0.516207 0.127721
vt 0.500635 0.128580
vt 0.484475 0.116022
vt 0.499963 0.115003
vt 0.468408 0.116933
vt 0.469048 0.130178
vt 0.454051 0.143815
vt 0.453261 0.130515
vt 0.439063 0.157477
vt 0.438282 0.143945
vt 0.439811 0.171155
vt 0.440613 0.185054
vt 0.424076 0.172199
vt 0.423369 0.158497
vt 0.422626 0.145003
vt 0.424845 0.186215
vt 0.425645 0.200316
vt 0.407688 0.160264
vt 0.408356 0.173900
vt 0.408957 0.187881
vt 0.442506 0.213868
vt 0.406923 0.146724
vt 0.443487 0.229007
vt 0.426518 0.215189
vt 0.409815 0.201992
vt 0.427399 0.230043
vt 0.410582 0.216608
vt 0.393121 0.189432
vt 0.393888 0.203397
vt 0.411433 0.231123
vt 0.394527 0.217773
vt 0.392495 0.175487
vt 0.377093 0.190424
vt 0.391807 0.161953
vt 0.376404 0.176631
vt 0.375711 0.163129
vt 0.391165 0.148416
vt 0.375151 0.149544
vt 0.360754 0.177209
vt 0.361363 0.191016
vt 0.359588 0.163429
vt 0.345420 0.177695
vt 0.361984 0.205289
vt 0.345692 0.191940
vt 0.330522 0.178202
vt 0.344190 0.163840
vt 0.359013 0.149793
vt 0.359055 0.136451
vt 0.343460 0.150315
vt 0.374596 0.135966
vt 0.343563 0.137118
vt 0.330153 0.164469
vt 0.328235 0.137540
vt 0.343068 0.123444
vt 0.329036 0.151042
vt 0.450289 0.681784
vt 0.464734 0.693307
vt 0.449670 0.692709
vt 0.465355 0.682284
vt 0.435265 0.681503
vt 0.434692 0.692406
vt 0.450924 0.670753
vt 0.466000 0.671214
vt 0.435856 0.670547
vt 0.451550 0.659680
vt 0.466672 0.660040
vt 0.436428 0.659549
vt 0.452197 0.648529
vt 0.437013 0.648442
vt 0.467408 0.648794
vt 0.482562 0.649106
vt 0.468064 0.637513
vt 0.452790 0.637309
vt 0.437545 0.637234
vt 0.483249 0.637836
vt 0.498046 0.638289
vt 0.468697 0.626234
vt 0.453372 0.626029
vt 0.438085 0.625929
vt 0.483934 0.626530
vt 0.513079 0.638969
vt 0.498784 0.626952
vt 0.528827 0.628362
vt 0.513827 0.627557
vt 0.529670 0.616885
vt 0.514627 0.616114
vt 0.530522 0.605397
vt 0.531263 0.593900
vt 0.515439 0.604644
vt 0.499536 0.615560
vt 0.484622 0.615183
vt 0.531921 0.582362
vt 0.516142 0.593129
vt 0.500278 0.604112
vt 0.485305 0.603769
vt 0.532515 0.570816
vt 0.533185 0.559312
vt 0.516808 0.581599
vt 0.517485 0.570088
vt 0.518179 0.558553
vt 0.500924 0.592661
vt 0.503028 0.558056
vt 0.503721 0.546528
vt 0.488627 0.546185
vt 0.502348 0.569621
vt 0.487918 0.557756
vt 0.501576 0.581173
vt 0.487246 0.569317
vt 0.473109 0.545905
vt 0.473807 0.534292
vt 0.472434 0.557489
vt 0.486582 0.580861
vt 0.471784 0.569049
vt 0.485953 0.592353
vt 0.471183 0.580586
vt 0.470582 0.592066
vt 0.469977 0.603484
vt 0.455681 0.580364
vt 0.455110 0.591837
vt 0.469331 0.614889
vt 0.454548 0.603272
vt 0.453964 0.614682
vt 0.439672 0.591671
vt 0.440197 0.580153
vt 0.439181 0.603150
vt 0.440742 0.568582
vt 0.438635 0.614569
vt 0.423721 0.603133
vt 0.423278 0.614644
vt 0.408350 0.603264
vt 0.456254 0.568818
vt 0.441285 0.557019
vt 0.456845 0.557242
vt 0.441891 0.545398
vt 0.457495 0.545638
vt 0.442555 0.533737
vt 0.426894 0.533477
vt 0.427598 0.521761
vt 0.443281 0.522020
vt 0.458173 0.534033
vt 0.458919 0.522383
vt 0.083610 0.442979
vt 0.100591 0.454445
vt 0.084500 0.455757
vt 0.069201 0.469808
vt 0.052389 0.458376
vt 0.068381 0.457128
vt 0.053210 0.471175
vt 0.036550 0.459600
vt 0.085250 0.468566
vt 0.101366 0.467312
vt 0.037393 0.472514
vt 0.021174 0.460765
vt 0.069811 0.482572
vt 0.021999 0.473834
vt 0.005790 0.461965
vt 0.006616 0.475098
vt 0.053894 0.484016
vt 0.038012 0.485479
vt 0.022722 0.486865
vt 0.007423 0.488273
vt 0.008873 0.499980
vt 0.024162 0.498553
vt 0.010237 0.511683
vt 0.039542 0.497215
vt 0.025578 0.510263
vt 0.011638 0.523367
vt 0.055394 0.495818
vt 0.040987 0.508968
vt 0.026940 0.521995
vt 0.013048 0.534991
vt 0.028352 0.533634
vt 0.014445 0.546586
vt 0.042389 0.520674
vt 0.056855 0.507582
vt 0.071326 0.494449
vt 0.029762 0.545252
vt 0.015836 0.558170
vt 0.043761 0.532412
vt 0.058245 0.519374
vt 0.072800 0.506279
vt 0.031157 0.556865
vt 0.017205 0.569749
vt 0.045171 0.544050
vt 0.059657 0.531066
vt 0.074193 0.518100
vt 0.032528 0.568461
vt 0.018537 0.581330
vt 0.046547 0.555673
vt 0.060990 0.542834
vt 0.075547 0.529831
vt 0.033881 0.580030
vt 0.019865 0.592905
vt 0.047907 0.567276
vt 0.062336 0.554476
vt 0.076866 0.541664
vt 0.035214 0.591608
vt 0.021149 0.604482
vt 0.049251 0.578860
vt 0.063677 0.566092
vt 0.078196 0.553326
vt 0.036469 0.603170
vt 0.022372 0.616066
vt 0.050582 0.590436
vt 0.065004 0.577683
vt 0.079510 0.564954
vt 0.037688 0.614767
vt 0.023586 0.627662
vt 0.051820 0.602004
vt 0.066321 0.589267
vt 0.080815 0.576553
vt 0.038912 0.626337
vt 0.024809 0.639263
vt 0.053021 0.613575
vt 0.067534 0.600846
vt 0.082087 0.588124
vt 0.040111 0.637868
vt 0.026051 0.650797
vt 0.054203 0.625069
vt 0.068703 0.612337
vt 0.083237 0.599658
vt 0.041365 0.649409
vt 0.027245 0.662426
vt 0.055400 0.636593
vt 0.069893 0.623864
vt 0.084421 0.611212
vt 0.042640 0.660989
vt 0.028474 0.674042
vt 0.056643 0.648107
vt 0.071058 0.635356
vt 0.085564 0.622714
vt 0.043863 0.672602
vt 0.029757 0.685673
vt 0.057887 0.659652
vt 0.072243 0.646912
vt 0.086714 0.634233
vt 0.045126 0.684212
vt 0.031049 0.697311
vt 0.059164 0.671242
vt 0.073491 0.658433
vt 0.087867 0.645733
vt 0.046369 0.695877
vt 0.032161 0.708975
vt 0.060397 0.682820
vt 0.074764 0.669928
vt 0.089053 0.657252
vt 0.129799 0.403683
vt 0.146802 0.391464
vt 0.146882 0.403895
vt 0.163609 0.403878
vt 0.147750 0.415920
vt 0.130809 0.415717
vt 0.114095 0.415846
vt 0.113076 0.403818
vt 0.131776 0.427918
vt 0.148580 0.428060
vt 0.115069 0.428188
vt 0.097838 0.416547
vt 0.098754 0.428926
vt 0.132742 0.440440
vt 0.149468 0.440317
vt 0.116051 0.440878
vt 0.099726 0.441680
vt 0.081752 0.417754
vt 0.082645 0.430221
vt 0.096961 0.404366
vt 0.096806 0.391541
vt 0.080594 0.392224
vt 0.080145 0.378747
vt 0.080752 0.405367
vt 0.063930 0.379017
vt 0.079785 0.365333
vt 0.064419 0.392828
vt 0.064604 0.406417
vt 0.048217 0.393327
vt 0.063574 0.365474
vt 0.079295 0.351799
vt 0.063072 0.351717
vt 0.047826 0.379350
vt 0.047462 0.365630
vt 0.046994 0.351653
vt 0.047656 0.337978
vt 0.031951 0.379886
vt 0.031531 0.365750
vt 0.031686 0.337909
vt 0.032118 0.324299
vt 0.031048 0.351601
vt 0.016594 0.324226
vt 0.016051 0.337897
vt 0.001072 0.324015
vt 0.001529 0.310380
vt 0.000493 0.337851
vt 0.015364 0.351669
vt 0.000000 0.351711
vt 0.015997 0.365957
vt 0.000420 0.366351
vt 0.016454 0.380309
vt 0.000982 0.380772
vt 0.032270 0.393899
vt 0.016718 0.394564
vt 0.001292 0.395207
vt 0.048457 0.407196
vt 0.032473 0.407959
vt 0.016971 0.408798
vt 0.001632 0.409674
vt 0.018117 0.421731
vt 0.002693 0.422766
vt 0.033619 0.420787
vt 0.019214 0.434727
vt 0.003802 0.435845
vt 0.049601 0.419957
vt 0.034692 0.433716
vt 0.020218 0.447756
vt 0.004872 0.448904
vt 0.035650 0.446685
vt 0.050568 0.432793
vt 0.065685 0.419077
vt 0.066600 0.431732
vt 0.051500 0.445610
vt 0.067519 0.444460
vt 0.540276 0.347596
vt 0.525676 0.347900
vt 0.525332 0.361923
vt 0.525131 0.375927
vt 0.525470 0.334588
vt 0.510942 0.348166
vt 0.510517 0.362053
vt 0.496139 0.348465
vt 0.510266 0.375874
vt 0.495680 0.362174
vt 0.495652 0.335283
vt 0.510210 0.389632
vt 0.479952 0.323185
vt 0.480320 0.336288
vt 0.510271 0.403260
vt 0.495589 0.402844
vt 0.495390 0.389312
vt 0.494879 0.415190
vt 0.494553 0.427658
vt 0.480191 0.402431
vt 0.479480 0.414897
vt 0.495492 0.375790
vt 0.480012 0.389084
vt 0.480072 0.375617
vt 0.464647 0.402125
vt 0.480408 0.362324
vt 0.480831 0.349141
vt 0.464412 0.388858
vt 0.465513 0.349837
vt 0.464900 0.337278
vt 0.464390 0.324287
vt 0.464815 0.362672
vt 0.464381 0.375575
vt 0.463680 0.311325
vt 0.448659 0.388707
vt 0.449709 0.350211
vt 0.449029 0.362851
vt 0.448778 0.375584
vt 0.433414 0.350241
vt 0.449320 0.337667
vt 0.432888 0.362903
vt 0.433087 0.337700
vt 0.448553 0.324906
vt 0.417069 0.350365
vt 0.432374 0.325013
vt 0.447644 0.312075
vt 0.416670 0.337701
vt 0.431454 0.312281
vt 0.446783 0.298898
vt 0.430193 0.286642
vt 0.430535 0.299393
vt 0.414153 0.287359
vt 0.416095 0.325163
vt 0.415272 0.312537
vt 0.414583 0.299979
vt 0.398190 0.288037
vt 0.398070 0.275399
vt 0.381760 0.276346
vt 0.381888 0.288842
vt 0.398527 0.300606
vt 0.365568 0.277263
vt 0.399074 0.313117
vt 0.382192 0.301284
vt 0.382579 0.313684
vt 0.399677 0.325709
vt 0.383072 0.326285
vt 0.147150 0.607441
vt 0.132461 0.619739
vt 0.131453 0.608309
vt 0.146158 0.595889
vt 0.148036 0.618896
vt 0.149124 0.630381
vt 0.161997 0.595119
vt 0.163733 0.618315
vt 0.164746 0.629829
vt 0.179065 0.617792
vt 0.162831 0.606703
vt 0.178273 0.606026
vt 0.177392 0.594416
vt 0.192801 0.593739
vt 0.176473 0.582869
vt 0.161066 0.583608
vt 0.145235 0.584413
vt 0.191928 0.582140
vt 0.208258 0.593017
vt 0.175640 0.571346
vt 0.160112 0.572035
vt 0.144155 0.572778
vt 0.174706 0.559810
vt 0.159119 0.560501
vt 0.143175 0.561250
vt 0.207444 0.581456
vt 0.191131 0.570576
vt 0.221846 0.592474
vt 0.158100 0.548756
vt 0.142054 0.549532
vt 0.173754 0.548112
vt 0.190326 0.558959
vt 0.189493 0.547295
vt 0.206688 0.569893
vt 0.205990 0.558281
vt 0.548392 0.525758
vt 0.548987 0.514368
vt 0.535136 0.524917
vt 0.534479 0.536362
vt 0.519498 0.535558
vt 0.547812 0.537199
vt 0.533838 0.547830
vt 0.518819 0.547041
vt 0.504457 0.535018
vt 0.505209 0.523522
vt 0.490122 0.523096
vt 0.489367 0.534633
vt 0.474534 0.522695
vt 0.475313 0.511040
vt 0.459689 0.510684
vt 0.460575 0.499012
vt 0.444912 0.498665
vt 0.445856 0.487003
vt 0.444041 0.510331
vt 0.429978 0.487369
vt 0.430975 0.475554
vt 0.429102 0.498603
vt 0.415128 0.474974
vt 0.428342 0.510046
vt 0.414183 0.486871
vt 0.413311 0.498185
vt 0.415186 0.462103
vt 0.431222 0.462708
vt 0.398374 0.485346
vt 0.397232 0.497474
vt 0.412440 0.509759
vt 0.399192 0.473452
vt 0.415404 0.449692
vt 0.431525 0.450154
vt 0.399004 0.461360
vt 0.382559 0.472783
vt 0.381684 0.484881
vt 0.398991 0.449430
vt 0.382392 0.460902
vt 0.365760 0.472481
vt 0.380835 0.497107
vt 0.415528 0.437638
vt 0.431707 0.438118
vt 0.447418 0.438544
vt 0.431899 0.426095
vt 0.415756 0.425695
vt 0.416026 0.413819
vt 0.399047 0.437265
vt 0.399316 0.425257
vt 0.399712 0.413343
vt 0.400376 0.401417
vt 0.382626 0.436896
vt 0.382903 0.424951
vt 0.383301 0.412988
vt 0.383724 0.401055
vt 0.366355 0.424727
vt 0.366722 0.412795
vt 0.150727 0.464724
vt 0.134774 0.477726
vt 0.134108 0.465461
vt 0.117659 0.466269
vt 0.150148 0.452526
vt 0.133462 0.452949
vt 0.166210 0.439827
vt 0.166761 0.451772
vt 0.183598 0.451140
vt 0.116917 0.453572
vt 0.167327 0.463855
vt 0.184154 0.462999
vt 0.200877 0.462390
vt 0.118260 0.478764
vt 0.184573 0.474970
vt 0.167752 0.475888
vt 0.151322 0.476768
vt 0.101988 0.479946
vt 0.119697 0.490821
vt 0.085829 0.481204
vt 0.087343 0.493153
vt 0.103474 0.491936
vt 0.088752 0.505037
vt 0.104852 0.503844
vt 0.090143 0.516857
vt 0.091499 0.528671
vt 0.106228 0.515685
vt 0.121048 0.502807
vt 0.136098 0.489850
vt 0.092798 0.540407
vt 0.107528 0.527563
vt 0.152617 0.488959
vt 0.137385 0.501879
vt 0.168935 0.488174
vt 0.122350 0.514745
vt 0.153805 0.501075
vt 0.138619 0.513844
vt 0.123634 0.526590
vt 0.154946 0.513076
vt 0.108760 0.539357
vt 0.139768 0.525769
vt 0.124805 0.538423
vt 0.094088 0.552220
vt 0.110020 0.551214
vt 0.095367 0.563870
vt 0.096640 0.575484
vt 0.111260 0.562862
vt 0.125994 0.550329
vt 0.140905 0.537596
vt 0.097862 0.587071
vt 0.112458 0.574469
vt 0.127196 0.562008
vt 0.098988 0.598618
vt 0.113629 0.586032
vt 0.128310 0.573591
vt 0.100122 0.610138
vt 0.101235 0.621638
vt 0.114750 0.597611
vt 0.115841 0.609132
vt 0.116872 0.620634
vt 0.129389 0.585192
vt 0.130375 0.596725
vt 0.197533 0.341187
vt 0.212622 0.354258
vt 0.197282 0.354296
vt 0.180263 0.340930
vt 0.212816 0.341448
vt 0.228038 0.353990
vt 0.180636 0.327811
vt 0.197763 0.328235
vt 0.163307 0.340392
vt 0.162793 0.353462
vt 0.163531 0.327347
vt 0.146368 0.339650
vt 0.180865 0.315003
vt 0.146704 0.326743
vt 0.145894 0.352848
vt 0.163830 0.314551
vt 0.129313 0.339234
vt 0.146302 0.365768
vt 0.163050 0.366388
vt 0.146551 0.378634
vt 0.163248 0.378911
vt 0.129625 0.378356
vt 0.129328 0.365455
vt 0.128872 0.352363
vt 0.129799 0.391230
vt 0.112912 0.378231
vt 0.113115 0.391156
vt 0.112570 0.365308
vt 0.096430 0.378469
vt 0.112160 0.352085
vt 0.096119 0.365330
vt 0.112675 0.338945
vt 0.095633 0.351912
vt 0.096182 0.338709
vt 0.079879 0.338447
vt 0.096583 0.325442
vt 0.080234 0.325213
vt 0.063706 0.338233
vt 0.064109 0.324846
vt 0.064443 0.311720
vt 0.048076 0.324502
vt 0.080666 0.312167
vt 0.048381 0.311283
vt 0.080870 0.298826
vt 0.064718 0.298312
vt 0.032389 0.310927
vt 0.048634 0.297678
vt 0.400187 0.338167
vt 0.383446 0.338719
vt 0.366693 0.326741
vt 0.400569 0.350788
vt 0.416607 0.363087
vt 0.383799 0.351245
vt 0.432730 0.375755
vt 0.400076 0.363397
vt 0.416503 0.375938
vt 0.432746 0.388782
vt 0.399956 0.376056
vt 0.383334 0.363657
vt 0.416443 0.388763
vt 0.383307 0.376229
vt 0.367299 0.351549
vt 0.366834 0.363949
vt 0.366964 0.339127
vt 0.400012 0.388699
vt 0.350449 0.351843
vt 0.366848 0.376354
vt 0.383411 0.388682
vt 0.367263 0.400860
vt 0.416639 0.401696
vt 0.432961 0.401845
vt 0.432299 0.413981
vt 0.448905 0.402038
vt 0.448219 0.414360
vt 0.463916 0.414531
vt 0.463489 0.426799
vt 0.447677 0.426500
vt 0.478939 0.427160
vt 0.478594 0.439626
vt 0.463147 0.439035
vt 0.447329 0.450447
vt 0.478330 0.451829
vt 0.462918 0.451221
vt 0.447072 0.462760
vt 0.462709 0.463539
vt 0.462556 0.475905
vt 0.446867 0.475194
vt 0.477045 0.488026
vt 0.461587 0.487495
vt 0.476125 0.499468
vt 0.491712 0.500052
vt 0.506805 0.500622
vt 0.490899 0.511567
vt 0.506005 0.512058
vt 0.520949 0.512663
vt 0.536466 0.502177
vt 0.520224 0.524090
vt 0.535805 0.513514
vt 0.549590 0.503017
vt 0.562786 0.503792
vt 0.064963 0.284942
vt 0.080995 0.285495
vt 0.064921 0.271444
vt 0.081055 0.272282
vt 0.097295 0.286258
vt 0.097365 0.273098
vt 0.097167 0.299343
vt 0.097049 0.312554
vt 0.113659 0.286976
vt 0.113772 0.273939
vt 0.113590 0.300044
vt 0.113476 0.313083
vt 0.113183 0.325849
vt 0.129903 0.326231
vt 0.130214 0.313578
vt 0.147065 0.314052
vt 0.130367 0.300629
vt 0.147061 0.301154
vt 0.163893 0.301734
vt 0.180772 0.302431
vt 0.130349 0.287671
vt 0.147114 0.288260
vt 0.163854 0.289108
vt 0.180683 0.290004
vt 0.130404 0.274696
vt 0.147223 0.275461
vt 0.163697 0.276376
vt 0.180189 0.277351
vt 0.164345 0.261501
vt 0.131336 0.259646
vt 0.180409 0.262595
vt 0.148024 0.260592
vt 0.180678 0.248025
vt 0.164905 0.246815
vt 0.148741 0.245769
vt 0.181380 0.233465
vt 0.165610 0.232473
vt 0.197521 0.234792
vt 0.182632 0.218884
vt 0.149565 0.231340
vt 0.132311 0.244809
vt 0.166322 0.217874
vt 0.133286 0.230368
vt 0.183607 0.204125
vt 0.150161 0.216637
vt 0.166803 0.203146
vt 0.133911 0.215638
vt 0.116717 0.229315
vt 0.150770 0.202020
vt 0.167400 0.188871
vt 0.134484 0.201013
vt 0.115837 0.243972
vt 0.117400 0.214497
vt 0.114856 0.258858
vt 0.099532 0.243006
vt 0.098587 0.258014
vt 0.100388 0.228302
vt 0.083353 0.242029
vt 0.082370 0.257110
vt 0.359785 0.755285
vt 0.345909 0.744933
vt 0.373549 0.765732
vt 0.387387 0.776506
vt 0.345954 0.734410
vt 0.359825 0.744886
vt 0.387059 0.786855
vt 0.387756 0.766115
vt 0.402179 0.766586
vt 0.373703 0.755318
vt 0.388067 0.755644
vt 0.417044 0.756486
vt 0.402497 0.755999
vt 0.388346 0.745114
vt 0.373764 0.744881
vt 0.402805 0.745435
vt 0.359927 0.734431
vt 0.373992 0.734504
vt 0.388651 0.734620
vt 0.417414 0.745821
vt 0.403142 0.734851
vt 0.432131 0.746338
vt 0.417809 0.735133
vt 0.388922 0.724034
vt 0.403526 0.724207
vt 0.418235 0.724446
vt 0.389186 0.713397
vt 0.433036 0.724821
vt 0.403912 0.713489
vt 0.418713 0.713695
vt 0.433548 0.714075
vt 0.448532 0.714527
vt 0.419220 0.702932
vt 0.463492 0.715300
vt 0.434157 0.703229
vt 0.449143 0.703624
vt 0.464111 0.704329
vt 0.404325 0.702797
vt 0.422854 0.626088
vt 0.408042 0.614911
vt 0.392873 0.603506
vt 0.422415 0.637416
vt 0.407692 0.626460
vt 0.392679 0.615205
vt 0.377320 0.603620
vt 0.421941 0.648580
vt 0.407318 0.637767
vt 0.392493 0.626764
vt 0.377182 0.615397
vt 0.362009 0.603483
vt 0.421425 0.659653
vt 0.406879 0.648923
vt 0.361950 0.615211
vt 0.392250 0.638115
vt 0.346656 0.614791
vt 0.377051 0.626946
vt 0.346640 0.626279
vt 0.331431 0.625745
vt 0.361846 0.626765
vt 0.376870 0.638322
vt 0.391934 0.649267
vt 0.331461 0.637061
vt 0.318112 0.636420
vt 0.346558 0.637617
vt 0.361727 0.638135
vt 0.376616 0.649424
vt 0.318224 0.647583
vt 0.304876 0.647263
vt 0.331454 0.648218
vt 0.346453 0.648765
vt 0.361533 0.649269
vt 0.331446 0.659252
vt 0.318362 0.658680
vt 0.346295 0.659747
vt 0.084249 0.227309
vt 0.066246 0.256295
vt 0.067258 0.241137
vt 0.068200 0.226229
vt 0.101199 0.213485
vt 0.085140 0.212407
vt 0.118118 0.199808
vt 0.101907 0.198682
vt 0.069166 0.211249
vt 0.052172 0.225300
vt 0.085968 0.197450
vt 0.069992 0.196221
vt 0.102994 0.184650
vt 0.087032 0.183413
vt 0.071108 0.182226
vt 0.053172 0.210188
vt 0.055198 0.181076
vt 0.054076 0.195032
vt 0.037290 0.209155
vt 0.039341 0.179833
vt 0.038178 0.193866
vt 0.021930 0.208143
vt 0.036288 0.224386
vt 0.051236 0.240219
vt 0.050212 0.255445
vt 0.035332 0.239346
vt 0.020922 0.223453
vt 0.006518 0.207181
vt 0.005550 0.222582
vt 0.007492 0.191634
vt 0.022796 0.192678
vt 0.008537 0.177757
vt 0.023965 0.178692
vt 0.009587 0.164035
vt 0.024977 0.164913
vt 0.010529 0.150616
vt 0.025961 0.151462
vt 0.011548 0.136907
vt 0.040376 0.165948
vt 0.027020 0.137732
vt 0.012565 0.123204
vt 0.041359 0.152556
vt 0.056244 0.167156
vt 0.057214 0.153702
vt 0.042395 0.138790
vt 0.028030 0.124063
vt 0.013565 0.109441
vt 0.072075 0.168327
vt 0.073038 0.154843
vt 0.058227 0.139892
vt 0.043465 0.124999
vt 0.029095 0.110275
vt 0.014579 0.095400
vt 0.030134 0.096199
vt 0.015584 0.081310
vt 0.044581 0.111090
vt 0.059278 0.125933
vt 0.074027 0.140948
vt 0.031187 0.082047
vt 0.016505 0.067371
vt 0.045668 0.096951
vt 0.088892 0.155972
vt 0.032212 0.068079
vt 0.017342 0.053768
vt 0.046773 0.082837
vt 0.033204 0.054323
vt 0.047838 0.068998
vt 0.048964 0.055442
vt 0.062558 0.083853
vt 0.061499 0.097841
vt 0.060417 0.111901
vt 0.075077 0.126912
vt 0.076158 0.112872
vt 0.077205 0.098854
vt 0.091898 0.114180
vt 0.089895 0.142098
vt 0.092934 0.100156
vt 0.090885 0.128175
vt 0.107568 0.115749
vt 0.108536 0.101689
vt 0.106604 0.129665
vt 0.105675 0.143439
vt 0.104781 0.157151
vt 0.123278 0.117232
vt 0.122406 0.131039
vt 0.121524 0.144683
vt 0.087970 0.169542
vt 0.103887 0.170752
vt 0.120655 0.158342
vt 0.119865 0.171960
vt 0.119048 0.185782
vt 0.136060 0.173168
vt 0.135071 0.186843
vt 0.151281 0.187705
vt 0.152024 0.173991
vt 0.136625 0.159424
vt 0.152688 0.160480
vt 0.167980 0.173756
vt 0.185152 0.175023
vt 0.169078 0.161947
vt 0.137387 0.145669
vt 0.153354 0.146699
vt 0.170288 0.148205
vt 0.138254 0.132086
vt 0.154181 0.133119
vt 0.170377 0.134112
vt 0.154946 0.119419
vt 0.138982 0.118483
vt 0.171027 0.120632
vt 0.155846 0.105978
vt 0.187216 0.135174
vt 0.139960 0.104798
vt 0.124240 0.103406
vt 0.140857 0.091237
vt 0.125166 0.089673
vt 0.109417 0.087909
vt 0.156714 0.092438
vt 0.093833 0.086361
vt 0.125978 0.076223
vt 0.078223 0.085046
vt 0.110359 0.074499
vt 0.094681 0.072869
vt 0.079175 0.071619
vt 0.063564 0.070297
vt 0.064464 0.057023
vt 0.080130 0.058538
vt 0.095674 0.059770
vt 0.111186 0.061337
vt 0.082274 0.046238
vt 0.067697 0.044875
vt 0.126786 0.062866
vt 0.097034 0.047532
vt 0.111585 0.049030
vt 0.126275 0.050416
vt 0.112890 0.034404
vt 0.097487 0.033186
vt 0.082236 0.031723
vt 0.113700 0.023780
vt 0.098251 0.022568
vt 0.082866 0.021210
vt 0.114347 0.014346
vt 0.098891 0.013206
vt 0.129827 0.015552
vt 0.083396 0.011859
vt 0.129090 0.025017
vt 0.145252 0.017128
vt 0.067913 0.010655
vt 0.128313 0.035721
vt 0.144261 0.026451
vt 0.160406 0.019517
vt 0.140860 0.051469
vt 0.159310 0.028283
vt 0.143401 0.037080
vt 0.175319 0.021249
vt 0.142335 0.064282
vt 0.156228 0.052183
vt 0.158746 0.038157
vt 0.174575 0.029777
vt 0.190710 0.021750
vt 0.174294 0.038855
vt 0.173044 0.053083
vt 0.157901 0.065093
vt 0.190470 0.030896
vt 0.141685 0.077697
vt 0.157383 0.078833
vt 0.173395 0.065910
vt 0.172892 0.079798
vt 0.172233 0.093626
vt 0.189128 0.066654
vt 0.188573 0.080568
vt 0.171618 0.107281
vt 0.188039 0.094393
vt 0.187720 0.108164
vt 0.187582 0.121606
vt 0.203751 0.108920
vt 0.203525 0.122477
vt 0.203862 0.095139
vt 0.204256 0.081452
vt 0.217687 0.095822
vt 0.218034 0.082224
vt 0.204681 0.067789
vt 0.218212 0.068662
vt 0.217544 0.109529
vt 0.190735 0.053985
vt 0.207699 0.055276
vt 0.190260 0.039993
vt 0.206123 0.041100
vt 0.206197 0.031460
vt 0.206093 0.022471
vt 0.219671 0.031495
vt 0.219495 0.022227
vt 0.219569 0.041732
vt 0.232640 0.031585
vt 0.232800 0.022185
vt 0.221208 0.056143
vt 0.232570 0.042051
vt 0.245992 0.031677
vt 0.246096 0.022068
vt 0.231931 0.069366
vt 0.233945 0.056659
vt 0.245877 0.042439
vt 0.259406 0.031767
vt 0.259500 0.022097
vt 0.272923 0.022539
vt 0.259176 0.042692
vt 0.272801 0.032251
vt 0.286230 0.023116
vt 0.246687 0.057130
vt 0.272507 0.043161
vt 0.286093 0.032927
vt 0.299437 0.024229
vt 0.245461 0.069915
vt 0.259495 0.057567
vt 0.349841 0.412756
vt 0.366084 0.436662
vt 0.382337 0.449032
vt 0.365848 0.460665
vt 0.365867 0.448811
vt 0.348957 0.460240
vt 0.349475 0.424709
vt 0.349197 0.448472
vt 0.349253 0.436475
vt 0.332736 0.448478
vt 0.332691 0.436541
vt 0.332793 0.424747
vt 0.332974 0.412872
vt 0.348857 0.472098
vt 0.332415 0.460297
vt 0.332315 0.471963
vt 0.317986 0.460135
vt 0.317679 0.471771
vt 0.318094 0.448377
vt 0.318109 0.436583
vt 0.303142 0.448647
vt 0.318053 0.424827
vt 0.303128 0.436464
vt 0.318028 0.412926
vt 0.302946 0.460558
vt 0.303047 0.472021
vt 0.303140 0.424798
vt 0.288338 0.436807
vt 0.288300 0.424856
vt 0.213902 0.415040
vt 0.228442 0.402635
vt 0.228987 0.414522
vt 0.213209 0.403332
vt 0.228226 0.390495
vt 0.228084 0.378487
vt 0.243407 0.389884
vt 0.212823 0.391394
vt 0.198683 0.415574
vt 0.197920 0.403718
vt 0.199214 0.427186
vt 0.214414 0.426768
vt 0.229384 0.426253
vt 0.244214 0.425715
vt 0.214858 0.438439
vt 0.244499 0.437410
vt 0.259083 0.437254
vt 0.229842 0.437733
vt 0.259218 0.448894
vt 0.273660 0.448846
vt 0.244744 0.449083
vt 0.215228 0.450148
vt 0.259538 0.460595
vt 0.230112 0.449507
vt 0.245024 0.460874
vt 0.230428 0.461294
vt 0.199904 0.438834
vt 0.215614 0.461844
vt 0.200440 0.450527
vt 0.183108 0.439237
vt 0.182262 0.427613
vt 0.181447 0.415773
vt 0.165406 0.427781
vt 0.180586 0.403856
vt 0.164519 0.415911
vt 0.180321 0.391695
vt 0.197456 0.391716
vt 0.212829 0.379057
vt 0.180019 0.379389
vt 0.163537 0.391518
vt 0.197350 0.379532
vt 0.212756 0.366825
vt 0.180052 0.366806
vt 0.197353 0.366869
vt 0.227935 0.366291
vt 0.243218 0.365906
vt 0.179909 0.354055
vt 0.047504 0.707477
vt 0.033341 0.720648
vt 0.061551 0.694437
vt 0.075890 0.681437
vt 0.090306 0.668711
vt 0.048709 0.719065
vt 0.034644 0.732295
vt 0.062722 0.705980
vt 0.077100 0.692961
vt 0.091427 0.680152
vt 0.078268 0.704462
vt 0.049991 0.730653
vt 0.063918 0.717501
vt 0.036012 0.743949
vt 0.092605 0.691607
vt 0.051376 0.742176
vt 0.037359 0.755569
vt 0.065200 0.728991
vt 0.079465 0.715894
vt 0.052775 0.753740
vt 0.038623 0.767241
vt 0.066517 0.740484
vt 0.080703 0.727367
vt 0.094983 0.714349
vt 0.096232 0.725722
vt 0.093793 0.702983
vt 0.110426 0.712855
vt 0.109190 0.701550
vt 0.108029 0.690265
vt 0.106892 0.678958
vt 0.111641 0.724148
vt 0.105819 0.667546
vt 0.122396 0.677669
vt 0.121331 0.666319
vt 0.104624 0.656054
vt 0.120287 0.654895
vt 0.123500 0.688965
vt 0.103494 0.644592
vt 0.119166 0.643475
vt 0.124657 0.700212
vt 0.102343 0.633117
vt 0.125725 0.711448
vt 0.117976 0.632048
vt 0.133515 0.631109
vt 0.134718 0.642484
vt 0.135758 0.653857
vt 0.150117 0.641681
vt 0.136772 0.665170
vt 0.151136 0.652983
vt 0.137804 0.676447
vt 0.152158 0.664140
vt 0.138832 0.687638
vt 0.153171 0.675350
vt 0.139917 0.698923
vt 0.154119 0.686596
vt 0.168545 0.674675
vt 0.167588 0.663607
vt 0.166588 0.652433
vt 0.165656 0.641142
vt 0.181778 0.652035
vt 0.180806 0.640830
vt 0.179927 0.629462
vt 0.182771 0.663031
vt 0.196725 0.651800
vt 0.197747 0.662737
vt 0.195832 0.640541
vt 0.212676 0.661983
vt 0.211777 0.650964
vt 0.210971 0.639782
vt 0.195058 0.629004
vt 0.210260 0.628279
vt 0.225904 0.661085
vt 0.225003 0.650089
vt 0.224291 0.638855
vt 0.194318 0.617262
vt 0.223704 0.627412
vt 0.209567 0.616576
vt 0.193603 0.605460
vt 0.223096 0.615827
vt 0.208907 0.604790
vt 0.222500 0.604100
vt 0.237254 0.626511
vt 0.236720 0.615037
vt 0.237770 0.637892
vt 0.236193 0.603452
vt 0.250772 0.625793
vt 0.238344 0.649085
vt 0.251076 0.637150
vt 0.251521 0.648260
vt 0.239065 0.660133
vt 0.252150 0.659285
vt 0.264859 0.647716
vt 0.265248 0.658920
vt 0.264462 0.636462
vt 0.278556 0.658506
vt 0.265700 0.669886
vt 0.252649 0.670165
vt 0.278286 0.647340
vt 0.239704 0.670999
vt 0.266185 0.680861
vt 0.226745 0.671856
vt 0.253189 0.681228
vt 0.240279 0.681829
vt 0.213567 0.672749
vt 0.227243 0.682603
vt 0.198639 0.673499
vt 0.214277 0.683440
vt 0.183606 0.674040
vt 0.199425 0.684189
vt 0.169452 0.685640
vt 0.184473 0.684847
vt 0.155144 0.697652
vt 0.170379 0.696619
vt 0.140996 0.710053
vt 0.156189 0.708676
vt 0.141998 0.721181
vt 0.126877 0.722664
vt 0.157129 0.719699
vt 0.127929 0.733788
vt 0.142940 0.732244
vt 0.158006 0.730600
vt 0.172102 0.718414
vt 0.172863 0.729437
vt 0.171306 0.707560
vt 0.187466 0.728253
vt 0.185224 0.695671
vt 0.186728 0.717347
vt 0.185915 0.706619
vt 0.200153 0.694943
vt 0.201510 0.716603
vt 0.200780 0.705798
vt 0.214955 0.694195
vt 0.215528 0.705016
vt 0.216104 0.715873
vt 0.227834 0.693379
vt 0.228382 0.704243
vt 0.228900 0.715127
vt 0.318023 0.625155
vt 0.331357 0.614294
vt 0.346612 0.603208
vt 0.331300 0.602770
vt 0.346646 0.591520
vt 0.331257 0.591275
vt 0.362112 0.591663
vt 0.346797 0.579893
vt 0.362309 0.579924
vt 0.331275 0.579690
vt 0.317655 0.590938
vt 0.362548 0.568236
vt 0.317553 0.579447
vt 0.303891 0.590717
vt 0.346965 0.568193
vt 0.331392 0.568054
vt 0.303738 0.579203
vt 0.290123 0.590726
vt 0.317565 0.567802
vt 0.289865 0.579234
vt 0.303609 0.567640
vt 0.276466 0.590910
vt 0.317614 0.556047
vt 0.331499 0.556372
vt 0.347151 0.556433
vt 0.362831 0.556487
vt 0.347408 0.544709
vt 0.363119 0.544681
vt 0.331651 0.544600
vt 0.347612 0.532829
vt 0.317663 0.544223
vt 0.331688 0.532629
vt 0.303642 0.555955
vt 0.317642 0.532298
vt 0.363441 0.532836
vt 0.347847 0.520857
vt 0.331713 0.520659
vt 0.303632 0.544262
vt 0.317650 0.520385
vt 0.303656 0.532283
vt 0.289580 0.544146
vt 0.450805 0.077884
vt 0.450131 0.064803
vt 0.466519 0.076754
vt 0.434530 0.065817
vt 0.465728 0.063580
vt 0.481202 0.062185
vt 0.482168 0.075599
vt 0.496458 0.060833
vt 0.512030 0.059847
vt 0.497482 0.074503
vt 0.512912 0.073480
vt 0.527679 0.058990
vt 0.528459 0.072616
vt 0.513857 0.087020
vt 0.529319 0.086122
vt 0.514728 0.100525
vt 0.498437 0.088006
vt 0.499243 0.101515
vt 0.483019 0.089045
vt 0.483754 0.102571
vt 0.467177 0.090187
vt 0.467854 0.103658
vt 0.451519 0.091239
vt 0.435183 0.078991
vt 0.452129 0.104561
vt 0.452625 0.117635
vt 0.435914 0.092330
vt 0.436388 0.105562
vt 0.437520 0.130889
vt 0.436914 0.118349
vt 0.420286 0.093253
vt 0.420817 0.106593
vt 0.421318 0.119447
vt 0.421894 0.132107
vt 0.405260 0.107388
vt 0.406302 0.133605
vt 0.405714 0.120636
vt 0.404621 0.094028
vt 0.389499 0.108121
vt 0.389907 0.121621
vt 0.390511 0.134974
vt 0.374116 0.122275
vt 0.358595 0.122797
vt 0.373644 0.108641
vt 0.388947 0.094638
vt 0.373115 0.095098
vt 0.404016 0.080747
vt 0.419577 0.079945
vt 0.418950 0.066727
vt 0.418770 0.054078
vt 0.433460 0.053196
vt 0.318464 0.669711
vt 0.305069 0.658379
vt 0.305274 0.669473
vt 0.291810 0.658250
vt 0.291646 0.647176
vt 0.292082 0.669379
vt 0.278917 0.669559
vt 0.279339 0.680551
vt 0.266646 0.691723
vt 0.292396 0.680363
vt 0.279689 0.691392
vt 0.267101 0.702545
vt 0.305474 0.680399
vt 0.292667 0.691242
vt 0.280091 0.702206
vt 0.267568 0.713373
vt 0.280482 0.713055
vt 0.293010 0.702035
vt 0.293367 0.712961
vt 0.305728 0.691245
vt 0.305908 0.702058
vt 0.306215 0.712940
vt 0.318631 0.680626
vt 0.318692 0.691491
vt 0.318839 0.702267
vt 0.319048 0.712993
vt 0.331478 0.670156
vt 0.331499 0.680954
vt 0.346155 0.670569
vt 0.361284 0.660177
vt 0.346054 0.681273
vt 0.331633 0.691726
vt 0.360988 0.670909
vt 0.345996 0.691897
vt 0.331734 0.702485
vt 0.331823 0.713107
vt 0.346062 0.702668
vt 0.346125 0.713308
vt 0.346022 0.723874
vt 0.360113 0.723966
vt 0.360287 0.713425
vt 0.374242 0.724026
vt 0.374490 0.713441
vt 0.360362 0.702682
vt 0.374720 0.702738
vt 0.360484 0.692053
vt 0.360717 0.681493
vt 0.375039 0.692116
vt 0.389532 0.702723
vt 0.389992 0.692083
vt 0.375424 0.681590
vt 0.404819 0.692081
vt 0.390473 0.681537
vt 0.375834 0.671044
vt 0.419711 0.692166
vt 0.405362 0.681494
vt 0.420251 0.681409
vt 0.390987 0.670940
vt 0.405907 0.670732
vt 0.420834 0.670592
vt 0.406407 0.659894
vt 0.391497 0.660195
vt 0.376257 0.660296
vt 0.221131 0.580866
vt 0.220468 0.569348
vt 0.235570 0.591928
vt 0.234915 0.580387
vt 0.219808 0.557680
vt 0.249743 0.602986
vt 0.234373 0.568798
vt 0.249263 0.591524
vt 0.205265 0.546658
vt 0.250284 0.614371
vt 0.188645 0.535648
vt 0.264184 0.625218
vt 0.263735 0.613910
vt 0.263327 0.602575
vt 0.277589 0.624909
vt 0.277983 0.636142
vt 0.277220 0.613688
vt 0.291100 0.624826
vt 0.291329 0.636016
vt 0.290800 0.613561
vt 0.276852 0.602353
vt 0.290472 0.602176
vt 0.304132 0.602160
vt 0.304317 0.613596
vt 0.304529 0.624917
vt 0.317787 0.602391
vt 0.304736 0.636121
vt 0.317897 0.613790
vt 0.303044 0.413044
vt 0.317948 0.400938
vt 0.333067 0.400882
vt 0.302640 0.401429
vt 0.350257 0.400787
vt 0.318420 0.388915
vt 0.333353 0.388728
vt 0.366960 0.388599
vt 0.350261 0.388636
vt 0.350209 0.376498
vt 0.350184 0.364085
vt 0.333497 0.376716
vt 0.318285 0.376915
vt 0.333441 0.364320
vt 0.333462 0.352246
vt 0.318245 0.364420
vt 0.303019 0.364738
vt 0.302998 0.377274
vt 0.303039 0.389358
vt 0.288168 0.377309
vt 0.288011 0.389447
vt 0.288252 0.401551
vt 0.288185 0.413180
vt 0.273752 0.401536
vt 0.273479 0.389550
vt 0.273328 0.377400
vt 0.273561 0.413279
vt 0.258545 0.389549
vt 0.258776 0.401601
vt 0.273546 0.425166
vt 0.258831 0.413520
vt 0.243654 0.402010
vt 0.243937 0.413954
vt 0.258892 0.425399
vt 0.273671 0.437112
vt 0.240646 0.692650
vt 0.241272 0.703573
vt 0.241828 0.714481
vt 0.253584 0.692189
vt 0.254168 0.703029
vt 0.254656 0.713842
vt 0.255026 0.724664
vt 0.242209 0.725293
vt 0.229405 0.725876
vt 0.216730 0.726585
vt 0.202213 0.727440
vt 0.217149 0.737401
vt 0.188299 0.739135
vt 0.202858 0.738257
vt 0.173772 0.740327
vt 0.189059 0.749923
vt 0.158988 0.741531
vt 0.174684 0.750975
vt 0.159956 0.752226
vt 0.143938 0.743162
vt 0.144970 0.753920
vt 0.128933 0.744910
vt 0.112808 0.735422
vt 0.130077 0.755839
vt 0.097460 0.737103
vt 0.113898 0.746623
vt 0.318271 0.340378
vt 0.333434 0.339979
vt 0.318186 0.352612
vt 0.303152 0.352827
vt 0.303156 0.340667
vt 0.303115 0.328347
vt 0.288328 0.353091
vt 0.288272 0.340913
vt 0.288148 0.365000
vt 0.288154 0.328721
vt 0.273247 0.341071
vt 0.273370 0.353343
vt 0.273410 0.365198
vt 0.273228 0.328787
vt 0.273056 0.316345
vt 0.258245 0.328830
vt 0.287894 0.316291
vt 0.287722 0.303871
vt 0.302890 0.315870
vt 0.318172 0.328107
vt 0.333296 0.327738
vt 0.333062 0.315266
vt 0.349747 0.314879
vt 0.350091 0.327266
vt 0.350286 0.339570
vt 0.316051 0.165059
vt 0.315167 0.151513
vt 0.314444 0.138013
vt 0.327635 0.124147
vt 0.301297 0.165618
vt 0.300844 0.151900
vt 0.300576 0.138207
vt 0.313639 0.125044
vt 0.286699 0.152033
vt 0.300140 0.124780
vt 0.316334 0.178861
vt 0.286447 0.166033
vt 0.286694 0.138266
vt 0.330072 0.192800
vt 0.273298 0.152142
vt 0.301307 0.179419
vt 0.315603 0.193645
vt 0.346149 0.206333
vt 0.329826 0.207712
vt 0.315086 0.208504
vt 0.300733 0.194050
vt 0.286739 0.179741
vt 0.300432 0.208687
vt 0.272182 0.179989
vt 0.286534 0.193968
vt 0.315134 0.223106
vt 0.330150 0.222351
vt 0.346536 0.220946
vt 0.362468 0.219739
vt 0.347040 0.235372
vt 0.363127 0.234116
vt 0.378311 0.218726
vt 0.377747 0.204395
vt 0.378984 0.233034
vt 0.363867 0.248532
vt 0.395286 0.232015
vt 0.379803 0.247401
vt 0.347646 0.249842
vt 0.396100 0.246240
vt 0.364609 0.262972
vt 0.380807 0.261790
vt 0.412148 0.245458
vt 0.397013 0.260725
vt 0.428157 0.244662
vt 0.413065 0.259922
vt 0.429086 0.259230
vt 0.414043 0.274550
vt 0.445154 0.258435
vt 0.430127 0.273817
vt 0.446237 0.273073
vt 0.243191 0.353752
vt 0.228124 0.341360
vt 0.243276 0.341352
vt 0.243167 0.328791
vt 0.258295 0.341287
vt 0.258414 0.353558
vt 0.258317 0.365471
vt 0.258383 0.377432
vt 0.243369 0.377994
vt 0.331732 0.264806
vt 0.317074 0.279243
vt 0.316499 0.265276
vt 0.331084 0.250812
vt 0.315856 0.251383
vt 0.330537 0.236730
vt 0.348249 0.264012
vt 0.332314 0.278830
vt 0.348949 0.278162
vt 0.365661 0.289608
vt 0.365956 0.301937
vt 0.349288 0.290287
vt 0.332628 0.290815
vt 0.366255 0.314324
vt 0.349522 0.302548
vt 0.332874 0.303042
vt 0.317493 0.291219
vt 0.317745 0.303374
vt 0.317993 0.315593
vt 0.302650 0.303575
vt 0.302335 0.291425
vt 0.302034 0.279413
vt 0.287487 0.291632
vt 0.301355 0.265415
vt 0.287289 0.279510
vt 0.272771 0.304017
vt 0.272521 0.291804
vt 0.272380 0.279631
vt 0.286724 0.265411
vt 0.300756 0.251468
vt 0.271974 0.265256
vt 0.315322 0.237396
vt 0.300243 0.237475
vt 0.286001 0.251327
vt 0.300160 0.223262
vt 0.285582 0.237262
vt 0.271465 0.251025
vt 0.286011 0.208520
vt 0.285513 0.222980
vt 0.272420 0.193856
vt 0.271739 0.208209
vt 0.271196 0.236849
vt 0.258348 0.193529
vt 0.271256 0.222583
vt 0.259047 0.070248
vt 0.231684 0.082878
vt 0.245366 0.083368
vt 0.231470 0.096378
vt 0.272181 0.057952
vt 0.258947 0.083710
vt 0.245237 0.096899
vt 0.272508 0.070727
vt 0.284769 0.058201
vt 0.285831 0.043658
vt 0.285918 0.071038
vt 0.272594 0.084014
vt 0.258836 0.097271
vt 0.299159 0.033673
vt 0.312416 0.025121
vt 0.311963 0.034241
vt 0.325308 0.026164
vt 0.299041 0.044242
vt 0.324992 0.034927
vt 0.339903 0.026634
vt 0.311898 0.044679
vt 0.340168 0.035289
vt 0.354851 0.024981
vt 0.325110 0.044596
vt 0.309943 0.058612
vt 0.297475 0.058634
vt 0.299233 0.071184
vt 0.323385 0.058231
vt 0.312244 0.070254
vt 0.339941 0.057727
vt 0.286083 0.084310
vt 0.312818 0.083982
vt 0.325905 0.070134
vt 0.272575 0.097321
vt 0.299421 0.084451
vt 0.258921 0.110789
vt 0.286162 0.097551
vt 0.272632 0.110983
vt 0.299694 0.097660
vt 0.286317 0.110992
vt 0.313354 0.098720
vt 0.299723 0.111379
vt 0.272707 0.124636
vt 0.258991 0.124472
vt 0.286504 0.124628
vt 0.313024 0.112210
vt 0.272798 0.138285
vt 0.327213 0.111407
vt 0.258841 0.138198
vt 0.258637 0.152066
vt 0.342616 0.109872
vt 0.328078 0.098564
vt 0.327249 0.084296
vt 0.342721 0.096761
vt 0.358079 0.109145
vt 0.342226 0.083266
vt 0.341495 0.069800
vt 0.357691 0.095709
vt 0.357405 0.082457
vt 0.357045 0.069202
vt 0.372605 0.081766
vt 0.357288 0.056900
vt 0.372258 0.068602
vt 0.340470 0.044064
vt 0.356081 0.042991
vt 0.371599 0.042171
vt 0.355744 0.034110
vt 0.370939 0.032400
vt 0.215404 0.191952
vt 0.228849 0.179854
vt 0.229800 0.193531
vt 0.244333 0.180015
vt 0.200053 0.205451
vt 0.200823 0.189817
vt 0.215791 0.179670
vt 0.229995 0.166346
vt 0.185244 0.188552
vt 0.201439 0.177121
vt 0.215531 0.165667
vt 0.201862 0.163438
vt 0.185997 0.163136
vt 0.186561 0.148657
vt 0.202609 0.150134
vt 0.216417 0.151168
vt 0.203216 0.136036
vt 0.217106 0.136780
vt 0.230672 0.151405
vt 0.217374 0.123136
vt 0.231433 0.110062
vt 0.231424 0.123614
vt 0.244332 0.110397
vt 0.244123 0.124400
vt 0.231249 0.137349
vt 0.243985 0.138045
vt 0.245162 0.151521
vt 0.245512 0.165698
vt 0.257987 0.166278
vt 0.258357 0.179861
vt 0.271721 0.166509
vt 0.289688 0.567723
vt 0.289675 0.555993
vt 0.275929 0.567718
vt 0.275694 0.556076
vt 0.289500 0.532075
vt 0.276148 0.579362
vt 0.275389 0.544254
vt 0.303445 0.520258
vt 0.275201 0.532256
vt 0.289184 0.520008
vt 0.303386 0.508259
vt 0.317594 0.508363
vt 0.331810 0.508559
vt 0.348007 0.508891
vt 0.348269 0.496676
vt 0.363789 0.520953
vt 0.331966 0.496323
vt 0.317582 0.496149
vt 0.364170 0.509009
vt 0.379238 0.532997
vt 0.379675 0.521099
vt 0.378754 0.544792
vt 0.378369 0.556569
vt 0.394623 0.544888
vt 0.395128 0.533167
vt 0.378037 0.568298
vt 0.394174 0.556638
vt 0.393812 0.568340
vt 0.377769 0.580016
vt 0.393467 0.580022
vt 0.409510 0.568385
vt 0.377496 0.591786
vt 0.393133 0.591758
vt 0.409102 0.580018
vt 0.408701 0.591608
vt 0.424183 0.591605
vt 0.424662 0.580053
vt 0.425146 0.568460
vt 0.409963 0.556695
vt 0.410478 0.544990
vt 0.425656 0.556839
vt 0.426248 0.545196
vt 0.411076 0.533266
vt 0.395698 0.521338
vt 0.411725 0.521527
vt 0.380262 0.509179
vt 0.396390 0.509517
vt 0.364588 0.496860
vt 0.365054 0.484568
vt 0.348531 0.484362
vt 0.332156 0.483970
vt 0.317648 0.483926
vt 0.303343 0.496176
vt 0.303155 0.484007
vt 0.289060 0.508092
vt 0.288856 0.496066
vt 0.288764 0.483984
vt 0.288648 0.472014
vt 0.274337 0.484040
vt 0.288354 0.460378
vt 0.274236 0.471995
vt 0.288269 0.448672
vt 0.274008 0.460438
vt 0.259794 0.472123
vt 0.274578 0.496178
vt 0.245271 0.472379
vt 0.259953 0.484269
vt 0.260227 0.496470
vt 0.274719 0.508270
vt 0.230719 0.472921
vt 0.245449 0.484666
vt 0.216001 0.473546
vt 0.230913 0.485145
vt 0.245737 0.496867
vt 0.201282 0.474209
vt 0.216302 0.485926
vt 0.201773 0.486621
vt 0.185362 0.487400
vt 0.231285 0.497450
vt 0.246012 0.508951
vt 0.216841 0.498156
vt 0.231648 0.509603
vt 0.260404 0.508630
vt 0.246464 0.521110
vt 0.202382 0.498887
vt 0.217301 0.510345
vt 0.232148 0.521676
vt 0.203019 0.510972
vt 0.186125 0.499697
vt 0.169948 0.500391
vt 0.217868 0.522353
vt 0.170934 0.512447
vt 0.186955 0.511797
vt 0.203701 0.522970
vt 0.232643 0.533692
vt 0.218488 0.534287
vt 0.187800 0.523720
vt 0.171908 0.524411
vt 0.155996 0.525054
vt 0.157043 0.536830
vt 0.172817 0.536260
vt 0.204474 0.534900
vt 0.219139 0.546118
vt 0.233237 0.545516
vt 0.233779 0.557120
vt 0.246836 0.533084
vt 0.247310 0.545015
vt 0.247668 0.556763
vt 0.248240 0.568337
vt 0.260646 0.520685
vt 0.260906 0.532632
vt 0.261256 0.544531
vt 0.261587 0.556304
vt 0.274882 0.520163
vt 0.262017 0.567941
vt 0.248748 0.579945
vt 0.262422 0.579550
vt 0.262839 0.591154
vt 0.257720 0.207859
vt 0.256976 0.236486
vt 0.256924 0.250784
vt 0.257122 0.265262
vt 0.242083 0.250694
vt 0.257133 0.222137
vt 0.242496 0.236176
vt 0.242998 0.221703
vt 0.242067 0.265325
vt 0.257246 0.279738
vt 0.241967 0.279947
vt 0.226681 0.265299
vt 0.226851 0.279812
vt 0.257382 0.291949
vt 0.242140 0.292131
vt 0.227057 0.291960
vt 0.257684 0.304134
vt 0.242542 0.304256
vt 0.227434 0.304171
vt 0.258045 0.316379
vt 0.212479 0.303901
vt 0.242937 0.316405
vt 0.227809 0.316394
vt 0.212850 0.316128
vt 0.228078 0.328787
vt 0.212912 0.328612
vt 0.197844 0.315607
vt 0.197592 0.303290
vt 0.212163 0.291587
vt 0.197372 0.290973
vt 0.211776 0.279459
vt 0.196960 0.278561
vt 0.211497 0.264830
vt 0.196536 0.263858
vt 0.226751 0.250647
vt 0.211541 0.250179
vt 0.196677 0.249309
vt 0.227394 0.235940
vt 0.212191 0.235599
vt 0.198751 0.220145
vt 0.213346 0.220904
vt 0.228241 0.221365
vt 0.214534 0.206359
vt 0.229232 0.207045
vt 0.243585 0.207428
vt 0.243982 0.193917
s 1
f 516/437/398 517/438/399 518/439/400
f 518/439/400 519/440/401 516/437/398
f 519/440/401 518/439/400 520/441/402
f 516/437/398 521/442/403 522/443/404
f 521/442/403 516/437/398 519/440/401
f 522/443/404 523/444/405 524/445/406
f 523/444/405 522/443/404 521/442/403
f 525/446/407 524/445/406 523/444/405
f 524/445/406 525/446/407 526/447/408
f 527/448/409 523/444/405 521/442/403
f 519/440/401 527/448/409 521/442/403
f 523/444/405 527/448/409 528/449/410
f 528/449/410 525/446/407 523/444/405
f 527/448/409 519/440/401 529/450/411
f 520/441/402 529/450/411 519/440/401
f 529/450/411 520/441/402 530/451/412
f 529/450/411 531/452/413 527/448/409
f 531/452/413 528/449/410 527/448/409
f 530/451/412 532/453/414 529/450/411
f 531/452/413 529/450/411 532/453/414
f 532/453/414 530/451/412 533/454/415
f 532/453/414 534/455/416 531/452/413
f 533/454/415 535/456/417 532/453/414
f 534/455/416 532/453/414 535/456/417
f 535/456/417 533/454/415 536/457/418
f 536/457/418 537/458/419 535/456/417
f 535/456/417 537/458/419 534/455/416
f 537/458/419 536/457/418 538/459/420
f 528/449/410 531/452/413 539/460/421
f 534/455/416 539/460/421 531/452/413
f 539/460/421 540/461/422 528/449/410
f 525/446/407 528/449/410 540/461/422
f 541/462/423 537/458/419 538/459/420
f 539/460/421 534/455/416 542/463/424
f 534/455/416 537/458/419 543/464/425
f 534/455/416 543/464/425 542/463/424
f 542/463/424 544/465/426 539/460/421
f 540/461/422 539/460/421 544/465/426
f 542/463/424 543/464/425 545/466/427
f 537/458/419 546/467/428 543/464/425
f 543/464/425 546/467/428 545/466/427
f 542/463/424 545/466/427 547/468/429
f 544/465/426 542/463/424 547/468/429
f 547/468/429 545/466/427 548/469/430
f 544/465/426 547/468/429 549/470/431
f 544/465/426 550/471/432 540/461/422
f 550/471/432 544/465/426 549/470/431
f 551/472/433 540/461/422 550/471/432
f 540/461/422 551/472/433 525/446/407
f 552/473/434 525/446/407 551/472/433
f 525/446/407 552/473/434 526/447/408
f 553/474/435 526/447/408 552/473/434
f 553/474/435 552/473/434 554/475/436
f 555/476/437 553/474/435 554/475/436
f 556/477/438 555/476/437 554/475/436
f 554/475/436 552/473/434 557/478/439
f 557/478/439 556/477/438 554/475/436
f 552/473/434 551/472/433 557/478/439
f 557/478/439 551/472/433 558/479/440
f 550/471/432 558/479/440 551/472/433
f 556/477/438 557/478/439 559/480/441
f 557/478/439 558/479/440 559/480/441
f 556/477/438 559/480/441 560/481/442
f 561/482/443 556/477/438 560/481/442
f 562/483/444 561/482/443 560/481/442
f 563/484/445 562/483/444 560/481/442
f 560/481/442 559/480/441 563/484/445
f 562/483/444 563/484/445 564/485/446
f 565/486/447 564/485/446 563/484/445
f 559/480/441 566/487/448 563/484/445
f 563/484/445 566/487/448 565/486/447
f 559/480/441 558/479/440 566/487/448
f 558/479/440 550/471/432 567/488/449
f 558/479/440 567/488/449 566/487/448
f 550/471/432 549/470/431 567/488/449
f 568/489/450 565/486/447 566/487/448
f 566/487/448 567/488/449 568/489/450
f 565/486/447 568/489/450 569/490/451
f 567/488/449 549/470/431 570/491/452
f 570/491/452 568/489/450 567/488/449
f 568/489/450 571/492/453 569/490/451
f 568/489/450 570/491/452 571/492/453
f 572/493/454 573/494/455 574/495/456
f 575/496/457 574/495/456 573/494/455
f 576/497/458 577/498/459 572/493/454
f 574/495/456 576/497/458 572/493/454
f 569/490/451 578/499/460 577/498/459
f 576/497/458 569/490/451 577/498/459
f 574/495/456 575/496/457 579/500/461
f 580/501/462 579/500/461 575/496/457
f 564/485/446 576/497/458 574/495/456
f 579/500/461 564/485/446 574/495/456
f 565/486/447 569/490/451 576/497/458
f 564/485/446 565/486/447 576/497/458
f 579/500/461 580/501/462 581/502/463
f 582/503/464 581/502/463 580/501/462
f 562/483/444 564/485/446 579/500/461
f 581/502/463 562/483/444 579/500/461
f 581/502/463 582/503/464 583/504/465
f 584/505/466 583/504/465 582/503/464
f 584/505/466 585/506/467 583/504/465
f 586/507/468 583/504/465 585/506/467
f 583/504/465 587/508/469 581/502/463
f 587/508/469 562/483/444 581/502/463
f 583/504/465 586/507/468 588/509/470
f 587/508/469 583/504/465 588/509/470
f 589/510/471 588/509/470 586/507/468
f 588/509/470 589/510/471 590/511/472
f 590/511/472 587/508/469 588/509/470
f 591/512/473 590/511/472 589/510/471
f 561/482/443 562/483/444 587/508/469
f 587/508/469 590/511/472 561/482/443
f 590/511/472 591/512/473 592/513/474
f 592/513/474 561/482/443 590/511/472
f 593/514/475 592/513/474 591/512/473
f 592/513/474 593/514/475 594/515/476
f 595/516/477 594/515/476 593/514/475
f 561/482/443 592/513/474 596/517/478
f 594/515/476 596/517/478 592/513/474
f 594/515/476 595/516/477 597/518/479
f 598/519/480 597/518/479 595/516/477
f 596/517/478 594/515/476 555/476/437
f 597/518/479 598/519/480 599/520/481
f 597/518/479 600/521/482 594/515/476
f 594/515/476 600/521/482 555/476/437
f 599/520/481 600/521/482 597/518/479
f 601/522/483 599/520/481 598/519/480
f 555/476/437 556/477/438 596/517/478
f 596/517/478 556/477/438 561/482/443
f 600/521/482 553/474/435 555/476/437
f 599/520/481 601/522/483 602/523/484
f 600/521/482 599/520/481 603/524/485
f 602/523/484 603/524/485 599/520/481
f 603/524/485 604/525/486 600/521/482
f 600/521/482 604/525/486 553/474/435
f 603/524/485 602/523/484 605/526/487
f 605/526/487 604/525/486 603/524/485
f 601/522/483 606/527/488 602/523/484
f 606/527/488 605/526/487 602/523/484
f 601/522/483 607/528/489 606/527/488
f 607/528/489 608/529/490 606/527/488
f 607/528/489 609/530/491 608/529/490
f 610/531/492 608/529/490 609/530/491
f 608/529/490 610/531/492 611/532/493
f 608/529/490 612/533/494 606/527/488
f 605/526/487 606/527/488 612/533/494
f 611/532/493 613/534/495 608/529/490
f 612/533/494 608/529/490 613/534/495
f 613/534/495 611/532/493 614/535/496
f 612/533/494 615/536/497 605/526/487
f 604/525/486 605/526/487 615/536/497
f 613/534/495 616/537/498 612/533/494
f 615/536/497 612/533/494 616/537/498
f 614/535/496 617/538/499 613/534/495
f 616/537/498 613/534/495 617/538/499
f 617/538/499 614/535/496 517/438/399
f 615/536/497 526/447/408 604/525/486
f 604/525/486 526/447/408 553/474/435
f 616/537/498 524/445/406 615/536/497
f 526/447/408 615/536/497 524/445/406
f 617/538/499 522/443/404 616/537/498
f 524/445/406 616/537/498 522/443/404
f 517/438/399 516/437/398 617/538/499
f 522/443/404 617/538/499 516/437/398
f 618/539/500 619/540/501 620/541/502
f 621/542/503 622/543/504 623/544/505
f 620/541/502 624/545/506 618/539/500
f 624/545/506 620/541/502 625/546/507
f 618/539/500 626/547/508 627/548/509
f 626/547/508 618/539/500 624/545/506
f 628/549/510 627/548/509 626/547/508
f 627/548/509 628/549/510 629/550/511
f 629/550/511 630/551/512 621/542/503
f 630/551/512 629/550/511 628/549/510
f 622/543/504 621/542/503 630/551/512
f 631/552/513 623/544/505 622/543/504
f 624/545/506 632/553/514 626/547/508
f 625/546/507 633/554/515 624/545/506
f 632/553/514 624/545/506 633/554/515
f 633/554/515 625/546/507 634/555/516
f 635/556/517 626/547/508 632/553/514
f 626/547/508 635/556/517 628/549/510
f 633/554/515 636/557/518 632/553/514
f 634/555/516 637/558/519 633/554/515
f 636/557/518 633/554/515 637/558/519
f 637/558/519 634/555/516 638/559/520
f 639/560/521 632/553/514 636/557/518
f 632/553/514 639/560/521 635/556/517
f 637/558/519 640/561/522 636/557/518
f 638/559/520 641/562/523 637/558/519
f 640/561/522 637/558/519 641/562/523
f 641/562/523 638/559/520 642/563/524
f 643/564/525 636/557/518 640/561/522
f 636/557/518 643/564/525 639/560/521
f 641/562/523 644/565/526 640/561/522
f 642/563/524 645/566/527 641/562/523
f 644/565/526 641/562/523 645/566/527
f 645/566/527 642/563/524 646/567/528
f 647/568/529 640/561/522 644/565/526
f 640/561/522 647/568/529 643/564/525
f 645/566/527 648/569/530 644/565/526
f 646/567/528 649/570/531 645/566/527
f 648/569/530 645/566/527 649/570/531
f 649/570/531 646/567/528 650/571/532
f 650/571/532 651/572/533 649/570/531
f 651/572/533 648/569/530 649/570/531
f 651/572/533 650/571/532 652/573/534
f 653/574/535 644/565/526 648/569/530
f 644/565/526 653/574/535 647/568/529
f 648/569/530 651/572/533 654/575/536
f 652/573/534 655/576/537 651/572/533
f 655/576/537 654/575/536 651/572/533
f 655/576/537 652/573/534 656/577/538
f 657/578/539 655/576/537 656/577/538
f 655/576/537 657/578/539 658/579/540
f 657/578/539 659/580/541 658/579/540
f 659/580/541 660/581/542 658/579/540
f 660/581/542 655/576/537 658/579/540
f 660/581/542 659/580/541 661/582/543
f 654/575/536 655/576/537 662/583/544
f 655/576/537 660/581/542 662/583/544
f 663/584/545 648/569/530 654/575/536
f 662/583/544 663/584/545 654/575/536
f 648/569/530 663/584/545 653/574/535
f 661/582/543 664/585/546 660/581/542
f 664/585/546 662/583/544 660/581/542
f 664/585/546 661/582/543 665/586/547
f 663/584/545 662/583/544 666/587/548
f 662/583/544 664/585/546 666/587/548
f 665/586/547 667/588/549 664/585/546
f 667/588/549 666/587/548 664/585/546
f 667/588/549 665/586/547 668/589/550
f 669/590/551 667/588/549 668/589/550
f 666/587/548 670/591/552 663/584/545
f 670/591/552 653/574/535 663/584/545
f 666/587/548 667/588/549 671/592/553
f 670/591/552 666/587/548 671/592/553
f 667/588/549 669/590/551 672/593/554
f 672/593/554 671/592/553 667/588/549
f 669/590/551 673/594/555 672/593/554
f 673/594/555 669/590/551 674/595/556
f 671/592/553 672/593/554 675/596/557
f 671/592/553 676/597/558 670/591/552
f 676/597/558 671/592/553 675/596/557
f 653/574/535 670/591/552 677/598/559
f 676/597/558 677/598/559 670/591/552
f 677/598/559 647/568/529 653/574/535
f 672/593/554 678/599/560 675/596/557
f 678/599/560 672/593/554 673/594/555
f 675/596/557 679/600/561 676/597/558
f 679/600/561 675/596/557 678/599/560
f 647/568/529 677/598/559 680/601/562
f 680/601/562 643/564/525 647/568/529
f 677/598/559 676/597/558 681/602/563
f 681/602/563 680/601/562 677/598/559
f 682/603/564 676/597/558 679/600/561
f 676/597/558 682/603/564 681/602/563
f 643/564/525 680/601/562 683/604/565
f 683/604/565 639/560/521 643/564/525
f 680/601/562 681/602/563 684/605/566
f 684/605/566 683/604/565 680/601/562
f 685/606/567 681/602/563 682/603/564
f 681/602/563 685/606/567 684/605/566
f 639/560/521 683/604/565 686/607/568
f 686/607/568 635/556/517 639/560/521
f 683/604/565 684/605/566 687/608/569
f 687/608/569 686/607/568 683/604/565
f 688/609/570 684/605/566 685/606/567
f 684/605/566 688/609/570 687/608/569
f 635/556/517 686/607/568 689/610/571
f 689/610/571 628/549/510 635/556/517
f 628/549/510 689/610/571 630/551/512
f 690/611/572 689/610/571 686/607/568
f 686/607/568 687/608/569 690/611/572
f 691/612/573 630/551/512 689/610/571
f 689/610/571 690/611/572 691/612/573
f 630/551/512 691/612/573 622/543/504
f 687/608/569 692/613/574 690/611/572
f 692/613/574 691/612/573 690/611/572
f 692/613/574 687/608/569 688/609/570
f 693/614/575 622/543/504 691/612/573
f 691/612/573 692/613/574 693/614/575
f 622/543/504 693/614/575 631/552/513
f 692/613/574 694/615/576 693/614/575
f 694/615/576 631/552/513 693/614/575
f 688/609/570 695/616/577 692/613/574
f 694/615/576 692/613/574 695/616/577
f 695/616/577 688/609/570 696/617/578
f 685/606/567 696/617/578 688/609/570
f 631/552/513 694/615/576 697/618/579
f 698/619/580 631/552/513 697/618/579
f 697/618/579 699/620/581 698/619/580
f 699/620/581 697/618/579 700/621/582
f 694/615/576 700/621/582 697/618/579
f 700/621/582 701/622/583 699/620/581
f 695/616/577 702/623/584 694/615/576
f 700/621/582 694/615/576 702/623/584
f 701/622/583 700/621/582 703/624/585
f 702/623/584 703/624/585 700/621/582
f 703/624/585 704/625/586 701/622/583
f 702/623/584 695/616/577 705/626/587
f 696/617/578 705/626/587 695/616/577
f 703/624/585 702/623/584 706/627/588
f 705/626/587 706/627/588 702/623/584
f 704/625/586 703/624/585 707/628/589
f 706/627/588 707/628/589 703/624/585
f 707/628/589 708/629/590 704/625/586
f 708/629/590 707/628/589 709/630/591
f 710/631/592 709/630/591 707/628/589
f 707/628/589 706/627/588 710/631/592
f 709/630/591 710/631/592 711/632/593
f 706/627/588 705/626/587 712/633/594
f 712/633/594 710/631/592 706/627/588
f 713/634/595 711/632/593 710/631/592
f 710/631/592 712/633/594 713/634/595
f 711/632/593 713/634/595 714/635/596
f 715/636/597 712/633/594 705/626/587
f 705/626/587 696/617/578 715/636/597
f 716/637/598 713/634/595 712/633/594
f 712/633/594 715/636/597 716/637/598
f 717/638/599 714/635/596 713/634/595
f 713/634/595 716/637/598 717/638/599
f 714/635/596 717/638/599 718/639/600
f 719/640/601 715/636/597 696/617/578
f 696/617/578 685/606/567 719/640/601
f 682/603/564 719/640/601 685/606/567
f 715/636/597 719/640/601 720/641/602
f 720/641/602 716/637/598 715/636/597
f 719/640/601 682/603/564 721/642/603
f 721/642/603 720/641/602 719/640/601
f 679/600/561 721/642/603 682/603/564
f 716/637/598 720/641/602 722/643/604
f 722/643/604 717/638/599 716/637/598
f 720/641/602 721/642/603 723/644/605
f 723/644/605 722/643/604 720/641/602
f 721/642/603 679/600/561 724/645/606
f 724/645/606 723/644/605 721/642/603
f 678/599/560 724/645/606 679/600/561
f 723/644/605 724/645/606 725/646/607
f 724/645/606 678/599/560 726/647/608
f 726/647/608 725/646/607 724/645/606
f 673/594/555 726/647/608 678/599/560
f 717/638/599 722/643/604 727/648/609
f 727/648/609 718/639/600 717/638/599
f 718/639/600 727/648/609 728/649/610
f 722/643/604 723/644/605 729/650/611
f 729/650/611 727/648/609 722/643/604
f 725/646/607 729/650/611 723/644/605
f 730/651/612 728/649/610 727/648/609
f 727/648/609 729/650/611 730/651/612
f 728/649/610 730/651/612 731/652/613
f 729/650/611 725/646/607 732/653/614
f 732/653/614 730/651/612 729/650/611
f 733/654/615 731/652/613 730/651/612
f 730/651/612 732/653/614 733/654/615
f 731/652/613 733/654/615 734/655/616
f 725/646/607 735/656/617 732/653/614
f 735/656/617 733/654/615 732/653/614
f 736/657/618 734/655/616 733/654/615
f 733/654/615 735/656/617 736/657/618
f 734/655/616 736/657/618 737/658/619
f 736/657/618 738/659/620 737/658/619
f 738/659/620 736/657/618 739/660/621
f 739/660/621 740/661/622 738/659/620
f 736/657/618 741/662/623 739/660/621
f 740/661/622 739/660/621 741/662/623
f 741/662/623 736/657/618 735/656/617
f 741/662/623 742/663/624 740/661/622
f 741/662/623 743/664/625 742/663/624
f 743/664/625 741/662/623 744/665/626
f 735/656/617 744/665/626 741/662/623
f 744/665/626 745/666/627 743/664/625
f 735/656/617 725/646/607 746/667/628
f 744/665/626 735/656/617 746/667/628
f 725/646/607 726/647/608 746/667/628
f 745/666/627 744/665/626 747/668/629
f 746/667/628 747/668/629 744/665/626
f 747/668/629 746/667/628 726/647/608
f 747/668/629 674/595/556 745/666/627
f 726/647/608 673/594/555 747/668/629
f 674/595/556 747/668/629 673/594/555
f 748/669/630 749/670/631 750/671/632
f 751/672/633 749/670/631 748/669/630
f 749/670/631 751/672/633 752/673/634
f 750/671/632 753/674/635 748/669/630
f 753/674/635 750/671/632 754/675/636
f 748/669/630 755/676/637 751/672/633
f 755/676/637 748/669/630 753/674/635
f 704/625/586 752/673/634 751/672/633
f 752/673/634 704/625/586 708/629/590
f 701/622/583 751/672/633 755/676/637
f 751/672/633 701/622/583 704/625/586
f 754/675/636 756/677/638 753/674/635
f 756/677/638 754/675/636 757/678/639
f 753/674/635 758/679/640 755/676/637
f 758/679/640 753/674/635 756/677/638
f 755/676/637 699/620/581 701/622/583
f 699/620/581 755/676/637 758/679/640
f 757/678/639 759/680/641 756/677/638
f 759/680/641 757/678/639 760/681/642
f 761/682/643 759/680/641 760/681/642
f 762/683/644 756/677/638 759/680/641
f 756/677/638 762/683/644 758/679/640
f 759/680/641 761/682/643 763/684/645
f 764/685/646 763/684/645 761/682/643
f 759/680/641 765/686/647 762/683/644
f 765/686/647 759/680/641 763/684/645
f 763/684/645 764/685/646 766/687/648
f 766/687/648 765/686/647 763/684/645
f 767/688/649 766/687/648 764/685/646
f 698/619/580 758/679/640 762/683/644
f 758/679/640 698/619/580 699/620/581
f 768/689/650 762/683/644 765/686/647
f 762/683/644 768/689/650 698/619/580
f 765/686/647 766/687/648 769/690/651
f 769/690/651 768/689/650 765/686/647
f 766/687/648 767/688/649 770/691/652
f 770/691/652 769/690/651 766/687/648
f 771/692/653 770/691/652 767/688/649
f 770/691/652 771/692/653 772/693/654
f 773/694/655 772/693/654 771/692/653
f 769/690/651 770/691/652 774/695/656
f 772/693/654 774/695/656 770/691/652
f 768/689/650 769/690/651 623/544/505
f 774/695/656 623/544/505 769/690/651
f 623/544/505 631/552/513 768/689/650
f 631/552/513 698/619/580 768/689/650
f 772/693/654 773/694/655 775/696/657
f 776/697/658 775/696/657 773/694/655
f 774/695/656 772/693/654 777/698/659
f 775/696/657 777/698/659 772/693/654
f 775/696/657 776/697/658 778/699/660
f 779/700/661 778/699/660 776/697/658
f 777/698/659 775/696/657 780/701/662
f 778/699/660 780/701/662 775/696/657
f 779/700/661 781/702/663 778/699/660
f 780/701/662 778/699/660 781/702/663
f 781/702/663 779/700/661 619/540/501
f 777/698/659 621/542/503 774/695/656
f 623/544/505 774/695/656 621/542/503
f 780/701/662 629/550/511 777/698/659
f 621/542/503 777/698/659 629/550/511
f 781/702/663 627/548/509 780/701/662
f 629/550/511 780/701/662 627/548/509
f 619/540/501 618/539/500 781/702/663
f 627/548/509 781/702/663 618/539/500
f 569/490/451 571/492/453 578/499/460
f 571/492/453 782/703/664 578/499/460
f 570/491/452 782/703/664 571/492/453
f 578/499/460 782/703/664 783/704/665
f 549/470/431 784/705/666 570/491/452
f 782/703/664 570/491/452 784/705/666
f 785/706/667 783/704/665 782/703/664
f 784/705/666 785/706/667 782/703/664
f 783/704/665 785/706/667 786/707/668
f 784/705/666 549/470/431 787/708/669
f 549/470/431 547/468/429 787/708/669
f 548/469/430 787/708/669 547/468/429
f 785/706/667 788/709/670 786/707/668
f 785/706/667 784/705/666 789/710/671
f 787/708/669 789/710/671 784/705/666
f 789/710/671 788/709/670 785/706/667
f 786/707/668 788/709/670 790/711/672
f 789/710/671 787/708/669 791/712/673
f 787/708/669 548/469/430 791/712/673
f 788/709/670 789/710/671 792/713/674
f 791/712/673 792/713/674 789/710/671
f 790/711/672 788/709/670 793/714/675
f 548/469/430 794/715/676 791/712/673
f 788/709/670 792/713/674 795/716/677
f 793/714/675 788/709/670 795/716/677
f 792/713/674 791/712/673 796/717/678
f 791/712/673 794/715/676 796/717/678
f 795/716/677 792/713/674 797/718/679
f 792/713/674 796/717/678 797/718/679
f 796/717/678 794/715/676 798/719/680
f 797/718/679 796/717/678 798/719/680
f 548/469/430 799/720/681 794/715/676
f 799/720/681 798/719/680 794/715/676
f 545/466/427 799/720/681 548/469/430
f 545/466/427 546/467/428 799/720/681
f 798/719/680 799/720/681 800/721/682
f 546/467/428 800/721/682 799/720/681
f 801/722/683 798/719/680 800/721/682
f 800/721/682 546/467/428 802/723/684
f 802/723/684 801/722/683 800/721/682
f 803/724/685 802/723/684 546/467/428
f 546/467/428 537/458/419 803/724/685
f 537/458/419 541/462/423 803/724/685
f 802/723/684 803/724/685 804/725/686
f 803/724/685 541/462/423 804/725/686
f 804/725/686 805/726/687 802/723/684
f 801/722/683 802/723/684 805/726/687
f 804/725/686 541/462/423 806/727/688
f 798/719/680 801/722/683 807/728/689
f 807/728/689 797/718/679 798/719/680
f 805/726/687 804/725/686 808/729/690
f 804/725/686 806/727/688 808/729/690
f 809/730/691 810/731/692 811/732/693
f 812/733/694 811/732/693 810/731/692
f 809/730/691 813/734/695 814/735/696
f 813/734/695 809/730/691 811/732/693
f 811/732/693 812/733/694 815/736/697
f 816/737/698 815/736/697 812/733/694
f 811/732/693 817/738/699 813/734/695
f 817/738/699 811/732/693 815/736/697
f 815/736/697 816/737/698 818/739/700
f 818/739/700 817/738/699 815/736/697
f 819/740/701 818/739/700 816/737/698
f 813/734/695 820/741/702 814/735/696
f 821/742/703 814/735/696 820/741/702
f 817/738/699 822/743/704 813/734/695
f 820/741/702 813/734/695 822/743/704
f 818/739/700 819/740/701 823/744/705
f 824/745/706 823/744/705 819/740/701
f 817/738/699 818/739/700 825/746/707
f 823/744/705 825/746/707 818/739/700
f 822/743/704 817/738/699 826/747/708
f 825/746/707 826/747/708 817/738/699
f 823/744/705 824/745/706 827/748/709
f 828/749/710 827/748/709 824/745/706
f 825/746/707 823/744/705 829/750/711
f 827/748/709 829/750/711 823/744/705
f 826/747/708 825/746/707 830/751/712
f 829/750/711 830/751/712 825/746/707
f 827/748/709 828/749/710 831/752/713
f 832/753/714 831/752/713 828/749/710
f 829/750/711 827/748/709 833/754/715
f 831/752/713 833/754/715 827/748/709
f 830/751/712 829/750/711 834/755/716
f 833/754/715 834/755/716 829/750/711
f 831/752/713 832/753/714 835/756/717
f 836/757/718 835/756/717 832/753/714
f 833/754/715 831/752/713 837/758/719
f 835/756/717 837/758/719 831/752/713
f 834/755/716 833/754/715 838/759/720
f 837/758/719 838/759/720 833/754/715
f 835/756/717 836/757/718 839/760/721
f 840/761/722 839/760/721 836/757/718
f 837/758/719 835/756/717 841/762/723
f 839/760/721 841/762/723 835/756/717
f 838/759/720 837/758/719 842/763/724
f 841/762/723 842/763/724 837/758/719
f 839/760/721 840/761/722 843/764/725
f 844/765/726 843/764/725 840/761/722
f 841/762/723 839/760/721 845/766/727
f 843/764/725 845/766/727 839/760/721
f 842/763/724 841/762/723 846/767/728
f 845/766/727 846/767/728 841/762/723
f 843/764/725 844/765/726 847/768/729
f 848/769/730 847/768/729 844/765/726
f 845/766/727 843/764/725 849/770/731
f 847/768/729 849/770/731 843/764/725
f 847/768/729 848/769/730 850/771/732
f 851/772/733 850/771/732 848/769/730
f 849/770/731 847/768/729 852/773/734
f 850/771/732 852/773/734 847/768/729
f 850/771/732 851/772/733 853/774/735
f 854/775/736 853/774/735 851/772/733
f 852/773/734 850/771/732 855/776/737
f 853/774/735 855/776/737 850/771/732
f 853/774/735 854/775/736 856/777/738
f 857/778/739 856/777/738 854/775/736
f 855/776/737 853/774/735 858/779/740
f 856/777/738 857/778/739 859/780/741
f 860/781/742 859/780/741 857/778/739
f 861/782/743 853/774/735 856/777/738
f 853/774/735 861/782/743 858/779/740
f 862/783/744 856/777/738 859/780/741
f 856/777/738 862/783/744 861/782/743
f 859/780/741 860/781/742 863/784/745
f 864/785/746 863/784/745 860/781/742
f 859/780/741 865/786/747 862/783/744
f 865/786/747 859/780/741 863/784/745
f 863/784/745 864/785/746 866/787/748
f 867/788/749 866/787/748 864/785/746
f 863/784/745 868/789/750 865/786/747
f 868/789/750 863/784/745 866/787/748
f 866/787/748 867/788/749 869/790/751
f 869/790/751 868/789/750 866/787/748
f 870/791/752 869/790/751 867/788/749
f 869/790/751 870/791/752 871/792/753
f 872/793/754 871/792/753 870/791/752
f 868/789/750 869/790/751 873/794/755
f 871/792/753 873/794/755 869/790/751
f 871/792/753 872/793/754 874/795/756
f 875/796/757 874/795/756 872/793/754
f 873/794/755 871/792/753 876/797/758
f 874/795/756 875/796/757 877/798/759
f 878/799/760 877/798/759 875/796/757
f 879/800/761 878/799/760 875/796/757
f 880/801/762 874/795/756 877/798/759
f 878/799/760 880/801/762 877/798/759
f 881/802/763 878/799/760 879/800/761
f 874/795/756 880/801/762 882/803/764
f 882/803/764 871/792/753 874/795/756
f 871/792/753 882/803/764 876/797/758
f 790/711/672 882/803/764 880/801/762
f 878/799/760 881/802/763 883/804/765
f 884/805/766 883/804/765 881/802/763
f 885/806/767 880/801/762 878/799/760
f 883/804/765 885/806/767 878/799/760
f 885/806/767 790/711/672 880/801/762
f 883/804/765 884/805/766 886/807/768
f 887/808/769 886/807/768 884/805/766
f 888/809/770 885/806/767 883/804/765
f 886/807/768 888/809/770 883/804/765
f 886/807/768 887/808/769 889/810/771
f 890/811/772 889/810/771 887/808/769
f 891/812/773 888/809/770 886/807/768
f 889/810/771 891/812/773 886/807/768
f 888/809/770 786/707/668 885/806/767
f 786/707/668 790/711/672 885/806/767
f 891/812/773 783/704/665 888/809/770
f 783/704/665 786/707/668 888/809/770
f 889/810/771 890/811/772 572/493/454
f 573/494/455 572/493/454 890/811/772
f 577/498/459 891/812/773 889/810/771
f 572/493/454 577/498/459 889/810/771
f 578/499/460 783/704/665 891/812/773
f 577/498/459 578/499/460 891/812/773
f 892/813/774 893/814/775 894/815/776
f 895/816/777 894/815/776 893/814/775
f 895/816/777 896/817/778 894/815/776
f 893/814/775 897/818/779 895/816/777
f 898/819/780 896/817/778 899/820/781
f 900/821/782 898/819/780 899/820/781
f 896/817/778 895/816/777 901/822/783
f 901/822/783 899/820/781 896/817/778
f 902/823/784 895/816/777 897/818/779
f 901/822/783 895/816/777 903/824/785
f 895/816/777 902/823/784 903/824/785
f 897/818/779 904/825/786 902/823/784
f 899/820/781 905/826/787 900/821/782
f 899/820/781 901/822/783 906/827/788
f 905/826/787 899/820/781 906/827/788
f 903/824/785 906/827/788 901/822/783
f 905/826/787 907/828/789 900/821/782
f 908/829/790 902/823/784 904/825/786
f 904/825/786 909/830/791 908/829/790
f 903/824/785 902/823/784 910/831/792
f 902/823/784 908/829/790 910/831/792
f 911/832/793 908/829/790 909/830/791
f 909/830/791 912/833/794 911/832/793
f 913/834/547 911/832/793 912/833/794
f 908/829/790 911/832/793 914/835/795
f 910/831/792 908/829/790 914/835/795
f 911/832/793 913/834/547 915/836/796
f 916/837/797 915/836/796 913/834/547
f 914/835/795 911/832/793 917/838/798
f 911/832/793 915/836/796 917/838/798
f 915/836/796 916/837/797 918/839/799
f 919/840/800 918/839/799 916/837/797
f 917/838/798 915/836/796 920/841/801
f 915/836/796 918/839/799 920/841/801
f 918/839/799 919/840/800 921/842/802
f 922/843/539 921/842/802 919/840/800
f 918/839/799 923/844/803 920/841/801
f 923/844/803 918/839/799 921/842/802
f 917/838/798 920/841/801 924/845/804
f 925/846/805 920/841/801 923/844/803
f 920/841/801 925/846/805 924/845/804
f 926/847/806 917/838/798 924/845/804
f 914/835/795 917/838/798 926/847/806
f 921/842/802 922/843/539 927/848/807
f 928/849/808 914/835/795 926/847/806
f 910/831/792 914/835/795 928/849/808
f 929/850/809 921/842/802 927/848/807
f 921/842/802 929/850/809 923/844/803
f 922/843/539 930/851/810 927/848/807
f 930/851/810 922/843/539 931/852/811
f 927/848/807 932/853/812 929/850/809
f 932/853/812 927/848/807 930/851/810
f 933/854/813 923/844/803 929/850/809
f 932/853/812 933/854/813 929/850/809
f 923/844/803 933/854/813 925/846/805
f 931/852/811 934/855/814 930/851/810
f 934/855/814 931/852/811 935/856/815
f 930/851/810 936/857/816 932/853/812
f 936/857/816 930/851/810 934/855/814
f 937/858/817 933/854/813 932/853/812
f 936/857/816 937/858/817 932/853/812
f 935/856/815 938/859/818 934/855/814
f 938/859/818 935/856/815 939/860/819
f 934/855/814 940/861/820 936/857/816
f 940/861/820 934/855/814 938/859/818
f 941/862/821 938/859/818 939/860/819
f 940/861/820 942/863/822 936/857/816
f 937/858/817 936/857/816 942/863/822
f 938/859/818 941/862/821 943/864/823
f 944/865/524 943/864/823 941/862/821
f 938/859/818 945/866/824 940/861/820
f 945/866/824 938/859/818 943/864/823
f 942/863/822 940/861/820 946/867/825
f 945/866/824 946/867/825 940/861/820
f 942/863/822 947/868/826 937/858/817
f 943/864/823 948/869/827 945/866/824
f 946/867/825 949/870/828 942/863/822
f 949/870/828 947/868/826 942/863/822
f 946/867/825 945/866/824 950/871/829
f 948/869/827 950/871/829 945/866/824
f 951/872/830 949/870/828 946/867/825
f 950/871/829 951/872/830 946/867/825
f 948/869/827 943/864/823 952/873/831
f 943/864/823 944/865/524 952/873/831
f 950/871/829 948/869/827 953/874/832
f 952/873/831 954/875/833 948/869/827
f 954/875/833 953/874/832 948/869/827
f 944/865/524 955/876/834 952/873/831
f 954/875/833 952/873/831 955/876/834
f 955/876/834 944/865/524 956/877/835
f 957/878/836 951/872/830 950/871/829
f 953/874/832 957/878/836 950/871/829
f 956/877/835 958/879/837 955/876/834
f 958/879/837 956/877/835 959/880/838
f 955/876/834 960/881/839 954/875/833
f 960/881/839 955/876/834 958/879/837
f 953/874/832 954/875/833 961/882/840
f 961/882/840 957/878/836 953/874/832
f 962/883/841 954/875/833 960/881/839
f 954/875/833 962/883/841 961/882/840
f 959/880/838 963/884/842 958/879/837
f 963/884/842 959/880/838 964/885/843
f 958/879/837 965/886/844 960/881/839
f 965/886/844 958/879/837 963/884/842
f 960/881/839 966/887/845 962/883/841
f 966/887/845 960/881/839 965/886/844
f 962/883/841 967/888/846 961/882/840
f 957/878/836 961/882/840 967/888/846
f 968/889/847 969/890/848 970/891/849
f 971/892/850 970/891/849 969/890/848
f 970/891/849 972/893/851 968/889/847
f 973/894/852 974/895/853 971/892/850
f 970/891/849 971/892/850 974/895/853
f 972/893/851 970/891/849 975/896/854
f 974/895/853 975/896/854 970/891/849
f 975/896/854 976/897/855 972/893/851
f 974/895/853 973/894/852 977/898/856
f 978/899/857 977/898/856 973/894/852
f 975/896/854 974/895/853 979/900/858
f 977/898/856 979/900/858 974/895/853
f 976/897/855 975/896/854 980/901/859
f 979/900/858 980/901/859 975/896/854
f 980/901/859 981/902/860 976/897/855
f 977/898/856 978/899/857 982/903/861
f 983/904/862 982/903/861 978/899/857
f 979/900/858 977/898/856 984/905/863
f 982/903/861 984/905/863 977/898/856
f 980/901/859 979/900/858 985/906/864
f 984/905/863 985/906/864 979/900/858
f 981/902/860 980/901/859 986/907/865
f 985/906/864 986/907/865 980/901/859
f 987/908/866 981/902/860 986/907/865
f 981/902/860 987/908/866 988/909/462
f 986/907/865 985/906/864 989/910/867
f 989/910/867 987/908/866 986/907/865
f 985/906/864 984/905/863 990/911/868
f 990/911/868 989/910/867 985/906/864
f 991/912/869 990/911/868 984/905/863
f 984/905/863 982/903/861 991/912/869
f 989/910/867 990/911/868 992/913/870
f 982/903/861 983/904/862 993/914/871
f 993/914/871 991/912/869 982/903/861
f 994/915/872 993/914/871 983/904/862
f 993/914/871 994/915/872 995/916/873
f 995/916/873 996/917/874 993/914/871
f 991/912/869 993/914/871 996/917/874
f 990/911/868 991/912/869 997/918/875
f 996/917/874 997/918/875 991/912/869
f 997/918/875 992/913/870 990/911/868
f 997/918/875 996/917/874 998/919/876
f 998/919/876 999/920/877 997/918/875
f 992/913/870 997/918/875 999/920/877
f 999/920/877 998/919/876 1000/921/878
f 1000/921/878 1001/922/879 999/920/877
f 999/920/877 1002/923/880 992/913/870
f 1002/923/880 999/920/877 1001/922/879
f 1003/924/881 992/913/870 1002/923/880
f 992/913/870 1003/924/881 989/910/867
f 987/908/866 989/910/867 1003/924/881
f 1004/925/882 1003/924/881 1002/923/880
f 1001/922/879 1004/925/882 1002/923/880
f 1005/926/883 987/908/866 1003/924/881
f 1003/924/881 1004/925/882 1005/926/883
f 1006/927/884 1007/928/885 1008/929/886
f 1008/929/886 1009/930/887 1010/931/888
f 1009/930/887 1008/929/886 1011/932/889
f 1011/932/889 1012/933/890 1009/930/887
f 1007/928/885 1011/932/889 1008/929/886
f 1013/934/891 1008/929/886 1010/931/888
f 1008/929/886 1013/934/891 1006/927/884
f 1010/931/888 1014/935/892 1013/934/891
f 1012/933/890 1011/932/889 1015/936/893
f 1016/937/894 1012/933/890 1015/936/893
f 1015/936/893 1017/938/895 1016/937/894
f 1018/939/896 1015/936/893 1011/932/889
f 1011/932/889 1007/928/885 1018/939/896
f 1017/938/895 1015/936/893 1019/940/897
f 1015/936/893 1018/939/896 1019/940/897
f 1019/940/897 1020/941/898 1017/938/895
f 1020/941/898 1019/940/897 1021/942/899
f 1018/939/896 1021/942/899 1019/940/897
f 1021/942/899 1022/943/900 1020/941/898
f 1022/943/900 1021/942/899 1023/944/901
f 1024/945/902 1023/944/901 1021/942/899
f 1021/942/899 1018/939/896 1024/945/902
f 1023/944/901 1024/945/902 1025/946/903
f 1026/947/904 1024/945/902 1018/939/896
f 1026/947/904 1025/946/903 1024/945/902
f 1007/928/885 1026/947/904 1018/939/896
f 1025/946/903 1026/947/904 1027/948/905
f 1028/949/906 1026/947/904 1007/928/885
f 1029/950/907 1027/948/905 1026/947/904
f 1026/947/904 1028/949/906 1029/950/907
f 1027/948/905 1029/950/907 1030/951/908
f 1007/928/885 1006/927/884 1028/949/906
f 1029/950/907 1031/952/909 1030/951/908
f 1031/952/909 1029/950/907 1032/953/910
f 1032/953/910 1033/954/911 1031/952/909
f 1034/955/912 1029/950/907 1028/949/906
f 1029/950/907 1034/955/912 1032/953/910
f 1032/953/910 1035/956/913 1033/954/911
f 1035/956/913 1032/953/910 1034/955/912
f 1035/956/913 1036/957/914 1033/954/911
f 1034/955/912 1028/949/906 1037/958/915
f 1037/958/915 1035/956/913 1034/955/912
f 1037/958/915 1028/949/906 1006/927/884
f 1038/959/916 1036/957/914 1035/956/913
f 1035/956/913 1037/958/915 1038/959/916
f 1037/958/915 1006/927/884 1039/960/917
f 1039/960/917 1038/959/916 1037/958/915
f 1039/960/917 1006/927/884 1013/934/891
f 1036/957/914 1038/959/916 1040/961/918
f 1040/961/918 1041/962/919 1036/957/914
f 1040/961/918 1042/963/920 1041/962/919
f 1043/964/921 1040/961/918 1038/959/916
f 1038/959/916 1039/960/917 1043/964/921
f 1039/960/917 1013/934/891 1044/965/922
f 1044/965/922 1043/964/921 1039/960/917
f 1044/965/922 1013/934/891 1014/935/892
f 1043/964/921 1044/965/922 1045/966/923
f 1046/967/924 1042/963/920 1040/961/918
f 1040/961/918 1043/964/921 1046/967/924
f 1044/965/922 1014/935/892 1047/968/925
f 1047/968/925 1014/935/892 1048/969/926
f 1049/970/927 1045/966/923 1044/965/922
f 1047/968/925 1049/970/927 1044/965/922
f 1045/966/923 1050/971/928 1043/964/921
f 1050/971/928 1046/967/924 1043/964/921
f 1049/970/927 1050/971/928 1045/966/923
f 1047/968/925 1048/969/926 1051/972/929
f 1051/972/929 1049/970/927 1047/968/925
f 1052/973/930 1053/974/931 1054/975/932
f 1055/976/933 1052/973/930 1054/975/932
f 1056/977/934 1057/978/935 1053/974/931
f 1053/974/931 1052/973/930 1056/977/934
f 1052/973/930 1055/976/933 1058/979/936
f 1055/976/933 1059/980/937 1058/979/936
f 1060/981/938 1056/977/934 1052/973/930
f 1058/979/936 1060/981/938 1052/973/930
f 1057/978/935 1056/977/934 1061/982/939
f 1062/983/940 1058/979/936 1059/980/937
f 1056/977/934 1060/981/938 1000/921/878
f 1000/921/878 1061/982/939 1056/977/934
f 1060/981/938 1058/979/936 1063/984/941
f 1058/979/936 1062/983/940 1063/984/941
f 1001/922/879 1000/921/878 1060/981/938
f 1063/984/941 1001/922/879 1060/981/938
f 1061/982/939 1064/985/942 1057/978/935
f 1065/986/943 1057/978/935 1064/985/942
f 1064/985/942 1066/987/944 1065/986/943
f 1067/988/945 1065/986/943 1066/987/944
f 1064/985/942 1061/982/939 1068/989/946
f 1061/982/939 1000/921/878 998/919/876
f 998/919/876 1068/989/946 1061/982/939
f 1068/989/946 1069/990/947 1064/985/942
f 1066/987/944 1064/985/942 1069/990/947
f 1068/989/946 998/919/876 996/917/874
f 1066/987/944 1070/991/948 1067/988/945
f 1071/992/949 1067/988/945 1070/991/948
f 1072/993/950 1071/992/949 1070/991/948
f 1069/990/947 1068/989/946 995/916/873
f 996/917/874 995/916/873 1068/989/946
f 1070/991/948 1073/994/951 1072/993/950
f 1073/994/951 1074/995/952 1072/993/950
f 1070/991/948 1066/987/944 1075/996/953
f 1073/994/951 1070/991/948 1075/996/953
f 1076/997/954 1066/987/944 1069/990/947
f 1066/987/944 1076/997/954 1075/996/953
f 994/915/872 1069/990/947 995/916/873
f 1069/990/947 994/915/872 1076/997/954
f 1077/998/955 1075/996/953 1076/997/954
f 1075/996/953 1077/998/955 1073/994/951
f 994/915/872 1077/998/955 1076/997/954
f 1073/994/951 1078/999/956 1074/995/952
f 1077/998/955 1078/999/956 1073/994/951
f 1074/995/952 1078/999/956 1079/1000/957
f 1077/998/955 994/915/872 1080/1001/958
f 1080/1001/958 1078/999/956 1077/998/955
f 1081/1002/959 1079/1000/957 1078/999/956
f 1078/999/956 1080/1001/958 1081/1002/959
f 1079/1000/957 1081/1002/959 1082/1003/960
f 1083/1004/961 1082/1003/960 1081/1002/959
f 1082/1003/960 1083/1004/961 1084/1005/962
f 1083/1004/961 1085/1006/963 1084/1005/962
f 1086/1007/964 1081/1002/959 1080/1001/958
f 1081/1002/959 1086/1007/964 1083/1004/961
f 1080/1001/958 983/904/862 1086/1007/964
f 983/904/862 1080/1001/958 994/915/872
f 1087/1008/965 1083/1004/961 1086/1007/964
f 1083/1004/961 1088/1009/966 1085/1006/963
f 1083/1004/961 1087/1008/965 1088/1009/966
f 1089/1010/967 1085/1006/963 1088/1009/966
f 1085/1006/963 1089/1010/967 1090/1011/968
f 1091/1012/969 1088/1009/966 1087/1008/965
f 1088/1009/966 1091/1012/969 1089/1010/967
f 1086/1007/964 978/899/857 1087/1008/965
f 978/899/857 1086/1007/964 983/904/862
f 1087/1008/965 973/894/852 1091/1012/969
f 973/894/852 1087/1008/965 978/899/857
f 1092/1013/970 1089/1010/967 1091/1012/969
f 1093/1014/971 1090/1011/968 1089/1010/967
f 1089/1010/967 1092/1013/970 1093/1014/971
f 1090/1011/968 1093/1014/971 1094/1015/972
f 1093/1014/971 1095/1016/973 1094/1015/972
f 1095/1016/973 1093/1014/971 1096/1017/974
f 1092/1013/970 1096/1017/974 1093/1014/971
f 1095/1016/973 1096/1017/974 1097/1018/975
f 1098/1019/976 1097/1018/975 1096/1017/974
f 1092/1013/970 1098/1019/976 1096/1017/974
f 1099/1020/977 1097/1018/975 1098/1019/976
f 1098/1019/976 1100/1021/978 1099/1020/977
f 1100/1021/978 1098/1019/976 969/890/848
f 1092/1013/970 969/890/848 1098/1019/976
f 969/890/848 968/889/847 1100/1021/978
f 1091/1012/969 971/892/850 1092/1013/970
f 969/890/848 1092/1013/970 971/892/850
f 971/892/850 1091/1012/969 973/894/852
f 966/887/845 1101/1022/979 962/883/841
f 967/888/846 962/883/841 1101/1022/979
f 965/886/844 1102/1023/980 966/887/845
f 1103/1024/981 967/888/846 1101/1022/979
f 1104/1025/982 957/878/836 967/888/846
f 967/888/846 1103/1024/981 1104/1025/982
f 1101/1022/979 966/887/845 1105/1026/983
f 1102/1023/980 1105/1026/983 966/887/845
f 1106/1027/984 1101/1022/979 1105/1026/983
f 1101/1022/979 1106/1027/984 1103/1024/981
f 1105/1026/983 1102/1023/980 1107/1028/985
f 1102/1023/980 965/886/844 1108/1029/986
f 963/884/842 1108/1029/986 965/886/844
f 1108/1029/986 1109/1030/987 1102/1023/980
f 1109/1030/987 1107/1028/985 1102/1023/980
f 1108/1029/986 963/884/842 1110/1031/988
f 964/885/843 1110/1031/988 963/884/842
f 1110/1031/988 964/885/843 1111/1032/989
f 1112/1033/990 1110/1031/988 1111/1032/989
f 1113/1034/991 1105/1026/983 1107/1028/985
f 1105/1026/983 1113/1034/991 1106/1027/984
f 1110/1031/988 1112/1033/990 1114/1035/992
f 1115/1036/993 1114/1035/992 1112/1033/990
f 1114/1035/992 1115/1036/993 1116/1037/994
f 1117/1038/995 1114/1035/992 1116/1037/994
f 1118/1039/996 1110/1031/988 1114/1035/992
f 1114/1035/992 1117/1038/995 1118/1039/996
f 1110/1031/988 1118/1039/996 1108/1029/986
f 1109/1030/987 1108/1029/986 1118/1039/996
f 1119/1040/997 1118/1039/996 1117/1038/995
f 1118/1039/996 1119/1040/997 1109/1030/987
f 1119/1040/997 1120/1041/998 1109/1030/987
f 1107/1028/985 1109/1030/987 1120/1041/998
f 1120/1041/998 1119/1040/997 1121/1042/999
f 1122/1043/1000 1120/1041/998 1121/1042/999
f 1123/1044/1001 1107/1028/985 1120/1041/998
f 1120/1041/998 1122/1043/1000 1123/1044/1001
f 1107/1028/985 1123/1044/1001 1113/1034/991
f 1124/1045/1002 1123/1044/1001 1122/1043/1000
f 1123/1044/1001 1124/1045/1002 1125/1046/1003
f 1125/1046/1003 1113/1034/991 1123/1044/1001
f 1126/1047/1004 1125/1046/1003 1124/1045/1002
f 1113/1034/991 1125/1046/1003 1127/1048/1005
f 1125/1046/1003 1126/1047/1004 1128/1049/1006
f 1128/1049/1006 1127/1048/1005 1125/1046/1003
f 1127/1048/1005 1106/1027/984 1113/1034/991
f 1129/1050/1007 1128/1049/1006 1126/1047/1004
f 1106/1027/984 1127/1048/1005 1130/1051/1008
f 1130/1051/1008 1103/1024/981 1106/1027/984
f 1127/1048/1005 1128/1049/1006 1131/1052/1009
f 1131/1052/1009 1130/1051/1008 1127/1048/1005
f 1128/1049/1006 1129/1050/1007 1132/1053/1010
f 1132/1053/1010 1131/1052/1009 1128/1049/1006
f 1133/1054/1011 1132/1053/1010 1129/1050/1007
f 1132/1053/1010 1133/1054/1011 1134/1055/1012
f 1135/1056/1013 1134/1055/1012 1133/1054/1011
f 1131/1052/1009 1132/1053/1010 1136/1057/1014
f 1134/1055/1012 1136/1057/1014 1132/1053/1010
f 1130/1051/1008 1131/1052/1009 1137/1058/1015
f 1136/1057/1014 1137/1058/1015 1131/1052/1009
f 1137/1058/1015 1138/1059/1016 1130/1051/1008
f 1103/1024/981 1130/1051/1008 1138/1059/1016
f 1134/1055/1012 1135/1056/1013 1139/1060/1017
f 1140/1061/1018 1139/1060/1017 1135/1056/1013
f 1136/1057/1014 1134/1055/1012 1141/1062/1019
f 1139/1060/1017 1141/1062/1019 1134/1055/1012
f 1137/1058/1015 1136/1057/1014 1142/1063/1020
f 1141/1062/1019 1142/1063/1020 1136/1057/1014
f 1142/1063/1020 1143/1064/1021 1137/1058/1015
f 1138/1059/1016 1137/1058/1015 1143/1064/1021
f 1139/1060/1017 1140/1061/1018 1144/1065/1022
f 1145/1066/1023 1144/1065/1022 1140/1061/1018
f 1141/1062/1019 1139/1060/1017 1146/1067/1024
f 1144/1065/1022 1146/1067/1024 1139/1060/1017
f 1142/1063/1020 1141/1062/1019 1147/1068/1025
f 1146/1067/1024 1147/1068/1025 1141/1062/1019
f 1147/1068/1025 1148/1069/1026 1142/1063/1020
f 1143/1064/1021 1142/1063/1020 1148/1069/1026
f 1144/1065/1022 1145/1066/1023 1149/1070/1027
f 1150/1071/1028 1149/1070/1027 1145/1066/1023
f 1149/1070/1027 1150/1071/1028 1151/1072/1029
f 1149/1070/1027 1152/1073/1030 1144/1065/1022
f 1146/1067/1024 1144/1065/1022 1152/1073/1030
f 1151/1072/1029 1153/1074/1031 1149/1070/1027
f 1152/1073/1030 1149/1070/1027 1153/1074/1031
f 1153/1074/1031 1151/1072/1029 1154/1075/1032
f 1152/1073/1030 1155/1076/1033 1146/1067/1024
f 1147/1068/1025 1146/1067/1024 1155/1076/1033
f 1153/1074/1031 1156/1077/1034 1152/1073/1030
f 1155/1076/1033 1152/1073/1030 1156/1077/1034
f 1154/1075/1032 1157/1078/1035 1153/1074/1031
f 1156/1077/1034 1153/1074/1031 1157/1078/1035
f 1157/1078/1035 1154/1075/1032 1158/1079/1036
f 1159/1080/1037 1158/1079/1036 1154/1075/1032
f 1155/1076/1033 1160/1081/1038 1147/1068/1025
f 1148/1069/1026 1147/1068/1025 1160/1081/1038
f 1156/1077/1034 1161/1082/1039 1155/1076/1033
f 1160/1081/1038 1155/1076/1033 1161/1082/1039
f 1160/1081/1038 1162/1083/1040 1148/1069/1026
f 1162/1083/1040 1143/1064/1021 1148/1069/1026
f 1161/1082/1039 1163/1084/1041 1160/1081/1038
f 1162/1083/1040 1160/1081/1038 1163/1084/1041
f 1161/1082/1039 1156/1077/1034 1164/1085/1042
f 1157/1078/1035 1164/1085/1042 1156/1077/1034
f 1163/1084/1041 1161/1082/1039 1165/1086/1043
f 1164/1085/1042 1165/1086/1043 1161/1082/1039
f 1166/1087/1044 1162/1083/1040 1163/1084/1041
f 1165/1086/1043 1166/1087/1044 1163/1084/1041
f 1143/1064/1021 1162/1083/1040 1167/1088/1045
f 1167/1088/1045 1138/1059/1016 1143/1064/1021
f 1164/1085/1042 1157/1078/1035 1168/1089/1046
f 1169/1090/1047 1167/1088/1045 1162/1083/1040
f 1162/1083/1040 1166/1087/1044 1169/1090/1047
f 1158/1079/1036 1168/1089/1046 1157/1078/1035
f 1138/1059/1016 1167/1088/1045 1170/1091/1048
f 1170/1091/1048 1103/1024/981 1138/1059/1016
f 1103/1024/981 1170/1091/1048 1104/1025/982
f 1171/1092/1049 1170/1091/1048 1167/1088/1045
f 1167/1088/1045 1169/1090/1047 1171/1092/1049
f 1172/1093/1050 1104/1025/982 1170/1091/1048
f 1170/1091/1048 1171/1092/1049 1172/1093/1050
f 1104/1025/982 1172/1093/1050 1173/1094/1051
f 957/878/836 1104/1025/982 1173/1094/1051
f 1174/1095/1052 957/878/836 1173/1094/1051
f 957/878/836 1174/1095/1052 951/872/830
f 1175/1096/1053 1173/1094/1051 1172/1093/1050
f 1173/1094/1051 1175/1096/1053 1174/1095/1052
f 1176/1097/1054 1172/1093/1050 1171/1092/1049
f 1172/1093/1050 1176/1097/1054 1175/1096/1053
f 1171/1092/1049 1177/1098/1055 1176/1097/1054
f 1177/1098/1055 1171/1092/1049 1169/1090/1047
f 1178/1099/1056 951/872/830 1174/1095/1052
f 951/872/830 1178/1099/1056 949/870/828
f 1179/1100/1057 1174/1095/1052 1175/1096/1053
f 1174/1095/1052 1179/1100/1057 1178/1099/1056
f 1180/1101/1058 1175/1096/1053 1176/1097/1054
f 1175/1096/1053 1180/1101/1058 1179/1100/1057
f 1181/1102/1059 1176/1097/1054 1177/1098/1055
f 1176/1097/1054 1181/1102/1059 1180/1101/1058
f 1182/1103/1060 949/870/828 1178/1099/1056
f 949/870/828 1182/1103/1060 947/868/826
f 1183/1104/1061 1178/1099/1056 1179/1100/1057
f 1178/1099/1056 1183/1104/1061 1182/1103/1060
f 1184/1105/1062 1179/1100/1057 1180/1101/1058
f 1179/1100/1057 1184/1105/1062 1183/1104/1061
f 1185/1106/1063 1180/1101/1058 1181/1102/1059
f 1180/1101/1058 1185/1106/1063 1184/1105/1062
f 1181/1102/1059 1186/1107/1064 1185/1106/1063
f 1187/1108/1065 1184/1105/1062 1185/1106/1063
f 1186/1107/1064 1187/1108/1065 1185/1106/1063
f 1187/1108/1065 1186/1107/1064 1188/1109/1066
f 1188/1109/1066 1189/1110/1067 1187/1108/1065
f 1186/1107/1064 1181/1102/1059 1190/1111/1068
f 1177/1098/1055 1190/1111/1068 1181/1102/1059
f 1190/1111/1068 1191/1112/1069 1186/1107/1064
f 1184/1105/1062 1187/1108/1065 1192/1113/1070
f 1187/1108/1065 1189/1110/1067 1192/1113/1070
f 1192/1113/1070 1183/1104/1061 1184/1105/1062
f 1190/1111/1068 1177/1098/1055 1193/1114/1071
f 1169/1090/1047 1193/1114/1071 1177/1098/1055
f 1193/1114/1071 1169/1090/1047 1166/1087/1044
f 1191/1112/1069 1190/1111/1068 1194/1115/1072
f 1193/1114/1071 1194/1115/1072 1190/1111/1068
f 1195/1116/1073 1191/1112/1069 1194/1115/1072
f 1166/1087/1044 1196/1117/1074 1193/1114/1071
f 1194/1115/1072 1193/1114/1071 1196/1117/1074
f 1194/1115/1072 1197/1118/1075 1195/1116/1073
f 1197/1118/1075 1194/1115/1072 1196/1117/1074
f 1198/1119/1076 1195/1116/1073 1197/1118/1075
f 1196/1117/1074 1166/1087/1044 1199/1120/1077
f 1166/1087/1044 1165/1086/1043 1199/1120/1077
f 1196/1117/1074 1200/1121/1078 1197/1118/1075
f 1200/1121/1078 1196/1117/1074 1199/1120/1077
f 1197/1118/1075 1201/1122/1079 1198/1119/1076
f 1201/1122/1079 1197/1118/1075 1200/1121/1078
f 1202/1123/1080 1198/1119/1076 1201/1122/1079
f 1203/1124/1081 1199/1120/1077 1165/1086/1043
f 1199/1120/1077 1203/1124/1081 1200/1121/1078
f 1165/1086/1043 1164/1085/1042 1203/1124/1081
f 1168/1089/1046 1203/1124/1081 1164/1085/1042
f 1201/1122/1079 1204/1125/1082 1202/1123/1080
f 1205/1126/1083 1200/1121/1078 1203/1124/1081
f 1200/1121/1078 1205/1126/1083 1201/1122/1079
f 1203/1124/1081 1168/1089/1046 1205/1126/1083
f 1204/1125/1082 1201/1122/1079 1205/1126/1083
f 1206/1127/1084 1205/1126/1083 1168/1089/1046
f 1205/1126/1083 1206/1127/1084 1204/1125/1082
f 1168/1089/1046 1158/1079/1036 1206/1127/1084
f 1206/1127/1084 1207/1128/1085 1204/1125/1082
f 1208/1129/1086 1204/1125/1082 1207/1128/1085
f 1209/1130/1087 1208/1129/1086 1207/1128/1085
f 1207/1128/1085 1206/1127/1084 1210/1131/1088
f 1210/1131/1088 1209/1130/1087 1207/1128/1085
f 1211/1132/1089 1206/1127/1084 1158/1079/1036
f 1206/1127/1084 1211/1132/1089 1210/1131/1088
f 1158/1079/1036 1159/1080/1037 1211/1132/1089
f 1209/1130/1087 1210/1131/1088 1212/1133/1090
f 1211/1132/1089 1212/1133/1090 1210/1131/1088
f 1159/1080/1037 1213/1134/1091 1211/1132/1089
f 1212/1133/1090 1211/1132/1089 1213/1134/1091
f 1213/1134/1091 1159/1080/1037 1214/1135/1092
f 1214/1135/1092 1215/1136/1093 1213/1134/1091
f 1213/1134/1091 1216/1137/1094 1212/1133/1090
f 1216/1137/1094 1213/1134/1091 1215/1136/1093
f 1212/1133/1090 1217/1138/1095 1209/1130/1087
f 1217/1138/1095 1212/1133/1090 1216/1137/1094
f 1218/1139/1096 1209/1130/1087 1217/1138/1095
f 1215/1136/1093 1219/1140/1097 1216/1137/1094
f 1219/1140/1097 1217/1138/1095 1216/1137/1094
f 1220/1141/1098 1218/1139/1096 1217/1138/1095
f 1217/1138/1095 1219/1140/1097 1220/1141/1098
f 1218/1139/1096 1220/1141/1098 1221/1142/1099
f 1222/1143/1100 1221/1142/1099 1220/1141/1098
f 1220/1141/1098 1223/1144/1101 1222/1143/1100
f 1223/1144/1101 1220/1141/1098 1219/1140/1097
f 1219/1140/1097 1215/1136/1093 1224/1145/1102
f 1224/1145/1102 1223/1144/1101 1219/1140/1097
f 1215/1136/1093 1225/1146/1103 1224/1145/1102
f 1223/1144/1101 1224/1145/1102 1226/1147/1104
f 1225/1146/1103 1226/1147/1104 1224/1145/1102
f 1227/1148/1105 1223/1144/1101 1226/1147/1104
f 1226/1147/1104 1225/1146/1103 1228/1149/1106
f 1228/1149/1106 1227/1148/1105 1226/1147/1104
f 1229/1150/1107 1230/1151/1108 1231/1152/1109
f 1230/1151/1108 1232/1153/1110 1231/1152/1109
f 1229/1150/1107 1231/1152/1109 1233/1154/1111
f 1231/1152/1109 1234/1155/1112 1233/1154/1111
f 1234/1155/1112 1231/1152/1109 1232/1153/1110
f 1235/1156/1113 1233/1154/1111 1234/1155/1112
f 1236/1157/1114 1233/1154/1111 1235/1156/1113
f 1235/1156/1113 1234/1155/1112 1237/1158/1115
f 1233/1154/1111 1236/1157/1114 1238/1159/1116
f 1238/1159/1116 1229/1150/1107 1233/1154/1111
f 1235/1156/1113 1239/1160/1117 1236/1157/1114
f 1240/1161/1118 1229/1150/1107 1238/1159/1116
f 1241/1162/1119 1238/1159/1116 1236/1157/1114
f 1238/1159/1116 1241/1162/1119 1240/1161/1118
f 1236/1157/1114 1242/1163/1120 1241/1162/1119
f 1242/1163/1120 1236/1157/1114 1239/1160/1117
f 1239/1160/1117 1235/1156/1113 1243/1164/1121
f 1243/1164/1121 1235/1156/1113 1237/1158/1115
f 1239/1160/1117 1244/1165/1122 1242/1163/1120
f 1243/1164/1121 1245/1166/1123 1239/1160/1117
f 1244/1165/1122 1239/1160/1117 1245/1166/1123
f 1246/1167/1124 1241/1162/1119 1242/1163/1120
f 1246/1167/1124 1242/1163/1120 1244/1165/1122
f 1243/1164/1121 1237/1158/1115 1247/1168/1125
f 1245/1166/1123 1243/1164/1121 1248/1169/1126
f 1248/1169/1126 1243/1164/1121 1247/1168/1125
f 1245/1166/1123 1249/1170/1127 1244/1165/1122
f 1248/1169/1126 1250/1171/1128 1245/1166/1123
f 1249/1170/1127 1245/1166/1123 1250/1171/1128
f 1248/1169/1126 1247/1168/1125 1251/1172/1129
f 1250/1171/1128 1248/1169/1126 1252/1173/1130
f 1252/1173/1130 1248/1169/1126 1251/1172/1129
f 1253/1174/1131 1251/1172/1129 1247/1168/1125
f 1250/1171/1128 1252/1173/1130 1254/1175/1132
f 1252/1173/1130 1251/1172/1129 1255/1176/1133
f 1256/1177/1134 1255/1176/1133 1251/1172/1129
f 1256/1177/1134 1251/1172/1129 1253/1174/1131
f 1257/1178/1135 1252/1173/1130 1255/1176/1133
f 1252/1173/1130 1257/1178/1135 1254/1175/1132
f 1258/1179/1136 1255/1176/1133 1256/1177/1134
f 1258/1179/1136 1257/1178/1135 1255/1176/1133
f 1247/1168/1125 1259/1180/1137 1253/1174/1131
f 1247/1168/1125 1237/1158/1115 1259/1180/1137
f 1260/1181/1138 1256/1177/1134 1253/1174/1131
f 1261/1182/1139 1258/1179/1136 1256/1177/1134
f 1256/1177/1134 1260/1181/1138 1261/1182/1139
f 1237/1158/1115 1262/1183/1140 1259/1180/1137
f 1237/1158/1115 1234/1155/1112 1262/1183/1140
f 1232/1153/1110 1262/1183/1140 1234/1155/1112
f 1263/1184/1141 1253/1174/1131 1259/1180/1137
f 1253/1174/1131 1263/1184/1141 1260/1181/1138
f 1264/1185/1142 1259/1180/1137 1262/1183/1140
f 1263/1184/1141 1259/1180/1137 1264/1185/1142
f 1262/1183/1140 1232/1153/1110 1265/1186/1143
f 1265/1186/1143 1264/1185/1142 1262/1183/1140
f 1265/1186/1143 1232/1153/1110 1266/1187/1144
f 1264/1185/1142 1265/1186/1143 1267/1188/1145
f 1266/1187/1144 1267/1188/1145 1265/1186/1143
f 1268/1189/1146 1263/1184/1141 1264/1185/1142
f 1267/1188/1145 1268/1189/1146 1264/1185/1142
f 1263/1184/1141 1268/1189/1146 1269/1190/1147
f 1269/1190/1147 1260/1181/1138 1263/1184/1141
f 1270/1191/1148 1271/1192/994 1272/1193/993
f 1270/1191/1148 1273/1194/1149 1271/1192/994
f 1270/1191/1148 1272/1193/993 1274/1195/1150
f 1275/1196/1151 1273/1194/1149 1270/1191/1148
f 1275/1196/1151 1276/1197/1152 1273/1194/1149
f 1277/1198/1153 1276/1197/1152 1275/1196/1151
f 1278/1199/1154 1270/1191/1148 1274/1195/1150
f 1278/1199/1154 1275/1196/1151 1270/1191/1148
f 1278/1199/1154 1274/1195/1150 1279/1200/655
f 1279/1200/655 1280/1201/1155 1278/1199/1154
f 1281/1202/1156 1275/1196/1151 1278/1199/1154
f 1281/1202/1156 1277/1198/1153 1275/1196/1151
f 1280/1201/1155 1281/1202/1156 1278/1199/1154
f 1282/1203/1157 1277/1198/1153 1281/1202/1156
f 1281/1202/1156 1280/1201/1155 1283/1204/1158
f 1283/1204/1158 1282/1203/1157 1281/1202/1156
f 1284/1205/1159 1285/1206/1160 1286/1207/1161
f 1286/1207/1161 1287/1208/1162 1284/1205/1159
f 1288/1209/1163 1285/1206/1160 1289/1210/1164
f 1290/1211/1165 1291/1212/1166 1288/1209/1163
f 1289/1210/1164 1290/1211/1165 1288/1209/1163
f 1285/1206/1160 1284/1205/1159 1292/1213/1167
f 1292/1213/1167 1289/1210/1164 1285/1206/1160
f 1287/1208/1162 1293/1214/1168 1284/1205/1159
f 1293/1214/1168 1292/1213/1167 1284/1205/1159
f 1293/1214/1168 1287/1208/1162 1294/1215/1169
f 1289/1210/1164 1292/1213/1167 1295/1216/1170
f 1292/1213/1167 1293/1214/1168 1296/1217/1171
f 1296/1217/1171 1295/1216/1170 1292/1213/1167
f 1297/1218/1172 1296/1217/1171 1293/1214/1168
f 1294/1215/1169 1297/1218/1172 1293/1214/1168
f 1295/1216/1170 1296/1217/1171 1298/1219/1173
f 1299/1220/1174 1294/1215/1169 1287/1208/1162
f 1287/1208/1162 1300/1221/1175 1299/1220/1174
f 1295/1216/1170 1301/1222/1176 1289/1210/1164
f 1290/1211/1165 1289/1210/1164 1301/1222/1176
f 1301/1222/1176 1295/1216/1170 1302/1223/1177
f 1298/1219/1173 1302/1223/1177 1295/1216/1170
f 1303/1224/1178 1299/1220/1174 1300/1221/1175
f 1304/1225/1179 1298/1219/1173 1296/1217/1171
f 1296/1217/1171 1297/1218/1172 1304/1225/1179
f 1300/1221/1175 1305/1226/1180 1303/1224/1178
f 1302/1223/1177 1298/1219/1173 1306/1227/1181
f 1298/1219/1173 1304/1225/1179 1307/1228/1182
f 1307/1228/1182 1306/1227/1181 1298/1219/1173
f 1297/1218/1172 1308/1229/1183 1304/1225/1179
f 1308/1229/1183 1307/1228/1182 1304/1225/1179
f 1309/1230/1184 1302/1223/1177 1306/1227/1181
f 1306/1227/1181 1307/1228/1182 1310/1231/1185
f 1310/1231/1185 1309/1230/1184 1306/1227/1181
f 1311/1232/1186 1310/1231/1185 1307/1228/1182
f 1307/1228/1182 1308/1229/1183 1311/1232/1186
f 1310/1231/1185 1311/1232/1186 1312/1233/1187
f 1308/1229/1183 1297/1218/1172 1313/1234/1188
f 1314/1235/1189 1313/1234/1188 1297/1218/1172
f 1297/1218/1172 1294/1215/1169 1314/1235/1189
f 1315/1236/1190 1308/1229/1183 1313/1234/1188
f 1316/1237/1191 1314/1235/1189 1294/1215/1169
f 1294/1215/1169 1299/1220/1174 1316/1237/1191
f 1313/1234/1188 1314/1235/1189 1317/1238/1192
f 1317/1238/1192 1315/1236/1190 1313/1234/1188
f 1318/1239/1193 1317/1238/1192 1314/1235/1189
f 1314/1235/1189 1316/1237/1191 1318/1239/1193
f 1319/1240/1194 1316/1237/1191 1299/1220/1174
f 1299/1220/1174 1303/1224/1178 1319/1240/1194
f 1316/1237/1191 1320/1241/1195 1318/1239/1193
f 1317/1238/1192 1318/1239/1193 1321/1242/1196
f 1320/1241/1195 1321/1242/1196 1318/1239/1193
f 1321/1242/1196 1322/1243/1197 1317/1238/1192
f 1315/1236/1190 1317/1238/1192 1322/1243/1197
f 1316/1237/1191 1319/1240/1194 1323/1244/1198
f 1320/1241/1195 1316/1237/1191 1323/1244/1198
f 1319/1240/1194 1324/1245/1199 1323/1244/1198
f 1323/1244/1198 1325/1246/1200 1320/1241/1195
f 1323/1244/1198 1324/1245/1199 1325/1246/1200
f 1319/1240/1194 1326/1247/1201 1324/1245/1199
f 1303/1224/1178 1326/1247/1201 1319/1240/1194
f 1303/1224/1178 1327/1248/1202 1326/1247/1201
f 1327/1248/1202 1303/1224/1178 1305/1226/1180
f 1324/1245/1199 1326/1247/1201 1328/1249/1203
f 1326/1247/1201 1327/1248/1202 1329/1250/1204
f 1328/1249/1203 1326/1247/1201 1329/1250/1204
f 1330/1251/1205 1324/1245/1199 1328/1249/1203
f 1325/1246/1200 1324/1245/1199 1330/1251/1205
f 1328/1249/1203 1329/1250/1204 1331/1252/1206
f 1330/1251/1205 1328/1249/1203 1332/1253/1207
f 1332/1253/1207 1328/1249/1203 1331/1252/1206
f 1331/1252/1206 1329/1250/1204 1333/1254/1208
f 1329/1250/1204 1327/1248/1202 1334/1255/1209
f 1329/1250/1204 1334/1255/1209 1333/1254/1208
f 1327/1248/1202 1335/1256/1210 1334/1255/1209
f 1305/1226/1180 1335/1256/1210 1327/1248/1202
f 1336/1257/1211 1335/1256/1210 1305/1226/1180
f 1305/1226/1180 1337/1258/1212 1336/1257/1211
f 1338/1259/1213 1336/1257/1211 1337/1258/1212
f 1336/1257/1211 1339/1260/1214 1335/1256/1210
f 1336/1257/1211 1338/1259/1213 1340/1261/1215
f 1340/1261/1215 1339/1260/1214 1336/1257/1211
f 1338/1259/1213 1341/1262/1216 1340/1261/1215
f 1341/1262/1216 1338/1259/1213 1342/1263/1217
f 1342/1263/1217 808/729/690 1341/1262/1216
f 1341/1262/1216 1343/1264/1218 1340/1261/1215
f 1340/1261/1215 1343/1264/1218 1339/1260/1214
f 808/729/690 1344/1265/1219 1341/1262/1216
f 1341/1262/1216 1344/1265/1219 1343/1264/1218
f 808/729/690 806/727/688 1344/1265/1219
f 1335/1256/1210 1339/1260/1214 1345/1266/1220
f 1334/1255/1209 1335/1256/1210 1345/1266/1220
f 1339/1260/1214 1343/1264/1218 1346/1267/1221
f 1345/1266/1220 1339/1260/1214 1346/1267/1221
f 1343/1264/1218 1344/1265/1219 1347/1268/1222
f 1346/1267/1221 1343/1264/1218 1347/1268/1222
f 1344/1265/1219 806/727/688 1348/1269/1223
f 1347/1268/1222 1344/1265/1219 1348/1269/1223
f 806/727/688 541/462/423 1348/1269/1223
f 1334/1255/1209 1345/1266/1220 1349/1270/1224
f 1333/1254/1208 1334/1255/1209 1349/1270/1224
f 1345/1266/1220 1346/1267/1221 1350/1271/1225
f 1349/1270/1224 1345/1266/1220 1350/1271/1225
f 1348/1269/1223 541/462/423 1351/1272/1226
f 1351/1272/1226 541/462/423 1352/1273/1227
f 1348/1269/1223 1351/1272/1226 1353/1274/1228
f 1347/1268/1222 1348/1269/1223 1353/1274/1228
f 1352/1273/1227 1354/1275/1229 1351/1272/1226
f 1353/1274/1228 1351/1272/1226 1354/1275/1229
f 1354/1275/1229 1352/1273/1227 1355/1276/1230
f 1356/1277/415 1354/1275/1229 1355/1276/1230
f 1354/1275/1229 1356/1277/415 1357/1278/1231
f 1357/1278/1231 1353/1274/1228 1354/1275/1229
f 1358/1279/1232 1357/1278/1231 1356/1277/415
f 1359/1280/1233 1347/1268/1222 1353/1274/1228
f 1346/1267/1221 1347/1268/1222 1359/1280/1233
f 1350/1271/1225 1346/1267/1221 1359/1280/1233
f 1360/1281/1234 1359/1280/1233 1353/1274/1228
f 1353/1274/1228 1357/1278/1231 1360/1281/1234
f 1361/1282/1235 1350/1271/1225 1359/1280/1233
f 1359/1280/1233 1360/1281/1234 1361/1282/1235
f 1357/1278/1231 1358/1279/1232 1362/1283/1236
f 1362/1283/1236 1360/1281/1234 1357/1278/1231
f 1363/1284/402 1362/1283/1236 1358/1279/1232
f 1364/1285/1237 1361/1282/1235 1360/1281/1234
f 1360/1281/1234 1362/1283/1236 1364/1285/1237
f 1362/1283/1236 1363/1284/402 1365/1286/1238
f 1365/1286/1238 1364/1285/1237 1362/1283/1236
f 1366/1287/1239 1365/1286/1238 1363/1284/402
f 1350/1271/1225 1361/1282/1235 1367/1288/1240
f 1367/1288/1240 1349/1270/1224 1350/1271/1225
f 1361/1282/1235 1364/1285/1237 1368/1289/1241
f 1368/1289/1241 1367/1288/1240 1361/1282/1235
f 1364/1285/1237 1365/1286/1238 1369/1290/1242
f 1369/1290/1242 1368/1289/1241 1364/1285/1237
f 1365/1286/1238 1366/1287/1239 1370/1291/1243
f 1370/1291/1243 1369/1290/1242 1365/1286/1238
f 1371/1292/1244 1370/1291/1243 1366/1287/1239
f 1349/1270/1224 1367/1288/1240 1372/1293/1245
f 1370/1291/1243 1371/1292/1244 1373/1294/1246
f 1372/1293/1245 1333/1254/1208 1349/1270/1224
f 1374/1295/1247 1373/1294/1246 1371/1292/1244
f 1375/1296/1248 1372/1293/1245 1367/1288/1240
f 1367/1288/1240 1368/1289/1241 1375/1296/1248
f 1333/1254/1208 1372/1293/1245 1376/1297/1249
f 1376/1297/1249 1331/1252/1206 1333/1254/1208
f 1372/1293/1245 1375/1296/1248 1377/1298/1250
f 1377/1298/1250 1376/1297/1249 1372/1293/1245
f 1378/1299/1251 1375/1296/1248 1368/1289/1241
f 1368/1289/1241 1369/1290/1242 1378/1299/1251
f 1379/1300/1252 1377/1298/1250 1375/1296/1248
f 1375/1296/1248 1378/1299/1251 1379/1300/1252
f 1331/1252/1206 1376/1297/1249 1380/1301/1253
f 1380/1301/1253 1332/1253/1207 1331/1252/1206
f 1376/1297/1249 1377/1298/1250 1381/1302/1254
f 1381/1302/1254 1380/1301/1253 1376/1297/1249
f 1377/1298/1250 1379/1300/1252 1382/1303/1255
f 1382/1303/1255 1381/1302/1254 1377/1298/1250
f 1383/1304/1256 1379/1300/1252 1378/1299/1251
f 1384/1305/1257 1382/1303/1255 1379/1300/1252
f 1379/1300/1252 1383/1304/1256 1384/1305/1257
f 1385/1306/1258 1378/1299/1251 1369/1290/1242
f 1378/1299/1251 1385/1306/1258 1383/1304/1256
f 1369/1290/1242 1370/1291/1243 1385/1306/1258
f 1373/1294/1246 1385/1306/1258 1370/1291/1243
f 1386/1307/1259 1383/1304/1256 1385/1306/1258
f 1385/1306/1258 1373/1294/1246 1386/1307/1259
f 1387/1308/1260 1384/1305/1257 1383/1304/1256
f 1383/1304/1256 1386/1307/1259 1387/1308/1260
f 1373/1294/1246 1041/962/919 1386/1307/1259
f 1041/962/919 1387/1308/1260 1386/1307/1259
f 1041/962/919 1373/1294/1246 1388/1309/1261
f 1373/1294/1246 1374/1295/1247 1388/1309/1261
f 1387/1308/1260 1041/962/919 1042/963/920
f 1384/1305/1257 1387/1308/1260 1389/1310/1262
f 1042/963/920 1389/1310/1262 1387/1308/1260
f 1374/1295/1247 1390/1311/1263 1388/1309/1261
f 1390/1311/1263 1374/1295/1247 1391/1312/1264
f 1388/1309/1261 1036/957/914 1041/962/919
f 1036/957/914 1388/1309/1261 1390/1311/1263
f 1390/1311/1263 1391/1312/1264 1031/952/909
f 1389/1310/1262 1392/1313/1265 1384/1305/1257
f 1382/1303/1255 1384/1305/1257 1392/1313/1265
f 1033/954/911 1390/1311/1263 1031/952/909
f 1036/957/914 1390/1311/1263 1033/954/911
f 1392/1313/1265 1393/1314/1266 1382/1303/1255
f 1381/1302/1254 1382/1303/1255 1393/1314/1266
f 1392/1313/1265 1389/1310/1262 1394/1315/1267
f 1393/1314/1266 1395/1316/1268 1381/1302/1254
f 1380/1301/1253 1381/1302/1254 1395/1316/1268
f 1393/1314/1266 1392/1313/1265 1396/1317/1269
f 1394/1315/1267 1396/1317/1269 1392/1313/1265
f 1395/1316/1268 1393/1314/1266 1397/1318/1270
f 1396/1317/1269 1397/1318/1270 1393/1314/1266
f 1395/1316/1268 1398/1319/1271 1380/1301/1253
f 1332/1253/1207 1380/1301/1253 1398/1319/1271
f 1398/1319/1271 1395/1316/1268 1399/1320/1272
f 1397/1318/1270 1399/1320/1272 1395/1316/1268
f 1398/1319/1271 1400/1321/1273 1332/1253/1207
f 1400/1321/1273 1330/1251/1205 1332/1253/1207
f 1400/1321/1273 1398/1319/1271 1401/1322/1274
f 1399/1320/1272 1401/1322/1274 1398/1319/1271
f 1402/1323/1275 1330/1251/1205 1400/1321/1273
f 1402/1323/1275 1325/1246/1200 1330/1251/1205
f 1401/1322/1274 1403/1324/1276 1400/1321/1273
f 1403/1324/1276 1402/1323/1275 1400/1321/1273
f 1404/1325/1277 1325/1246/1200 1402/1323/1275
f 1404/1325/1277 1402/1323/1275 1403/1324/1276
f 1403/1324/1276 1401/1322/1274 1405/1326/1278
f 1401/1322/1274 1399/1320/1272 1406/1327/1279
f 1406/1327/1279 1405/1326/1278 1401/1322/1274
f 1407/1328/1280 1406/1327/1279 1399/1320/1272
f 1405/1326/1278 1408/1329/1281 1403/1324/1276
f 1408/1329/1281 1404/1325/1277 1403/1324/1276
f 1405/1326/1278 1406/1327/1279 1409/1330/1282
f 1325/1246/1200 1404/1325/1277 1410/1331/1283
f 1320/1241/1195 1325/1246/1200 1410/1331/1283
f 1411/1332/1284 1404/1325/1277 1408/1329/1281
f 1320/1241/1195 1410/1331/1283 1412/1333/1285
f 1321/1242/1196 1320/1241/1195 1412/1333/1285
f 1413/1334/1286 1410/1331/1283 1404/1325/1277
f 1404/1325/1277 1411/1332/1284 1413/1334/1286
f 1412/1333/1285 1410/1331/1283 1414/1335/1287
f 1410/1331/1283 1413/1334/1286 1414/1335/1287
f 1412/1333/1285 1415/1336/1288 1321/1242/1196
f 1322/1243/1197 1321/1242/1196 1415/1336/1288
f 1412/1333/1285 1414/1335/1287 1416/1337/1289
f 1415/1336/1288 1412/1333/1285 1416/1337/1289
f 1415/1336/1288 1417/1338/1290 1322/1243/1197
f 1416/1337/1289 1418/1339/1291 1415/1336/1288
f 1417/1338/1290 1415/1336/1288 1418/1339/1291
f 1417/1338/1290 1315/1236/1190 1322/1243/1197
f 1418/1339/1291 1416/1337/1289 1419/1340/1292
f 1420/1341/1293 1417/1338/1290 1418/1339/1291
f 1419/1340/1292 1420/1341/1293 1418/1339/1291
f 1416/1337/1289 1421/1342/1294 1419/1340/1292
f 1416/1337/1289 1414/1335/1287 1421/1342/1294
f 1420/1341/1293 1419/1340/1292 1422/1343/1295
f 1414/1335/1287 1423/1344/1296 1421/1342/1294
f 1423/1344/1296 1414/1335/1287 1413/1334/1286
f 1419/1340/1292 1421/1342/1294 1424/1345/1297
f 1419/1340/1292 1424/1345/1297 1422/1343/1295
f 1425/1346/1298 1421/1342/1294 1423/1344/1296
f 1421/1342/1294 1425/1346/1298 1424/1345/1297
f 1413/1334/1286 1426/1347/1299 1423/1344/1296
f 1426/1347/1299 1413/1334/1286 1411/1332/1284
f 1423/1344/1296 1427/1348/1300 1425/1346/1298
f 1427/1348/1300 1423/1344/1296 1426/1347/1299
f 1428/1349/1301 1424/1345/1297 1425/1346/1298
f 1429/1350/1302 1425/1346/1298 1427/1348/1300
f 1425/1346/1298 1429/1350/1302 1428/1349/1301
f 1424/1345/1297 1428/1349/1301 1430/1351/1303
f 1422/1343/1295 1424/1345/1297 1430/1351/1303
f 1431/1352/1304 1428/1349/1301 1429/1350/1302
f 1432/1353/1305 1430/1351/1303 1428/1349/1301
f 1428/1349/1301 1431/1352/1304 1432/1353/1305
f 1430/1351/1303 1432/1353/1305 1433/1354/1306
f 1430/1351/1303 1434/1355/1307 1422/1343/1295
f 1434/1355/1307 1430/1351/1303 1433/1354/1306
f 1435/1356/1308 1422/1343/1295 1434/1355/1307
f 1422/1343/1295 1435/1356/1308 1420/1341/1293
f 1435/1356/1308 1436/1357/1309 1420/1341/1293
f 1417/1338/1290 1420/1341/1293 1436/1357/1309
f 1436/1357/1309 1435/1356/1308 1437/1358/1310
f 1436/1357/1309 1438/1359/1311 1417/1338/1290
f 1315/1236/1190 1417/1338/1290 1438/1359/1311
f 1434/1355/1307 1439/1360/1312 1435/1356/1308
f 1439/1360/1312 1437/1358/1310 1435/1356/1308
f 1439/1360/1312 1434/1355/1307 1440/1361/1313
f 1433/1354/1306 1440/1361/1313 1434/1355/1307
f 1438/1359/1311 1436/1357/1309 1441/1362/1314
f 1437/1358/1310 1441/1362/1314 1436/1357/1309
f 1442/1363/1315 1315/1236/1190 1438/1359/1311
f 1443/1364/1316 1438/1359/1311 1441/1362/1314
f 1438/1359/1311 1443/1364/1316 1442/1363/1315
f 1315/1236/1190 1442/1363/1315 1444/1365/1317
f 1308/1229/1183 1315/1236/1190 1444/1365/1317
f 1444/1365/1317 1311/1232/1186 1308/1229/1183
f 1311/1232/1186 1444/1365/1317 1445/1366/1318
f 1442/1363/1315 1445/1366/1318 1444/1365/1317
f 1445/1366/1318 1312/1233/1187 1311/1232/1186
f 1443/1364/1316 1446/1367/1319 1442/1363/1315
f 1445/1366/1318 1442/1363/1315 1446/1367/1319
f 1312/1233/1187 1445/1366/1318 1447/1368/1320
f 1446/1367/1319 1447/1368/1320 1445/1366/1318
f 1447/1368/1320 1448/1369/1321 1312/1233/1187
f 1446/1367/1319 1443/1364/1316 1449/1370/1322
f 1447/1368/1320 1446/1367/1319 1450/1371/1323
f 1449/1370/1322 1450/1371/1323 1446/1367/1319
f 1450/1371/1323 1451/1372/1324 1447/1368/1320
f 1448/1369/1321 1447/1368/1320 1451/1372/1324
f 1451/1372/1324 1450/1371/1323 846/767/728
f 845/766/727 1448/1369/1321 1451/1372/1324
f 846/767/728 845/766/727 1451/1372/1324
f 1448/1369/1321 845/766/727 849/770/731
f 1452/1373/1325 846/767/728 1450/1371/1323
f 1450/1371/1323 1449/1370/1322 1452/1373/1325
f 846/767/728 1452/1373/1325 842/763/724
f 849/770/731 1453/1374/1326 1448/1369/1321
f 1453/1374/1326 1312/1233/1187 1448/1369/1321
f 1312/1233/1187 1453/1374/1326 1310/1231/1185
f 1453/1374/1326 849/770/731 852/773/734
f 1309/1230/1184 1310/1231/1185 1453/1374/1326
f 852/773/734 1309/1230/1184 1453/1374/1326
f 1309/1230/1184 852/773/734 855/776/737
f 855/776/737 1454/1375/1327 1309/1230/1184
f 1302/1223/1177 1309/1230/1184 1454/1375/1327
f 1454/1375/1327 855/776/737 858/779/740
f 1454/1375/1327 1301/1222/1176 1302/1223/1177
f 858/779/740 1455/1376/1328 1454/1375/1327
f 1301/1222/1176 1454/1375/1327 1455/1376/1328
f 1455/1376/1328 858/779/740 861/782/743
f 1455/1376/1328 1290/1211/1165 1301/1222/1176
f 861/782/743 1456/1377/1329 1455/1376/1328
f 1290/1211/1165 1455/1376/1328 1456/1377/1329
f 1456/1377/1329 861/782/743 862/783/744
f 1456/1377/1329 1457/1378/1330 1290/1211/1165
f 1291/1212/1166 1290/1211/1165 1457/1378/1330
f 1457/1378/1330 1458/1379/1331 1291/1212/1166
f 862/783/744 1459/1380/1332 1456/1377/1329
f 1457/1378/1330 1456/1377/1329 1459/1380/1332
f 1459/1380/1332 862/783/744 865/786/747
f 1458/1379/1331 1457/1378/1330 1460/1381/1333
f 1459/1380/1332 1460/1381/1333 1457/1378/1330
f 1460/1381/1333 1461/1382/1334 1458/1379/1331
f 865/786/747 1462/1383/1335 1459/1380/1332
f 1460/1381/1333 1459/1380/1332 1462/1383/1335
f 1462/1383/1335 865/786/747 868/789/750
f 1461/1382/1334 1460/1381/1333 1463/1384/1336
f 1462/1383/1335 1463/1384/1336 1460/1381/1333
f 1463/1384/1336 1464/1385/1337 1461/1382/1334
f 868/789/750 1465/1386/1338 1462/1383/1335
f 1463/1384/1336 1462/1383/1335 1465/1386/1338
f 1465/1386/1338 868/789/750 873/794/755
f 1464/1385/1337 1463/1384/1336 1466/1387/1339
f 1465/1386/1338 1466/1387/1339 1463/1384/1336
f 793/714/675 1464/1385/1337 1466/1387/1339
f 873/794/755 1467/1388/1340 1465/1386/1338
f 1466/1387/1339 1465/1386/1338 1467/1388/1340
f 1467/1388/1340 873/794/755 876/797/758
f 1466/1387/1339 1468/1389/1341 793/714/675
f 1468/1389/1341 1466/1387/1339 1467/1388/1340
f 876/797/758 1468/1389/1341 1467/1388/1340
f 1468/1389/1341 790/711/672 793/714/675
f 1468/1389/1341 876/797/758 882/803/764
f 882/803/764 790/711/672 1468/1389/1341
f 1469/1390/1342 1470/1391/1343 1471/1392/1344
f 1472/1393/1345 1471/1392/1344 1470/1391/1343
f 1470/1391/1343 1473/1394/1346 1472/1393/1345
f 1471/1392/1344 1474/1395/1347 1469/1390/1342
f 1473/1394/1346 1470/1391/1343 1475/1396/1348
f 1476/1397/1349 1475/1396/1348 1470/1391/1343
f 1470/1391/1343 1469/1390/1342 1476/1397/1349
f 1475/1396/1348 1476/1397/1349 1477/1398/1350
f 1478/1399/1351 1477/1398/1350 1476/1397/1349
f 1469/1390/1342 1478/1399/1351 1476/1397/1349
f 1477/1398/1350 1478/1399/1351 1479/1400/1352
f 1474/1395/1347 1480/1401/1353 1469/1390/1342
f 1480/1401/1353 1478/1399/1351 1469/1390/1342
f 1480/1401/1353 1474/1395/1347 1481/1402/1354
f 1481/1402/1354 1482/1403/1355 1480/1401/1353
f 1480/1401/1353 1483/1404/1356 1478/1399/1351
f 1483/1404/1356 1479/1400/1352 1478/1399/1351
f 1482/1403/1355 1483/1404/1356 1480/1401/1353
f 1479/1400/1352 1483/1404/1356 1484/1405/1357
f 1482/1403/1355 1485/1406/1358 1483/1404/1356
f 1485/1406/1358 1484/1405/1357 1483/1404/1356
f 1486/1407/1359 1154/1075/1032 1151/1072/1029
f 1151/1072/1029 1487/1408/1360 1486/1407/1359
f 1488/1409/1361 1486/1407/1359 1487/1408/1360
f 1487/1408/1360 1151/1072/1029 1150/1071/1028
f 1486/1407/1359 1488/1409/1361 1489/1410/1362
f 1490/1411/1363 1489/1410/1362 1488/1409/1361
f 1489/1410/1362 1159/1080/1037 1486/1407/1359
f 1154/1075/1032 1486/1407/1359 1159/1080/1037
f 1489/1410/1362 1490/1411/1363 1491/1412/1364
f 1492/1413/1365 1491/1412/1364 1490/1411/1363
f 1491/1412/1364 1214/1135/1092 1489/1410/1362
f 1159/1080/1037 1489/1410/1362 1214/1135/1092
f 1491/1412/1364 1492/1413/1365 1493/1414/1366
f 1494/1415/1367 1493/1414/1366 1492/1413/1365
f 1214/1135/1092 1491/1412/1364 1495/1416/1368
f 1493/1414/1366 1495/1416/1368 1491/1412/1364
f 1493/1414/1366 1494/1415/1367 1496/1417/1369
f 1497/1418/1370 1496/1417/1369 1494/1415/1367
f 1495/1416/1368 1493/1414/1366 1225/1146/1103
f 1496/1417/1369 1225/1146/1103 1493/1414/1366
f 1215/1136/1093 1214/1135/1092 1495/1416/1368
f 1225/1146/1103 1215/1136/1093 1495/1416/1368
f 1496/1417/1369 1497/1418/1370 1498/1419/1371
f 1499/1420/1372 1498/1419/1371 1497/1418/1370
f 1225/1146/1103 1496/1417/1369 1228/1149/1106
f 1498/1419/1371 1228/1149/1106 1496/1417/1369
f 1498/1419/1371 1499/1420/1372 1500/1421/1373
f 1501/1422/1374 1500/1421/1373 1499/1420/1372
f 1228/1149/1106 1498/1419/1371 1502/1423/1375
f 1500/1421/1373 1502/1423/1375 1498/1419/1371
f 1500/1421/1373 1501/1422/1374 1503/1424/1376
f 1504/1425/1377 1503/1424/1376 1501/1422/1374
f 1502/1423/1375 1500/1421/1373 1505/1426/1378
f 1503/1424/1376 1505/1426/1378 1500/1421/1373
f 1227/1148/1105 1228/1149/1106 1502/1423/1375
f 1505/1426/1378 1227/1148/1105 1502/1423/1375
f 1503/1424/1376 1504/1425/1377 1506/1427/1379
f 1507/1428/1380 1506/1427/1379 1504/1425/1377
f 1505/1426/1378 1503/1424/1376 1508/1429/1381
f 1506/1427/1379 1508/1429/1381 1503/1424/1376
f 1506/1427/1379 1507/1428/1380 1509/1430/1382
f 1510/1431/1383 1509/1430/1382 1507/1428/1380
f 1508/1429/1381 1506/1427/1379 1511/1432/1384
f 1509/1430/1382 1511/1432/1384 1506/1427/1379
f 1508/1429/1381 1512/1433/1385 1505/1426/1378
f 1227/1148/1105 1505/1426/1378 1512/1433/1385
f 1511/1432/1384 1513/1434/1386 1508/1429/1381
f 1512/1433/1385 1508/1429/1381 1513/1434/1386
f 1509/1430/1382 1510/1431/1383 1514/1435/1387
f 1515/1436/1388 1514/1435/1387 1510/1431/1383
f 1511/1432/1384 1509/1430/1382 1516/1437/1389
f 1514/1435/1387 1516/1437/1389 1509/1430/1382
f 1513/1434/1386 1511/1432/1384 1517/1438/1390
f 1516/1437/1389 1517/1438/1390 1511/1432/1384
f 1514/1435/1387 1515/1436/1388 1518/1439/1391
f 1519/1440/1392 1518/1439/1391 1515/1436/1388
f 1516/1437/1389 1514/1435/1387 1520/1441/1393
f 1518/1439/1391 1520/1441/1393 1514/1435/1387
f 1518/1439/1391 1519/1440/1392 1521/1442/1394
f 1522/1443/1395 1521/1442/1394 1519/1440/1392
f 1520/1441/1393 1518/1439/1391 1523/1444/1396
f 1521/1442/1394 1523/1444/1396 1518/1439/1391
f 1520/1441/1393 1524/1445/1397 1516/1437/1389
f 1517/1438/1390 1516/1437/1389 1524/1445/1397
f 1523/1444/1396 1525/1446/1398 1520/1441/1393
f 1524/1445/1397 1520/1441/1393 1525/1446/1398
f 1521/1442/1394 1522/1443/1395 1526/1447/1399
f 1527/1448/1400 1526/1447/1399 1522/1443/1395
f 1523/1444/1396 1521/1442/1394 1528/1449/1401
f 1526/1447/1399 1528/1449/1401 1521/1442/1394
f 1525/1446/1398 1523/1444/1396 1529/1450/1402
f 1528/1449/1401 1529/1450/1402 1523/1444/1396
f 1526/1447/1399 1527/1448/1400 1530/1451/1403
f 1531/1452/1404 1530/1451/1403 1527/1448/1400
f 1528/1449/1401 1526/1447/1399 1532/1453/1405
f 1530/1451/1403 1532/1453/1405 1526/1447/1399
f 1529/1450/1402 1528/1449/1401 1533/1454/1406
f 1532/1453/1405 1533/1454/1406 1528/1449/1401
f 1534/1455/1407 834/755/716 1535/1456/1408
f 838/759/720 1535/1456/1408 834/755/716
f 1536/1457/1409 1534/1455/1407 1537/1458/1410
f 1535/1456/1408 1537/1458/1410 1534/1455/1407
f 1538/1459/1411 1536/1457/1409 1539/1460/1412
f 1537/1458/1410 1539/1460/1412 1536/1457/1409
f 1535/1456/1408 838/759/720 1540/1461/1413
f 842/763/724 1540/1461/1413 838/759/720
f 1540/1461/1413 842/763/724 1452/1373/1325
f 1540/1461/1413 1541/1462/1414 1535/1456/1408
f 1537/1458/1410 1535/1456/1408 1541/1462/1414
f 1452/1373/1325 1542/1463/1415 1540/1461/1413
f 1541/1462/1414 1540/1461/1413 1542/1463/1415
f 1542/1463/1415 1452/1373/1325 1449/1370/1322
f 1541/1462/1414 1543/1464/1416 1537/1458/1410
f 1539/1460/1412 1537/1458/1410 1543/1464/1416
f 1542/1463/1415 1544/1465/1417 1541/1462/1414
f 1543/1464/1416 1541/1462/1414 1544/1465/1417
f 1449/1370/1322 1545/1466/1418 1542/1463/1415
f 1544/1465/1417 1542/1463/1415 1545/1466/1418
f 1545/1466/1418 1449/1370/1322 1443/1364/1316
f 1441/1362/1314 1545/1466/1418 1443/1364/1316
f 1545/1466/1418 1441/1362/1314 1546/1467/1419
f 1546/1467/1419 1544/1465/1417 1545/1466/1418
f 1441/1362/1314 1437/1358/1310 1546/1467/1419
f 1544/1465/1417 1546/1467/1419 1547/1468/1420
f 1547/1468/1420 1543/1464/1416 1544/1465/1417
f 1437/1358/1310 1547/1468/1420 1546/1467/1419
f 1543/1464/1416 1547/1468/1420 1548/1469/1421
f 1548/1469/1421 1539/1460/1412 1543/1464/1416
f 1547/1468/1420 1437/1358/1310 1549/1470/1422
f 1549/1470/1422 1548/1469/1421 1547/1468/1420
f 1437/1358/1310 1439/1360/1312 1549/1470/1422
f 1539/1460/1412 1548/1469/1421 1550/1471/1423
f 1550/1471/1423 1538/1459/1411 1539/1460/1412
f 1548/1469/1421 1549/1470/1422 1551/1472/1424
f 1551/1472/1424 1550/1471/1423 1548/1469/1421
f 1552/1473/1425 1549/1470/1422 1439/1360/1312
f 1549/1470/1422 1552/1473/1425 1551/1472/1424
f 1440/1361/1313 1552/1473/1425 1439/1360/1312
f 1538/1459/1411 1550/1471/1423 1553/1474/1426
f 1553/1474/1426 1554/1475/1427 1538/1459/1411
f 1550/1471/1423 1551/1472/1424 1555/1476/1211
f 1555/1476/1211 1553/1474/1426 1550/1471/1423
f 1556/1477/1428 1551/1472/1424 1552/1473/1425
f 1551/1472/1424 1556/1477/1428 1555/1476/1211
f 1552/1473/1425 1440/1361/1313 1557/1478/1429
f 1557/1478/1429 1556/1477/1428 1552/1473/1425
f 1558/1479/1430 1557/1478/1429 1440/1361/1313
f 1440/1361/1313 1433/1354/1306 1558/1479/1430
f 1553/1474/1426 1555/1476/1211 1559/1480/1431
f 1556/1477/1428 1559/1480/1431 1555/1476/1211
f 1554/1475/1427 1553/1474/1426 1560/1481/1432
f 1559/1480/1431 1560/1481/1432 1553/1474/1426
f 1560/1481/1432 1561/1482/1433 1554/1475/1427
f 1433/1354/1306 1562/1483/1434 1558/1479/1430
f 1562/1483/1434 1433/1354/1306 1432/1353/1305
f 1561/1482/1433 1560/1481/1432 1563/1484/1435
f 1563/1484/1435 1564/1485/1436 1561/1482/1433
f 1560/1481/1432 1559/1480/1431 1565/1486/1437
f 1565/1486/1437 1563/1484/1435 1560/1481/1432
f 1566/1487/1438 1565/1486/1437 1559/1480/1431
f 1559/1480/1431 1556/1477/1428 1566/1487/1438
f 1563/1484/1435 1565/1486/1437 1567/1488/1439
f 1564/1485/1436 1563/1484/1435 1568/1489/1440
f 1567/1488/1439 1568/1489/1440 1563/1484/1435
f 1568/1489/1440 1569/1490/1441 1564/1485/1436
f 1570/1491/1442 1567/1488/1439 1565/1486/1437
f 1565/1486/1437 1566/1487/1438 1570/1491/1442
f 1568/1489/1440 1567/1488/1439 1571/1492/1443
f 1569/1490/1441 1568/1489/1440 1572/1493/1444
f 1571/1492/1443 1572/1493/1444 1568/1489/1440
f 1572/1493/1444 1573/1494/1445 1569/1490/1441
f 1574/1495/1446 1571/1492/1443 1567/1488/1439
f 1567/1488/1439 1570/1491/1442 1574/1495/1446
f 1572/1493/1444 1571/1492/1443 1575/1496/1447
f 1573/1494/1445 1572/1493/1444 1576/1497/1448
f 1575/1496/1447 1576/1497/1448 1572/1493/1444
f 1576/1497/1448 1577/1498/1449 1573/1494/1445
f 1578/1499/1450 1575/1496/1447 1571/1492/1443
f 1571/1492/1443 1574/1495/1446 1578/1499/1450
f 1576/1497/1448 1575/1496/1447 1579/1500/1451
f 1577/1498/1449 1576/1497/1448 1580/1501/1452
f 1579/1500/1451 1580/1501/1452 1576/1497/1448
f 1580/1501/1452 1581/1502/1453 1577/1498/1449
f 1582/1503/1454 1579/1500/1451 1575/1496/1447
f 1575/1496/1447 1578/1499/1450 1582/1503/1454
f 1580/1501/1452 1579/1500/1451 1583/1504/1455
f 1581/1502/1453 1580/1501/1452 1584/1505/1456
f 1583/1504/1455 1584/1505/1456 1580/1501/1452
f 1584/1505/1456 1585/1506/1457 1581/1502/1453
f 1586/1507/1458 1583/1504/1455 1579/1500/1451
f 1579/1500/1451 1582/1503/1454 1586/1507/1458
f 1584/1505/1456 1583/1504/1455 1587/1508/1459
f 1585/1506/1457 1584/1505/1456 1588/1509/1460
f 1587/1508/1459 1588/1509/1460 1584/1505/1456
f 1589/1510/1461 1587/1508/1459 1583/1504/1455
f 1583/1504/1455 1586/1507/1458 1589/1510/1461
f 1588/1509/1460 1587/1508/1459 1590/1511/1462
f 1591/1512/1463 1585/1506/1457 1588/1509/1460
f 1590/1511/1462 1591/1512/1463 1588/1509/1460
f 1592/1513/1464 1593/1514/1465 1594/1515/1466
f 1595/1516/1467 1594/1515/1466 1593/1514/1465
f 1596/1517/1468 1597/1518/1469 1592/1513/1464
f 1598/1519/1470 1595/1516/1467 1599/1520/1471
f 1598/1519/1470 1599/1520/1471 1600/1521/1472
f 1593/1514/1465 1601/1522/1473 1595/1516/1467
f 1599/1520/1471 1595/1516/1467 1601/1522/1473
f 1593/1514/1465 1592/1513/1464 1602/1523/1474
f 1597/1518/1469 1602/1523/1474 1592/1513/1464
f 1601/1522/1473 1593/1514/1465 1603/1524/1475
f 1602/1523/1474 1603/1524/1475 1593/1514/1465
f 1601/1522/1473 1604/1525/1476 1599/1520/1471
f 1600/1521/1472 1599/1520/1471 1605/1526/1477
f 1605/1526/1477 1599/1520/1471 1604/1525/1476
f 1600/1521/1472 1605/1526/1477 1606/1527/1478
f 1607/1528/1479 1600/1521/1472 1606/1527/1478
f 1608/1529/1480 1601/1522/1473 1603/1524/1475
f 1604/1525/1476 1601/1522/1473 1608/1529/1480
f 1603/1524/1475 1602/1523/1474 1609/1530/1481
f 1604/1525/1476 1610/1531/1482 1605/1526/1477
f 1611/1532/1483 1608/1529/1480 1603/1524/1475
f 1611/1532/1483 1603/1524/1475 1609/1530/1481
f 1612/1533/1484 1604/1525/1476 1608/1529/1480
f 1610/1531/1482 1604/1525/1476 1612/1533/1484
f 1608/1529/1480 1611/1532/1483 1613/1534/1485
f 1613/1534/1485 1612/1533/1484 1608/1529/1480
f 1605/1526/1477 1610/1531/1482 1614/1535/1486
f 1606/1527/1478 1605/1526/1477 1614/1535/1486
f 1615/1536/1487 1610/1531/1482 1612/1533/1484
f 1606/1527/1478 1614/1535/1486 1616/1537/1488
f 1616/1537/1488 1607/1528/1479 1606/1527/1478
f 1614/1535/1486 1610/1531/1482 1617/1538/1489
f 1617/1538/1489 1610/1531/1482 1615/1536/1487
f 1616/1537/1488 1614/1535/1486 1618/1539/1490
f 1614/1535/1486 1617/1538/1489 1618/1539/1490
f 1607/1528/1479 1616/1537/1488 1619/1540/1491
f 1620/1541/1492 1607/1528/1479 1619/1540/1491
f 1619/1540/1491 1621/1542/1493 1620/1541/1492
f 1622/1543/1494 1619/1540/1491 1616/1537/1488
f 1618/1539/1490 1622/1543/1494 1616/1537/1488
f 1621/1542/1493 1619/1540/1491 1623/1544/1495
f 1619/1540/1491 1622/1543/1494 1623/1544/1495
f 1623/1544/1495 1624/1545/1496 1621/1542/1493
f 1625/1546/1497 1621/1542/1493 1624/1545/1496
f 1624/1545/1496 1626/1547/1498 1625/1546/1497
f 1626/1547/1498 1624/1545/1496 1627/1548/1499
f 1627/1548/1499 1628/1549/1500 1626/1547/1498
f 1624/1545/1496 1623/1544/1495 1629/1550/1501
f 1629/1550/1501 1627/1548/1499 1624/1545/1496
f 1630/1551/1502 1623/1544/1495 1622/1543/1494
f 1623/1544/1495 1630/1551/1502 1629/1550/1501
f 1622/1543/1494 1618/1539/1490 1631/1552/1503
f 1622/1543/1494 1631/1552/1503 1630/1551/1502
f 1618/1539/1490 1632/1553/1504 1631/1552/1503
f 1618/1539/1490 1617/1538/1489 1632/1553/1504
f 1627/1548/1499 1629/1550/1501 1633/1554/1505
f 1630/1551/1502 1633/1554/1505 1629/1550/1501
f 1634/1555/1506 1627/1548/1499 1633/1554/1505
f 1630/1551/1502 1631/1552/1503 1635/1556/1507
f 1627/1548/1499 1634/1555/1506 1636/1557/1508
f 1628/1549/1500 1627/1548/1499 1636/1557/1508
f 1633/1554/1505 1630/1551/1502 1637/1558/1509
f 1630/1551/1502 1635/1556/1507 1637/1558/1509
f 1633/1554/1505 1638/1559/1510 1634/1555/1506
f 1638/1559/1510 1633/1554/1505 1637/1558/1509
f 1639/1560/1511 1636/1557/1508 1634/1555/1506
f 1638/1559/1510 1639/1560/1511 1634/1555/1506
f 1636/1557/1508 1640/1561/1512 1628/1549/1500
f 1641/1562/1513 1628/1549/1500 1640/1561/1512
f 1640/1561/1512 1636/1557/1508 1642/1563/1514
f 1636/1557/1508 1639/1560/1511 1642/1563/1514
f 1640/1561/1512 1643/1564/1515 1641/1562/1513
f 1644/1565/1516 1641/1562/1513 1643/1564/1515
f 1643/1564/1515 1645/1566/1517 1644/1565/1516
f 1646/1567/1518 1642/1563/1514 1639/1560/1511
f 1642/1563/1514 1646/1567/1518 1647/1568/1519
f 1639/1560/1511 1648/1569/1520 1646/1567/1518
f 1642/1563/1514 1649/1570/1521 1640/1561/1512
f 1649/1570/1521 1642/1563/1514 1647/1568/1519
f 1643/1564/1515 1640/1561/1512 1649/1570/1521
f 1647/1568/1519 1650/1571/1522 1649/1570/1521
f 1645/1566/1517 1643/1564/1515 1651/1572/1523
f 1649/1570/1521 1651/1572/1523 1643/1564/1515
f 1651/1572/1523 1649/1570/1521 1650/1571/1522
f 1652/1573/1524 1645/1566/1517 1651/1572/1523
f 1650/1571/1522 1652/1573/1524 1651/1572/1523
f 1004/925/882 1001/922/879 1653/1574/1525
f 1001/922/879 1063/984/941 1653/1574/1525
f 1654/1575/1526 1653/1574/1525 1063/984/941
f 1654/1575/1526 1063/984/941 1062/983/940
f 1655/1576/1527 1004/925/882 1653/1574/1525
f 1655/1576/1527 1653/1574/1525 1654/1575/1526
f 1656/1577/1528 1004/925/882 1655/1576/1527
f 1656/1577/1528 1005/926/883 1004/925/882
f 1655/1576/1527 1657/1578/1529 1656/1577/1528
f 1658/1579/1530 1005/926/883 1656/1577/1528
f 1657/1578/1529 1658/1579/1530 1656/1577/1528
f 1654/1575/1526 1659/1580/1531 1655/1576/1527
f 1657/1578/1529 1655/1576/1527 1659/1580/1531
f 1659/1580/1531 1654/1575/1526 1660/1581/1532
f 1659/1580/1531 1661/1582/1533 1657/1578/1529
f 1662/1583/1534 1660/1581/1532 1654/1575/1526
f 1662/1583/1534 1654/1575/1526 1062/983/940
f 1660/1581/1532 1663/1584/1535 1659/1580/1531
f 1661/1582/1533 1659/1580/1531 1663/1584/1535
f 1662/1583/1534 1664/1585/1536 1660/1581/1532
f 1663/1584/1535 1660/1581/1532 1664/1585/1536
f 1665/1586/1537 1662/1583/1534 1062/983/940
f 1665/1586/1537 1062/983/940 1059/980/937
f 1666/1587/1538 1665/1586/1537 1059/980/937
f 1665/1586/1537 1667/1588/1539 1662/1583/1534
f 1664/1585/1536 1662/1583/1534 1667/1588/1539
f 1666/1587/1538 1668/1589/1540 1665/1586/1537
f 1667/1588/1539 1665/1586/1537 1668/1589/1540
f 1668/1589/1540 1666/1587/1538 1669/1590/1541
f 1667/1588/1539 1670/1591/1542 1664/1585/1536
f 1670/1591/1542 1663/1584/1535 1664/1585/1536
f 1668/1589/1540 1671/1592/1543 1667/1588/1539
f 1670/1591/1542 1667/1588/1539 1671/1592/1543
f 1669/1590/1541 1672/1593/1544 1668/1589/1540
f 1671/1592/1543 1668/1589/1540 1672/1593/1544
f 1672/1593/1544 1669/1590/1541 1673/1594/1545
f 1663/1584/1535 1670/1591/1542 1674/1595/1546
f 1674/1595/1546 1661/1582/1533 1663/1584/1535
f 1670/1591/1542 1675/1596/1547 1674/1595/1546
f 1661/1582/1533 1674/1595/1546 1676/1597/1548
f 1675/1596/1547 1676/1597/1548 1674/1595/1546
f 1677/1598/1549 1661/1582/1533 1676/1597/1548
f 1671/1592/1543 1678/1599/1550 1670/1591/1542
f 1675/1596/1547 1670/1591/1542 1678/1599/1550
f 1672/1593/1544 1679/1600/1551 1671/1592/1543
f 1678/1599/1550 1671/1592/1543 1679/1600/1551
f 1679/1600/1551 1672/1593/1544 1680/1601/1552
f 1673/1594/1545 1680/1601/1552 1672/1593/1544
f 1679/1600/1551 1681/1602/1553 1678/1599/1550
f 1680/1601/1552 1673/1594/1545 1682/1603/1554
f 1683/1604/1555 1682/1603/1554 1673/1594/1545
f 1682/1603/1554 1683/1604/1555 1684/1605/1556
f 1680/1601/1552 1685/1606/1557 1679/1600/1551
f 1681/1602/1553 1679/1600/1551 1685/1606/1557
f 1682/1603/1554 1686/1607/1558 1680/1601/1552
f 1685/1606/1557 1680/1601/1552 1686/1607/1558
f 1684/1605/1556 1687/1608/1559 1682/1603/1554
f 1686/1607/1558 1682/1603/1554 1687/1608/1559
f 1687/1608/1559 1684/1605/1556 1688/1609/1560
f 1689/1610/1561 1686/1607/1558 1687/1608/1559
f 1690/1611/1562 1687/1608/1559 1688/1609/1560
f 1687/1608/1559 1690/1611/1562 1689/1610/1561
f 1688/1609/1560 1691/1612/1563 1690/1611/1562
f 1692/1613/1564 1685/1606/1557 1686/1607/1558
f 1686/1607/1558 1689/1610/1561 1692/1613/1564
f 1685/1606/1557 1692/1613/1564 1693/1614/1565
f 1693/1614/1565 1681/1602/1553 1685/1606/1557
f 1689/1610/1561 1694/1615/1566 1692/1613/1564
f 1694/1615/1566 1693/1614/1565 1692/1613/1564
f 1695/1616/1567 1690/1611/1562 1691/1612/1563
f 1696/1617/1568 1689/1610/1561 1690/1611/1562
f 1690/1611/1562 1695/1616/1567 1696/1617/1568
f 1689/1610/1561 1696/1617/1568 1697/1618/1569
f 1694/1615/1566 1689/1610/1561 1697/1618/1569
f 1681/1602/1553 1693/1614/1565 1698/1619/1570
f 1693/1614/1565 1694/1615/1566 1699/1620/1571
f 1699/1620/1571 1698/1619/1570 1693/1614/1565
f 1694/1615/1566 1700/1621/1572 1699/1620/1571
f 1697/1618/1569 1701/1622/1573 1694/1615/1566
f 1700/1621/1572 1694/1615/1566 1701/1622/1573
f 1696/1617/1568 1702/1623/1574 1697/1618/1569
f 1701/1622/1573 1697/1618/1569 1702/1623/1574
f 1702/1623/1574 1696/1617/1568 1703/1624/1575
f 1695/1616/1567 1703/1624/1575 1696/1617/1568
f 1704/1625/1576 1701/1622/1573 1702/1623/1574
f 1705/1626/1577 1702/1623/1574 1703/1624/1575
f 1702/1623/1574 1705/1626/1577 1704/1625/1576
f 1701/1622/1573 1704/1625/1576 1706/1627/1578
f 1706/1627/1578 1700/1621/1572 1701/1622/1573
f 1707/1628/1579 1704/1625/1576 1705/1626/1577
f 1703/1624/1575 1695/1616/1567 1708/1629/1580
f 1703/1624/1575 1709/1630/1581 1705/1626/1577
f 1709/1630/1581 1703/1624/1575 1708/1629/1580
f 1710/1631/1582 1705/1626/1577 1709/1630/1581
f 1705/1626/1577 1710/1631/1582 1707/1628/1579
f 1704/1625/1576 1707/1628/1579 1711/1632/1583
f 1711/1632/1583 1706/1627/1578 1704/1625/1576
f 1712/1633/1584 1707/1628/1579 1710/1631/1582
f 1713/1634/1585 1711/1632/1583 1707/1628/1579
f 1707/1628/1579 1712/1633/1584 1713/1634/1585
f 1711/1632/1583 1713/1634/1585 1714/1635/1586
f 1706/1627/1578 1711/1632/1583 1715/1636/1587
f 1714/1635/1586 1715/1636/1587 1711/1632/1583
f 1716/1637/1588 1706/1627/1578 1715/1636/1587
f 1715/1636/1587 1714/1635/1586 1717/1638/1589
f 1717/1638/1589 1716/1637/1588 1715/1636/1587
f 1706/1627/1578 1716/1637/1588 1718/1639/1590
f 1700/1621/1572 1706/1627/1578 1718/1639/1590
f 1716/1637/1588 1717/1638/1589 1048/969/926
f 1719/1640/1591 1718/1639/1590 1716/1637/1588
f 1048/969/926 1719/1640/1591 1716/1637/1588
f 1718/1639/1590 1719/1640/1591 1720/1641/1592
f 1720/1641/1592 1700/1621/1572 1718/1639/1590
f 1719/1640/1591 1048/969/926 1014/935/892
f 1700/1621/1572 1720/1641/1592 1721/1642/1593
f 1721/1642/1593 1699/1620/1571 1700/1621/1572
f 1010/931/888 1720/1641/1592 1719/1640/1591
f 1014/935/892 1010/931/888 1719/1640/1591
f 1009/930/887 1721/1642/1593 1720/1641/1592
f 1720/1641/1592 1010/931/888 1009/930/887
f 1699/1620/1571 1721/1642/1593 1722/1643/1594
f 1698/1619/1570 1699/1620/1571 1722/1643/1594
f 1721/1642/1593 1009/930/887 1012/933/890
f 1012/933/890 1722/1643/1594 1721/1642/1593
f 1723/1644/1595 1698/1619/1570 1722/1643/1594
f 1722/1643/1594 1012/933/890 1723/1644/1595
f 1698/1619/1570 1723/1644/1595 1724/1645/1596
f 1012/933/890 1016/937/894 1723/1644/1595
f 1016/937/894 1724/1645/1596 1723/1644/1595
f 1725/1646/1597 1698/1619/1570 1724/1645/1596
f 1698/1619/1570 1725/1646/1597 1681/1602/1553
f 1725/1646/1597 1678/1599/1550 1681/1602/1553
f 1678/1599/1550 1725/1646/1597 1675/1596/1547
f 1724/1645/1596 1726/1647/1598 1725/1646/1597
f 1726/1647/1598 1675/1596/1547 1725/1646/1597
f 1724/1645/1596 1016/937/894 1727/1648/1599
f 1726/1647/1598 1724/1645/1596 1727/1648/1599
f 1675/1596/1547 1726/1647/1598 1728/1649/1600
f 1676/1597/1548 1675/1596/1547 1728/1649/1600
f 1727/1648/1599 1729/1650/1601 1726/1647/1598
f 1729/1650/1601 1728/1649/1600 1726/1647/1598
f 1728/1649/1600 1677/1598/1549 1676/1597/1548
f 1017/938/895 1727/1648/1599 1016/937/894
f 1728/1649/1600 1729/1650/1601 1730/1651/1602
f 1677/1598/1549 1728/1649/1600 1730/1651/1602
f 1729/1650/1601 1727/1648/1599 1731/1652/1603
f 1727/1648/1599 1017/938/895 1731/1652/1603
f 1729/1650/1601 1732/1653/1604 1730/1651/1602
f 1731/1652/1603 1733/1654/1605 1729/1650/1601
f 1732/1653/1604 1729/1650/1601 1733/1654/1605
f 1733/1654/1605 1731/1652/1603 1734/1655/1606
f 1017/938/895 1734/1655/1606 1731/1652/1603
f 1734/1655/1606 1735/1656/473 1733/1654/1605
f 1733/1654/1605 1735/1656/473 1732/1653/1604
f 1735/1656/473 1736/1657/1607 1732/1653/1604
f 1735/1656/473 1734/1655/1606 1737/1658/1608
f 1738/1659/1609 1732/1653/1604 1736/1657/1607
f 1020/941/898 1737/1658/1608 1734/1655/1606
f 1734/1655/1606 1017/938/895 1020/941/898
f 1737/1658/1608 1020/941/898 1022/943/900
f 1732/1653/1604 1738/1659/1609 1739/1660/1610
f 1739/1660/1610 1730/1651/1602 1732/1653/1604
f 1740/1661/1611 1739/1660/1610 1738/1659/1609
f 1730/1651/1602 1739/1660/1610 1677/1598/1549
f 1739/1660/1610 1740/1661/1611 1741/1662/1612
f 1741/1662/1612 1677/1598/1549 1739/1660/1610
f 1740/1661/1611 1742/1663/1613 1741/1662/1612
f 1677/1598/1549 1741/1662/1612 1743/1664/1614
f 1661/1582/1533 1677/1598/1549 1743/1664/1614
f 1743/1664/1614 1657/1578/1529 1661/1582/1533
f 1657/1578/1529 1743/1664/1614 1744/1665/1615
f 1741/1662/1612 1744/1665/1615 1743/1664/1614
f 1657/1578/1529 1744/1665/1615 1658/1579/1530
f 1744/1665/1615 1741/1662/1612 1745/1666/1616
f 1745/1666/1616 1658/1579/1530 1744/1665/1615
f 1741/1662/1612 1742/1663/1613 1745/1666/1616
f 1658/1579/1530 1745/1666/1616 1746/1667/1617
f 1742/1663/1613 1746/1667/1617 1745/1666/1616
f 1746/1667/1617 1005/926/883 1658/1579/1530
f 1742/1663/1613 1747/1668/1618 1746/1667/1617
f 1005/926/883 1746/1667/1617 1747/1668/1618
f 1747/1668/1618 1742/1663/1613 1748/1669/1619
f 987/908/866 1005/926/883 1747/1668/1618
f 988/909/462 1747/1668/1618 1748/1669/1619
f 1747/1668/1618 988/909/462 987/908/866
f 1530/1451/1403 1531/1452/1404 1749/1670/1620
f 1750/1671/1621 1749/1670/1620 1531/1452/1404
f 1532/1453/1405 1530/1451/1403 1751/1672/1622
f 1749/1670/1620 1751/1672/1622 1530/1451/1403
f 1533/1454/1406 1532/1453/1405 1752/1673/1623
f 1751/1672/1622 1752/1673/1623 1532/1453/1405
f 1749/1670/1620 1750/1671/1621 1753/1674/1624
f 1754/1675/1625 1753/1674/1624 1750/1671/1621
f 1751/1672/1622 1749/1670/1620 1755/1676/1626
f 1753/1674/1624 1755/1676/1626 1749/1670/1620
f 1752/1673/1623 1751/1672/1622 1756/1677/1627
f 1755/1676/1626 1756/1677/1627 1751/1672/1622
f 1753/1674/1624 1754/1675/1625 1757/1678/1628
f 1758/1679/1629 1757/1678/1628 1754/1675/1625
f 1755/1676/1626 1753/1674/1624 1759/1680/1630
f 1757/1678/1628 1759/1680/1630 1753/1674/1624
f 1756/1677/1627 1755/1676/1626 1760/1681/1631
f 1759/1680/1630 1760/1681/1631 1755/1676/1626
f 1757/1678/1628 1758/1679/1629 1761/1682/1632
f 1762/1683/1633 1761/1682/1632 1758/1679/1629
f 1759/1680/1630 1757/1678/1628 1763/1684/1634
f 1761/1682/1632 1763/1684/1634 1757/1678/1628
f 1760/1681/1631 1759/1680/1630 1764/1685/1635
f 1763/1684/1634 1764/1685/1635 1759/1680/1630
f 1761/1682/1632 1762/1683/1633 1765/1686/1636
f 1766/1687/1637 1765/1686/1636 1762/1683/1633
f 1763/1684/1634 1761/1682/1632 1767/1688/1638
f 1765/1686/1636 1767/1688/1638 1761/1682/1632
f 1764/1685/1635 1763/1684/1634 1768/1689/1639
f 1767/1688/1638 1768/1689/1639 1763/1684/1634
f 1769/1690/1640 1760/1681/1631 1764/1685/1635
f 1768/1689/1639 1769/1690/1640 1764/1685/1635
f 1765/1686/1636 1766/1687/1637 1770/1691/1641
f 1771/1692/1642 1770/1691/1641 1766/1687/1637
f 1767/1688/1638 1765/1686/1636 1772/1693/1643
f 1770/1691/1641 1772/1693/1643 1765/1686/1636
f 1768/1689/1639 1767/1688/1638 1773/1694/1644
f 1772/1693/1643 1773/1694/1644 1767/1688/1638
f 1770/1691/1641 1771/1692/1642 1774/1695/1645
f 1775/1696/1646 1774/1695/1645 1771/1692/1642
f 1772/1693/1643 1770/1691/1641 1776/1697/1647
f 1774/1695/1645 1776/1697/1647 1770/1691/1641
f 1774/1695/1645 1775/1696/1646 1777/1698/1648
f 1778/1699/1649 1777/1698/1648 1775/1696/1646
f 1776/1697/1647 1774/1695/1645 1779/1700/1650
f 1777/1698/1648 1779/1700/1650 1774/1695/1645
f 1777/1698/1648 1778/1699/1649 1780/1701/1651
f 1781/1702/1652 1780/1701/1651 1778/1699/1649
f 1779/1700/1650 1777/1698/1648 1782/1703/1653
f 1780/1701/1651 1782/1703/1653 1777/1698/1648
f 1780/1701/1651 1781/1702/1652 1783/1704/1654
f 1784/1705/1655 1783/1704/1654 1781/1702/1652
f 1782/1703/1653 1780/1701/1651 1785/1706/1656
f 1783/1704/1654 1784/1705/1655 1786/1707/1657
f 1787/1708/1658 1786/1707/1657 1784/1705/1655
f 1788/1709/1659 1780/1701/1651 1783/1704/1654
f 1780/1701/1651 1788/1709/1659 1785/1706/1656
f 1789/1710/1660 1783/1704/1654 1786/1707/1657
f 1783/1704/1654 1789/1710/1660 1788/1709/1659
f 1786/1707/1657 1787/1708/1658 1790/1711/1661
f 1791/1712/1662 1790/1711/1661 1787/1708/1658
f 1786/1707/1657 1792/1713/1663 1789/1710/1660
f 1792/1713/1663 1786/1707/1657 1790/1711/1661
f 1790/1711/1661 1791/1712/1662 1793/1714/1664
f 1794/1715/1665 1793/1714/1664 1791/1712/1662
f 1790/1711/1661 1795/1716/1666 1792/1713/1663
f 1795/1716/1666 1790/1711/1661 1793/1714/1664
f 1793/1714/1664 1794/1715/1665 1796/1717/1667
f 1797/1718/1668 1796/1717/1667 1794/1715/1665
f 1793/1714/1664 1798/1719/1669 1795/1716/1666
f 1798/1719/1669 1793/1714/1664 1796/1717/1667
f 1796/1717/1667 1797/1718/1668 1799/1720/1670
f 1800/1721/1671 1799/1720/1670 1797/1718/1668
f 1796/1717/1667 1801/1722/1672 1798/1719/1669
f 1801/1722/1672 1796/1717/1667 1799/1720/1670
f 1802/1723/1673 1795/1716/1666 1798/1719/1669
f 1801/1722/1672 1802/1723/1673 1798/1719/1669
f 1803/1724/1674 1792/1713/1663 1795/1716/1666
f 1795/1716/1666 1802/1723/1673 1803/1724/1674
f 1799/1720/1670 1800/1721/1671 1804/1725/1675
f 1805/1726/1676 1804/1725/1675 1800/1721/1671
f 1799/1720/1670 1806/1727/1677 1801/1722/1672
f 1806/1727/1677 1799/1720/1670 1804/1725/1675
f 1802/1723/1673 1801/1722/1672 1807/1728/1678
f 1806/1727/1677 1807/1728/1678 1801/1722/1672
f 1804/1725/1675 1805/1726/1676 1808/1729/1679
f 1809/1730/1680 1808/1729/1679 1805/1726/1676
f 1804/1725/1675 1810/1731/1681 1806/1727/1677
f 1810/1731/1681 1804/1725/1675 1808/1729/1679
f 1807/1728/1678 1806/1727/1677 1811/1732/1682
f 1810/1731/1681 1811/1732/1682 1806/1727/1677
f 1808/1729/1679 1809/1730/1680 809/730/691
f 810/731/692 809/730/691 1809/1730/1680
f 1808/1729/1679 814/735/696 1810/1731/1681
f 814/735/696 1808/1729/1679 809/730/691
f 1811/1732/1682 1810/1731/1681 821/742/703
f 814/735/696 821/742/703 1810/1731/1681
f 1342/1263/1217 801/722/683 805/726/687
f 808/729/690 1342/1263/1217 805/726/687
f 797/718/679 807/728/689 1812/1733/1683
f 1812/1733/1683 795/716/677 797/718/679
f 1813/1734/1684 807/728/689 801/722/683
f 801/722/683 1342/1263/1217 1813/1734/1684
f 807/728/689 1813/1734/1684 1814/1735/1685
f 1814/1735/1685 1812/1733/1683 807/728/689
f 1338/1259/1213 1813/1734/1684 1342/1263/1217
f 1815/1736/1686 1814/1735/1685 1813/1734/1684
f 1813/1734/1684 1338/1259/1213 1815/1736/1686
f 795/716/677 1812/1733/1683 1464/1385/1337
f 1464/1385/1337 793/714/675 795/716/677
f 1812/1733/1683 1814/1735/1685 1816/1737/1687
f 1812/1733/1683 1461/1382/1334 1464/1385/1337
f 1461/1382/1334 1812/1733/1683 1816/1737/1687
f 1817/1738/1688 1816/1737/1687 1814/1735/1685
f 1814/1735/1685 1815/1736/1686 1817/1738/1688
f 1816/1737/1687 1458/1379/1331 1461/1382/1334
f 1816/1737/1687 1817/1738/1688 1818/1739/1689
f 1458/1379/1331 1816/1737/1687 1818/1739/1689
f 1819/1740/1690 1817/1738/1688 1815/1736/1686
f 1818/1739/1689 1291/1212/1166 1458/1379/1331
f 1820/1741/1691 1818/1739/1689 1817/1738/1688
f 1817/1738/1688 1819/1740/1690 1820/1741/1691
f 1818/1739/1689 1820/1741/1691 1821/1742/1692
f 1291/1212/1166 1818/1739/1689 1821/1742/1692
f 1815/1736/1686 1337/1258/1212 1819/1740/1690
f 1337/1258/1212 1815/1736/1686 1338/1259/1213
f 1822/1743/1693 1820/1741/1691 1819/1740/1690
f 1823/1744/1694 1819/1740/1690 1337/1258/1212
f 1819/1740/1690 1823/1744/1694 1822/1743/1693
f 1337/1258/1212 1305/1226/1180 1823/1744/1694
f 1300/1221/1175 1822/1743/1693 1823/1744/1694
f 1305/1226/1180 1300/1221/1175 1823/1744/1694
f 1820/1741/1691 1822/1743/1693 1824/1745/1695
f 1824/1745/1695 1821/1742/1692 1820/1741/1691
f 1825/1746/1696 1824/1745/1695 1822/1743/1693
f 1822/1743/1693 1300/1221/1175 1825/1746/1696
f 1821/1742/1692 1824/1745/1695 1826/1747/1697
f 1826/1747/1697 1291/1212/1166 1821/1742/1692
f 1824/1745/1695 1825/1746/1696 1286/1207/1161
f 1286/1207/1161 1826/1747/1697 1824/1745/1695
f 1300/1221/1175 1287/1208/1162 1825/1746/1696
f 1287/1208/1162 1286/1207/1161 1825/1746/1696
f 1291/1212/1166 1826/1747/1697 1288/1209/1163
f 1826/1747/1697 1286/1207/1161 1285/1206/1160
f 1285/1206/1160 1288/1209/1163 1826/1747/1697
f 1827/1748/1698 1249/1170/1127 1828/1749/1699
f 1249/1170/1127 1250/1171/1128 1828/1749/1699
f 1828/1749/1699 1250/1171/1128 1254/1175/1132
f 1828/1749/1699 1254/1175/1132 1829/1750/1700
f 1254/1175/1132 1830/1751/1701 1829/1750/1700
f 1827/1748/1698 1828/1749/1699 1831/1752/1702
f 1831/1752/1702 1828/1749/1699 1829/1750/1700
f 1832/1753/1703 1827/1748/1698 1831/1752/1702
f 1833/1754/1704 1827/1748/1698 1832/1753/1703
f 1834/1755/1705 1829/1750/1700 1830/1751/1701
f 1835/1756/1706 1834/1755/1705 1830/1751/1701
f 1831/1752/1702 1829/1750/1700 1836/1757/1707
f 1829/1750/1700 1834/1755/1705 1836/1757/1707
f 1837/1758/1708 1834/1755/1705 1835/1756/1706
f 1835/1756/1706 1838/1759/1709 1837/1758/1708
f 1839/1760/1710 1836/1757/1707 1834/1755/1705
f 1837/1758/1708 1839/1760/1710 1834/1755/1705
f 1840/1761/1711 1831/1752/1702 1836/1757/1707
f 1832/1753/1703 1831/1752/1702 1840/1761/1711
f 1836/1757/1707 1839/1760/1710 1841/1762/1712
f 1840/1761/1711 1836/1757/1707 1841/1762/1712
f 1842/1763/1713 1841/1762/1712 1839/1760/1710
f 1839/1760/1710 1837/1758/1708 1843/1764/1714
f 1843/1764/1714 1842/1763/1713 1839/1760/1710
f 1837/1758/1708 1844/1765/1715 1843/1764/1714
f 1844/1765/1715 1837/1758/1708 1838/1759/1709
f 1648/1569/1520 1843/1764/1714 1844/1765/1715
f 1838/1759/1709 1845/1766/1716 1844/1765/1715
f 1845/1766/1716 1838/1759/1709 1846/1767/1717
f 1646/1567/1518 1844/1765/1715 1845/1766/1716
f 1844/1765/1715 1646/1567/1518 1648/1569/1520
f 1847/1768/1718 1845/1766/1716 1846/1767/1717
f 1846/1767/1717 1848/1769/1719 1847/1768/1718
f 1845/1766/1716 1847/1768/1718 1849/1770/1720
f 1849/1770/1720 1646/1567/1518 1845/1766/1716
f 1850/1771/1721 1847/1768/1718 1848/1769/1719
f 1848/1769/1719 1851/1772/1722 1850/1771/1721
f 1852/1773/1723 1849/1770/1720 1847/1768/1718
f 1847/1768/1718 1850/1771/1721 1852/1773/1723
f 1646/1567/1518 1849/1770/1720 1647/1568/1519
f 1849/1770/1720 1852/1773/1723 1650/1571/1522
f 1650/1571/1522 1647/1568/1519 1849/1770/1720
f 1850/1771/1721 1652/1573/1524 1852/1773/1723
f 1652/1573/1524 1650/1571/1522 1852/1773/1723
f 1851/1772/1722 1853/1774/1724 1850/1771/1721
f 1652/1573/1524 1850/1771/1721 1853/1774/1724
f 1853/1774/1724 1851/1772/1722 1854/1775/1725
f 1851/1772/1722 1855/1776/1726 1854/1775/1725
f 1853/1774/1724 1856/1777/1727 1652/1573/1524
f 1854/1775/1725 1857/1778/1728 1853/1774/1724
f 1856/1777/1727 1853/1774/1724 1857/1778/1728
f 1855/1776/1726 1858/1779/1729 1854/1775/1725
f 1857/1778/1728 1854/1775/1725 1858/1779/1729
f 1859/1780/1730 1856/1777/1727 1857/1778/1728
f 1858/1779/1729 1859/1780/1730 1857/1778/1728
f 1645/1566/1517 1652/1573/1524 1856/1777/1727
f 1858/1779/1729 1855/1776/1726 1860/1781/1731
f 1861/1782/1732 1860/1781/1731 1855/1776/1726
f 1860/1781/1731 1862/1783/1733 1858/1779/1729
f 1859/1780/1730 1858/1779/1729 1862/1783/1733
f 1860/1781/1731 1861/1782/1732 1222/1143/1100
f 1221/1142/1099 1222/1143/1100 1861/1782/1732
f 1862/1783/1733 1860/1781/1731 1863/1784/1734
f 1222/1143/1100 1863/1784/1734 1860/1781/1731
f 1862/1783/1733 1513/1434/1386 1859/1780/1730
f 1513/1434/1386 1862/1783/1733 1512/1433/1385
f 1863/1784/1734 1512/1433/1385 1862/1783/1733
f 1517/1438/1390 1859/1780/1730 1513/1434/1386
f 1512/1433/1385 1863/1784/1734 1227/1148/1105
f 1859/1780/1730 1517/1438/1390 1864/1785/1735
f 1856/1777/1727 1859/1780/1730 1864/1785/1735
f 1864/1785/1735 1645/1566/1517 1856/1777/1727
f 1517/1438/1390 1865/1786/1736 1864/1785/1735
f 1645/1566/1517 1864/1785/1735 1865/1786/1736
f 1865/1786/1736 1517/1438/1390 1524/1445/1397
f 1223/1144/1101 1227/1148/1105 1863/1784/1734
f 1863/1784/1734 1222/1143/1100 1223/1144/1101
f 1524/1445/1397 1866/1787/1737 1865/1786/1736
f 1866/1787/1737 1524/1445/1397 1525/1446/1398
f 1865/1786/1736 1644/1565/1516 1645/1566/1517
f 1644/1565/1516 1865/1786/1736 1866/1787/1737
f 1525/1446/1398 1867/1788/1738 1866/1787/1737
f 1867/1788/1738 1644/1565/1516 1866/1787/1737
f 1867/1788/1738 1525/1446/1398 1529/1450/1402
f 1529/1450/1402 1868/1789/1739 1867/1788/1738
f 1868/1789/1739 1529/1450/1402 1533/1454/1406
f 1644/1565/1516 1867/1788/1738 1869/1790/1740
f 1868/1789/1739 1869/1790/1740 1867/1788/1738
f 1533/1454/1406 1870/1791/1741 1868/1789/1739
f 1870/1791/1741 1533/1454/1406 1752/1673/1623
f 1869/1790/1740 1868/1789/1739 1871/1792/1742
f 1870/1791/1741 1871/1792/1742 1868/1789/1739
f 1641/1562/1513 1644/1565/1516 1869/1790/1740
f 1752/1673/1623 1872/1793/1743 1870/1791/1741
f 1872/1793/1743 1752/1673/1623 1756/1677/1627
f 1873/1794/1744 1869/1790/1740 1871/1792/1742
f 1869/1790/1740 1873/1794/1744 1641/1562/1513
f 1871/1792/1742 1870/1791/1741 1874/1795/1745
f 1756/1677/1627 1875/1796/1746 1872/1793/1743
f 1875/1796/1746 1756/1677/1627 1760/1681/1631
f 1760/1681/1631 1769/1690/1640 1875/1796/1746
f 1876/1797/1747 1870/1791/1741 1872/1793/1743
f 1870/1791/1741 1876/1797/1747 1874/1795/1745
f 1877/1798/1748 1872/1793/1743 1875/1796/1746
f 1872/1793/1743 1877/1798/1748 1876/1797/1747
f 1878/1799/1749 1875/1796/1746 1769/1690/1640
f 1875/1796/1746 1878/1799/1749 1877/1798/1748
f 1878/1799/1749 1879/1800/1750 1877/1798/1748
f 1879/1800/1750 1876/1797/1747 1877/1798/1748
f 1769/1690/1640 1880/1801/1751 1878/1799/1749
f 1881/1802/1752 1874/1795/1745 1876/1797/1747
f 1876/1797/1747 1879/1800/1750 1881/1802/1752
f 1882/1803/1753 1871/1792/1742 1874/1795/1745
f 1874/1795/1745 1881/1802/1752 1882/1803/1753
f 1871/1792/1742 1882/1803/1753 1873/1794/1744
f 1879/1800/1750 1878/1799/1749 1883/1804/1436
f 1880/1801/1751 1883/1804/1436 1878/1799/1749
f 1884/1805/1754 1881/1802/1752 1879/1800/1750
f 1625/1546/1497 1882/1803/1753 1881/1802/1752
f 1881/1802/1752 1884/1805/1754 1625/1546/1497
f 1626/1547/1498 1873/1794/1744 1882/1803/1753
f 1882/1803/1753 1625/1546/1497 1626/1547/1498
f 1873/1794/1744 1626/1547/1498 1628/1549/1500
f 1628/1549/1500 1641/1562/1513 1873/1794/1744
f 1879/1800/1750 1885/1806/1755 1884/1805/1754
f 1885/1806/1755 1879/1800/1750 1883/1804/1436
f 1621/1542/1493 1625/1546/1497 1884/1805/1754
f 1620/1541/1492 1884/1805/1754 1885/1806/1755
f 1884/1805/1754 1620/1541/1492 1621/1542/1493
f 1885/1806/1755 1886/1807/1756 1620/1541/1492
f 1883/1804/1436 1887/1808/1757 1885/1806/1755
f 1886/1807/1756 1885/1806/1755 1887/1808/1757
f 1887/1808/1757 1883/1804/1436 1888/1809/1758
f 1883/1804/1436 1880/1801/1751 1888/1809/1758
f 1889/1810/1759 1887/1808/1757 1888/1809/1758
f 1880/1801/1751 1889/1810/1759 1888/1809/1758
f 1887/1808/1757 1889/1810/1759 1890/1811/1760
f 1890/1811/1760 1886/1807/1756 1887/1808/1757
f 1889/1810/1759 1880/1801/1751 1891/1812/1761
f 1892/1813/1762 1890/1811/1760 1889/1810/1759
f 1891/1812/1761 1892/1813/1762 1889/1810/1759
f 1893/1814/1763 1891/1812/1761 1880/1801/1751
f 1880/1801/1751 1769/1690/1640 1893/1814/1763
f 1769/1690/1640 1768/1689/1639 1893/1814/1763
f 1768/1689/1639 1894/1815/1764 1893/1814/1763
f 1891/1812/1761 1893/1814/1763 1894/1815/1764
f 1894/1815/1764 1768/1689/1639 1773/1694/1644
f 1894/1815/1764 1895/1816/1765 1891/1812/1761
f 1892/1813/1762 1891/1812/1761 1895/1816/1765
f 1773/1694/1644 1896/1817/1766 1894/1815/1764
f 1895/1816/1765 1894/1815/1764 1896/1817/1766
f 1897/1818/1767 1892/1813/1762 1895/1816/1765
f 1896/1817/1766 1897/1818/1767 1895/1816/1765
f 1896/1817/1766 1773/1694/1644 1898/1819/1768
f 1773/1694/1644 1772/1693/1643 1898/1819/1768
f 1898/1819/1768 1899/1820/1769 1896/1817/1766
f 1897/1818/1767 1896/1817/1766 1899/1820/1769
f 1772/1693/1643 1900/1821/1770 1898/1819/1768
f 1899/1820/1769 1898/1819/1768 1900/1821/1770
f 1900/1821/1770 1772/1693/1643 1776/1697/1647
f 1901/1822/1771 1897/1818/1767 1899/1820/1769
f 1900/1821/1770 1901/1822/1771 1899/1820/1769
f 1776/1697/1647 1902/1823/1772 1900/1821/1770
f 1901/1822/1771 1900/1821/1770 1902/1823/1772
f 1902/1823/1772 1776/1697/1647 1779/1700/1650
f 1902/1823/1772 1903/1824/1773 1901/1822/1771
f 1779/1700/1650 1904/1825/1774 1902/1823/1772
f 1903/1824/1773 1902/1823/1772 1904/1825/1774
f 1904/1825/1774 1779/1700/1650 1782/1703/1653
f 1782/1703/1653 1905/1826/1775 1904/1825/1774
f 1905/1826/1775 1903/1824/1773 1904/1825/1774
f 1905/1826/1775 1782/1703/1653 1785/1706/1656
f 1903/1824/1773 1906/1827/1776 1901/1822/1771
f 1897/1818/1767 1901/1822/1771 1906/1827/1776
f 1903/1824/1773 1905/1826/1775 1907/1828/1777
f 1785/1706/1656 1908/1829/1778 1905/1826/1775
f 1908/1829/1778 1907/1828/1777 1905/1826/1775
f 1908/1829/1778 1785/1706/1656 1788/1709/1659
f 1907/1828/1777 1909/1830/1779 1903/1824/1773
f 1906/1827/1776 1903/1824/1773 1909/1830/1779
f 1907/1828/1777 1908/1829/1778 1910/1831/1780
f 1788/1709/1659 1911/1832/1781 1908/1829/1778
f 1911/1832/1781 1910/1831/1780 1908/1829/1778
f 1911/1832/1781 1788/1709/1659 1789/1710/1660
f 1910/1831/1780 1912/1833/1782 1907/1828/1777
f 1909/1830/1779 1907/1828/1777 1912/1833/1782
f 1910/1831/1780 1911/1832/1781 1913/1834/1783
f 1789/1710/1660 1914/1835/1784 1911/1832/1781
f 1914/1835/1784 1913/1834/1783 1911/1832/1781
f 1914/1835/1784 1789/1710/1660 1792/1713/1663
f 1792/1713/1663 1803/1724/1674 1914/1835/1784
f 1913/1834/1783 1914/1835/1784 1915/1836/1785
f 1803/1724/1674 1915/1836/1785 1914/1835/1784
f 1913/1834/1783 1916/1837/1786 1910/1831/1780
f 1912/1833/1782 1910/1831/1780 1916/1837/1786
f 1915/1836/1785 1917/1838/1787 1913/1834/1783
f 1916/1837/1786 1913/1834/1783 1917/1838/1787
f 1915/1836/1785 1803/1724/1674 1918/1839/1788
f 1802/1723/1673 1918/1839/1788 1803/1724/1674
f 1917/1838/1787 1915/1836/1785 1919/1840/1789
f 1918/1839/1788 1919/1840/1789 1915/1836/1785
f 1918/1839/1788 1802/1723/1673 1920/1841/1790
f 1807/1728/1678 1920/1841/1790 1802/1723/1673
f 1919/1840/1789 1918/1839/1788 1921/1842/1791
f 1920/1841/1790 1921/1842/1791 1918/1839/1788
f 1581/1502/1453 1917/1838/1787 1919/1840/1789
f 1921/1842/1791 1581/1502/1453 1919/1840/1789
f 1585/1506/1457 1916/1837/1786 1917/1838/1787
f 1917/1838/1787 1581/1502/1453 1585/1506/1457
f 1920/1841/1790 1807/1728/1678 1922/1843/1792
f 1811/1732/1682 1922/1843/1792 1807/1728/1678
f 1921/1842/1791 1920/1841/1790 1923/1844/1793
f 1922/1843/1792 1923/1844/1793 1920/1841/1790
f 1581/1502/1453 1921/1842/1791 1577/1498/1449
f 1923/1844/1793 1577/1498/1449 1921/1842/1791
f 1922/1843/1792 1811/1732/1682 1924/1845/1794
f 821/742/703 1924/1845/1794 1811/1732/1682
f 1923/1844/1793 1922/1843/1792 1925/1846/1795
f 1924/1845/1794 1925/1846/1795 1922/1843/1792
f 1577/1498/1449 1923/1844/1793 1573/1494/1445
f 1925/1846/1795 1573/1494/1445 1923/1844/1793
f 1924/1845/1794 821/742/703 1926/1847/1796
f 820/741/702 1926/1847/1796 821/742/703
f 1925/1846/1795 1924/1845/1794 1927/1848/1797
f 1926/1847/1796 1927/1848/1797 1924/1845/1794
f 1573/1494/1445 1925/1846/1795 1569/1490/1441
f 1927/1848/1797 1569/1490/1441 1925/1846/1795
f 1926/1847/1796 820/741/702 1928/1849/1798
f 822/743/704 1928/1849/1798 820/741/702
f 1927/1848/1797 1926/1847/1796 1929/1850/1799
f 1928/1849/1798 1929/1850/1799 1926/1847/1796
f 1569/1490/1441 1927/1848/1797 1564/1485/1436
f 1929/1850/1799 1564/1485/1436 1927/1848/1797
f 1928/1849/1798 822/743/704 1930/1851/1800
f 826/747/708 1930/1851/1800 822/743/704
f 1929/1850/1799 1928/1849/1798 1931/1852/1801
f 1930/1851/1800 1931/1852/1801 1928/1849/1798
f 1564/1485/1436 1929/1850/1799 1561/1482/1433
f 1931/1852/1801 1561/1482/1433 1929/1850/1799
f 1930/1851/1800 826/747/708 1932/1853/1802
f 830/751/712 1932/1853/1802 826/747/708
f 1931/1852/1801 1930/1851/1800 1933/1854/1803
f 1932/1853/1802 1933/1854/1803 1930/1851/1800
f 1561/1482/1433 1931/1852/1801 1554/1475/1427
f 1933/1854/1803 1554/1475/1427 1931/1852/1801
f 1932/1853/1802 830/751/712 1534/1455/1407
f 834/755/716 1534/1455/1407 830/751/712
f 1933/1854/1803 1932/1853/1802 1536/1457/1409
f 1534/1455/1407 1536/1457/1409 1932/1853/1802
f 1554/1475/1427 1933/1854/1803 1538/1459/1411
f 1536/1457/1409 1538/1459/1411 1933/1854/1803
f 1585/1506/1457 1591/1512/1463 1934/1855/1804
f 1916/1837/1786 1585/1506/1457 1934/1855/1804
f 1934/1855/1804 1912/1833/1782 1916/1837/1786
f 1935/1856/1805 1934/1855/1804 1591/1512/1463
f 1912/1833/1782 1934/1855/1804 1936/1857/1806
f 1934/1855/1804 1935/1856/1805 1936/1857/1806
f 1936/1857/1806 1909/1830/1779 1912/1833/1782
f 1909/1830/1779 1936/1857/1806 1937/1858/1807
f 1936/1857/1806 1938/1859/1808 1937/1858/1807
f 1938/1859/1808 1936/1857/1806 1935/1856/1805
f 1939/1860/1809 1909/1830/1779 1937/1858/1807
f 1938/1859/1808 1939/1860/1809 1937/1858/1807
f 1909/1830/1779 1939/1860/1809 1906/1827/1776
f 1940/1861/1810 1935/1856/1805 1591/1512/1463
f 1591/1512/1463 1590/1511/1462 1940/1861/1810
f 1935/1856/1805 1941/1862/1811 1938/1859/1808
f 1942/1863/1812 1906/1827/1776 1939/1860/1809
f 1906/1827/1776 1942/1863/1812 1897/1818/1767
f 1892/1813/1762 1897/1818/1767 1942/1863/1812
f 1942/1863/1812 1943/1864/1813 1892/1813/1762
f 1890/1811/1760 1892/1813/1762 1943/1864/1813
f 1939/1860/1809 1944/1865/1814 1942/1863/1812
f 1943/1864/1813 1942/1863/1812 1944/1865/1814
f 1944/1865/1814 1939/1860/1809 1945/1866/1815
f 1939/1860/1809 1938/1859/1808 1945/1866/1815
f 1946/1867/1816 1943/1864/1813 1944/1865/1814
f 1945/1866/1815 1946/1867/1816 1944/1865/1814
f 1938/1859/1808 1947/1868/1817 1945/1866/1815
f 1946/1867/1816 1945/1866/1815 1947/1868/1817
f 1947/1868/1817 1938/1859/1808 1941/1862/1811
f 1943/1864/1813 1948/1869/1818 1890/1811/1760
f 1886/1807/1756 1890/1811/1760 1948/1869/1818
f 1943/1864/1813 1946/1867/1816 1949/1870/1819
f 1948/1869/1818 1943/1864/1813 1949/1870/1819
f 1950/1871/1820 1947/1868/1817 1941/1862/1811
f 1951/1872/1821 1946/1867/1816 1947/1868/1817
f 1947/1868/1817 1950/1871/1820 1951/1872/1821
f 1952/1873/1822 1949/1870/1819 1946/1867/1816
f 1946/1867/1816 1951/1872/1821 1952/1873/1822
f 1953/1874/1823 1948/1869/1818 1949/1870/1819
f 1949/1870/1819 1952/1873/1822 1953/1874/1823
f 1948/1869/1818 1953/1874/1823 1954/1875/1824
f 1954/1875/1824 1886/1807/1756 1948/1869/1818
f 1886/1807/1756 1954/1875/1824 1607/1528/1479
f 1607/1528/1479 1620/1541/1492 1886/1807/1756
f 1598/1519/1470 1954/1875/1824 1953/1874/1823
f 1955/1876/1825 1953/1874/1823 1952/1873/1822
f 1953/1874/1823 1955/1876/1825 1598/1519/1470
f 1952/1873/1822 1956/1877/1826 1955/1876/1825
f 1956/1877/1826 1952/1873/1822 1951/1872/1821
f 1954/1875/1824 1598/1519/1470 1600/1521/1472
f 1600/1521/1472 1607/1528/1479 1954/1875/1824
f 1951/1872/1821 1596/1517/1468 1956/1877/1826
f 1596/1517/1468 1951/1872/1821 1950/1871/1820
f 1956/1877/1826 1594/1515/1466 1955/1876/1825
f 1596/1517/1468 1592/1513/1464 1956/1877/1826
f 1956/1877/1826 1592/1513/1464 1594/1515/1466
f 1955/1876/1825 1594/1515/1466 1595/1516/1467
f 1955/1876/1825 1595/1516/1467 1598/1519/1470
f 1268/1189/1146 1267/1188/1145 1957/1878/1827
f 1958/1879/1828 1269/1190/1147 1268/1189/1146
f 1957/1878/1827 1958/1879/1828 1268/1189/1146
f 1260/1181/1138 1269/1190/1147 1959/1880/1829
f 1959/1880/1829 1261/1182/1139 1260/1181/1138
f 1960/1881/1830 1959/1880/1829 1269/1190/1147
f 1269/1190/1147 1958/1879/1828 1960/1881/1830
f 1261/1182/1139 1959/1880/1829 1961/1882/1831
f 1959/1880/1829 1960/1881/1830 1962/1883/1832
f 1962/1883/1832 1961/1882/1831 1959/1880/1829
f 1961/1882/1831 1963/1884/1833 1261/1182/1139
f 1258/1179/1136 1261/1182/1139 1963/1884/1833
f 1961/1882/1831 1962/1883/1832 1964/1885/1834
f 1963/1884/1833 1965/1886/1835 1258/1179/1136
f 1965/1886/1835 1257/1178/1135 1258/1179/1136
f 1963/1884/1833 1961/1882/1831 1966/1887/1836
f 1964/1885/1834 1966/1887/1836 1961/1882/1831
f 1967/1888/1837 1965/1886/1835 1963/1884/1833
f 1966/1887/1836 1967/1888/1837 1963/1884/1833
f 1965/1886/1835 1830/1751/1701 1257/1178/1135
f 1830/1751/1701 1254/1175/1132 1257/1178/1135
f 1967/1888/1837 1835/1756/1706 1965/1886/1835
f 1835/1756/1706 1830/1751/1701 1965/1886/1835
f 1967/1888/1837 1966/1887/1836 1968/1889/1838
f 1966/1887/1836 1964/1885/1834 1969/1890/1839
f 1969/1890/1839 1968/1889/1838 1966/1887/1836
f 1968/1889/1838 1970/1891/1840 1967/1888/1837
f 1970/1891/1840 1835/1756/1706 1967/1888/1837
f 1968/1889/1838 1969/1890/1839 1971/1892/1841
f 1970/1891/1840 1968/1889/1838 1972/1893/1842
f 1971/1892/1841 1972/1893/1842 1968/1889/1838
f 1846/1767/1717 1970/1891/1840 1972/1893/1842
f 1972/1893/1842 1971/1892/1841 1848/1769/1719
f 1848/1769/1719 1846/1767/1717 1972/1893/1842
f 1838/1759/1709 1835/1756/1706 1970/1891/1840
f 1970/1891/1840 1846/1767/1717 1838/1759/1709
f 1851/1772/1722 1848/1769/1719 1971/1892/1841
f 1973/1894/1843 1971/1892/1841 1969/1890/1839
f 1971/1892/1841 1973/1894/1843 1851/1772/1722
f 1969/1890/1839 1974/1895/1844 1973/1894/1843
f 1974/1895/1844 1969/1890/1839 1964/1885/1834
f 1964/1885/1834 1975/1896/1845 1974/1895/1844
f 1975/1896/1845 1964/1885/1834 1962/1883/1832
f 1962/1883/1832 1976/1897/1846 1975/1896/1845
f 1221/1142/1099 1974/1895/1844 1975/1896/1845
f 1976/1897/1846 1221/1142/1099 1975/1896/1845
f 1976/1897/1846 1962/1883/1832 1960/1881/1830
f 1861/1782/1732 1973/1894/1843 1974/1895/1844
f 1974/1895/1844 1221/1142/1099 1861/1782/1732
f 1973/1894/1843 1861/1782/1732 1855/1776/1726
f 1855/1776/1726 1851/1772/1722 1973/1894/1843
f 1960/1881/1830 1977/1898/1847 1976/1897/1846
f 1977/1898/1847 1960/1881/1830 1958/1879/1828
f 1221/1142/1099 1976/1897/1846 1218/1139/1096
f 1978/1899/1848 1976/1897/1846 1977/1898/1847
f 1976/1897/1846 1978/1899/1848 1218/1139/1096
f 1977/1898/1847 1208/1129/1086 1978/1899/1848
f 1209/1130/1087 1218/1139/1096 1978/1899/1848
f 1208/1129/1086 1209/1130/1087 1978/1899/1848
f 1958/1879/1828 1979/1900/1849 1977/1898/1847
f 1208/1129/1086 1977/1898/1847 1979/1900/1849
f 1979/1900/1849 1958/1879/1828 1980/1901/1850
f 1958/1879/1828 1957/1878/1827 1980/1901/1850
f 1979/1900/1849 1202/1123/1080 1208/1129/1086
f 1980/1901/1850 1981/1902/1851 1979/1900/1849
f 1202/1123/1080 1979/1900/1849 1981/1902/1851
f 1957/1878/1827 1982/1903/1852 1980/1901/1850
f 1981/1902/1851 1980/1901/1850 1982/1903/1852
f 1198/1119/1076 1202/1123/1080 1981/1902/1851
f 1982/1903/1852 1198/1119/1076 1981/1902/1851
f 1204/1125/1082 1208/1129/1086 1202/1123/1080
f 1982/1903/1852 1957/1878/1827 1983/1904/1853
f 1957/1878/1827 1984/1905/1854 1983/1904/1853
f 1984/1905/1854 1957/1878/1827 1267/1188/1145
f 1983/1904/1853 1985/1906/1855 1982/1903/1852
f 1198/1119/1076 1982/1903/1852 1985/1906/1855
f 1267/1188/1145 1266/1187/1144 1984/1905/1854
f 1984/1905/1854 1986/1907/1856 1983/1904/1853
f 1985/1906/1855 1983/1904/1853 1986/1907/1856
f 1984/1905/1854 1266/1187/1144 1987/1908/1857
f 1986/1907/1856 1984/1905/1854 1987/1908/1857
f 1987/1908/1857 1266/1187/1144 1988/1909/1858
f 1989/1910/1859 1986/1907/1856 1987/1908/1857
f 1988/1909/1858 1989/1910/1859 1987/1908/1857
f 1990/1911/1860 1985/1906/1855 1986/1907/1856
f 1986/1907/1856 1989/1910/1859 1990/1911/1860
f 1985/1906/1855 1990/1911/1860 1195/1116/1073
f 1195/1116/1073 1198/1119/1076 1985/1906/1855
f 1191/1112/1069 1195/1116/1073 1990/1911/1860
f 1991/1912/1861 1990/1911/1860 1989/1910/1859
f 1990/1911/1860 1991/1912/1861 1191/1112/1069
f 1989/1910/1859 1988/1909/1858 1992/1913/1862
f 1989/1910/1859 1993/1914/1863 1991/1912/1861
f 1993/1914/1863 1989/1910/1859 1992/1913/1862
f 1988/1909/1858 1994/1915/1864 1992/1913/1862
f 1994/1915/1864 1993/1914/1863 1992/1913/1862
f 1266/1187/1144 1995/1916/1865 1988/1909/1858
f 1266/1187/1144 1232/1153/1110 1995/1916/1865
f 1232/1153/1110 1230/1151/1108 1995/1916/1865
f 1988/1909/1858 1995/1916/1865 1996/1917/1866
f 1230/1151/1108 1996/1917/1866 1995/1916/1865
f 1994/1915/1864 1988/1909/1858 1996/1917/1866
f 1230/1151/1108 1997/1918/1867 1996/1917/1866
f 1997/1918/1867 1994/1915/1864 1996/1917/1866
f 1998/1919/1868 1997/1918/1867 1230/1151/1108
f 1230/1151/1108 1229/1150/1107 1998/1919/1868
f 1997/1918/1867 1999/1920/1869 1994/1915/1864
f 2000/1921/1870 1998/1919/1868 1229/1150/1107
f 1229/1150/1107 1240/1161/1118 2000/1921/1870
f 1997/1918/1867 1998/1919/1868 2001/1922/1871
f 2001/1922/1871 1999/1920/1869 1997/1918/1867
f 1998/1919/1868 2000/1921/1870 2002/1923/1872
f 2002/1923/1872 2001/1922/1871 1998/1919/1868
f 2003/1924/1873 2000/1921/1870 1240/1161/1118
f 2003/1924/1873 2002/1923/1872 2000/1921/1870
f 1999/1920/1869 2001/1922/1871 2004/1925/1874
f 2001/1922/1871 2002/1923/1872 2005/1926/1875
f 2005/1926/1875 2004/1925/1874 2001/1922/1871
f 2004/1925/1874 2006/1927/1876 1999/1920/1869
f 2006/1927/1876 1994/1915/1864 1999/1920/1869
f 2004/1925/1874 2005/1926/1875 2007/1928/1877
f 1994/1915/1864 2006/1927/1876 2008/1929/1878
f 1994/1915/1864 2008/1929/1878 1993/1914/1863
f 2006/1927/1876 2004/1925/1874 2009/1930/1879
f 2007/1928/1877 2009/1930/1879 2004/1925/1874
f 2010/1931/1880 2008/1929/1878 2006/1927/1876
f 2009/1930/1879 2010/1931/1880 2006/1927/1876
f 2008/1929/1878 2011/1932/1881 1993/1914/1863
f 2011/1932/1881 1991/1912/1861 1993/1914/1863
f 2008/1929/1878 2010/1931/1880 2012/1933/1882
f 2008/1929/1878 2012/1933/1882 2011/1932/1881
f 1991/1912/1861 2011/1932/1881 1188/1109/1066
f 2013/1934/1883 2012/1933/1882 2010/1931/1880
f 1188/1109/1066 1191/1112/1069 1991/1912/1861
f 2014/1935/1884 2011/1932/1881 2012/1933/1882
f 2012/1933/1882 2013/1934/1883 2014/1935/1884
f 1189/1110/1067 1188/1109/1066 2011/1932/1881
f 2011/1932/1881 2014/1935/1884 1189/1110/1067
f 1191/1112/1069 1188/1109/1066 1186/1107/1064
f 2015/1936/1885 2013/1934/1883 2010/1931/1880
f 2010/1931/1880 2009/1930/1879 2016/1937/1886
f 2016/1937/1886 2015/1936/1885 2010/1931/1880
f 2017/1938/1887 2016/1937/1886 2009/1930/1879
f 2009/1930/1879 2007/1928/1877 2017/1938/1887
f 2016/1937/1886 2017/1938/1887 2018/1939/1888
f 2018/1939/1888 2015/1936/1885 2016/1937/1886
f 2019/1940/1889 2017/1938/1887 2007/1928/1877
f 2020/1941/1890 2018/1939/1888 2017/1938/1887
f 2017/1938/1887 2019/1940/1889 2020/1941/1890
f 2007/1928/1877 2021/1942/1891 2019/1940/1889
f 2021/1942/1891 2007/1928/1877 2005/1926/1875
f 2005/1926/1875 2022/1943/1892 2021/1942/1891
f 2022/1943/1892 2005/1926/1875 2002/1923/1872
f 2002/1923/1872 2003/1924/1873 2022/1943/1892
f 2023/1944/1893 2021/1942/1891 2022/1943/1892
f 2024/1945/1894 2019/1940/1889 2021/1942/1891
f 2023/1944/1893 2024/1945/1894 2021/1942/1891
f 2024/1945/1894 2025/1946/1895 2019/1940/1889
f 2025/1946/1895 2020/1941/1890 2019/1940/1889
f 2026/1947/1896 2022/1943/1892 2003/1924/1873
f 2026/1947/1896 2023/1944/1893 2022/1943/1892
f 2027/1948/1897 2026/1947/1896 2003/1924/1873
f 2028/1949/1898 2024/1945/1894 2023/1944/1893
f 2029/1950/1899 2023/1944/1893 2026/1947/1896
f 2029/1950/1899 2028/1949/1898 2023/1944/1893
f 2030/1951/1900 2029/1950/1899 2026/1947/1896
f 2030/1951/1900 2026/1947/1896 2027/1948/1897
f 2027/1948/1897 2003/1924/1873 2031/1952/1901
f 2031/1952/1901 2003/1924/1873 1240/1161/1118
f 2028/1949/1898 2032/1953/1902 2024/1945/1894
f 2032/1953/1902 2025/1946/1895 2024/1945/1894
f 1240/1161/1118 2033/1954/1903 2031/1952/1901
f 2033/1954/1903 1240/1161/1118 1241/1162/1119
f 2034/1955/1904 2027/1948/1897 2031/1952/1901
f 2034/1955/1904 2031/1952/1901 2033/1954/1903
f 1241/1162/1119 1246/1167/1124 2033/1954/1903
f 2035/1956/1905 2027/1948/1897 2034/1955/1904
f 2035/1956/1905 2030/1951/1900 2027/1948/1897
f 2036/1957/1906 2034/1955/1904 2033/1954/1903
f 2036/1957/1906 2033/1954/1903 1246/1167/1124
f 2037/1958/1907 2035/1956/1905 2034/1955/1904
f 2037/1958/1907 2034/1955/1904 2036/1957/1906
f 2038/1959/1908 2030/1951/1900 2035/1956/1905
f 2039/1960/1909 2035/1956/1905 2037/1958/1907
f 2039/1960/1909 2038/1959/1908 2035/1956/1905
f 2040/1961/1910 2037/1958/1907 2036/1957/1906
f 2041/1962/1911 2039/1960/1909 2037/1958/1907
f 2041/1962/1911 2037/1958/1907 2040/1961/1910
f 2038/1959/1908 2042/1963/1912 2030/1951/1900
f 2042/1963/1912 2029/1950/1899 2030/1951/1900
f 2043/1964/1913 2038/1959/1908 2039/1960/1909
f 2042/1963/1912 2044/1965/1914 2029/1950/1899
f 2044/1965/1914 2028/1949/1898 2029/1950/1899
f 2045/1966/1915 2042/1963/1912 2038/1959/1908
f 2043/1964/1913 2045/1966/1915 2038/1959/1908
f 2046/1967/1916 2044/1965/1914 2042/1963/1912
f 2045/1966/1915 2046/1967/1916 2042/1963/1912
f 2044/1965/1914 2047/1968/1917 2028/1949/1898
f 2047/1968/1917 2032/1953/1902 2028/1949/1898
f 2046/1967/1916 2048/1969/1918 2044/1965/1914
f 2048/1969/1918 2047/1968/1917 2044/1965/1914
f 2049/1970/1919 2046/1967/1916 2045/1966/1915
f 2050/1971/1920 2045/1966/1915 2043/1964/1913
f 2050/1971/1920 2049/1970/1919 2045/1966/1915
f 2049/1970/1919 2051/1972/1921 2046/1967/1916
f 2051/1972/1921 2048/1969/1918 2046/1967/1916
f 2050/1971/1920 2052/1973/1922 2049/1970/1919
f 2049/1970/1919 2052/1973/1922 2051/1972/1921
f 2053/1974/1923 2050/1971/1920 2043/1964/1913
f 2052/1973/1922 2050/1971/1920 2054/1975/1924
f 2053/1974/1923 2054/1975/1924 2050/1971/1920
f 2054/1975/1924 2055/1976/1925 2052/1973/1922
f 2051/1972/1921 2052/1973/1922 2056/1977/1926
f 2052/1973/1922 2055/1976/1925 2056/1977/1926
f 2051/1972/1921 2057/1978/1927 2048/1969/1918
f 2051/1972/1921 2056/1977/1926 2057/1978/1927
f 2058/1979/1928 2048/1969/1918 2057/1978/1927
f 2057/1978/1927 2056/1977/1926 2059/1980/1929
f 2048/1969/1918 2058/1979/1928 2060/1981/1930
f 2048/1969/1918 2060/1981/1930 2047/1968/1917
f 2057/1978/1927 2061/1982/1931 2058/1979/1928
f 2061/1982/1931 2057/1978/1927 2059/1980/1929
f 2056/1977/1926 2062/1983/1932 2059/1980/1929
f 2056/1977/1926 2055/1976/1925 2062/1983/1932
f 2059/1980/1929 2063/1984/1933 2061/1982/1931
f 2064/1985/1934 2058/1979/1928 2061/1982/1931
f 2061/1982/1931 2063/1984/1933 2064/1985/1934
f 2059/1980/1929 2062/1983/1932 2065/1986/1935
f 2063/1984/1933 2059/1980/1929 2065/1986/1935
f 2066/1987/1936 2067/1988/1937 2068/1989/1938
f 2069/1990/1939 1426/1347/1299 2067/1988/1937
f 2066/1987/1936 2069/1990/1939 2067/1988/1937
f 2069/1990/1939 1427/1348/1300 1426/1347/1299
f 2070/1991/1940 2066/1987/1936 2068/1989/1938
f 2070/1991/1940 2068/1989/1938 2071/1992/1941
f 2072/1993/1942 2069/1990/1939 2066/1987/1936
f 2073/1994/1943 1427/1348/1300 2069/1990/1939
f 2072/1993/1942 2073/1994/1943 2069/1990/1939
f 2073/1994/1943 1429/1350/1302 1427/1348/1300
f 2074/1995/1944 2072/1993/1942 2066/1987/1936
f 2074/1995/1944 2066/1987/1936 2070/1991/1940
f 2075/1996/1945 2073/1994/1943 2072/1993/1942
f 2076/1997/1946 1429/1350/1302 2073/1994/1943
f 2075/1996/1945 2076/1997/1946 2073/1994/1943
f 2076/1997/1946 1431/1352/1304 1429/1350/1302
f 2077/1998/1947 2075/1996/1945 2072/1993/1942
f 2077/1998/1947 2072/1993/1942 2074/1995/1944
f 2078/1999/1948 2076/1997/1946 2075/1996/1945
f 2079/2000/1949 2075/1996/1945 2077/1998/1947
f 2079/2000/1949 2078/1999/1948 2075/1996/1945
f 2080/2001/1950 1431/1352/1304 2076/1997/1946
f 2078/1999/1948 2080/2001/1950 2076/1997/1946
f 2080/2001/1950 2081/2002/1951 1431/1352/1304
f 2081/2002/1951 1432/1353/1305 1431/1352/1304
f 1432/1353/1305 2081/2002/1951 1562/1483/1434
f 2082/2003/1952 2081/2002/1951 2080/2001/1950
f 2083/2004/1953 2080/2001/1950 2078/1999/1948
f 2083/2004/1953 2082/2003/1952 2080/2001/1950
f 2084/2005/1954 2078/1999/1948 2079/2000/1949
f 2084/2005/1954 2083/2004/1953 2078/1999/1948
f 2085/2006/1955 1562/1483/1434 2081/2002/1951
f 2082/2003/1952 2085/2006/1955 2081/2002/1951
f 1562/1483/1434 2085/2006/1955 2086/2007/1956
f 2086/2007/1956 1558/1479/1430 1562/1483/1434
f 2087/2008/1957 2085/2006/1955 2082/2003/1952
f 2088/2009/1958 2082/2003/1952 2083/2004/1953
f 2088/2009/1958 2087/2008/1957 2082/2003/1952
f 2089/2010/1959 2083/2004/1953 2084/2005/1954
f 2089/2010/1959 2088/2009/1958 2083/2004/1953
f 2087/2008/1957 2090/2011/1960 2085/2006/1955
f 2090/2011/1960 2086/2007/1956 2085/2006/1955
f 1558/1479/1430 2086/2007/1956 2091/2012/1961
f 1557/1478/1429 1558/1479/1430 2091/2012/1961
f 2086/2007/1956 2090/2011/1960 2092/2013/1962
f 2091/2012/1961 2093/2014/1963 1557/1478/1429
f 1556/1477/1428 1557/1478/1429 2093/2014/1963
f 2093/2014/1963 1566/1487/1438 1556/1477/1428
f 2091/2012/1961 2086/2007/1956 2094/2015/1964
f 2093/2014/1963 2091/2012/1961 2094/2015/1964
f 2094/2015/1964 2086/2007/1956 2092/2013/1962
f 1566/1487/1438 2093/2014/1963 2095/2016/1965
f 2094/2015/1964 2095/2016/1965 2093/2014/1963
f 2095/2016/1965 1570/1491/1442 1566/1487/1438
f 2094/2015/1964 2092/2013/1962 2096/2017/1966
f 2095/2016/1965 2094/2015/1964 2096/2017/1966
f 1570/1491/1442 2095/2016/1965 2097/2018/1967
f 2096/2017/1966 2097/2018/1967 2095/2016/1965
f 2097/2018/1967 1574/1495/1446 1570/1491/1442
f 1574/1495/1446 2097/2018/1967 2098/2019/1968
f 2098/2019/1968 1578/1499/1450 1574/1495/1446
f 2097/2018/1967 2096/2017/1966 2099/2020/1969
f 2097/2018/1967 2099/2020/1969 2098/2019/1968
f 2096/2017/1966 2092/2013/1962 2100/2021/1970
f 2096/2017/1966 2100/2021/1970 2099/2020/1969
f 2092/2013/1962 2101/2022/1971 2100/2021/1970
f 2101/2022/1971 2092/2013/1962 2090/2011/1960
f 1578/1499/1450 2098/2019/1968 2102/2023/1972
f 2102/2023/1972 1582/1503/1454 1578/1499/1450
f 2098/2019/1968 2099/2020/1969 2103/2024/1973
f 2098/2019/1968 2103/2024/1973 2102/2023/1972
f 2099/2020/1969 2100/2021/1970 2104/2025/1974
f 2099/2020/1969 2104/2025/1974 2103/2024/1973
f 2105/2026/1975 2100/2021/1970 2101/2022/1971
f 2100/2021/1970 2105/2026/1975 2104/2025/1974
f 1582/1503/1454 2102/2023/1972 2106/2027/1976
f 2106/2027/1976 1586/1507/1458 1582/1503/1454
f 1586/1507/1458 2106/2027/1976 2107/2028/1977
f 2102/2023/1972 2108/2029/1978 2106/2027/1976
f 2102/2023/1972 2103/2024/1973 2108/2029/1978
f 2106/2027/1976 2109/2030/1979 2107/2028/1977
f 2106/2027/1976 2108/2029/1978 2109/2030/1979
f 2107/2028/1977 2109/2030/1979 2110/2031/1980
f 2103/2024/1973 2111/2032/1981 2108/2029/1978
f 2103/2024/1973 2104/2025/1974 2111/2032/1981
f 2109/2030/1979 2112/2033/1982 2110/2031/1980
f 2113/2034/1983 2110/2031/1980 2112/2033/1982
f 2112/2033/1982 2114/2035/1984 2113/2034/1983
f 2112/2033/1982 2109/2030/1979 2115/2036/1985
f 2108/2029/1978 2115/2036/1985 2109/2030/1979
f 2114/2035/1984 2112/2033/1982 2116/2037/1986
f 2115/2036/1985 2116/2037/1986 2112/2033/1982
f 2115/2036/1985 2108/2029/1978 2117/2038/1987
f 2108/2029/1978 2111/2032/1981 2117/2038/1987
f 2116/2037/1986 2115/2036/1985 2118/2039/1988
f 2117/2038/1987 2118/2039/1988 2115/2036/1985
f 2119/2040/1989 2114/2035/1984 2116/2037/1986
f 2120/2041/1990 2114/2035/1984 2119/2040/1989
f 2121/2042/1991 2116/2037/1986 2118/2039/1988
f 2119/2040/1989 2116/2037/1986 2121/2042/1991
f 2118/2039/1988 2117/2038/1987 2122/2043/1992
f 2111/2032/1981 2122/2043/1992 2117/2038/1987
f 2121/2042/1991 2118/2039/1988 2123/2044/1993
f 2123/2044/1993 2118/2039/1988 2122/2043/1992
f 2122/2043/1992 2111/2032/1981 2124/2045/1994
f 2104/2025/1974 2124/2045/1994 2111/2032/1981
f 2124/2045/1994 2104/2025/1974 2105/2026/1975
f 2125/2046/1995 2122/2043/1992 2124/2045/1994
f 2123/2044/1993 2122/2043/1992 2125/2046/1995
f 2126/2047/1996 2124/2045/1994 2105/2026/1975
f 2125/2046/1995 2124/2045/1994 2126/2047/1996
f 2126/2047/1996 2105/2026/1975 2127/2048/1997
f 2127/2048/1997 2105/2026/1975 2101/2022/1971
f 2128/2049/1998 2125/2046/1995 2126/2047/1996
f 2129/2050/1999 2126/2047/1996 2127/2048/1997
f 2128/2049/1998 2126/2047/1996 2129/2050/1999
f 2127/2048/1997 2101/2022/1971 2130/2051/2000
f 2130/2051/2000 2101/2022/1971 2090/2011/1960
f 2130/2051/2000 2090/2011/1960 2087/2008/1957
f 2131/2052/2001 2127/2048/1997 2130/2051/2000
f 2129/2050/1999 2127/2048/1997 2131/2052/2001
f 2132/2053/2002 2130/2051/2000 2087/2008/1957
f 2131/2052/2001 2130/2051/2000 2132/2053/2002
f 2132/2053/2002 2087/2008/1957 2088/2009/1958
f 2133/2054/2003 2129/2050/1999 2131/2052/2001
f 2134/2055/2004 2129/2050/1999 2133/2054/2003
f 2134/2055/2004 2128/2049/1998 2129/2050/1999
f 2133/2054/2003 2131/2052/2001 2135/2056/2005
f 2135/2056/2005 2131/2052/2001 2132/2053/2002
f 2136/2057/2006 2128/2049/1998 2134/2055/2004
f 2135/2056/2005 2132/2053/2002 2137/2058/2007
f 2137/2058/2007 2132/2053/2002 2088/2009/1958
f 2138/2059/2008 2135/2056/2005 2137/2058/2007
f 2137/2058/2007 2088/2009/1958 2089/2010/1959
f 2138/2059/2008 2137/2058/2007 2139/2060/2009
f 2139/2060/2009 2137/2058/2007 2089/2010/1959
f 2140/2061/2010 2138/2059/2008 2139/2060/2009
f 2136/2057/2006 2141/2062/2011 2128/2049/1998
f 2141/2062/2011 2125/2046/1995 2128/2049/1998
f 2142/2063/2012 2141/2062/2011 2136/2057/2006
f 2141/2062/2011 2123/2044/1993 2125/2046/1995
f 2142/2063/2012 2143/2064/2013 2141/2062/2011
f 2143/2064/2013 2123/2044/1993 2141/2062/2011
f 2144/2065/2014 2143/2064/2013 2142/2063/2012
f 2143/2064/2013 2121/2042/1991 2123/2044/1993
f 2145/2066/2015 2121/2042/1991 2143/2064/2013
f 2144/2065/2014 2145/2066/2015 2143/2064/2013
f 2145/2066/2015 2119/2040/1989 2121/2042/1991
f 2146/2067/2016 2145/2066/2015 2144/2065/2014
f 2147/2068/2017 2146/2067/2016 2144/2065/2014
f 2148/2069/2018 2146/2067/2016 2147/2068/2017
f 2148/2069/2018 2149/2070/2019 2146/2067/2016
f 2146/2067/2016 2150/2071/2020 2145/2066/2015
f 2150/2071/2020 2119/2040/1989 2145/2066/2015
f 2149/2070/2019 2150/2071/2020 2146/2067/2016
f 2150/2071/2020 2120/2041/1990 2119/2040/1989
f 2149/2070/2019 2151/2072/2021 2150/2071/2020
f 2151/2072/2021 2120/2041/1990 2150/2071/2020
f 2152/2073/2022 2153/2074/2023 2154/2075/2024
f 2155/2076/2025 2156/2077/2026 2157/2078/2027
f 2158/2079/2028 2159/2080/2029 2156/2077/2026
f 2156/2077/2026 2155/2076/2025 2158/2079/2028
f 2160/2081/2030 2157/2078/2027 2154/2075/2024
f 2157/2078/2027 2160/2081/2030 2155/2076/2025
f 2161/2082/2031 2154/2075/2024 2153/2074/2023
f 2154/2075/2024 2161/2082/2031 2160/2081/2030
f 2159/2080/2029 2158/2079/2028 2162/2083/2032
f 2162/2083/2032 2163/2084/2033 2159/2080/2029
f 2164/2085/2034 2158/2079/2028 2155/2076/2025
f 2163/2084/2033 2162/2083/2032 2165/2086/2035
f 2165/2086/2035 2166/2087/2036 2163/2084/2033
f 2166/2087/2036 2165/2086/2035 2167/2088/1637
f 2168/2089/2037 2162/2083/2032 2158/2079/2028
f 2158/2079/2028 2164/2085/2034 2168/2089/2037
f 2169/2090/2038 2165/2086/2035 2162/2083/2032
f 2162/2083/2032 2168/2089/2037 2169/2090/2038
f 2170/2091/2039 2167/2088/1637 2165/2086/2035
f 2165/2086/2035 2169/2090/2038 2170/2091/2039
f 2167/2088/1637 2170/2091/2039 2171/2092/2040
f 2170/2091/2039 2172/2093/2041 2171/2092/2040
f 2170/2091/2039 2173/2094/2042 2172/2093/2041
f 2169/2090/2038 2173/2094/2042 2170/2091/2039
f 2173/2094/2042 2174/2095/2043 2172/2093/2041
f 2168/2089/2037 2175/2096/2044 2169/2090/2038
f 2175/2096/2044 2173/2094/2042 2169/2090/2038
f 2173/2094/2042 2176/2097/2045 2174/2095/2043
f 2175/2096/2044 2176/2097/2045 2173/2094/2042
f 2176/2097/2045 2177/2098/2046 2174/2095/2043
f 2175/2096/2044 2168/2089/2037 2178/2099/2047
f 2164/2085/2034 2178/2099/2047 2168/2089/2037
f 2179/2100/2048 2176/2097/2045 2175/2096/2044
f 2178/2099/2047 2179/2100/2048 2175/2096/2044
f 2176/2097/2045 2180/2101/2049 2177/2098/2046
f 2179/2100/2048 2180/2101/2049 2176/2097/2045
f 2180/2101/2049 2181/2102/2050 2177/2098/2046
f 2180/2101/2049 2182/2103/2051 2181/2102/2050
f 2182/2103/2051 2183/2104/2052 2181/2102/2050
f 2184/2105/2053 2180/2101/2049 2179/2100/2048
f 2184/2105/2053 2182/2103/2051 2180/2101/2049
f 2179/2100/2048 2178/2099/2047 2185/2106/2054
f 2185/2106/2054 2184/2105/2053 2179/2100/2048
f 2186/2107/2055 2185/2106/2054 2178/2099/2047
f 2178/2099/2047 2164/2085/2034 2186/2107/2055
f 2182/2103/2051 2187/2108/2056 2183/2104/2052
f 2187/2108/2056 2188/2109/2057 2183/2104/2052
f 2189/2110/2058 2182/2103/2051 2184/2105/2053
f 2189/2110/2058 2187/2108/2056 2182/2103/2051
f 2184/2105/2053 2185/2106/2054 2190/2111/2059
f 2190/2111/2059 2189/2110/2058 2184/2105/2053
f 2191/2112/2060 2190/2111/2059 2185/2106/2054
f 2185/2106/2054 2186/2107/2055 2191/2112/2060
f 2187/2108/2056 2192/2113/2061 2188/2109/2057
f 2192/2113/2061 2193/2114/2062 2188/2109/2057
f 2194/2115/2063 2187/2108/2056 2189/2110/2058
f 2194/2115/2063 2192/2113/2061 2187/2108/2056
f 2189/2110/2058 2190/2111/2059 2195/2116/2064
f 2195/2116/2064 2194/2115/2063 2189/2110/2058
f 2196/2117/2065 2195/2116/2064 2190/2111/2059
f 2190/2111/2059 2191/2112/2060 2196/2117/2065
f 2192/2113/2061 2197/2118/2066 2193/2114/2062
f 2197/2118/2066 2198/2119/2067 2193/2114/2062
f 2199/2120/2068 2192/2113/2061 2194/2115/2063
f 2199/2120/2068 2197/2118/2066 2192/2113/2061
f 2194/2115/2063 2195/2116/2064 2200/2121/2069
f 2200/2121/2069 2199/2120/2068 2194/2115/2063
f 2201/2122/2070 2200/2121/2069 2195/2116/2064
f 2195/2116/2064 2196/2117/2065 2201/2122/2070
f 2197/2118/2066 2202/2123/2071 2198/2119/2067
f 2202/2123/2071 2203/2124/2072 2198/2119/2067
f 2204/2125/2073 2197/2118/2066 2199/2120/2068
f 2204/2125/2073 2202/2123/2071 2197/2118/2066
f 2199/2120/2068 2200/2121/2069 2205/2126/2074
f 2205/2126/2074 2204/2125/2073 2199/2120/2068
f 2206/2127/2075 2205/2126/2074 2200/2121/2069
f 2200/2121/2069 2201/2122/2070 2206/2127/2075
f 2202/2123/2071 2207/2128/2076 2203/2124/2072
f 2207/2128/2076 2208/2129/2077 2203/2124/2072
f 2209/2130/2078 2202/2123/2071 2204/2125/2073
f 2209/2130/2078 2207/2128/2076 2202/2123/2071
f 2204/2125/2073 2205/2126/2074 2210/2131/2079
f 2210/2131/2079 2209/2130/2078 2204/2125/2073
f 2211/2132/2080 2210/2131/2079 2205/2126/2074
f 2205/2126/2074 2206/2127/2075 2211/2132/2080
f 2207/2128/2076 2212/2133/2081 2208/2129/2077
f 2212/2133/2081 2213/2134/2082 2208/2129/2077
f 2214/2135/2083 2207/2128/2076 2209/2130/2078
f 2214/2135/2083 2212/2133/2081 2207/2128/2076
f 2209/2130/2078 2210/2131/2079 2215/2136/2084
f 2215/2136/2084 2214/2135/2083 2209/2130/2078
f 2216/2137/2085 2215/2136/2084 2210/2131/2079
f 2210/2131/2079 2211/2132/2080 2216/2137/2085
f 2212/2133/2081 2217/2138/2086 2213/2134/2082
f 2217/2138/2086 2218/2139/692 2213/2134/2082
f 2219/2140/2087 2212/2133/2081 2214/2135/2083
f 2219/2140/2087 2217/2138/2086 2212/2133/2081
f 2214/2135/2083 2215/2136/2084 2220/2141/2088
f 2220/2141/2088 2219/2140/2087 2214/2135/2083
f 2221/2142/2089 2220/2141/2088 2215/2136/2084
f 2215/2136/2084 2216/2137/2085 2221/2142/2089
f 2217/2138/2086 2222/2143/2090 2218/2139/692
f 2222/2143/2090 2223/2144/2091 2218/2139/692
f 2224/2145/2092 2217/2138/2086 2219/2140/2087
f 2224/2145/2092 2222/2143/2090 2217/2138/2086
f 2219/2140/2087 2220/2141/2088 2225/2146/2093
f 2225/2146/2093 2224/2145/2092 2219/2140/2087
f 2226/2147/2094 2225/2146/2093 2220/2141/2088
f 2220/2141/2088 2221/2142/2089 2226/2147/2094
f 2222/2143/2090 2227/2148/2095 2223/2144/2091
f 2227/2148/2095 2228/2149/2096 2223/2144/2091
f 2229/2150/2097 2222/2143/2090 2224/2145/2092
f 2229/2150/2097 2227/2148/2095 2222/2143/2090
f 2224/2145/2092 2225/2146/2093 2230/2151/2098
f 2230/2151/2098 2229/2150/2097 2224/2145/2092
f 2231/2152/2099 2230/2151/2098 2225/2146/2093
f 2225/2146/2093 2226/2147/2094 2231/2152/2099
f 2227/2148/2095 2232/2153/2100 2228/2149/2096
f 2232/2153/2100 2233/2154/2101 2228/2149/2096
f 2234/2155/2102 2227/2148/2095 2229/2150/2097
f 2234/2155/2102 2232/2153/2100 2227/2148/2095
f 2229/2150/2097 2230/2151/2098 2235/2156/2103
f 2235/2156/2103 2234/2155/2102 2229/2150/2097
f 2236/2157/2104 2235/2156/2103 2230/2151/2098
f 2230/2151/2098 2231/2152/2099 2236/2157/2104
f 2232/2153/2100 2237/2158/2105 2233/2154/2101
f 2237/2158/2105 2238/2159/2106 2233/2154/2101
f 2239/2160/2107 2232/2153/2100 2234/2155/2102
f 2239/2160/2107 2237/2158/2105 2232/2153/2100
f 2234/2155/2102 2235/2156/2103 2240/2161/2108
f 2240/2161/2108 2239/2160/2107 2234/2155/2102
f 2241/2162/2109 2240/2161/2108 2235/2156/2103
f 2235/2156/2103 2236/2157/2104 2241/2162/2109
f 2237/2158/2105 2242/2163/2110 2238/2159/2106
f 2242/2163/2110 2243/2164/2111 2238/2159/2106
f 2244/2165/2112 2237/2158/2105 2239/2160/2107
f 2244/2165/2112 2242/2163/2110 2237/2158/2105
f 2239/2160/2107 2240/2161/2108 2245/2166/2113
f 2245/2166/2113 2244/2165/2112 2239/2160/2107
f 2246/2167/2114 2245/2166/2113 2240/2161/2108
f 2240/2161/2108 2241/2162/2109 2246/2167/2114
f 2242/2163/2110 2247/2168/2115 2243/2164/2111
f 2247/2168/2115 2248/2169/2116 2243/2164/2111
f 2249/2170/2117 2242/2163/2110 2244/2165/2112
f 2249/2170/2117 2247/2168/2115 2242/2163/2110
f 2244/2165/2112 2245/2166/2113 2250/2171/2118
f 2250/2171/2118 2249/2170/2117 2244/2165/2112
f 2251/2172/2119 2250/2171/2118 2245/2166/2113
f 2245/2166/2113 2246/2167/2114 2251/2172/2119
f 2247/2168/2115 2252/2173/2120 2248/2169/2116
f 2252/2173/2120 2253/2174/2121 2248/2169/2116
f 2254/2175/2122 2247/2168/2115 2249/2170/2117
f 2254/2175/2122 2252/2173/2120 2247/2168/2115
f 2249/2170/2117 2250/2171/2118 2255/2176/2123
f 2255/2176/2123 2254/2175/2122 2249/2170/2117
f 2256/2177/2124 2255/2176/2123 2250/2171/2118
f 2250/2171/2118 2251/2172/2119 2256/2177/2124
f 2257/2178/2125 2258/2179/2126 2259/2180/2127
f 2258/2179/2126 2260/2181/2128 2259/2180/2127
f 2260/2181/2128 2261/2182/2129 2259/2180/2127
f 2259/2180/2127 2262/2183/2130 2257/2178/2125
f 2262/2183/2130 2259/2180/2127 2261/2182/2129
f 2263/2184/2131 2257/2178/2125 2262/2183/2130
f 2257/2178/2125 2263/2184/2131 2264/2185/2132
f 2261/2182/2129 2265/2186/2133 2262/2183/2130
f 2265/2186/2133 2261/2182/2129 2266/2187/2134
f 2262/2183/2130 2267/2188/2135 2263/2184/2131
f 2267/2188/2135 2262/2183/2130 2265/2186/2133
f 2268/2189/2136 2264/2185/2132 2263/2184/2131
f 2269/2190/2137 2263/2184/2131 2267/2188/2135
f 2263/2184/2131 2269/2190/2137 2268/2189/2136
f 2266/2187/2134 2270/2191/2138 2265/2186/2133
f 2270/2191/2138 2266/2187/2134 2271/2192/2139
f 2265/2186/2133 2272/2193/2140 2267/2188/2135
f 2272/2193/2140 2265/2186/2133 2270/2191/2138
f 2267/2188/2135 2273/2194/2141 2269/2190/2137
f 2273/2194/2141 2267/2188/2135 2272/2193/2140
f 2269/2190/2137 2274/2195/2142 2268/2189/2136
f 2273/2194/2141 2275/2196/2143 2269/2190/2137
f 2274/2195/2142 2269/2190/2137 2275/2196/2143
f 2272/2193/2140 2153/2074/2023 2273/2194/2141
f 2264/2185/2132 2268/2189/2136 2276/2197/2144
f 2274/2195/2142 2276/2197/2144 2268/2189/2136
f 2277/2198/2145 2264/2185/2132 2276/2197/2144
f 2275/2196/2143 2273/2194/2141 2152/2073/2022
f 2153/2074/2023 2152/2073/2022 2273/2194/2141
f 2276/2197/2144 2278/2199/2146 2277/2198/2145
f 2279/2200/2147 2277/2198/2145 2278/2199/2146
f 2276/2197/2144 2274/2195/2142 2280/2201/2148
f 2278/2199/2146 2276/2197/2144 2280/2201/2148
f 2278/2199/2146 2281/2202/2149 2279/2200/2147
f 2281/2202/2149 2282/2203/2150 2279/2200/2147
f 2280/2201/2148 2283/2204/2151 2278/2199/2146
f 2281/2202/2149 2278/2199/2146 2283/2204/2151
f 2274/2195/2142 2284/2205/2152 2280/2201/2148
f 2283/2204/2151 2280/2201/2148 2284/2205/2152
f 2285/2206/2153 2281/2202/2149 2283/2204/2151
f 2284/2205/2152 2285/2206/2153 2283/2204/2151
f 2282/2203/2150 2281/2202/2149 2286/2207/2154
f 2286/2207/2154 2287/2208/2155 2282/2203/2150
f 2287/2208/2155 2286/2207/2154 2288/2209/2156
f 2289/2210/2157 2286/2207/2154 2281/2202/2149
f 2281/2202/2149 2285/2206/2153 2289/2210/2157
f 2290/2211/2158 2288/2209/2156 2286/2207/2154
f 2286/2207/2154 2289/2210/2157 2290/2211/2158
f 2288/2209/2156 2290/2211/2158 2291/2212/2159
f 2292/2213/2160 2288/2209/2156 2291/2212/2159
f 2293/2214/2161 2290/2211/2158 2289/2210/2157
f 2285/2206/2153 2293/2214/2161 2289/2210/2157
f 2294/2215/2162 2291/2212/2159 2290/2211/2158
f 2290/2211/2158 2293/2214/2161 2294/2215/2162
f 2291/2212/2159 2295/2216/2163 2292/2213/2160
f 2296/2217/2164 2292/2213/2160 2295/2216/2163
f 2291/2212/2159 2294/2215/2162 2297/2218/2165
f 2295/2216/2163 2291/2212/2159 2297/2218/2165
f 2295/2216/2163 2298/2219/2166 2296/2217/2164
f 2297/2218/2165 2299/2220/2167 2295/2216/2163
f 2298/2219/2166 2295/2216/2163 2299/2220/2167
f 1485/1406/1358 2296/2217/2164 2298/2219/2166
f 2299/2220/2167 2300/2221/2168 2298/2219/2166
f 2301/2222/1377 2298/2219/2166 2300/2221/2168
f 2298/2219/2166 2301/2222/1377 1485/1406/1358
f 2300/2221/2168 2299/2220/2167 2302/2223/2169
f 1484/1405/1357 1485/1406/1358 2301/2222/1377
f 2303/2224/2170 2302/2223/2169 2299/2220/2167
f 2299/2220/2167 2297/2218/2165 2303/2224/2170
f 2302/2223/2169 2303/2224/2170 2304/2225/2171
f 2297/2218/2165 2305/2226/2172 2303/2224/2170
f 2305/2226/2172 2304/2225/2171 2303/2224/2170
f 2294/2215/2162 2305/2226/2172 2297/2218/2165
f 2304/2225/2171 2305/2226/2172 2306/2227/2173
f 2294/2215/2162 2307/2228/2174 2305/2226/2172
f 2307/2228/2174 2306/2227/2173 2305/2226/2172
f 2293/2214/2161 2307/2228/2174 2294/2215/2162
f 2306/2227/2173 2307/2228/2174 2308/2229/2175
f 2309/2230/2176 2307/2228/2174 2293/2214/2161
f 2293/2214/2161 2285/2206/2153 2309/2230/2176
f 2310/2231/2177 2308/2229/2175 2307/2228/2174
f 2307/2228/2174 2309/2230/2176 2310/2231/2177
f 2308/2229/2175 2310/2231/2177 2311/2232/2178
f 2312/2233/2179 2309/2230/2176 2285/2206/2153
f 2285/2206/2153 2284/2205/2152 2312/2233/2179
f 2313/2234/2180 2310/2231/2177 2309/2230/2176
f 2309/2230/2176 2312/2233/2179 2313/2234/2180
f 2314/2235/2181 2311/2232/2178 2310/2231/2177
f 2310/2231/2177 2313/2234/2180 2314/2235/2181
f 2311/2232/2178 2314/2235/2181 2315/2236/2182
f 2316/2237/2183 2315/2236/2182 2314/2235/2181
f 2313/2234/2180 2316/2237/2183 2314/2235/2181
f 2315/2236/2182 2316/2237/2183 2317/2238/2184
f 2312/2233/2179 2318/2239/2185 2313/2234/2180
f 2318/2239/2185 2316/2237/2183 2313/2234/2180
f 2319/2240/2186 2317/2238/2184 2316/2237/2183
f 2318/2239/2185 2319/2240/2186 2316/2237/2183
f 2317/2238/2184 2319/2240/2186 2320/2241/2187
f 2318/2239/2185 2312/2233/2179 2321/2242/2188
f 2284/2205/2152 2321/2242/2188 2312/2233/2179
f 2322/2243/2189 2319/2240/2186 2318/2239/2185
f 2321/2242/2188 2322/2243/2189 2318/2239/2185
f 2323/2244/2190 2320/2241/2187 2319/2240/2186
f 2322/2243/2189 2323/2244/2190 2319/2240/2186
f 2320/2241/2187 2323/2244/2190 2324/2245/2191
f 2163/2084/2033 2324/2245/2191 2323/2244/2190
f 2324/2245/2191 2163/2084/2033 2166/2087/2036
f 2325/2246/2192 2323/2244/2190 2322/2243/2189
f 2325/2246/2192 2163/2084/2033 2323/2244/2190
f 2322/2243/2189 2321/2242/2188 2326/2247/2193
f 2326/2247/2193 2325/2246/2192 2322/2243/2189
f 2321/2242/2188 2284/2205/2152 2327/2248/2194
f 2327/2248/2194 2326/2247/2193 2321/2242/2188
f 2284/2205/2152 2274/2195/2142 2327/2248/2194
f 2275/2196/2143 2327/2248/2194 2274/2195/2142
f 2327/2248/2194 2275/2196/2143 2328/2249/2195
f 2326/2247/2193 2327/2248/2194 2328/2249/2195
f 2152/2073/2022 2328/2249/2195 2275/2196/2143
f 2325/2246/2192 2326/2247/2193 2329/2250/2196
f 2328/2249/2195 2329/2250/2196 2326/2247/2193
f 2328/2249/2195 2152/2073/2022 2330/2251/2197
f 2329/2250/2196 2328/2249/2195 2330/2251/2197
f 2154/2075/2024 2330/2251/2197 2152/2073/2022
f 2329/2250/2196 2159/2080/2029 2325/2246/2192
f 2159/2080/2029 2163/2084/2033 2325/2246/2192
f 2330/2251/2197 2156/2077/2026 2329/2250/2196
f 2159/2080/2029 2329/2250/2196 2156/2077/2026
f 2156/2077/2026 2330/2251/2197 2157/2078/2027
f 2330/2251/2197 2154/2075/2024 2157/2078/2027
f 1648/1569/1520 1639/1560/1511 2331/2252/2198
f 1639/1560/1511 1638/1559/1510 2331/2252/2198
f 2332/2253/2199 1648/1569/1520 2331/2252/2198
f 2333/2254/2200 2331/2252/2198 1638/1559/1510
f 2331/2252/2198 2333/2254/2200 2332/2253/2199
f 1638/1559/1510 2334/2255/2201 2333/2254/2200
f 2334/2255/2201 1638/1559/1510 1637/1558/1509
f 1637/1558/1509 1635/1556/1507 2334/2255/2201
f 1648/1569/1520 2332/2253/2199 2335/2256/2202
f 1843/1764/1714 1648/1569/1520 2335/2256/2202
f 1842/1763/1713 1843/1764/1714 2335/2256/2202
f 2332/2253/2199 2336/2257/2203 2335/2256/2202
f 2335/2256/2202 2336/2257/2203 1842/1763/1713
f 2332/2253/2199 2337/2258/2204 2336/2257/2203
f 2337/2258/2204 2332/2253/2199 2333/2254/2200
f 2338/2259/2205 1842/1763/1713 2336/2257/2203
f 2337/2258/2204 2338/2259/2205 2336/2257/2203
f 2333/2254/2200 2339/2260/2206 2337/2258/2204
f 2334/2255/2201 2339/2260/2206 2333/2254/2200
f 2338/2259/2205 2337/2258/2204 2340/2261/2207
f 2339/2260/2206 2340/2261/2207 2337/2258/2204
f 2338/2259/2205 2341/2262/2208 1842/1763/1713
f 1841/1762/1712 1842/1763/1713 2341/2262/2208
f 2334/2255/2201 2342/2263/2209 2339/2260/2206
f 1635/1556/1507 2342/2263/2209 2334/2255/2201
f 2343/2264/2210 1841/1762/1712 2341/2262/2208
f 2343/2264/2210 1840/1761/1711 1841/1762/1712
f 2344/2265/2211 2341/2262/2208 2338/2259/2205
f 2344/2265/2211 2343/2264/2210 2341/2262/2208
f 1635/1556/1507 2345/2266/2212 2342/2263/2209
f 1631/1552/1503 2345/2266/2212 1635/1556/1507
f 1631/1552/1503 1632/1553/1504 2345/2266/2212
f 2342/2263/2209 2345/2266/2212 2346/2267/2213
f 1632/1553/1504 2346/2267/2213 2345/2266/2212
f 2346/2267/2213 2347/2268/2214 2342/2263/2209
f 2339/2260/2206 2342/2263/2209 2347/2268/2214
f 2346/2267/2213 1632/1553/1504 2348/2269/2215
f 2348/2269/2215 1632/1553/1504 2349/2270/2216
f 1632/1553/1504 1617/1538/1489 2349/2270/2216
f 2350/2271/2217 2346/2267/2213 2348/2269/2215
f 2350/2271/2217 2347/2268/2214 2346/2267/2213
f 2349/2270/2216 1617/1538/1489 1615/1536/1487
f 2350/2271/2217 2348/2269/2215 2351/2272/2218
f 2351/2272/2218 2348/2269/2215 2349/2270/2216
f 2347/2268/2214 2352/2273/2219 2339/2260/2206
f 2340/2261/2207 2339/2260/2206 2352/2273/2219
f 2347/2268/2214 2350/2271/2217 2353/2274/2220
f 2354/2275/2221 2352/2273/2219 2347/2268/2214
f 2354/2275/2221 2347/2268/2214 2353/2274/2220
f 2355/2276/2222 2353/2274/2220 2350/2271/2217
f 2355/2276/2222 2350/2271/2217 2351/2272/2218
f 2356/2277/2223 2340/2261/2207 2352/2273/2219
f 2356/2277/2223 2352/2273/2219 2354/2275/2221
f 2356/2277/2223 2357/2278/2224 2340/2261/2207
f 2357/2278/2224 2338/2259/2205 2340/2261/2207
f 2357/2278/2224 2344/2265/2211 2338/2259/2205
f 2353/2274/2220 2355/2276/2222 2358/2279/2225
f 2358/2279/2225 2354/2275/2221 2353/2274/2220
f 2359/2280/2226 2357/2278/2224 2356/2277/2223
f 2360/2281/2227 2344/2265/2211 2357/2278/2224
f 2359/2280/2226 2360/2281/2227 2357/2278/2224
f 2360/2281/2227 2361/2282/2228 2344/2265/2211
f 2361/2282/2228 2343/2264/2210 2344/2265/2211
f 2362/2283/2229 2356/2277/2223 2354/2275/2221
f 2362/2283/2229 2359/2280/2226 2356/2277/2223
f 2354/2275/2221 2358/2279/2225 2363/2284/2230
f 2362/2283/2229 2354/2275/2221 2363/2284/2230
f 2361/2282/2228 2364/2285/2231 2343/2264/2210
f 2364/2285/2231 1840/1761/1711 2343/2264/2210
f 2364/2285/2231 1832/1753/1703 1840/1761/1711
f 2365/2286/2232 2363/2284/2230 2358/2279/2225
f 2366/2287/2233 2359/2280/2226 2362/2283/2229
f 2366/2287/2233 2360/2281/2227 2359/2280/2226
f 2367/2288/2234 2362/2283/2229 2363/2284/2230
f 2366/2287/2233 2362/2283/2229 2367/2288/2234
f 2367/2288/2234 2363/2284/2230 2368/2289/2235
f 2363/2284/2230 2365/2286/2232 2368/2289/2235
f 2369/2290/2236 2366/2287/2233 2367/2288/2234
f 2360/2281/2227 2366/2287/2233 2370/2291/2237
f 2369/2290/2236 2370/2291/2237 2366/2287/2233
f 2370/2291/2237 2361/2282/2228 2360/2281/2227
f 2369/2290/2236 2367/2288/2234 2371/2292/2238
f 2371/2292/2238 2367/2288/2234 2368/2289/2235
f 2370/2291/2237 2369/2290/2236 2372/2293/2239
f 2361/2282/2228 2370/2291/2237 2373/2294/2240
f 2372/2293/2239 2373/2294/2240 2370/2291/2237
f 2373/2294/2240 2364/2285/2231 2361/2282/2228
f 2374/2295/2241 2372/2293/2239 2369/2290/2236
f 2374/2295/2241 2369/2290/2236 2371/2292/2238
f 2373/2294/2240 2372/2293/2239 2375/2296/2242
f 2364/2285/2231 2373/2294/2240 2376/2297/2243
f 2375/2296/2242 2376/2297/2243 2373/2294/2240
f 2376/2297/2243 1832/1753/1703 2364/2285/2231
f 2377/2298/2244 2375/2296/2242 2372/2293/2239
f 2372/2293/2239 2374/2295/2241 2377/2298/2244
f 2376/2297/2243 2375/2296/2242 2378/2299/2245
f 1832/1753/1703 2376/2297/2243 2379/2300/2246
f 2378/2299/2245 2379/2300/2246 2376/2297/2243
f 2379/2300/2246 1833/1754/1704 1832/1753/1703
f 2380/2301/2247 1833/1754/1704 2379/2300/2246
f 2381/2302/2248 2380/2301/2247 2379/2300/2246
f 2379/2300/2246 2378/2299/2245 2381/2302/2248
f 2382/2303/2249 2380/2301/2247 2381/2302/2248
f 2383/2304/2250 2378/2299/2245 2375/2296/2242
f 2375/2296/2242 2377/2298/2244 2383/2304/2250
f 2384/2305/2251 2381/2302/2248 2378/2299/2245
f 2378/2299/2245 2383/2304/2250 2384/2305/2251
f 2385/2306/2252 2382/2303/2249 2381/2302/2248
f 2381/2302/2248 2384/2305/2251 2385/2306/2252
f 2386/2307/2253 2382/2303/2249 2385/2306/2252
f 2386/2307/2253 2387/2308/2254 2382/2303/2249
f 2388/2309/2255 2387/2308/2254 2386/2307/2253
f 2389/2310/2256 2388/2309/2255 2386/2307/2253
f 2390/2311/2257 2386/2307/2253 2385/2306/2252
f 2389/2310/2256 2386/2307/2253 2390/2311/2257
f 2389/2310/2256 2391/2312/2258 2388/2309/2255
f 2385/2306/2252 2392/2313/2259 2390/2311/2257
f 2392/2313/2259 2385/2306/2252 2384/2305/2251
f 2393/2314/2260 2389/2310/2256 2390/2311/2257
f 2394/2315/2261 2390/2311/2257 2392/2313/2259
f 2390/2311/2257 2394/2315/2261 2393/2314/2260
f 2384/2305/2251 2395/2316/2262 2392/2313/2259
f 2395/2316/2262 2384/2305/2251 2383/2304/2250
f 2396/2317/2263 2392/2313/2259 2395/2316/2262
f 2392/2313/2259 2396/2317/2263 2394/2315/2261
f 2397/2318/2264 2398/2319/2265 2399/2320/2266
f 2399/2320/2266 2400/2321/2267 2397/2318/2264
f 2398/2319/2265 2397/2318/2264 2401/2322/2268
f 2402/2323/2269 2398/2319/2265 2401/2322/2268
f 2403/2324/2270 2397/2318/2264 2400/2321/2267
f 2404/2325/2271 2402/2323/2269 2401/2322/2268
f 2402/2323/2269 2404/2325/2271 2405/2326/2272
f 2406/2327/2273 2405/2326/2272 2404/2325/2271
f 2407/2328/2274 2401/2322/2268 2397/2318/2264
f 2401/2322/2268 2407/2328/2274 2404/2325/2271
f 2397/2318/2264 2403/2324/2270 2407/2328/2274
f 2406/2327/2273 2404/2325/2271 2408/2329/2275
f 2408/2329/2275 2404/2325/2271 2407/2328/2274
f 2403/2324/2270 2408/2329/2275 2407/2328/2274
f 2408/2329/2275 2403/2324/2270 2409/2330/2276
f 2410/2331/2277 2408/2329/2275 2409/2330/2276
f 2409/2330/2276 2403/2324/2270 2411/2332/2278
f 2411/2332/2278 2410/2331/2277 2409/2330/2276
f 2400/2321/2267 2412/2333/2279 2403/2324/2270
f 2411/2332/2278 2403/2324/2270 2412/2333/2279
f 2412/2333/2279 2400/2321/2267 2413/2334/2280
f 2410/2331/2277 2411/2332/2278 2414/2335/2281
f 2414/2335/2281 2415/2336/2282 2410/2331/2277
f 2411/2332/2278 2412/2333/2279 2416/2337/2283
f 2416/2337/2283 2414/2335/2281 2411/2332/2278
f 2413/2334/2280 2417/2338/2284 2412/2333/2279
f 2416/2337/2283 2412/2333/2279 2417/2338/2284
f 2417/2338/2284 2413/2334/2280 2418/2339/2285
f 2416/2337/2283 2417/2338/2284 2419/2340/2286
f 2418/2339/2285 2420/2341/2287 2417/2338/2284
f 2419/2340/2286 2417/2338/2284 2420/2341/2287
f 2420/2341/2287 2418/2339/2285 2421/2342/2288
f 2415/2336/2282 2414/2335/2281 2422/2343/2289
f 2414/2335/2281 2416/2337/2283 2423/2344/2290
f 2419/2340/2286 2423/2344/2290 2416/2337/2283
f 2423/2344/2290 2422/2343/2289 2414/2335/2281
f 2422/2343/2289 2424/2345/2291 2415/2336/2282
f 2421/2342/2288 2425/2346/2292 2420/2341/2287
f 2425/2346/2292 2421/2342/2288 2426/2347/2293
f 2419/2340/2286 2420/2341/2287 2427/2348/2294
f 2427/2348/2294 2420/2341/2287 2425/2346/2292
f 2423/2344/2290 2419/2340/2286 2428/2349/2295
f 2429/2350/2296 2419/2340/2286 2427/2348/2294
f 2429/2350/2296 2428/2349/2295 2419/2340/2286
f 2428/2349/2295 2430/2351/2297 2423/2344/2290
f 2422/2343/2289 2423/2344/2290 2430/2351/2297
f 2429/2350/2296 2431/2352/2298 2428/2349/2295
f 2430/2351/2297 2428/2349/2295 2431/2352/2298
f 1940/1861/1810 2432/2353/2299 2433/2354/2300
f 2434/2355/2301 2433/2354/2300 2432/2353/2299
f 2432/2353/2299 1940/1861/1810 1590/1511/1462
f 2435/2356/2302 2436/2357/2303 2434/2355/2301
f 2432/2353/2299 2435/2356/2302 2434/2355/2301
f 1590/1511/1462 2437/2358/2304 2432/2353/2299
f 2435/2356/2302 2432/2353/2299 2437/2358/2304
f 2437/2358/2304 1590/1511/1462 1587/1508/1459
f 1587/1508/1459 1589/1510/1461 2437/2358/2304
f 2437/2358/2304 2438/2359/2305 2435/2356/2302
f 2438/2359/2305 2437/2358/2304 1589/1510/1461
f 2435/2356/2302 2439/2360/2306 2436/2357/2303
f 2438/2359/2305 2439/2360/2306 2435/2356/2302
f 2439/2360/2306 2440/2361/2307 2436/2357/2303
f 2441/2362/2308 2436/2357/2303 2440/2361/2307
f 2440/2361/2307 2442/2363/2309 2441/2362/2308
f 1589/1510/1461 2107/2028/1977 2438/2359/2305
f 2107/2028/1977 1589/1510/1461 1586/1507/1458
f 2438/2359/2305 2110/2031/1980 2439/2360/2306
f 2107/2028/1977 2110/2031/1980 2438/2359/2305
f 2440/2361/2307 2439/2360/2306 2113/2034/1983
f 2110/2031/1980 2113/2034/1983 2439/2360/2306
f 2442/2363/2309 2440/2361/2307 2443/2364/2310
f 2113/2034/1983 2443/2364/2310 2440/2361/2307
f 2444/2365/2311 2442/2363/2309 2443/2364/2310
f 2445/2366/2312 2442/2363/2309 2444/2365/2311
f 2443/2364/2310 2113/2034/1983 2114/2035/1984
f 2446/2367/2313 2445/2366/2312 2444/2365/2311
f 2447/2368/2314 2445/2366/2312 2446/2367/2313
f 2444/2365/2311 2443/2364/2310 2120/2041/1990
f 2120/2041/1990 2443/2364/2310 2114/2035/1984
f 2446/2367/2313 2444/2365/2311 2151/2072/2021
f 2151/2072/2021 2444/2365/2311 2120/2041/1990
f 2448/2369/2315 2447/2368/2314 2446/2367/2313
f 2449/2370/2316 2447/2368/2314 2448/2369/2315
f 2450/2371/2317 2446/2367/2313 2151/2072/2021
f 2448/2369/2315 2446/2367/2313 2450/2371/2317
f 2451/2372/2318 2449/2370/2316 2448/2369/2315
f 2452/2373/2319 2449/2370/2316 2451/2372/2318
f 2453/2374/2320 2448/2369/2315 2450/2371/2317
f 2451/2372/2318 2448/2369/2315 2453/2374/2320
f 2450/2371/2317 2151/2072/2021 2149/2070/2019
f 2454/2375/2321 2452/2373/2319 2451/2372/2318
f 2453/2374/2320 2450/2371/2317 2455/2376/2322
f 2455/2376/2322 2450/2371/2317 2149/2070/2019
f 2456/2377/2323 2451/2372/2318 2453/2374/2320
f 2454/2375/2321 2451/2372/2318 2456/2377/2323
f 2457/2378/2324 2453/2374/2320 2455/2376/2322
f 2456/2377/2323 2453/2374/2320 2457/2378/2324
f 2458/2379/2325 2452/2373/2319 2454/2375/2321
f 2458/2379/2325 2459/2380/2326 2452/2373/2319
f 2460/2381/2327 2454/2375/2321 2456/2377/2323
f 2461/2382/2328 2456/2377/2323 2457/2378/2324
f 2456/2377/2323 2461/2382/2328 2460/2381/2327
f 2457/2378/2324 2455/2376/2322 2462/2383/2329
f 2461/2382/2328 2457/2378/2324 2462/2383/2329
f 2463/2384/2330 2458/2379/2325 2454/2375/2321
f 2454/2375/2321 2460/2381/2327 2463/2384/2330
f 2464/2385/2331 2459/2380/2326 2458/2379/2325
f 2464/2385/2331 2465/2386/2332 2459/2380/2326
f 2458/2379/2325 2463/2384/2330 2466/2387/2333
f 2466/2387/2333 2464/2385/2331 2458/2379/2325
f 2467/2388/2334 2463/2384/2330 2460/2381/2327
f 2467/2388/2334 2466/2387/2333 2463/2384/2330
f 2468/2389/2335 2460/2381/2327 2461/2382/2328
f 2467/2388/2334 2460/2381/2327 2468/2389/2335
f 2464/2385/2331 2466/2387/2333 2469/2390/2336
f 2466/2387/2333 2467/2388/2334 2470/2391/2337
f 2470/2391/2337 2469/2390/2336 2466/2387/2333
f 2468/2389/2335 2471/2392/2338 2467/2388/2334
f 2470/2391/2337 2467/2388/2334 2471/2392/2338
f 2468/2389/2335 2461/2382/2328 2472/2393/2339
f 2473/2394/2340 2465/2386/2332 2464/2385/2331
f 2469/2390/2336 2473/2394/2340 2464/2385/2331
f 2473/2394/2340 2474/2395/2341 2465/2386/2332
f 2475/2396/2342 2465/2386/2332 2474/2395/2341
f 2476/2397/2343 2475/2396/2342 2474/2395/2341
f 2477/2398/2344 2476/2397/2343 2474/2395/2341
f 2477/2398/2344 2474/2395/2341 2473/2394/2340
f 2478/2399/2345 2476/2397/2343 2477/2398/2344
f 2473/2394/2340 2469/2390/2336 2479/2400/2346
f 2479/2400/2346 2477/2398/2344 2473/2394/2340
f 2480/2401/2347 2478/2399/2345 2477/2398/2344
f 2477/2398/2344 2479/2400/2346 2480/2401/2347
f 2478/2399/2345 2480/2401/2347 2481/2402/2348
f 2482/2403/2349 2478/2399/2345 2481/2402/2348
f 2483/2404/2350 2480/2401/2347 2479/2400/2346
f 2483/2404/2350 2479/2400/2346 2469/2390/2336
f 2484/2405/2351 2481/2402/2348 2480/2401/2347
f 2480/2401/2347 2483/2404/2350 2484/2405/2351
f 2485/2406/2352 2482/2403/2349 2481/2402/2348
f 2481/2402/2348 2484/2405/2351 2485/2406/2352
f 2482/2403/2349 2485/2406/2352 2486/2407/2353
f 2483/2404/2350 2487/2408/2354 2484/2405/2351
f 2485/2406/2352 2484/2405/2351 2487/2408/2354
f 2486/2407/2353 2485/2406/2352 2488/2409/2355
f 2488/2409/2355 2485/2406/2352 2487/2408/2354
f 2489/2410/2356 2490/2411/2357 2491/2412/2358
f 2490/2411/2357 2492/2413/2359 2491/2412/2358
f 2491/2412/2358 2493/2414/2360 2489/2410/2356
f 2493/2414/2360 2491/2412/2358 2494/2415/2361
f 2492/2413/2359 2494/2415/2361 2491/2412/2358
f 2494/2415/2361 2271/2192/2139 2493/2414/2360
f 2495/2416/2362 2493/2414/2360 2271/2192/2139
f 2271/2192/2139 2494/2415/2361 2270/2191/2138
f 2496/2417/2363 2493/2414/2360 2495/2416/2362
f 2496/2417/2363 2489/2410/2356 2493/2414/2360
f 2495/2416/2362 2497/2418/2364 2496/2417/2363
f 2498/2419/2365 2270/2191/2138 2494/2415/2361
f 2494/2415/2361 2492/2413/2359 2498/2419/2365
f 2270/2191/2138 2498/2419/2365 2272/2193/2140
f 2153/2074/2023 2272/2193/2140 2498/2419/2365
f 2492/2413/2359 2153/2074/2023 2498/2419/2365
f 2153/2074/2023 2492/2413/2359 2161/2082/2031
f 2497/2418/2364 2499/2420/2366 2496/2417/2363
f 2499/2420/2366 2489/2410/2356 2496/2417/2363
f 2500/2421/2367 2499/2420/2366 2497/2418/2364
f 2497/2418/2364 2501/2422/2368 2500/2421/2367
f 2502/2423/2369 2161/2082/2031 2492/2413/2359
f 2503/2424/2370 2499/2420/2366 2500/2421/2367
f 2492/2413/2359 2490/2411/2357 2502/2423/2369
f 2504/2425/2371 2489/2410/2356 2499/2420/2366
f 2499/2420/2366 2503/2424/2370 2504/2425/2371
f 2490/2411/2357 2489/2410/2356 2505/2426/2372
f 2489/2410/2356 2504/2425/2371 2505/2426/2372
f 2161/2082/2031 2502/2423/2369 2506/2427/2373
f 2506/2427/2373 2160/2081/2030 2161/2082/2031
f 2490/2411/2357 2507/2428/2374 2502/2423/2369
f 2160/2081/2030 2506/2427/2373 2508/2429/2375
f 2508/2429/2375 2155/2076/2025 2160/2081/2030
f 2155/2076/2025 2508/2429/2375 2164/2085/2034
f 2508/2429/2375 2186/2107/2055 2164/2085/2034
f 2186/2107/2055 2508/2429/2375 2509/2430/2376
f 2506/2427/2373 2509/2430/2376 2508/2429/2375
f 2509/2430/2376 2191/2112/2060 2186/2107/2055
f 2502/2423/2369 2510/2431/2377 2506/2427/2373
f 2509/2430/2376 2506/2427/2373 2510/2431/2377
f 2510/2431/2377 2502/2423/2369 2507/2428/2374
f 2191/2112/2060 2509/2430/2376 2511/2432/2378
f 2510/2431/2377 2511/2432/2378 2509/2430/2376
f 2511/2432/2378 2196/2117/2065 2191/2112/2060
f 2507/2428/2374 2512/2433/2379 2510/2431/2377
f 2511/2432/2378 2510/2431/2377 2512/2433/2379
f 2196/2117/2065 2511/2432/2378 2513/2434/2380
f 2512/2433/2379 2513/2434/2380 2511/2432/2378
f 2513/2434/2380 2201/2122/2070 2196/2117/2065
f 2201/2122/2070 2513/2434/2380 2514/2435/2381
f 2514/2435/2381 2206/2127/2075 2201/2122/2070
f 2513/2434/2380 2512/2433/2379 2515/2436/2382
f 2515/2436/2382 2514/2435/2381 2513/2434/2380
f 2512/2433/2379 2507/2428/2374 2516/2437/2383
f 2516/2437/2383 2515/2436/2382 2512/2433/2379
f 2517/2438/2384 2516/2437/2383 2507/2428/2374
f 2507/2428/2374 2490/2411/2357 2517/2438/2384
f 2505/2426/2372 2517/2438/2384 2490/2411/2357
f 2206/2127/2075 2514/2435/2381 2518/2439/2385
f 2518/2439/2385 2211/2132/2080 2206/2127/2075
f 2514/2435/2381 2515/2436/2382 2519/2440/2386
f 2519/2440/2386 2518/2439/2385 2514/2435/2381
f 2517/2438/2384 2505/2426/2372 2520/2441/2387
f 2504/2425/2371 2520/2441/2387 2505/2426/2372
f 2520/2441/2387 2521/2442/2388 2517/2438/2384
f 2516/2437/2383 2517/2438/2384 2521/2442/2388
f 2522/2443/2389 2520/2441/2387 2504/2425/2371
f 2515/2436/2382 2516/2437/2383 2523/2444/2390
f 2521/2442/2388 2523/2444/2390 2516/2437/2383
f 2523/2444/2390 2519/2440/2386 2515/2436/2382
f 2521/2442/2388 2520/2441/2387 2524/2445/2391
f 2522/2443/2389 2524/2445/2391 2520/2441/2387
f 2523/2444/2390 2521/2442/2388 2525/2446/2392
f 2524/2445/2391 2525/2446/2392 2521/2442/2388
f 2503/2424/2370 2522/2443/2389 2504/2425/2371
f 2525/2446/2392 2526/2447/2393 2523/2444/2390
f 2519/2440/2386 2523/2444/2390 2526/2447/2393
f 2525/2446/2392 2524/2445/2391 2527/2448/2394
f 2526/2447/2393 2528/2449/2395 2519/2440/2386
f 2518/2439/2385 2519/2440/2386 2528/2449/2395
f 2526/2447/2393 2525/2446/2392 2529/2450/2396
f 2527/2448/2394 2529/2450/2396 2525/2446/2392
f 2528/2449/2395 2526/2447/2393 2530/2451/2397
f 2529/2450/2396 2530/2451/2397 2526/2447/2393
f 2528/2449/2395 2531/2452/2398 2518/2439/2385
f 2211/2132/2080 2518/2439/2385 2531/2452/2398
f 2531/2452/2398 2216/2137/2085 2211/2132/2080
f 2531/2452/2398 2528/2449/2395 2532/2453/2399
f 2530/2451/2397 2532/2453/2399 2528/2449/2395
f 2216/2137/2085 2531/2452/2398 2533/2454/2400
f 2532/2453/2399 2533/2454/2400 2531/2452/2398
f 2533/2454/2400 2221/2142/2089 2216/2137/2085
f 2221/2142/2089 2533/2454/2400 2534/2455/2401
f 2534/2455/2401 2226/2147/2094 2221/2142/2089
f 2533/2454/2400 2532/2453/2399 2535/2456/2402
f 2535/2456/2402 2534/2455/2401 2533/2454/2400
f 2532/2453/2399 2530/2451/2397 2536/2457/2403
f 2536/2457/2403 2535/2456/2402 2532/2453/2399
f 2537/2458/2404 2536/2457/2403 2530/2451/2397
f 2530/2451/2397 2529/2450/2396 2537/2458/2404
f 2226/2147/2094 2534/2455/2401 2538/2459/2405
f 2538/2459/2405 2231/2152/2099 2226/2147/2094
f 2534/2455/2401 2535/2456/2402 2539/2460/2406
f 2539/2460/2406 2538/2459/2405 2534/2455/2401
f 2535/2456/2402 2536/2457/2403 2540/2461/2407
f 2540/2461/2407 2539/2460/2406 2535/2456/2402
f 2426/2347/2293 2540/2461/2407 2536/2457/2403
f 2536/2457/2403 2537/2458/2404 2426/2347/2293
f 2231/2152/2099 2538/2459/2405 2541/2462/2408
f 2541/2462/2408 2236/2157/2104 2231/2152/2099
f 2538/2459/2405 2539/2460/2406 2542/2463/2409
f 2542/2463/2409 2541/2462/2408 2538/2459/2405
f 2539/2460/2406 2540/2461/2407 2543/2464/2410
f 2543/2464/2410 2542/2463/2409 2539/2460/2406
f 2421/2342/2288 2543/2464/2410 2540/2461/2407
f 2540/2461/2407 2426/2347/2293 2421/2342/2288
f 2236/2157/2104 2541/2462/2408 2544/2465/2411
f 2544/2465/2411 2241/2162/2109 2236/2157/2104
f 2241/2162/2109 2544/2465/2411 2545/2466/2412
f 2546/2467/2413 2544/2465/2411 2541/2462/2408
f 2541/2462/2408 2542/2463/2409 2546/2467/2413
f 2547/2468/2414 2545/2466/2412 2544/2465/2411
f 2544/2465/2411 2546/2467/2413 2547/2468/2414
f 2545/2466/2412 2547/2468/2414 2548/2469/2415
f 2549/2470/2416 2546/2467/2413 2542/2463/2409
f 2542/2463/2409 2543/2464/2410 2549/2470/2416
f 2550/2471/2417 2547/2468/2414 2546/2467/2413
f 2546/2467/2413 2549/2470/2416 2550/2471/2417
f 2399/2320/2266 2548/2469/2415 2547/2468/2414
f 2547/2468/2414 2550/2471/2417 2399/2320/2266
f 2548/2469/2415 2399/2320/2266 2398/2319/2265
f 2418/2339/2285 2549/2470/2416 2543/2464/2410
f 2543/2464/2410 2421/2342/2288 2418/2339/2285
f 2413/2334/2280 2550/2471/2417 2549/2470/2416
f 2549/2470/2416 2418/2339/2285 2413/2334/2280
f 2400/2321/2267 2399/2320/2266 2550/2471/2417
f 2550/2471/2417 2413/2334/2280 2400/2321/2267
f 2551/2472/2418 2552/2473/2419 2553/2474/2420
f 2553/2474/2420 2554/2475/2421 2551/2472/2418
f 2555/2476/2422 2556/2477/2423 2552/2473/2419
f 2552/2473/2419 2551/2472/2418 2555/2476/2422
f 2557/2478/2424 2551/2472/2418 2554/2475/2421
f 2558/2479/2425 2555/2476/2422 2551/2472/2418
f 2551/2472/2418 2557/2478/2424 2558/2479/2425
f 2554/2475/2421 2559/2480/2426 2557/2478/2424
f 2554/2475/2421 2560/2481/2427 2559/2480/2426
f 2557/2478/2424 2559/2480/2426 2561/2482/2428
f 2560/2481/2427 2562/2483/2429 2559/2480/2426
f 2559/2480/2426 2562/2483/2429 2561/2482/2428
f 2557/2478/2424 2561/2482/2428 2563/2484/2430
f 2563/2484/2430 2558/2479/2425 2557/2478/2424
f 2561/2482/2428 2562/2483/2429 2564/2485/2431
f 2562/2483/2429 2560/2481/2427 2565/2486/2432
f 2563/2484/2430 2561/2482/2428 2566/2487/2433
f 2561/2482/2428 2564/2485/2431 2566/2487/2433
f 2567/2488/2434 2564/2485/2431 2562/2483/2429
f 2565/2486/2432 2567/2488/2434 2562/2483/2429
f 2560/2481/2427 2568/2489/2435 2565/2486/2432
f 2569/2490/2436 2568/2489/2435 2560/2481/2427
f 2569/2490/2436 2570/2491/2437 2568/2489/2435
f 2571/2492/2438 2570/2491/2437 2569/2490/2436
f 2571/2492/2438 2258/2179/2126 2570/2491/2437
f 2572/2493/2439 2568/2489/2435 2570/2491/2437
f 2573/2494/2440 2565/2486/2432 2568/2489/2435
f 2568/2489/2435 2572/2493/2439 2573/2494/2440
f 2565/2486/2432 2573/2494/2440 2574/2495/2441
f 2567/2488/2434 2565/2486/2432 2574/2495/2441
f 2575/2496/2442 2570/2491/2437 2258/2179/2126
f 2570/2491/2437 2575/2496/2442 2572/2493/2439
f 2258/2179/2126 2257/2178/2125 2575/2496/2442
f 2576/2497/2443 2573/2494/2440 2572/2493/2439
f 2577/2498/2444 2572/2493/2439 2575/2496/2442
f 2572/2493/2439 2577/2498/2444 2576/2497/2443
f 2575/2496/2442 2264/2185/2132 2577/2498/2444
f 2264/2185/2132 2575/2496/2442 2257/2178/2125
f 2277/2198/2145 2576/2497/2443 2577/2498/2444
f 2264/2185/2132 2277/2198/2145 2577/2498/2444
f 2573/2494/2440 2576/2497/2443 2578/2499/2445
f 2578/2499/2445 2574/2495/2441 2573/2494/2440
f 2579/2500/2446 2578/2499/2445 2576/2497/2443
f 2576/2497/2443 2277/2198/2145 2579/2500/2446
f 2574/2495/2441 2578/2499/2445 2580/2501/2447
f 2578/2499/2445 2579/2500/2446 2581/2502/2448
f 2581/2502/2448 2580/2501/2447 2578/2499/2445
f 2277/2198/2145 2279/2200/2147 2579/2500/2446
f 2279/2200/2147 2581/2502/2448 2579/2500/2446
f 2582/2503/2449 2574/2495/2441 2580/2501/2447
f 2574/2495/2441 2582/2503/2449 2567/2488/2434
f 2580/2501/2447 2581/2502/2448 2583/2504/2450
f 2581/2502/2448 2279/2200/2147 2282/2203/2150
f 2282/2203/2150 2583/2504/2450 2581/2502/2448
f 2584/2505/2451 2580/2501/2447 2583/2504/2450
f 2580/2501/2447 2584/2505/2451 2582/2503/2449
f 2583/2504/2450 2282/2203/2150 2287/2208/2155
f 2583/2504/2450 2585/2506/2452 2584/2505/2451
f 2585/2506/2452 2583/2504/2450 2287/2208/2155
f 2586/2507/2453 2582/2503/2449 2584/2505/2451
f 2587/2508/2454 2584/2505/2451 2585/2506/2452
f 2584/2505/2451 2587/2508/2454 2586/2507/2453
f 2287/2208/2155 2588/2509/2455 2585/2506/2452
f 2585/2506/2452 2589/2510/2456 2587/2508/2454
f 2589/2510/2456 2585/2506/2452 2588/2509/2455
f 2588/2509/2455 2287/2208/2155 2288/2209/2156
f 2590/2511/2457 2587/2508/2454 2589/2510/2456
f 2588/2509/2455 2591/2512/2458 2589/2510/2456
f 2587/2508/2454 2590/2511/2457 2592/2513/2459
f 2592/2513/2459 2586/2507/2453 2587/2508/2454
f 2589/2510/2456 2593/2514/2460 2590/2511/2457
f 2593/2514/2460 2589/2510/2456 2591/2512/2458
f 2590/2511/2457 2594/2515/2461 2592/2513/2459
f 2593/2514/2460 2595/2516/2462 2590/2511/2457
f 2594/2515/2461 2590/2511/2457 2595/2516/2462
f 2591/2512/2458 2588/2509/2455 2292/2213/2160
f 2288/2209/2156 2292/2213/2160 2588/2509/2455
f 2591/2512/2458 2596/2517/2463 2593/2514/2460
f 2595/2516/2462 2593/2514/2460 2597/2518/2464
f 2596/2517/2463 2597/2518/2464 2593/2514/2460
f 2383/2304/2250 2598/2519/2465 2395/2316/2262
f 2598/2519/2465 2383/2304/2250 2377/2298/2244
f 2395/2316/2262 2599/2520/2466 2396/2317/2263
f 2599/2520/2466 2395/2316/2262 2598/2519/2465
f 2600/2521/2467 2394/2315/2261 2396/2317/2263
f 2599/2520/2466 2600/2521/2467 2396/2317/2263
f 2377/2298/2244 2601/2522/2468 2598/2519/2465
f 2599/2520/2466 2598/2519/2465 2601/2522/2468
f 2601/2522/2468 2377/2298/2244 2374/2295/2241
f 2601/2522/2468 2374/2295/2241 2602/2523/2469
f 2374/2295/2241 2371/2292/2238 2602/2523/2469
f 2603/2524/2470 2599/2520/2466 2601/2522/2468
f 2602/2523/2469 2371/2292/2238 2604/2525/2471
f 2371/2292/2238 2368/2289/2235 2604/2525/2471
f 2604/2525/2471 2368/2289/2235 2365/2286/2232
f 2601/2522/2468 2602/2523/2469 2605/2526/2472
f 2603/2524/2470 2601/2522/2468 2605/2526/2472
f 2602/2523/2469 2604/2525/2471 2606/2527/2473
f 2605/2526/2472 2602/2523/2469 2606/2527/2473
f 2604/2525/2471 2365/2286/2232 2607/2528/2474
f 2606/2527/2473 2604/2525/2471 2607/2528/2474
f 2605/2526/2472 2606/2527/2473 2608/2529/2475
f 2603/2524/2470 2605/2526/2472 2609/2530/2476
f 2609/2530/2476 2605/2526/2472 2608/2529/2475
f 2608/2529/2475 2606/2527/2473 2610/2531/2477
f 2606/2527/2473 2607/2528/2474 2610/2531/2477
f 2609/2530/2476 2608/2529/2475 2611/2532/2478
f 2609/2530/2476 2612/2533/2479 2603/2524/2470
f 2599/2520/2466 2603/2524/2470 2612/2533/2479
f 2612/2533/2479 2609/2530/2476 2613/2534/2480
f 2611/2532/2478 2613/2534/2480 2609/2530/2476
f 2612/2533/2479 2614/2535/2481 2599/2520/2466
f 2611/2532/2478 2608/2529/2475 2615/2536/2482
f 2608/2529/2475 2610/2531/2477 2615/2536/2482
f 2613/2534/2480 2616/2537/2483 2612/2533/2479
f 2616/2537/2483 2614/2535/2481 2612/2533/2479
f 2600/2521/2467 2599/2520/2466 2614/2535/2481
f 2610/2531/2477 2482/2403/2349 2615/2536/2482
f 2613/2534/2480 2611/2532/2478 2617/2538/2484
f 2611/2532/2478 2615/2536/2482 2618/2539/2485
f 2618/2539/2485 2617/2538/2484 2611/2532/2478
f 2615/2536/2482 2486/2407/2353 2618/2539/2485
f 2486/2407/2353 2615/2536/2482 2482/2403/2349
f 2618/2539/2485 2486/2407/2353 2619/2540/2486
f 2482/2403/2349 2610/2531/2477 2620/2541/2487
f 2607/2528/2474 2620/2541/2487 2610/2531/2477
f 2482/2403/2349 2620/2541/2487 2478/2399/2345
f 2620/2541/2487 2607/2528/2474 2621/2542/2488
f 2365/2286/2232 2621/2542/2488 2607/2528/2474
f 2620/2541/2487 2621/2542/2488 2622/2543/2489
f 2620/2541/2487 2622/2543/2489 2478/2399/2345
f 2621/2542/2488 2365/2286/2232 2623/2544/2490
f 2358/2279/2225 2623/2544/2490 2365/2286/2232
f 2623/2544/2490 2358/2279/2225 2355/2276/2222
f 2621/2542/2488 2623/2544/2490 2624/2545/2491
f 2621/2542/2488 2624/2545/2491 2622/2543/2489
f 2623/2544/2490 2355/2276/2222 2625/2546/2492
f 2623/2544/2490 2625/2546/2492 2624/2545/2491
f 2355/2276/2222 2351/2272/2218 2625/2546/2492
f 2624/2545/2491 2625/2546/2492 2626/2547/2493
f 2351/2272/2218 2626/2547/2493 2625/2546/2492
f 2622/2543/2489 2624/2545/2491 2627/2548/2494
f 2624/2545/2491 2626/2547/2493 2627/2548/2494
f 2626/2547/2493 2351/2272/2218 2628/2549/2495
f 2351/2272/2218 2349/2270/2216 2628/2549/2495
f 2626/2547/2493 2475/2396/2342 2627/2548/2494
f 2622/2543/2489 2627/2548/2494 2476/2397/2343
f 2476/2397/2343 2627/2548/2494 2475/2396/2342
f 2478/2399/2345 2622/2543/2489 2476/2397/2343
f 2349/2270/2216 2629/2550/2496 2628/2549/2495
f 2628/2549/2495 2630/2551/2497 2626/2547/2493
f 2475/2396/2342 2626/2547/2493 2630/2551/2497
f 2630/2551/2497 2628/2549/2495 2629/2550/2496
f 2629/2550/2496 2349/2270/2216 1615/1536/1487
f 2630/2551/2497 2631/2552/2498 2475/2396/2342
f 1615/1536/1487 2632/2553/2499 2629/2550/2496
f 2632/2553/2499 1615/1536/1487 1612/1533/1484
f 2629/2550/2496 2633/2554/2500 2630/2551/2497
f 2633/2554/2500 2629/2550/2496 2632/2553/2499
f 2631/2552/2498 2630/2551/2497 2633/2554/2500
f 1612/1533/1484 1613/1534/1485 2632/2553/2499
f 2465/2386/2332 2475/2396/2342 2631/2552/2498
f 2633/2554/2500 2634/2555/2501 2631/2552/2498
f 2465/2386/2332 2631/2552/2498 2634/2555/2501
f 2632/2553/2499 2635/2556/2502 2633/2554/2500
f 2635/2556/2502 2632/2553/2499 1613/1534/1485
f 2634/2555/2501 2633/2554/2500 2635/2556/2502
f 1613/1534/1485 2636/2557/2503 2635/2556/2502
f 2635/2556/2502 2637/2558/2504 2634/2555/2501
f 2637/2558/2504 2635/2556/2502 2636/2557/2503
f 2636/2557/2503 1613/1534/1485 1611/1532/1483
f 2459/2380/2326 2634/2555/2501 2637/2558/2504
f 2465/2386/2332 2634/2555/2501 2459/2380/2326
f 2636/2557/2503 1611/1532/1483 2638/2559/2505
f 1611/1532/1483 1609/1530/1481 2638/2559/2505
f 2637/2558/2504 2636/2557/2503 2639/2560/2506
f 2636/2557/2503 2638/2559/2505 2639/2560/2506
f 2459/2380/2326 2637/2558/2504 2452/2373/2319
f 2637/2558/2504 2639/2560/2506 2449/2370/2316
f 2452/2373/2319 2637/2558/2504 2449/2370/2316
f 2639/2560/2506 2638/2559/2505 2640/2561/2507
f 2638/2559/2505 1609/1530/1481 2641/2562/2508
f 2638/2559/2505 2641/2562/2508 2640/2561/2507
f 1609/1530/1481 2642/2563/2509 2641/2562/2508
f 2642/2563/2509 1609/1530/1481 1602/1523/1474
f 1602/1523/1474 1597/1518/1469 2642/2563/2509
f 2639/2560/2506 2640/2561/2507 2447/2368/2314
f 2449/2370/2316 2639/2560/2506 2447/2368/2314
f 2640/2561/2507 2641/2562/2508 2643/2564/2510
f 2644/2565/2511 2641/2562/2508 2642/2563/2509
f 2641/2562/2508 2644/2565/2511 2643/2564/2510
f 2645/2566/2512 2642/2563/2509 1597/1518/1469
f 2642/2563/2509 2645/2566/2512 2644/2565/2511
f 2646/2567/2513 2645/2566/2512 1597/1518/1469
f 2646/2567/2513 1597/1518/1469 1596/1517/1468
f 1950/1871/1820 2646/2567/2513 1596/1517/1468
f 2640/2561/2507 2643/2564/2510 2445/2366/2312
f 2447/2368/2314 2640/2561/2507 2445/2366/2312
f 2441/2362/2308 2643/2564/2510 2644/2565/2511
f 2647/2568/2514 2644/2565/2511 2645/2566/2512
f 2644/2565/2511 2647/2568/2514 2441/2362/2308
f 2648/2569/2515 2645/2566/2512 2646/2567/2513
f 2648/2569/2515 2647/2568/2514 2645/2566/2512
f 2649/2570/2516 2648/2569/2515 2646/2567/2513
f 2646/2567/2513 1950/1871/1820 2649/2570/2516
f 2643/2564/2510 2441/2362/2308 2442/2363/2309
f 2445/2366/2312 2643/2564/2510 2442/2363/2309
f 2436/2357/2303 2441/2362/2308 2647/2568/2514
f 1950/1871/1820 2650/2571/2517 2649/2570/2516
f 2650/2571/2517 1950/1871/1820 1941/1862/1811
f 1941/1862/1811 1935/1856/1805 2650/2571/2517
f 1935/1856/1805 1940/1861/1810 2650/2571/2517
f 2650/2571/2517 2433/2354/2300 2649/2570/2516
f 2433/2354/2300 2650/2571/2517 1940/1861/1810
f 2648/2569/2515 2649/2570/2516 2433/2354/2300
f 2434/2355/2301 2647/2568/2514 2648/2569/2515
f 2433/2354/2300 2434/2355/2301 2648/2569/2515
f 2434/2355/2301 2436/2357/2303 2647/2568/2514
f 2596/2517/2463 2591/2512/2458 2296/2217/2164
f 2292/2213/2160 2296/2217/2164 2591/2512/2458
f 2597/2518/2464 2596/2517/2463 1482/1403/1355
f 2296/2217/2164 1485/1406/1358 2596/2517/2463
f 2596/2517/2463 1485/1406/1358 1482/1403/1355
f 1482/1403/1355 1481/1402/1354 2597/2518/2464
f 2597/2518/2464 2651/2572/2518 2595/2516/2462
f 2651/2572/2518 2597/2518/2464 1481/1402/1354
f 2652/2573/2519 2595/2516/2462 2651/2572/2518
f 2595/2516/2462 2652/2573/2519 2594/2515/2461
f 1481/1402/1354 2653/2574/2520 2651/2572/2518
f 2651/2572/2518 2654/2575/2521 2652/2573/2519
f 2654/2575/2521 2651/2572/2518 2653/2574/2520
f 2655/2576/2522 2594/2515/2461 2652/2573/2519
f 2656/2577/2523 2652/2573/2519 2654/2575/2521
f 2652/2573/2519 2656/2577/2523 2655/2576/2522
f 2594/2515/2461 2655/2576/2522 2657/2578/2524
f 2657/2578/2524 2592/2513/2459 2594/2515/2461
f 2592/2513/2459 2657/2578/2524 2658/2579/2525
f 2586/2507/2453 2592/2513/2459 2658/2579/2525
f 2659/2580/2526 2657/2578/2524 2655/2576/2522
f 2660/2581/2527 2655/2576/2522 2656/2577/2523
f 2655/2576/2522 2660/2581/2527 2659/2580/2526
f 2661/2582/2528 2658/2579/2525 2657/2578/2524
f 2657/2578/2524 2659/2580/2526 2661/2582/2528
f 2662/2583/2529 2586/2507/2453 2658/2579/2525
f 2658/2579/2525 2661/2582/2528 2662/2583/2529
f 2586/2507/2453 2662/2583/2529 2663/2584/2530
f 2582/2503/2449 2586/2507/2453 2663/2584/2530
f 2663/2584/2530 2567/2488/2434 2582/2503/2449
f 2567/2488/2434 2663/2584/2530 2664/2585/2531
f 2564/2485/2431 2567/2488/2434 2664/2585/2531
f 2665/2586/2532 2663/2584/2530 2662/2583/2529
f 2663/2584/2530 2665/2586/2532 2664/2585/2531
f 2664/2585/2531 2666/2587/2533 2564/2485/2431
f 2666/2587/2533 2664/2585/2531 2665/2586/2532
f 2566/2487/2433 2564/2485/2431 2666/2587/2533
f 2662/2583/2529 2667/2588/2534 2665/2586/2532
f 2667/2588/2534 2662/2583/2529 2661/2582/2528
f 2665/2586/2532 2668/2589/2535 2666/2587/2533
f 2668/2589/2535 2665/2586/2532 2667/2588/2534
f 2566/2487/2433 2666/2587/2533 2669/2590/2536
f 2669/2590/2536 2666/2587/2533 2668/2589/2535
f 2670/2591/2537 2566/2487/2433 2669/2590/2536
f 2563/2484/2430 2566/2487/2433 2670/2591/2537
f 2661/2582/2528 2671/2592/2538 2667/2588/2534
f 2671/2592/2538 2661/2582/2528 2659/2580/2526
f 2667/2588/2534 2672/2593/2539 2668/2589/2535
f 2672/2593/2539 2667/2588/2534 2671/2592/2538
f 2669/2590/2536 2668/2589/2535 2673/2594/2540
f 2673/2594/2540 2668/2589/2535 2672/2593/2539
f 2674/2595/2541 2669/2590/2536 2673/2594/2540
f 2670/2591/2537 2669/2590/2536 2674/2595/2541
f 2659/2580/2526 2675/2596/2542 2671/2592/2538
f 2675/2596/2542 2659/2580/2526 2660/2581/2527
f 2671/2592/2538 2676/2597/2543 2672/2593/2539
f 2676/2597/2543 2671/2592/2538 2675/2596/2542
f 2673/2594/2540 2672/2593/2539 2677/2598/2544
f 2677/2598/2544 2672/2593/2539 2676/2597/2543
f 2678/2599/2545 2673/2594/2540 2677/2598/2544
f 2674/2595/2541 2673/2594/2540 2678/2599/2545
f 2677/2598/2544 2676/2597/2543 2679/2600/2546
f 2680/2601/2547 2676/2597/2543 2675/2596/2542
f 2678/2599/2545 2677/2598/2544 2681/2602/2548
f 2681/2602/2548 2677/2598/2544 2679/2600/2546
f 2679/2600/2546 2676/2597/2543 2682/2603/2549
f 2676/2597/2543 2680/2601/2547 2682/2603/2549
f 2681/2602/2548 2679/2600/2546 2683/2604/2550
f 2679/2600/2546 2682/2603/2549 2684/2605/2551
f 2683/2604/2550 2679/2600/2546 2684/2605/2551
f 2684/2605/2551 2682/2603/2549 2685/2606/2552
f 2680/2601/2547 2685/2606/2552 2682/2603/2549
f 2683/2604/2550 2684/2605/2551 2686/2607/2553
f 2684/2605/2551 2685/2606/2552 2687/2608/2554
f 2686/2607/2553 2684/2605/2551 2687/2608/2554
f 2688/2609/2555 2683/2604/2550 2686/2607/2553
f 2686/2607/2553 2687/2608/2554 2689/2610/2556
f 2689/2610/2556 2688/2609/2555 2686/2607/2553
f 2687/2608/2554 2685/2606/2552 2690/2611/2557
f 2685/2606/2552 2680/2601/2547 2691/2612/2558
f 2691/2612/2558 2690/2611/2557 2685/2606/2552
f 2687/2608/2554 2690/2611/2557 2692/2613/2559
f 2689/2610/2556 2687/2608/2554 2692/2613/2559
f 2690/2611/2557 2691/2612/2558 2693/2614/2560
f 2692/2613/2559 2694/2615/2561 2689/2610/2556
f 2692/2613/2559 2690/2611/2557 2695/2616/2562
f 2693/2614/2560 2695/2616/2562 2690/2611/2557
f 2692/2613/2559 2695/2616/2562 2696/2617/2563
f 2694/2615/2561 2692/2613/2559 2696/2617/2563
f 2695/2616/2562 2693/2614/2560 2697/2618/2564
f 2691/2612/2558 2698/2619/2565 2693/2614/2560
f 2698/2619/2565 2697/2618/2564 2693/2614/2560
f 2697/2618/2564 2699/2620/2566 2695/2616/2562
f 2696/2617/2563 2695/2616/2562 2699/2620/2566
f 2696/2617/2563 2699/2620/2566 2700/2621/2567
f 2700/2621/2567 2694/2615/2561 2696/2617/2563
f 2699/2620/2566 2697/2618/2564 2701/2622/2568
f 2698/2619/2565 2691/2612/2558 2702/2623/2569
f 2680/2601/2547 2702/2623/2569 2691/2612/2558
f 2697/2618/2564 2698/2619/2565 2703/2624/2570
f 2703/2624/2570 2701/2622/2568 2697/2618/2564
f 2702/2623/2569 2680/2601/2547 2704/2625/2571
f 2675/2596/2542 2704/2625/2571 2680/2601/2547
f 2704/2625/2571 2675/2596/2542 2660/2581/2527
f 2704/2625/2571 2705/2626/2572 2702/2623/2569
f 2705/2626/2572 2698/2619/2565 2702/2623/2569
f 2660/2581/2527 2706/2627/2573 2704/2625/2571
f 2705/2626/2572 2704/2625/2571 2706/2627/2573
f 2706/2627/2573 2660/2581/2527 2656/2577/2523
f 2698/2619/2565 2705/2626/2572 2707/2628/2574
f 2707/2628/2574 2703/2624/2570 2698/2619/2565
f 2706/2627/2573 2708/2629/2575 2705/2626/2572
f 2708/2629/2575 2707/2628/2574 2705/2626/2572
f 2656/2577/2523 2709/2630/2576 2706/2627/2573
f 2708/2629/2575 2706/2627/2573 2709/2630/2576
f 1051/972/929 1048/969/926 1717/1638/1589
f 1049/970/927 1051/972/929 2710/2631/2577
f 1051/972/929 1717/1638/1589 2711/2632/2578
f 2711/2632/2578 2710/2631/2577 1051/972/929
f 2711/2632/2578 1717/1638/1589 1714/1635/1586
f 1050/971/928 1049/970/927 2712/2633/2579
f 2710/2631/2577 2712/2633/2579 1049/970/927
f 2712/2633/2579 2713/2634/2580 1050/971/928
f 2713/2634/2580 1046/967/924 1050/971/928
f 2711/2632/2578 1714/1635/1586 2714/2635/2581
f 2714/2635/2581 1714/1635/1586 1713/1634/1585
f 2710/2631/2577 2711/2632/2578 2715/2636/2582
f 2714/2635/2581 2715/2636/2582 2711/2632/2578
f 1046/967/924 2713/2634/2580 2716/2637/2583
f 1046/967/924 2716/2637/2583 1042/963/920
f 1389/1310/1262 1042/963/920 2716/2637/2583
f 2716/2637/2583 1394/1315/1267 1389/1310/1262
f 1394/1315/1267 2716/2637/2583 2713/2634/2580
f 2717/2638/2584 1394/1315/1267 2713/2634/2580
f 2712/2633/2579 2717/2638/2584 2713/2634/2580
f 2717/2638/2584 2718/2639/2585 1394/1315/1267
f 1396/1317/1269 1394/1315/1267 2718/2639/2585
f 2719/2640/2586 2717/2638/2584 2712/2633/2579
f 2712/2633/2579 2710/2631/2577 2719/2640/2586
f 2720/2641/2587 2718/2639/2585 2717/2638/2584
f 2719/2640/2586 2720/2641/2587 2717/2638/2584
f 2718/2639/2585 2721/2642/2588 1396/1317/1269
f 1397/1318/1270 1396/1317/1269 2721/2642/2588
f 2720/2641/2587 2722/2643/2589 2718/2639/2585
f 2721/2642/2588 2718/2639/2585 2722/2643/2589
f 2719/2640/2586 2723/2644/2590 2720/2641/2587
f 2723/2644/2590 2722/2643/2589 2720/2641/2587
f 2724/2645/2591 2719/2640/2586 2710/2631/2577
f 2723/2644/2590 2719/2640/2586 2724/2645/2591
f 2715/2636/2582 2724/2645/2591 2710/2631/2577
f 2723/2644/2590 2725/2646/2592 2722/2643/2589
f 2725/2646/2592 2721/2642/2588 2722/2643/2589
f 2726/2647/2593 2724/2645/2591 2715/2636/2582
f 2715/2636/2582 2714/2635/2581 2726/2647/2593
f 2727/2648/2594 2723/2644/2590 2724/2645/2591
f 2724/2645/2591 2726/2647/2593 2727/2648/2594
f 2728/2649/2595 2725/2646/2592 2723/2644/2590
f 2727/2648/2594 2728/2649/2595 2723/2644/2590
f 2725/2646/2592 2729/2650/2596 2721/2642/2588
f 2729/2650/2596 1397/1318/1270 2721/2642/2588
f 2728/2649/2595 2730/2651/2597 2725/2646/2592
f 2730/2651/2597 2729/2650/2596 2725/2646/2592
f 2729/2650/2596 2731/2652/2598 1397/1318/1270
f 1399/1320/1272 1397/1318/1270 2731/2652/2598
f 2730/2651/2597 2732/2653/2599 2729/2650/2596
f 2732/2653/2599 2731/2652/2598 2729/2650/2596
f 1407/1328/1280 1399/1320/1272 2731/2652/2598
f 2732/2653/2599 1407/1328/1280 2731/2652/2598
f 2733/2654/2600 2730/2651/2597 2728/2649/2595
f 2734/2655/2601 2732/2653/2599 2730/2651/2597
f 2733/2654/2600 2734/2655/2601 2730/2651/2597
f 2734/2655/2601 2735/2656/2602 2732/2653/2599
f 2735/2656/2602 1407/1328/1280 2732/2653/2599
f 2736/2657/2603 2734/2655/2601 2733/2654/2600
f 2735/2656/2602 2737/2658/2604 1407/1328/1280
f 2737/2658/2604 1406/1327/1279 1407/1328/1280
f 2737/2658/2604 1409/1330/1282 1406/1327/1279
f 2738/2659/2605 2735/2656/2602 2734/2655/2601
f 2736/2657/2603 2738/2659/2605 2734/2655/2601
f 2739/2660/2606 2737/2658/2604 2735/2656/2602
f 2738/2659/2605 2739/2660/2606 2735/2656/2602
f 2740/2661/2607 1409/1330/1282 2737/2658/2604
f 2739/2660/2606 2740/2661/2607 2737/2658/2604
f 2740/2661/2607 2741/2662/2608 1409/1330/1282
f 2741/2662/2608 1405/1326/1278 1409/1330/1282
f 2742/2663/2609 2740/2661/2607 2739/2660/2606
f 2741/2662/2608 2743/2664/2610 1405/1326/1278
f 1408/1329/1281 1405/1326/1278 2743/2664/2610
f 2744/2665/2611 2741/2662/2608 2740/2661/2607
f 2742/2663/2609 2744/2665/2611 2740/2661/2607
f 2745/2666/2612 2743/2664/2610 2741/2662/2608
f 2744/2665/2611 2745/2666/2612 2741/2662/2608
f 2746/2667/2613 1408/1329/1281 2743/2664/2610
f 2745/2666/2612 2746/2667/2613 2743/2664/2610
f 2746/2667/2613 1411/1332/1284 1408/1329/1281
f 2747/2668/2614 2742/2663/2609 2739/2660/2606
f 2747/2668/2614 2739/2660/2606 2738/2659/2605
f 2067/1988/1937 1411/1332/1284 2746/2667/2613
f 2067/1988/1937 1426/1347/1299 1411/1332/1284
f 2068/1989/1938 2746/2667/2613 2745/2666/2612
f 2068/1989/1938 2067/1988/1937 2746/2667/2613
f 2071/1992/1941 2068/1989/1938 2745/2666/2612
f 2071/1992/1941 2745/2666/2612 2744/2665/2611
f 2139/2060/2009 2089/2010/1959 2748/2669/2615
f 2748/2669/2615 2089/2010/1959 2084/2005/1954
f 2749/2670/2616 2139/2060/2009 2748/2669/2615
f 2140/2061/2010 2139/2060/2009 2749/2670/2616
f 2750/2671/2617 2140/2061/2010 2749/2670/2616
f 2748/2669/2615 2084/2005/1954 2751/2672/2618
f 2751/2672/2618 2084/2005/1954 2079/2000/1949
f 2749/2670/2616 2748/2669/2615 2752/2673/2619
f 2752/2673/2619 2748/2669/2615 2751/2672/2618
f 2750/2671/2617 2749/2670/2616 2753/2674/2620
f 2753/2674/2620 2749/2670/2616 2752/2673/2619
f 2754/2675/2621 2750/2671/2617 2753/2674/2620
f 2751/2672/2618 2079/2000/1949 2755/2676/2622
f 2755/2676/2622 2079/2000/1949 2077/1998/1947
f 2752/2673/2619 2751/2672/2618 2756/2677/2623
f 2756/2677/2623 2751/2672/2618 2755/2676/2622
f 2753/2674/2620 2752/2673/2619 2757/2678/2624
f 2757/2678/2624 2752/2673/2619 2756/2677/2623
f 2754/2675/2621 2753/2674/2620 2758/2679/2625
f 2758/2679/2625 2753/2674/2620 2757/2678/2624
f 2758/2679/2625 2759/2680/2626 2754/2675/2621
f 2755/2676/2622 2077/1998/1947 2760/2681/2627
f 2760/2681/2627 2077/1998/1947 2074/1995/1944
f 2756/2677/2623 2755/2676/2622 2761/2682/2628
f 2761/2682/2628 2755/2676/2622 2760/2681/2627
f 2759/2680/2626 2758/2679/2625 2762/2683/2629
f 2763/2684/2630 2756/2677/2623 2761/2682/2628
f 2757/2678/2624 2756/2677/2623 2763/2684/2630
f 2762/2683/2629 2764/2685/2631 2759/2680/2626
f 2758/2679/2625 2757/2678/2624 2765/2686/2632
f 2765/2686/2632 2762/2683/2629 2758/2679/2625
f 2765/2686/2632 2757/2678/2624 2763/2684/2630
f 2762/2683/2629 2766/2687/2633 2764/2685/2631
f 2766/2687/2633 2767/2688/2634 2764/2685/2631
f 2762/2683/2629 2765/2686/2632 2768/2689/2635
f 2768/2689/2635 2766/2687/2633 2762/2683/2629
f 2765/2686/2632 2763/2684/2630 2769/2690/2636
f 2769/2690/2636 2768/2689/2635 2765/2686/2632
f 2769/2690/2636 2763/2684/2630 2770/2691/2637
f 2763/2684/2630 2761/2682/2628 2770/2691/2637
f 2766/2687/2633 2771/2692/2638 2767/2688/2634
f 2772/2693/2639 2767/2688/2634 2771/2692/2638
f 2768/2689/2635 2773/2694/2640 2766/2687/2633
f 2773/2694/2640 2771/2692/2638 2766/2687/2633
f 2768/2689/2635 2769/2690/2636 2774/2695/2641
f 2774/2695/2641 2773/2694/2640 2768/2689/2635
f 2775/2696/2642 2774/2695/2641 2769/2690/2636
f 2769/2690/2636 2770/2691/2637 2775/2696/2642
f 2771/2692/2638 2776/2697/2643 2772/2693/2639
f 2777/2698/2644 2772/2693/2639 2776/2697/2643
f 2773/2694/2640 2778/2699/2645 2771/2692/2638
f 2776/2697/2643 2771/2692/2638 2778/2699/2645
f 2774/2695/2641 2779/2700/2646 2773/2694/2640
f 2779/2700/2646 2778/2699/2645 2773/2694/2640
f 2780/2701/2647 2779/2700/2646 2774/2695/2641
f 2774/2695/2641 2775/2696/2642 2780/2701/2647
f 2779/2700/2646 2781/2702/2648 2778/2699/2645
f 2778/2699/2645 2782/2703/2649 2776/2697/2643
f 2782/2703/2649 2778/2699/2645 2781/2702/2648
f 2783/2704/2650 2781/2702/2648 2779/2700/2646
f 2780/2701/2647 2783/2704/2650 2779/2700/2646
f 2709/2630/2576 2656/2577/2523 2654/2575/2521
f 2707/2628/2574 2708/2629/2575 2784/2705/2651
f 2654/2575/2521 2785/2706/2652 2709/2630/2576
f 2785/2706/2652 2654/2575/2521 2653/2574/2520
f 2709/2630/2576 2786/2707/2653 2708/2629/2575
f 2786/2707/2653 2709/2630/2576 2785/2706/2652
f 2708/2629/2575 2787/2708/2369 2784/2705/2651
f 2787/2708/2369 2708/2629/2575 2786/2707/2653
f 2784/2705/2651 2788/2709/2654 2707/2628/2574
f 2703/2624/2570 2707/2628/2574 2788/2709/2654
f 2787/2708/2369 2789/2710/2655 2784/2705/2651
f 2788/2709/2654 2784/2705/2651 2789/2710/2655
f 2788/2709/2654 2790/2711/2656 2703/2624/2570
f 2701/2622/2568 2703/2624/2570 2790/2711/2656
f 2789/2710/2655 2791/2712/2657 2788/2709/2654
f 2790/2711/2656 2788/2709/2654 2791/2712/2657
f 2789/2710/2655 2787/2708/2369 2792/2713/2658
f 2786/2707/2653 2793/2714/2659 2787/2708/2369
f 2793/2714/2659 2792/2713/2658 2787/2708/2369
f 2792/2713/2658 2794/2715/2660 2789/2710/2655
f 2791/2712/2657 2789/2710/2655 2794/2715/2660
f 2794/2715/2660 2792/2713/2658 2795/2716/2661
f 2796/2717/2662 2790/2711/2656 2791/2712/2657
f 2797/2718/2663 2791/2712/2657 2794/2715/2660
f 2791/2712/2657 2797/2718/2663 2796/2717/2662
f 2794/2715/2660 2798/2719/2664 2797/2718/2663
f 2798/2719/2664 2794/2715/2660 2795/2716/2661
f 2799/2720/2665 2795/2716/2661 2792/2713/2658
f 2792/2713/2658 2793/2714/2659 2799/2720/2665
f 2795/2716/2661 2800/2721/2666 2798/2719/2664
f 2795/2716/2661 2799/2720/2665 2801/2722/2667
f 2800/2721/2666 2795/2716/2661 2801/2722/2667
f 2793/2714/2659 2802/2723/2668 2799/2720/2665
f 2802/2723/2668 2801/2722/2667 2799/2720/2665
f 2801/2722/2667 2803/2724/2669 2800/2721/2666
f 2801/2722/2667 2802/2723/2668 2804/2725/2670
f 2803/2724/2669 2801/2722/2667 2804/2725/2670
f 2802/2723/2668 2805/2726/2671 2804/2725/2670
f 2802/2723/2668 2793/2714/2659 2806/2727/2672
f 2806/2727/2672 2805/2726/2671 2802/2723/2668
f 2807/2728/2673 2806/2727/2672 2793/2714/2659
f 2793/2714/2659 2786/2707/2653 2807/2728/2673
f 2785/2706/2652 2807/2728/2673 2786/2707/2653
f 2807/2728/2673 2785/2706/2652 2808/2729/2674
f 2653/2574/2520 2808/2729/2674 2785/2706/2652
f 2806/2727/2672 2807/2728/2673 2809/2730/2675
f 2808/2729/2674 2809/2730/2675 2807/2728/2673
f 2808/2729/2674 2653/2574/2520 1474/1395/1347
f 2653/2574/2520 1481/1402/1354 1474/1395/1347
f 2809/2730/2675 2808/2729/2674 1471/1392/1344
f 1474/1395/1347 1471/1392/1344 2808/2729/2674
f 2809/2730/2675 2810/2731/2676 2806/2727/2672
f 2805/2726/2671 2806/2727/2672 2810/2731/2676
f 1471/1392/1344 1472/1393/1345 2809/2730/2675
f 2810/2731/2676 2809/2730/2675 1472/1393/1345
f 2810/2731/2676 2811/2732/2677 2805/2726/2671
f 2811/2732/2677 2810/2731/2676 2812/2733/2678
f 1472/1393/1345 2812/2733/2678 2810/2731/2676
f 2813/2734/2679 2805/2726/2671 2811/2732/2677
f 2812/2733/2678 1472/1393/1345 1473/1394/1346
f 2805/2726/2671 2813/2734/2679 2814/2735/2680
f 2815/2736/2681 2814/2735/2680 2813/2734/2679
f 2804/2725/2670 2805/2726/2671 2814/2735/2680
f 2814/2735/2680 2815/2736/2681 2816/2737/2682
f 2816/2737/2682 2804/2725/2670 2814/2735/2680
f 2817/2738/2683 2816/2737/2682 2815/2736/2681
f 2804/2725/2670 2816/2737/2682 2803/2724/2669
f 2816/2737/2682 2817/2738/2683 2818/2739/2684
f 2818/2739/2684 2803/2724/2669 2816/2737/2682
f 2819/2740/2685 2818/2739/2684 2817/2738/2683
f 2818/2739/2684 2819/2740/2685 2820/2741/2686
f 2821/2742/2687 2820/2741/2686 2819/2740/2685
f 2803/2724/2669 2818/2739/2684 2822/2743/2688
f 2820/2741/2686 2822/2743/2688 2818/2739/2684
f 2820/2741/2686 2821/2742/2687 2823/2744/2689
f 2824/2745/2690 2823/2744/2689 2821/2742/2687
f 2822/2743/2688 2820/2741/2686 2825/2746/2691
f 2823/2744/2689 2825/2746/2691 2820/2741/2686
f 2826/2747/2692 2803/2724/2669 2822/2743/2688
f 2803/2724/2669 2826/2747/2692 2800/2721/2666
f 2827/2748/2693 2822/2743/2688 2825/2746/2691
f 2822/2743/2688 2827/2748/2693 2826/2747/2692
f 2825/2746/2691 2823/2744/2689 2828/2749/2694
f 2828/2749/2694 2827/2748/2693 2825/2746/2691
f 2823/2744/2689 2824/2745/2690 2829/2750/2695
f 2829/2750/2695 2828/2749/2694 2823/2744/2689
f 2830/2751/2696 2829/2750/2695 2824/2745/2690
f 2831/2752/2697 2800/2721/2666 2826/2747/2692
f 2800/2721/2666 2831/2752/2697 2798/2719/2664
f 2832/2753/2698 2826/2747/2692 2827/2748/2693
f 2826/2747/2692 2832/2753/2698 2831/2752/2697
f 2827/2748/2693 2828/2749/2694 2833/2754/2699
f 2833/2754/2699 2832/2753/2698 2827/2748/2693
f 2828/2749/2694 2829/2750/2695 2834/2755/2700
f 2834/2755/2700 2833/2754/2699 2828/2749/2694
f 2829/2750/2695 2830/2751/2696 2835/2756/2701
f 2835/2756/2701 2834/2755/2700 2829/2750/2695
f 2836/2757/2702 2835/2756/2701 2830/2751/2696
f 2835/2756/2701 2836/2757/2702 2837/2758/2703
f 2838/2759/2704 2837/2758/2703 2836/2757/2702
f 2834/2755/2700 2835/2756/2701 2839/2760/2705
f 2837/2758/2703 2839/2760/2705 2835/2756/2701
f 2833/2754/2699 2834/2755/2700 2840/2761/2706
f 2839/2760/2705 2840/2761/2706 2834/2755/2700
f 2840/2761/2706 2841/2762/2707 2833/2754/2699
f 2832/2753/2698 2833/2754/2699 2841/2762/2707
f 2837/2758/2703 2838/2759/2704 2842/2763/2708
f 2843/2764/2709 2842/2763/2708 2838/2759/2704
f 2839/2760/2705 2837/2758/2703 2844/2765/2710
f 2842/2763/2708 2844/2765/2710 2837/2758/2703
f 2841/2762/2707 2845/2766/2711 2832/2753/2698
f 2842/2763/2708 2843/2764/2709 2846/2767/2712
f 2845/2766/2711 2831/2752/2697 2832/2753/2698
f 2847/2768/2713 2846/2767/2712 2843/2764/2709
f 2846/2767/2712 2848/2769/2714 2842/2763/2708
f 2844/2765/2710 2842/2763/2708 2848/2769/2714
f 2846/2767/2712 2847/2768/2713 2849/2770/2715
f 2847/2768/2713 1277/1198/1153 2849/2770/2715
f 2848/2769/2714 2846/2767/2712 2850/2771/2716
f 2849/2770/2715 2850/2771/2716 2846/2767/2712
f 1277/1198/1153 2847/2768/2713 1276/1197/1152
f 2850/2771/2716 2849/2770/2715 2851/2772/2717
f 2851/2772/2717 2849/2770/2715 1277/1198/1153
f 2850/2771/2716 2852/2773/2718 2848/2769/2714
f 2848/2769/2714 2853/2774/2719 2844/2765/2710
f 2853/2774/2719 2848/2769/2714 2852/2773/2718
f 2854/2775/2720 2844/2765/2710 2853/2774/2719
f 2844/2765/2710 2854/2775/2720 2839/2760/2705
f 2840/2761/2706 2839/2760/2705 2854/2775/2720
f 2854/2775/2720 2855/2776/2721 2840/2761/2706
f 2841/2762/2707 2840/2761/2706 2855/2776/2721
f 2853/2774/2719 2856/2777/2722 2854/2775/2720
f 2855/2776/2721 2854/2775/2720 2856/2777/2722
f 2856/2777/2722 2853/2774/2719 2857/2778/2723
f 2852/2773/2718 2857/2778/2723 2853/2774/2719
f 2858/2779/2724 2855/2776/2721 2856/2777/2722
f 2855/2776/2721 2859/2780/2725 2841/2762/2707
f 2860/2781/2726 2856/2777/2722 2857/2778/2723
f 2856/2777/2722 2860/2781/2726 2858/2779/2724
f 2855/2776/2721 2858/2779/2724 2861/2782/2727
f 2859/2780/2725 2855/2776/2721 2861/2782/2727
f 2845/2766/2711 2841/2762/2707 2859/2780/2725
f 2862/2783/2728 2861/2782/2727 2858/2779/2724
f 2863/2784/2729 2858/2779/2724 2860/2781/2726
f 2858/2779/2724 2863/2784/2729 2862/2783/2728
f 2864/2785/2730 2859/2780/2725 2861/2782/2727
f 2861/2782/2727 2862/2783/2728 2864/2785/2730
f 2865/2786/2280 2845/2766/2711 2859/2780/2725
f 2859/2780/2725 2864/2785/2730 2865/2786/2280
f 2845/2766/2711 2865/2786/2280 2866/2787/2731
f 2867/2788/2732 2864/2785/2730 2862/2783/2728
f 2868/2789/2733 2865/2786/2280 2864/2785/2730
f 2864/2785/2730 2867/2788/2732 2868/2789/2733
f 2865/2786/2280 2868/2789/2733 2869/2790/2734
f 2869/2790/2734 2866/2787/2731 2865/2786/2280
f 2866/2787/2731 2870/2791/2735 2845/2766/2711
f 2831/2752/2697 2845/2766/2711 2870/2791/2735
f 2870/2791/2735 2798/2719/2664 2831/2752/2697
f 2798/2719/2664 2870/2791/2735 2797/2718/2663
f 2871/2792/2736 2797/2718/2663 2870/2791/2735
f 2870/2791/2735 2866/2787/2731 2871/2792/2736
f 2797/2718/2663 2871/2792/2736 2796/2717/2662
f 2866/2787/2731 2869/2790/2734 2872/2793/2737
f 2872/2793/2737 2871/2792/2736 2866/2787/2731
f 2871/2792/2736 2872/2793/2737 2873/2794/2738
f 2873/2794/2738 2796/2717/2662 2871/2792/2736
f 2796/2717/2662 2873/2794/2738 2874/2795/2739
f 2790/2711/2656 2796/2717/2662 2874/2795/2739
f 2875/2796/2740 2874/2795/2739 2873/2794/2738
f 2876/2797/2741 2790/2711/2656 2874/2795/2739
f 2874/2795/2739 2875/2796/2740 2876/2797/2741
f 2790/2711/2656 2876/2797/2741 2701/2622/2568
f 2877/2798/2742 2701/2622/2568 2876/2797/2741
f 2875/2796/2740 2877/2798/2742 2876/2797/2741
f 2701/2622/2568 2877/2798/2742 2699/2620/2566
f 2700/2621/2567 2699/2620/2566 2877/2798/2742
f 2877/2798/2742 2875/2796/2740 2878/2799/2743
f 2878/2799/2743 2700/2621/2567 2877/2798/2742
f 2873/2794/2738 2879/2800/2744 2875/2796/2740
f 2879/2800/2744 2873/2794/2738 2872/2793/2737
f 2875/2796/2740 2880/2801/2745 2878/2799/2743
f 2880/2801/2745 2875/2796/2740 2879/2800/2744
f 2700/2621/2567 2878/2799/2743 2881/2802/2746
f 2880/2801/2745 2881/2802/2746 2878/2799/2743
f 2882/2803/2747 2700/2621/2567 2881/2802/2746
f 2881/2802/2746 2880/2801/2745 2883/2804/2748
f 2883/2804/2748 2882/2803/2747 2881/2802/2746
f 2872/2793/2737 2884/2805/2749 2879/2800/2744
f 2884/2805/2749 2872/2793/2737 2869/2790/2734
f 2879/2800/2744 2885/2806/2750 2880/2801/2745
f 2885/2806/2750 2879/2800/2744 2884/2805/2749
f 2880/2801/2745 2886/2807/2751 2883/2804/2748
f 2886/2807/2751 2880/2801/2745 2885/2806/2750
f 2869/2790/2734 2887/2808/2752 2884/2805/2749
f 2887/2808/2752 2869/2790/2734 2868/2789/2733
f 2884/2805/2749 2888/2809/2753 2885/2806/2750
f 2888/2809/2753 2884/2805/2749 2887/2808/2752
f 2889/2810/2754 2885/2806/2750 2888/2809/2753
f 2886/2807/2751 2885/2806/2750 2889/2810/2754
f 2887/2808/2752 2890/2811/2755 2888/2809/2753
f 2890/2811/2755 2889/2810/2754 2888/2809/2753
f 2868/2789/2733 2891/2812/2756 2887/2808/2752
f 2890/2811/2755 2887/2808/2752 2891/2812/2756
f 2891/2812/2756 2868/2789/2733 2867/2788/2732
f 2889/2810/2754 2890/2811/2755 2892/2813/2757
f 2891/2812/2756 2893/2814/2758 2890/2811/2755
f 2894/2815/2759 2886/2807/2751 2889/2810/2754
f 2867/2788/2732 2895/2816/2760 2891/2812/2756
f 2893/2814/2758 2891/2812/2756 2895/2816/2760
f 2895/2816/2760 2867/2788/2732 2896/2817/2761
f 2862/2783/2728 2896/2817/2761 2867/2788/2732
f 2896/2817/2761 2862/2783/2728 2863/2784/2729
f 2896/2817/2761 2897/2818/2762 2895/2816/2760
f 2863/2784/2729 2898/2819/2763 2896/2817/2761
f 2897/2818/2762 2896/2817/2761 2898/2819/2763
f 2898/2819/2763 2863/2784/2729 2899/2820/2764
f 2860/2781/2726 2899/2820/2764 2863/2784/2729
f 2895/2816/2760 2900/2821/2765 2893/2814/2758
f 2900/2821/2765 2895/2816/2760 2897/2818/2762
f 2899/2820/2764 2860/2781/2726 2901/2822/2766
f 2857/2778/2723 2901/2822/2766 2860/2781/2726
f 2899/2820/2764 2902/2823/2767 2898/2819/2763
f 2901/2822/2766 2857/2778/2723 2903/2824/2768
f 2857/2778/2723 2852/2773/2718 2903/2824/2768
f 2901/2822/2766 2904/2825/2769 2899/2820/2764
f 2902/2823/2767 2899/2820/2764 2904/2825/2769
f 2903/2824/2768 2905/2826/2770 2901/2822/2766
f 2904/2825/2769 2901/2822/2766 2905/2826/2770
f 2852/2773/2718 2906/2827/2771 2903/2824/2768
f 2905/2826/2770 2903/2824/2768 2906/2827/2771
f 2906/2827/2771 2852/2773/2718 2907/2828/2772
f 2852/2773/2718 2850/2771/2716 2907/2828/2772
f 2850/2771/2716 2908/2829/2773 2907/2828/2772
f 2908/2829/2773 2850/2771/2716 2851/2772/2717
f 2907/2828/2772 2909/2830/2774 2906/2827/2771
f 2909/2830/2774 2907/2828/2772 2908/2829/2773
f 2906/2827/2771 2910/2831/2775 2905/2826/2770
f 2910/2831/2775 2906/2827/2771 2909/2830/2774
f 2911/2832/2776 2905/2826/2770 2910/2831/2775
f 2905/2826/2770 2911/2832/2776 2904/2825/2769
f 2908/2829/2773 2851/2772/2717 1282/1203/1157
f 1282/1203/1157 2851/2772/2717 1277/1198/1153
f 2908/2829/2773 2912/2833/2777 2909/2830/2774
f 2913/2834/2778 2908/2829/2773 1282/1203/1157
f 2912/2833/2777 2908/2829/2773 2913/2834/2778
f 2914/2835/2779 2904/2825/2769 2911/2832/2776
f 2904/2825/2769 2914/2835/2779 2902/2823/2767
f 2915/2836/2780 2909/2830/2774 2912/2833/2777
f 2909/2830/2774 2915/2836/2780 2910/2831/2775
f 2910/2831/2775 2916/2837/2781 2911/2832/2776
f 2916/2837/2781 2910/2831/2775 2915/2836/2780
f 2911/2832/2776 2917/2838/2782 2914/2835/2779
f 2917/2838/2782 2911/2832/2776 2916/2837/2781
f 2918/2839/2783 2917/2838/2782 2916/2837/2781
f 2915/2836/2780 2918/2839/2783 2916/2837/2781
f 2912/2833/2777 2919/2840/2784 2915/2836/2780
f 2918/2839/2783 2915/2836/2780 2919/2840/2784
f 2919/2840/2784 2912/2833/2777 2920/2841/2785
f 2913/2834/2778 2920/2841/2785 2912/2833/2777
f 2919/2840/2784 2921/2842/2786 2918/2839/2783
f 2920/2841/2785 2913/2834/2778 1283/1204/1158
f 1282/1203/1157 1283/1204/1158 2913/2834/2778
f 2920/2841/2785 2922/2843/2787 2919/2840/2784
f 2921/2842/2786 2919/2840/2784 2922/2843/2787
f 1283/1204/1158 2923/2844/2788 2920/2841/2785
f 2922/2843/2787 2920/2841/2785 2923/2844/2788
f 2922/2843/2787 2924/2845/2789 2921/2842/2786
f 2924/2845/2789 2922/2843/2787 2925/2846/646
f 2923/2844/2788 2925/2846/646 2922/2843/2787
f 2926/2847/2790 2921/2842/2786 2924/2845/2789
f 2925/2846/646 2923/2844/2788 2927/2848/649
f 2921/2842/2786 2926/2847/2790 2928/2849/2791
f 2928/2849/2791 2918/2839/2783 2921/2842/2786
f 2929/2850/2792 2928/2849/2791 2926/2847/2790
f 1280/1201/1155 2927/2848/649 2923/2844/2788
f 2923/2844/2788 1283/1204/1158 1280/1201/1155
f 2927/2848/649 1280/1201/1155 2930/2851/2793
f 1280/1201/1155 1279/1200/655 2930/2851/2793
f 2918/2839/2783 2928/2849/2791 2931/2852/2794
f 2917/2838/2782 2918/2839/2783 2931/2852/2794
f 2928/2849/2791 2929/2850/2792 2932/2853/2795
f 2932/2853/2795 2931/2852/2794 2928/2849/2791
f 2933/2854/2796 2932/2853/2795 2929/2850/2792
f 2931/2852/2794 2934/2855/2797 2917/2838/2782
f 2932/2853/2795 2933/2854/2796 2935/2856/2798
f 2931/2852/2794 2932/2853/2795 2936/2857/2799
f 2934/2855/2797 2931/2852/2794 2936/2857/2799
f 2935/2856/2798 2936/2857/2799 2932/2853/2795
f 2934/2855/2797 2914/2835/2779 2917/2838/2782
f 2937/2858/2800 2935/2856/2798 2933/2854/2796
f 2914/2835/2779 2934/2855/2797 2938/2859/2801
f 2938/2859/2801 2902/2823/2767 2914/2835/2779
f 2936/2857/2799 2939/2860/2802 2934/2855/2797
f 2939/2860/2802 2938/2859/2801 2934/2855/2797
f 2936/2857/2799 2935/2856/2798 2940/2861/2803
f 2939/2860/2802 2936/2857/2799 2940/2861/2803
f 2935/2856/2798 2937/2858/2800 2941/2862/2804
f 2942/2863/2805 2941/2862/2804 2937/2858/2800
f 2935/2856/2798 2943/2864/2806 2940/2861/2803
f 2943/2864/2806 2935/2856/2798 2941/2862/2804
f 2940/2861/2803 2944/2865/2807 2939/2860/2802
f 2944/2865/2807 2940/2861/2803 2943/2864/2806
f 2938/2859/2801 2939/2860/2802 2945/2866/2808
f 2944/2865/2807 2945/2866/2808 2939/2860/2802
f 2941/2862/2804 2942/2863/2805 2946/2867/2809
f 2945/2866/2808 2947/2868/2810 2938/2859/2801
f 2902/2823/2767 2938/2859/2801 2947/2868/2810
f 2947/2868/2810 2898/2819/2763 2902/2823/2767
f 2898/2819/2763 2947/2868/2810 2897/2818/2762
f 2948/2869/2811 2897/2818/2762 2947/2868/2810
f 2947/2868/2810 2945/2866/2808 2948/2869/2811
f 2897/2818/2762 2948/2869/2811 2900/2821/2765
f 2949/2870/2812 2948/2869/2811 2945/2866/2808
f 2945/2866/2808 2944/2865/2807 2949/2870/2812
f 2950/2871/2813 2900/2821/2765 2948/2869/2811
f 2950/2871/2813 2948/2869/2811 2949/2870/2812
f 2951/2872/2814 2900/2821/2765 2950/2871/2813
f 2951/2872/2814 2893/2814/2758 2900/2821/2765
f 2952/2873/2815 2950/2871/2813 2949/2870/2812
f 2952/2873/2815 2949/2870/2812 2944/2865/2807
f 2953/2874/2816 2951/2872/2814 2950/2871/2813
f 2953/2874/2816 2950/2871/2813 2952/2873/2815
f 2954/2875/2817 2893/2814/2758 2951/2872/2814
f 2954/2875/2817 2890/2811/2755 2893/2814/2758
f 2892/2813/2757 2890/2811/2755 2954/2875/2817
f 2955/2876/2818 2954/2875/2817 2951/2872/2814
f 2955/2876/2818 2951/2872/2814 2953/2874/2816
f 2956/2877/2819 2892/2813/2757 2954/2875/2817
f 2956/2877/2819 2954/2875/2817 2955/2876/2818
f 2892/2813/2757 2956/2877/2819 2957/2878/2820
f 2957/2878/2820 2889/2810/2754 2892/2813/2757
f 2955/2876/2818 2958/2879/2821 2956/2877/2819
f 2958/2879/2821 2957/2878/2820 2956/2877/2819
f 2894/2815/2759 2889/2810/2754 2957/2878/2820
f 2957/2878/2820 2958/2879/2821 2959/2880/2822
f 2959/2880/2822 2894/2815/2759 2957/2878/2820
f 2958/2879/2821 2955/2876/2818 2960/2881/2823
f 2960/2881/2823 2955/2876/2818 2961/2882/2824
f 2961/2882/2824 2955/2876/2818 2953/2874/2816
f 2962/2883/2825 2958/2879/2821 2960/2881/2823
f 2963/2884/2826 2960/2881/2823 2961/2882/2824
f 2960/2881/2823 2963/2884/2826 2962/2883/2825
f 2961/2882/2824 2953/2874/2816 2964/2885/2827
f 2964/2885/2827 2953/2874/2816 2952/2873/2815
f 2961/2882/2824 2965/2886/2828 2963/2884/2826
f 2965/2886/2828 2961/2882/2824 2964/2885/2827
f 2958/2879/2821 2962/2883/2825 2966/2887/2829
f 2966/2887/2829 2959/2880/2822 2958/2879/2821
f 2964/2885/2827 2952/2873/2815 2967/2888/2830
f 2967/2888/2830 2952/2873/2815 2944/2865/2807
f 2943/2864/2806 2967/2888/2830 2944/2865/2807
f 2968/2889/2831 2964/2885/2827 2967/2888/2830
f 2965/2886/2828 2964/2885/2827 2968/2889/2831
f 2967/2888/2830 2943/2864/2806 2969/2890/2832
f 2941/2862/2804 2969/2890/2832 2943/2864/2806
f 2969/2890/2832 2941/2862/2804 2946/2867/2809
f 2970/2891/2833 2967/2888/2830 2969/2890/2832
f 2968/2889/2831 2967/2888/2830 2970/2891/2833
f 2971/2892/2834 2969/2890/2832 2946/2867/2809
f 2969/2890/2832 2971/2892/2834 2970/2891/2833
f 2971/2892/2834 2946/2867/2809 2942/2863/2805
f 2971/2892/2834 2942/2863/2805 2972/2893/2835
f 2973/2894/2836 2971/2892/2834 2972/2893/2835
f 2973/2894/2836 2970/2891/2833 2971/2892/2834
f 2973/2894/2836 2972/2893/2835 2974/2895/2837
f 2975/2896/2838 2968/2889/2831 2970/2891/2833
f 2970/2891/2833 2973/2894/2836 2975/2896/2838
f 2976/2897/2839 2973/2894/2836 2974/2895/2837
f 2976/2897/2839 2975/2896/2838 2973/2894/2836
f 2976/2897/2839 2974/2895/2837 2977/2898/2840
f 2968/2889/2831 2975/2896/2838 2978/2899/2841
f 2978/2899/2841 2965/2886/2828 2968/2889/2831
f 2975/2896/2838 2976/2897/2839 2979/2900/2842
f 2979/2900/2842 2978/2899/2841 2975/2896/2838
f 2980/2901/2843 2976/2897/2839 2977/2898/2840
f 2980/2901/2843 2979/2900/2842 2976/2897/2839
f 2980/2901/2843 2977/2898/2840 2981/2902/2844
f 2982/2903/2845 2965/2886/2828 2978/2899/2841
f 2982/2903/2845 2963/2884/2826 2965/2886/2828
f 2978/2899/2841 2979/2900/2842 2983/2904/2846
f 2983/2904/2846 2982/2903/2845 2978/2899/2841
f 2979/2900/2842 2980/2901/2843 2984/2905/2847
f 2984/2905/2847 2983/2904/2846 2979/2900/2842
f 2985/2906/2848 2980/2901/2843 2981/2902/2844
f 2985/2906/2848 2981/2902/2844 2986/2907/596
f 2987/2908/2849 2985/2906/2848 2986/2907/596
f 2988/2909/2850 2980/2901/2843 2985/2906/2848
f 2980/2901/2843 2988/2909/2850 2984/2905/2847
f 2985/2906/2848 2987/2908/2849 2989/2910/2851
f 2989/2910/2851 2988/2909/2850 2985/2906/2848
f 2990/2911/610 2989/2910/2851 2987/2908/2849
f 2988/2909/2850 2991/2912/2852 2984/2905/2847
f 2983/2904/2846 2984/2905/2847 2991/2912/2852
f 2988/2909/2850 2989/2910/2851 2992/2913/2853
f 2989/2910/2851 2990/2911/610 2993/2914/2854
f 2993/2914/2854 2992/2913/2853 2989/2910/2851
f 2994/2915/2855 2993/2914/2854 2990/2911/610
f 2991/2912/2852 2995/2916/2856 2983/2904/2846
f 2995/2916/2856 2982/2903/2845 2983/2904/2846
f 2991/2912/2852 2988/2909/2850 2996/2917/2857
f 2992/2913/2853 2996/2917/2857 2988/2909/2850
f 2619/2540/2486 2486/2407/2353 2488/2409/2355
f 2487/2408/2354 2997/2918/2858 2488/2409/2355
f 2997/2918/2858 2619/2540/2486 2488/2409/2355
f 2487/2408/2354 2483/2404/2350 2998/2919/2859
f 2483/2404/2350 2469/2390/2336 2999/2920/2860
f 2999/2920/2860 2998/2919/2859 2483/2404/2350
f 2469/2390/2336 2470/2391/2337 2999/2920/2860
f 2999/2920/2860 2470/2391/2337 3000/2921/2861
f 3000/2921/2861 2470/2391/2337 2471/2392/2338
f 3001/2922/2862 2999/2920/2860 3000/2921/2861
f 2998/2919/2859 2999/2920/2860 3001/2922/2862
f 3000/2921/2861 3002/2923/2863 3001/2922/2862
f 2998/2919/2859 3003/2924/2864 2487/2408/2354
f 2997/2918/2858 2487/2408/2354 3003/2924/2864
f 2998/2919/2859 3001/2922/2862 3004/2925/2865
f 3001/2922/2862 3002/2923/2863 3004/2925/2865
f 3003/2924/2864 2998/2919/2859 3005/2926/2866
f 3004/2925/2865 3005/2926/2866 2998/2919/2859
f 3006/2927/2867 3005/2926/2866 3004/2925/2865
f 3002/2923/2863 3006/2927/2867 3004/2925/2865
f 3005/2926/2866 3007/2928/2868 3003/2924/2864
f 3005/2926/2866 3006/2927/2867 3007/2928/2868
f 3003/2924/2864 3008/2929/2869 2997/2918/2858
f 3003/2924/2864 3007/2928/2868 3008/2929/2869
f 2997/2918/2858 3008/2929/2869 3009/2930/2870
f 3000/2921/2861 3010/2931/2871 3002/2923/2863
f 2471/2392/2338 3010/2931/2871 3000/2921/2861
f 3006/2927/2867 3002/2923/2863 3011/2932/2872
f 3012/2933/2873 3002/2923/2863 3010/2931/2871
f 3002/2923/2863 3012/2933/2873 3011/2932/2872
f 3013/2934/2874 3006/2927/2867 3011/2932/2872
f 3014/2935/2875 3011/2932/2872 3012/2933/2873
f 3011/2932/2872 3014/2935/2875 3013/2934/2874
f 3006/2927/2867 3013/2934/2874 3015/2936/2876
f 3015/2936/2876 3007/2928/2868 3006/2927/2867
f 3007/2928/2868 3015/2936/2876 3016/2937/2877
f 3016/2937/2877 3008/2929/2869 3007/2928/2868
f 3017/2938/2878 3016/2937/2877 3015/2936/2876
f 3008/2929/2869 3016/2937/2877 3018/2939/2879
f 3018/2939/2879 3009/2930/2870 3008/2929/2869
f 3019/2940/2880 3018/2939/2879 3016/2937/2877
f 3016/2937/2877 3017/2938/2878 3019/2940/2880
f 3009/2930/2870 3018/2939/2879 3020/2941/2881
f 3021/2942/2882 3015/2936/2876 3013/2934/2874
f 3015/2936/2876 3021/2942/2882 3017/2938/2878
f 3013/2934/2874 3022/2943/2883 3021/2942/2882
f 3022/2943/2883 3013/2934/2874 3014/2935/2875
f 3018/2939/2879 3019/2940/2880 3023/2944/2884
f 3023/2944/2884 3020/2941/2881 3018/2939/2879
f 3017/2938/2878 3024/2945/2885 3019/2940/2880
f 3019/2940/2880 3025/2946/2886 3023/2944/2884
f 3025/2946/2886 3019/2940/2880 3024/2945/2885
f 3026/2947/2887 3027/2948/2888 3028/2949/2889
f 3029/2950/2890 3030/2951/2891 3027/2948/2888
f 3027/2948/2888 3026/2947/2887 3029/2950/2890
f 3031/2952/2892 3032/2953/2893 3030/2951/2891
f 3030/2951/2891 3029/2950/2890 3033/2954/2894
f 3033/2954/2894 3031/2952/2892 3030/2951/2891
f 3034/2955/2895 3029/2950/2890 3026/2947/2887
f 3035/2956/2896 3033/2954/2894 3029/2950/2890
f 3029/2950/2890 3034/2955/2895 3035/2956/2896
f 3026/2947/2887 3036/2957/2897 3034/2955/2895
f 3028/2949/2889 3037/2958/2898 3026/2947/2887
f 3036/2957/2897 3026/2947/2887 3037/2958/2898
f 3037/2958/2898 3028/2949/2889 3038/2959/2899
f 3028/2949/2889 3039/2960/2900 3038/2959/2899
f 3038/2959/2899 3040/2961/2901 3037/2958/2898
f 3040/2961/2901 3036/2957/2897 3037/2958/2898
f 3041/2962/2902 3038/2959/2899 3039/2960/2900
f 3039/2960/2900 3042/2963/2903 3041/2962/2902
f 3040/2961/2901 3038/2959/2899 3043/2964/2904
f 3038/2959/2899 3041/2962/2902 3043/2964/2904
f 3044/2965/2905 3041/2962/2902 3042/2963/2903
f 3042/2963/2903 3045/2966/2906 3044/2965/2905
f 3046/2967/2907 3043/2964/2904 3041/2962/2902
f 3041/2962/2902 3044/2965/2905 3046/2967/2907
f 3043/2964/2904 3047/2968/2908 3040/2961/2901
f 3045/2966/2906 3048/2969/2909 3044/2965/2905
f 3048/2969/2909 3046/2967/2907 3044/2965/2905
f 3043/2964/2904 3046/2967/2907 3049/2970/2910
f 3047/2968/2908 3043/2964/2904 3049/2970/2910
f 3050/2971/2911 3049/2970/2910 3046/2967/2907
f 3046/2967/2907 3048/2969/2909 3050/2971/2911
f 3049/2970/2910 3050/2971/2911 3051/2972/2912
f 3051/2972/2912 3047/2968/2908 3049/2970/2910
f 3047/2968/2908 3052/2973/2913 3040/2961/2901
f 3036/2957/2897 3040/2961/2901 3052/2973/2913
f 3047/2968/2908 3051/2972/2912 3053/2974/2914
f 3052/2973/2913 3047/2968/2908 3054/2975/2915
f 3053/2974/2914 3054/2975/2915 3047/2968/2908
f 3054/2975/2915 3055/2976/2916 3052/2973/2913
f 3052/2973/2913 3056/2977/2917 3036/2957/2897
f 3056/2977/2917 3052/2973/2913 3055/2976/2916
f 3057/2978/2918 3036/2957/2897 3056/2977/2917
f 3036/2957/2897 3057/2978/2918 3034/2955/2895
f 3055/2976/2916 2495/2416/2362 3056/2977/2917
f 3055/2976/2916 3054/2975/2915 2497/2418/2364
f 2497/2418/2364 2495/2416/2362 3055/2976/2916
f 3054/2975/2915 3053/2974/2914 2501/2422/2368
f 2501/2422/2368 2497/2418/2364 3054/2975/2915
f 3056/2977/2917 3058/2979/2919 3057/2978/2918
f 3056/2977/2917 2495/2416/2362 3058/2979/2919
f 3059/2980/2920 3034/2955/2895 3057/2978/2918
f 3034/2955/2895 3059/2980/2920 3035/2956/2896
f 3057/2978/2918 3058/2979/2919 3060/2981/2921
f 3057/2978/2918 3060/2981/2921 3059/2980/2920
f 2495/2416/2362 2271/2192/2139 3058/2979/2919
f 3058/2979/2919 2266/2187/2134 3060/2981/2921
f 3058/2979/2919 2271/2192/2139 2266/2187/2134
f 3059/2980/2920 3060/2981/2921 2260/2181/2128
f 3061/2982/2922 3035/2956/2896 3059/2980/2920
f 3059/2980/2920 2260/2181/2128 3061/2982/2922
f 3035/2956/2896 3061/2982/2922 3062/2983/2923
f 3033/2954/2894 3035/2956/2896 3062/2983/2923
f 3060/2981/2921 2266/2187/2134 2261/2182/2129
f 3060/2981/2921 2261/2182/2129 2260/2181/2128
f 3062/2983/2923 3063/2984/2924 3033/2954/2894
f 3031/2952/2892 3033/2954/2894 3063/2984/2924
f 3064/2985/2925 3062/2983/2923 3061/2982/2922
f 3061/2982/2922 2260/2181/2128 3065/2986/2926
f 3061/2982/2922 3065/2986/2926 3064/2985/2925
f 3063/2984/2924 3062/2983/2923 3066/2987/2927
f 3062/2983/2923 3064/2985/2925 3066/2987/2927
f 3066/2987/2927 3067/2988/2928 3063/2984/2924
f 3067/2988/2928 3031/2952/2892 3063/2984/2924
f 2260/2181/2128 2258/2179/2126 3065/2986/2926
f 3064/2985/2925 3065/2986/2926 2571/2492/2438
f 3065/2986/2926 2258/2179/2126 2571/2492/2438
f 3068/2989/2929 3066/2987/2927 3064/2985/2925
f 3064/2985/2925 2571/2492/2438 3068/2989/2929
f 3067/2988/2928 3066/2987/2927 3069/2990/2930
f 3066/2987/2927 3068/2989/2929 3069/2990/2930
f 3069/2990/2930 2552/2473/2419 3067/2988/2928
f 3031/2952/2892 3067/2988/2928 3070/2991/2931
f 2552/2473/2419 3070/2991/2931 3067/2988/2928
f 3071/2992/2932 3031/2952/2892 3070/2991/2931
f 3068/2989/2929 2571/2492/2438 2569/2490/2436
f 3072/2993/2933 3069/2990/2930 3068/2989/2929
f 3068/2989/2929 2569/2490/2436 3072/2993/2933
f 3069/2990/2930 3072/2993/2933 2553/2474/2420
f 2552/2473/2419 3069/2990/2930 2553/2474/2420
f 3072/2993/2933 2569/2490/2436 2560/2481/2427
f 3070/2991/2931 2552/2473/2419 2556/2477/2423
f 2556/2477/2423 3071/2992/2932 3070/2991/2931
f 2554/2475/2421 2553/2474/2420 3072/2993/2933
f 3072/2993/2933 2560/2481/2427 2554/2475/2421
f 2252/2173/2120 3073/2994/2934 2253/2174/2121
f 3073/2994/2934 3074/2995/2935 2253/2174/2121
f 3075/2996/2936 2252/2173/2120 2254/2175/2122
f 3075/2996/2936 3073/2994/2934 2252/2173/2120
f 2254/2175/2122 2255/2176/2123 3076/2997/2937
f 3076/2997/2937 3075/2996/2936 2254/2175/2122
f 3077/2998/2938 3076/2997/2937 2255/2176/2123
f 2255/2176/2123 2256/2177/2124 3077/2998/2938
f 3073/2994/2934 3078/2999/2939 3074/2995/2935
f 3078/2999/2939 3079/3000/2940 3074/2995/2935
f 3080/3001/2941 3073/2994/2934 3075/2996/2936
f 3080/3001/2941 3078/2999/2939 3073/2994/2934
f 3075/2996/2936 3076/2997/2937 3081/3002/2942
f 3081/3002/2942 3080/3001/2941 3075/2996/2936
f 3082/3003/2943 3081/3002/2942 3076/2997/2937
f 3076/2997/2937 3077/2998/2938 3082/3003/2943
f 3080/3001/2941 3081/3002/2942 3083/3004/2944
f 3078/2999/2939 3084/3005/2945 3079/3000/2940
f 3085/3006/2946 3078/2999/2939 3080/3001/2941
f 3085/3006/2946 3084/3005/2945 3078/2999/2939
f 3083/3004/2944 3085/3006/2946 3080/3001/2941
f 3084/3005/2945 3086/3007/2947 3079/3000/2940
f 3081/3002/2942 3082/3003/2943 3087/3008/2948
f 3087/3008/2948 3083/3004/2944 3081/3002/2942
f 3084/3005/2945 3088/3009/2949 3086/3007/2947
f 3088/3009/2949 3089/3010/2950 3086/3007/2947
f 3090/3011/2951 3084/3005/2945 3085/3006/2946
f 3090/3011/2951 3088/3009/2949 3084/3005/2945
f 3085/3006/2946 3083/3004/2944 3091/3012/2952
f 3091/3012/2952 3090/3011/2951 3085/3006/2946
f 3088/3009/2949 3092/3013/2953 3089/3010/2950
f 3092/3013/2953 3093/3014/2954 3089/3010/2950
f 3094/3015/2955 3088/3009/2949 3090/3011/2951
f 3094/3015/2955 3092/3013/2953 3088/3009/2949
f 3090/3011/2951 3091/3012/2952 3095/3016/2956
f 3095/3016/2956 3094/3015/2955 3090/3011/2951
f 3083/3004/2944 3096/3017/2957 3091/3012/2952
f 3096/3017/2957 3095/3016/2956 3091/3012/2952
f 3092/3013/2953 1074/995/952 3093/3014/2954
f 1074/995/952 1079/1000/957 3093/3014/2954
f 1072/993/950 3092/3013/2953 3094/3015/2955
f 1072/993/950 1074/995/952 3092/3013/2953
f 3094/3015/2955 3095/3016/2956 1071/992/949
f 1071/992/949 1072/993/950 3094/3015/2955
f 3095/3016/2956 3096/3017/2957 3097/3018/2958
f 3097/3018/2958 1071/992/949 3095/3016/2956
f 3096/3017/2957 3083/3004/2944 3098/3019/2959
f 3083/3004/2944 3087/3008/2948 3098/3019/2959
f 3099/3020/2960 3097/3018/2958 3096/3017/2957
f 3100/3021/2961 3096/3017/2957 3098/3019/2959
f 3096/3017/2957 3100/3021/2961 3099/3020/2960
f 3101/3022/2962 3098/3019/2959 3087/3008/2948
f 3098/3019/2959 3101/3022/2962 3100/3021/2961
f 3087/3008/2948 3102/3023/2963 3101/3022/2962
f 3102/3023/2963 3087/3008/2948 3082/3003/2943
f 3097/3018/2958 3099/3020/2960 3103/3024/2964
f 3082/3003/2943 3104/3025/2965 3102/3023/2963
f 3104/3025/2965 3082/3003/2943 3077/2998/2938
f 3105/3026/2966 3101/3022/2962 3102/3023/2963
f 3106/3027/2967 3102/3023/2963 3104/3025/2965
f 3102/3023/2963 3106/3027/2967 3105/3026/2966
f 3077/2998/2938 3107/3028/2968 3104/3025/2965
f 3107/3028/2968 3077/2998/2938 2256/2177/2124
f 3104/3025/2965 3108/3029/2969 3106/3027/2967
f 3108/3029/2969 3104/3025/2965 3107/3028/2968
f 3101/3022/2962 3105/3026/2966 3109/3030/2970
f 3109/3030/2970 3100/3021/2961 3101/3022/2962
f 2256/2177/2124 3110/3031/2971 3107/3028/2968
f 3110/3031/2971 2256/2177/2124 2251/2172/2119
f 3107/3028/2968 3111/3032/2972 3108/3029/2969
f 3111/3032/2972 3107/3028/2968 3110/3031/2971
f 3100/3021/2961 3109/3030/2970 3112/3033/2973
f 3112/3033/2973 3099/3020/2960 3100/3021/2961
f 2251/2172/2119 3113/3034/2974 3110/3031/2971
f 3099/3020/2960 3112/3033/2973 3114/3035/2975
f 3113/3034/2974 2251/2172/2119 2246/2167/2114
f 3110/3031/2971 3115/3036/2976 3111/3032/2972
f 3115/3036/2976 3110/3031/2971 3113/3034/2974
f 3114/3035/2975 3103/3024/2964 3099/3020/2960
f 3116/3037/2977 3111/3032/2972 3115/3036/2976
f 2246/2167/2114 2545/2466/2412 3113/3034/2974
f 2545/2466/2412 2246/2167/2114 2241/2162/2109
f 3113/3034/2974 2548/2469/2415 3115/3036/2976
f 2548/2469/2415 3113/3034/2974 2545/2466/2412
f 3115/3036/2976 2398/2319/2265 3116/3037/2977
f 2398/2319/2265 3115/3036/2976 2548/2469/2415
f 3111/3032/2972 3116/3037/2977 3117/3038/2978
f 3117/3038/2978 3108/3029/2969 3111/3032/2972
f 2402/2323/2269 3117/3038/2978 3116/3037/2977
f 2398/2319/2265 2402/2323/2269 3116/3037/2977
f 3108/3029/2969 3117/3038/2978 3118/3039/2979
f 3118/3039/2979 3106/3027/2967 3108/3029/2969
f 3119/3040/2980 3118/3039/2979 3117/3038/2978
f 3117/3038/2978 2402/2323/2269 3119/3040/2980
f 3106/3027/2967 3118/3039/2979 3120/3041/2981
f 3120/3041/2981 3105/3026/2966 3106/3027/2967
f 3118/3039/2979 3119/3040/2980 3121/3042/2982
f 3121/3042/2982 3120/3041/2981 3118/3039/2979
f 3105/3026/2966 3120/3041/2981 3122/3043/2983
f 3122/3043/2983 3109/3030/2970 3105/3026/2966
f 3120/3041/2981 3121/3042/2982 3123/3044/2984
f 3123/3044/2984 3122/3043/2983 3120/3041/2981
f 3109/3030/2970 3122/3043/2983 3124/3045/2985
f 3124/3045/2985 3112/3033/2973 3109/3030/2970
f 3122/3043/2983 3123/3044/2984 3125/3046/2986
f 3125/3046/2986 3124/3045/2985 3122/3043/2983
f 3112/3033/2973 3124/3045/2985 3126/3047/2987
f 3124/3045/2985 3125/3046/2986 3127/3048/2988
f 3127/3048/2988 3126/3047/2987 3124/3045/2985
f 3126/3047/2987 3114/3035/2975 3112/3033/2973
f 3128/3049/2989 3127/3048/2988 3125/3046/2986
f 3129/3050/2990 3125/3046/2986 3123/3044/2984
f 3125/3046/2986 3129/3050/2990 3128/3049/2989
f 3123/3044/2984 3130/3051/2991 3129/3050/2990
f 3130/3051/2991 3123/3044/2984 3121/3042/2982
f 3121/3042/2982 3131/3052/2992 3130/3051/2991
f 3131/3052/2992 3121/3042/2982 3119/3040/2980
f 3132/3053/2993 3129/3050/2990 3130/3051/2991
f 3133/3054/2994 3130/3051/2991 3131/3052/2992
f 3132/3053/2993 3130/3051/2991 3133/3054/2994
f 3119/3040/2980 2405/2326/2272 3131/3052/2992
f 2405/2326/2272 3119/3040/2980 2402/2323/2269
f 3133/3054/2994 3131/3052/2992 3134/3055/2995
f 3134/3055/2995 3131/3052/2992 2405/2326/2272
f 3135/3056/2996 3129/3050/2990 3132/3053/2993
f 3135/3056/2996 3128/3049/2989 3129/3050/2990
f 3133/3054/2994 3136/3057/2997 3132/3053/2993
f 3132/3053/2993 3137/3058/2998 3135/3056/2996
f 3137/3058/2998 3132/3053/2993 3136/3057/2997
f 3136/3057/2997 3133/3054/2994 3138/3059/2999
f 3134/3055/2995 3138/3059/2999 3133/3054/2994
f 3136/3057/2997 3139/3060/3000 3137/3058/2998
f 3138/3059/2999 3140/3061/3001 3136/3057/2997
f 3139/3060/3000 3136/3057/2997 3140/3061/3001
f 3140/3061/3001 3138/3059/2999 3141/3062/3002
f 3138/3059/2999 3134/3055/2995 3142/3063/3003
f 3142/3063/3003 3141/3062/3002 3138/3059/2999
f 2406/2327/2273 3142/3063/3003 3134/3055/2995
f 3134/3055/2995 2405/2326/2272 2406/2327/2273
f 3141/3062/3002 3142/3063/3003 3143/3064/3004
f 3140/3061/3001 3144/3065/3005 3139/3060/3000
f 3141/3062/3002 3145/3066/3006 3140/3061/3001
f 3144/3065/3005 3140/3061/3001 3145/3066/3006
f 3145/3066/3006 3141/3062/3002 3146/3067/3007
f 3143/3064/3004 3146/3067/3007 3141/3062/3002
f 3147/3068/3008 3143/3064/3004 3142/3063/3003
f 3142/3063/3003 2406/2327/2273 3147/3068/3008
f 3146/3067/3007 3143/3064/3004 3148/3069/3009
f 3143/3064/3004 3147/3068/3008 3149/3070/3010
f 3149/3070/3010 3148/3069/3009 3143/3064/3004
f 3150/3071/3011 3147/3068/3008 2406/2327/2273
f 3150/3071/3011 3149/3070/3010 3147/3068/3008
f 3150/3071/3011 2406/2327/2273 2408/2329/2275
f 3148/3069/3009 3149/3070/3010 3151/3072/3012
f 3149/3070/3010 3150/3071/3011 3152/3073/3013
f 3152/3073/3013 3151/3072/3012 3149/3070/3010
f 2410/2331/2277 3152/3073/3013 3150/3071/3011
f 2410/2331/2277 3150/3071/3011 2408/2329/2275
f 3151/3072/3012 3152/3073/3013 3153/3074/3014
f 3151/3072/3012 3154/3075/3015 3148/3069/3009
f 3152/3073/3013 2410/2331/2277 2415/2336/2282
f 2415/2336/2282 3153/3074/3014 3152/3073/3013
f 3153/3074/3014 3155/3076/3016 3151/3072/3012
f 3154/3075/3015 3151/3072/3012 3155/3076/3016
f 3153/3074/3014 2415/2336/2282 2424/2345/2291
f 3156/3077/3017 3148/3069/3009 3154/3075/3015
f 3148/3069/3009 3156/3077/3017 3146/3067/3007
f 3155/3076/3016 3153/3074/3014 3157/3078/3018
f 2424/2345/2291 3157/3078/3018 3153/3074/3014
f 3155/3076/3016 3158/3079/3019 3154/3075/3015
f 3159/3080/3020 3146/3067/3007 3156/3077/3017
f 3146/3067/3007 3159/3080/3020 3145/3066/3006
f 3154/3075/3015 3160/3081/3021 3156/3077/3017
f 3160/3081/3021 3154/3075/3015 3158/3079/3019
f 3156/3077/3017 3161/3082/3022 3159/3080/3020
f 3161/3082/3022 3156/3077/3017 3160/3081/3021
f 3162/3083/3023 3145/3066/3006 3159/3080/3020
f 3145/3066/3006 3162/3083/3023 3144/3065/3005
f 3163/3084/3024 3159/3080/3020 3161/3082/3022
f 3159/3080/3020 3163/3084/3024 3162/3083/3023
f 3160/3081/3021 3164/3085/3025 3161/3082/3022
f 3161/3082/3022 3165/3086/3026 3163/3084/3024
f 3165/3086/3026 3161/3082/3022 3164/3085/3025
f 3164/3085/3025 3160/3081/3021 3166/3087/3027
f 3158/3079/3019 3166/3087/3027 3160/3081/3021
f 3164/3085/3025 3167/3088/3028 3165/3086/3026
f 3168/3089/3029 3163/3084/3024 3165/3086/3026
f 3167/3088/3028 3168/3089/3029 3165/3086/3026
f 3163/3084/3024 3168/3089/3029 3169/3090/3030
f 3169/3090/3030 3162/3083/3023 3163/3084/3024
f 3166/3087/3027 3170/3091/3031 3164/3085/3025
f 3167/3088/3028 3164/3085/3025 3170/3091/3031
f 3162/3083/3023 3169/3090/3030 3171/3092/3032
f 3171/3092/3032 3144/3065/3005 3162/3083/3023
f 3172/3093/3033 3169/3090/3030 3168/3089/3029
f 3144/3065/3005 3171/3092/3032 3173/3094/3034
f 3173/3094/3034 3139/3060/3000 3144/3065/3005
f 3174/3095/3035 3171/3092/3032 3169/3090/3030
f 3169/3090/3030 3172/3093/3033 3174/3095/3035
f 3175/3096/3036 3173/3094/3034 3171/3092/3032
f 3171/3092/3032 3174/3095/3035 3175/3096/3036
f 3139/3060/3000 3173/3094/3034 3176/3097/3037
f 3176/3097/3037 3137/3058/2998 3139/3060/3000
f 3173/3094/3034 3175/3096/3036 3177/3098/3038
f 3177/3098/3038 3176/3097/3037 3173/3094/3034
f 3137/3058/2998 3176/3097/3037 3178/3099/3039
f 3178/3099/3039 3135/3056/2996 3137/3058/2998
f 3176/3097/3037 3177/3098/3038 3179/3100/3040
f 3179/3100/3040 3178/3099/3039 3176/3097/3037
f 3135/3056/2996 3178/3099/3039 3180/3101/3041
f 3180/3101/3041 3128/3049/2989 3135/3056/2996
f 3178/3099/3039 3179/3100/3040 3181/3102/3042
f 3181/3102/3042 3180/3101/3041 3178/3099/3039
f 3180/3101/3041 3182/3103/3043 3128/3049/2989
f 3127/3048/2988 3128/3049/2989 3182/3103/3043
f 3180/3101/3041 3181/3102/3042 3183/3104/3044
f 3183/3104/3044 3182/3103/3043 3180/3101/3041
f 3182/3103/3043 3184/3105/3045 3127/3048/2988
f 3126/3047/2987 3127/3048/2988 3184/3105/3045
f 3183/3104/3044 3185/3106/3046 3182/3103/3043
f 3184/3105/3045 3182/3103/3043 3185/3106/3046
f 3184/3105/3045 3186/3107/3047 3126/3047/2987
f 3114/3035/2975 3126/3047/2987 3186/3107/3047
f 3185/3106/3046 3187/3108/3048 3184/3105/3045
f 3186/3107/3047 3184/3105/3045 3187/3108/3048
f 3188/3109/3049 3114/3035/2975 3186/3107/3047
f 3187/3108/3048 3188/3109/3049 3186/3107/3047
f 3114/3035/2975 3188/3109/3049 3189/3110/3050
f 3103/3024/2964 3114/3035/2975 3189/3110/3050
f 3188/3109/3049 3187/3108/3048 3190/3111/3051
f 3191/3112/3052 3103/3024/2964 3189/3110/3050
f 3192/3113/3053 3189/3110/3050 3188/3109/3049
f 3189/3110/3050 3192/3113/3053 3191/3112/3052
f 3193/3114/3054 3188/3109/3049 3190/3111/3051
f 3188/3109/3049 3193/3114/3054 3192/3113/3053
f 3187/3108/3048 3194/3115/3055 3190/3111/3051
f 3190/3111/3051 3195/3116/3056 3193/3114/3054
f 3195/3116/3056 3190/3111/3051 3194/3115/3055
f 3194/3115/3055 3187/3108/3048 3196/3117/3057
f 3187/3108/3048 3185/3106/3046 3196/3117/3057
f 3194/3115/3055 3197/3118/3058 3195/3116/3056
f 3198/3119/3059 3196/3117/3057 3185/3106/3046
f 3198/3119/3059 3185/3106/3046 3183/3104/3044
f 3196/3117/3057 3199/3120/3060 3194/3115/3055
f 3197/3118/3058 3194/3115/3055 3199/3120/3060
f 3200/3121/3061 3196/3117/3057 3198/3119/3059
f 3199/3120/3060 3196/3117/3057 3200/3121/3061
f 3183/3104/3044 3201/3122/3062 3198/3119/3059
f 3202/3123/3063 3197/3118/3058 3199/3120/3060
f 3200/3121/3061 3202/3123/3063 3199/3120/3060
f 3201/3122/3062 3183/3104/3044 3181/3102/3042
f 3198/3119/3059 3203/3124/3064 3200/3121/3061
f 3203/3124/3064 3198/3119/3059 3201/3122/3062
f 3202/3123/3063 3200/3121/3061 3203/3124/3064
f 3181/3102/3042 3204/3125/3065 3201/3122/3062
f 3204/3125/3065 3181/3102/3042 3179/3100/3040
f 3201/3122/3062 3205/3126/3066 3203/3124/3064
f 3205/3126/3066 3201/3122/3062 3204/3125/3065
f 3203/3124/3064 3206/3127/3067 3202/3123/3063
f 3206/3127/3067 3203/3124/3064 3205/3126/3066
f 3179/3100/3040 3207/3128/3068 3204/3125/3065
f 3207/3128/3068 3179/3100/3040 3177/3098/3038
f 3204/3125/3065 3208/3129/3069 3205/3126/3066
f 3208/3129/3069 3204/3125/3065 3207/3128/3068
f 3205/3126/3066 3209/3130/3070 3206/3127/3067
f 3209/3130/3070 3205/3126/3066 3208/3129/3069
f 3210/3131/3071 3211/3132/3072 2767/2688/2634
f 2767/2688/2634 2772/2693/2639 3210/3131/3071
f 3212/3133/3073 3211/3132/3072 3213/3134/3074
f 2764/2685/2631 2767/2688/2634 3211/3132/3072
f 2764/2685/2631 3211/3132/3072 3212/3133/3073
f 3212/3133/3073 3213/3134/3074 3214/3135/3075
f 3214/3135/3075 3213/3134/3074 3215/3136/3076
f 2759/2680/2626 2764/2685/2631 3212/3133/3073
f 3216/3137/3077 3212/3133/3073 3214/3135/3075
f 2759/2680/2626 3212/3133/3073 3216/3137/3077
f 3214/3135/3075 3215/3136/3076 3217/3138/3078
f 3216/3137/3077 3214/3135/3075 3218/3139/3079
f 3218/3139/3079 3214/3135/3075 3217/3138/3078
f 3217/3138/3078 3215/3136/3076 3219/3140/3080
f 3220/3141/3081 3219/3140/3080 3215/3136/3076
f 3218/3139/3079 3217/3138/3078 3221/3142/3082
f 3219/3140/3080 3220/3141/3081 3222/3143/3083
f 3223/3144/3084 3222/3143/3083 3220/3141/3081
f 3217/3138/3078 3219/3140/3080 3224/3145/3085
f 3221/3142/3082 3217/3138/3078 3224/3145/3085
f 3222/3143/3083 3225/3146/3086 3219/3140/3080
f 3224/3145/3085 3219/3140/3080 3225/3146/3086
f 3222/3143/3083 3223/3144/3084 3226/3147/3087
f 3227/3148/3088 3226/3147/3087 3223/3144/3084
f 3225/3146/3086 3222/3143/3083 3228/3149/3089
f 3226/3147/3087 3228/3149/3089 3222/3143/3083
f 3226/3147/3087 3227/3148/3088 3229/3150/3090
f 3228/3149/3089 3226/3147/3087 3230/3151/3091
f 3229/3150/3090 3230/3151/3091 3226/3147/3087
f 3231/3152/3092 3229/3150/3090 3227/3148/3088
f 3230/3151/3091 3232/3153/3093 3228/3149/3089
f 3228/3149/3089 3233/3154/3094 3225/3146/3086
f 3233/3154/3094 3228/3149/3089 3232/3153/3093
f 3234/3155/3095 3225/3146/3086 3233/3154/3094
f 3225/3146/3086 3234/3155/3095 3224/3145/3085
f 3235/3156/3096 3224/3145/3085 3234/3155/3095
f 3221/3142/3082 3224/3145/3085 3235/3156/3096
f 3233/3154/3094 3236/3157/3097 3234/3155/3095
f 3237/3158/3098 3234/3155/3095 3236/3157/3097
f 3235/3156/3096 3234/3155/3095 3237/3158/3098
f 3236/3157/3097 3233/3154/3094 3238/3159/3099
f 3232/3153/3093 3238/3159/3099 3233/3154/3094
f 3236/3157/3097 3238/3159/3099 3239/3160/3100
f 3239/3160/3100 3237/3158/3098 3236/3157/3097
f 3238/3159/3099 3232/3153/3093 3240/3161/3101
f 3239/3160/3100 3238/3159/3099 3241/3162/3102
f 3240/3161/3101 3241/3162/3102 3238/3159/3099
f 3242/3163/3103 3240/3161/3101 3232/3153/3093
f 3232/3153/3093 3230/3151/3091 3242/3163/3103
f 3241/3162/3102 3240/3161/3101 3243/3164/3104
f 3237/3158/3098 3239/3160/3100 3244/3165/3105
f 3239/3160/3100 3241/3162/3102 3245/3166/3106
f 3245/3166/3106 3244/3165/3105 3239/3160/3100
f 3245/3166/3106 3241/3162/3102 3246/3167/3107
f 3243/3164/3104 3246/3167/3107 3241/3162/3102
f 3247/3168/3108 3243/3164/3104 3240/3161/3101
f 3240/3161/3101 3242/3163/3103 3247/3168/3108
f 3246/3167/3107 3243/3164/3104 3248/3169/3109
f 3243/3164/3104 3247/3168/3108 3249/3170/3110
f 3249/3170/3110 3248/3169/3109 3243/3164/3104
f 3242/3163/3103 3250/3171/3111 3247/3168/3108
f 3250/3171/3111 3249/3170/3110 3247/3168/3108
f 3251/3172/3112 3252/3173/3113 3253/3174/3114
f 3254/3175/3115 3252/3173/3113 3251/3172/3112
f 3254/3175/3115 928/849/808 3252/3173/3113
f 926/847/806 3252/3173/3113 928/849/808
f 3252/3173/3113 926/847/806 3255/3176/3116
f 3252/3173/3113 3255/3176/3116 3253/3174/3114
f 924/845/804 3255/3176/3116 926/847/806
f 3255/3176/3116 924/845/804 3256/3177/3117
f 925/846/805 3256/3177/3117 924/845/804
f 3253/3174/3114 3255/3176/3116 3257/3178/3118
f 3255/3176/3116 3256/3177/3117 3257/3178/3118
f 3256/3177/3117 925/846/805 3258/3179/3119
f 3257/3178/3118 3256/3177/3117 3258/3179/3119
f 925/846/805 3259/3180/3120 3258/3179/3119
f 3259/3180/3120 925/846/805 933/854/813
f 3257/3178/3118 3258/3179/3119 3260/3181/3121
f 3261/3182/3122 3258/3179/3119 3259/3180/3120
f 3258/3179/3119 3261/3182/3122 3260/3181/3121
f 3262/3183/3123 3259/3180/3120 933/854/813
f 3262/3183/3123 3261/3182/3122 3259/3180/3120
f 937/858/817 3262/3183/3123 933/854/813
f 947/868/826 3262/3183/3123 937/858/817
f 947/868/826 3263/3184/3124 3262/3183/3123
f 3263/3184/3124 3261/3182/3122 3262/3183/3123
f 3263/3184/3124 947/868/826 1182/1103/1060
f 3264/3185/3125 3260/3181/3121 3261/3182/3122
f 3263/3184/3124 3264/3185/3125 3261/3182/3122
f 1182/1103/1060 3265/3186/3126 3263/3184/3124
f 3265/3186/3126 3264/3185/3125 3263/3184/3124
f 3265/3186/3126 1182/1103/1060 1183/1104/1061
f 1183/1104/1061 1192/1113/1070 3265/3186/3126
f 1192/1113/1070 3266/3187/3127 3265/3186/3126
f 3265/3186/3126 3266/3187/3127 3264/3185/3125
f 1192/1113/1070 1189/1110/1067 3266/3187/3127
f 3260/3181/3121 3264/3185/3125 3267/3188/3128
f 3266/3187/3127 3267/3188/3128 3264/3185/3125
f 3267/3188/3128 3257/3178/3118 3260/3181/3121
f 1189/1110/1067 3268/3189/3129 3266/3187/3127
f 3267/3188/3128 3266/3187/3127 3268/3189/3129
f 3268/3189/3129 1189/1110/1067 2014/1935/1884
f 3257/3178/3118 3267/3188/3128 3269/3190/3130
f 3268/3189/3129 3269/3190/3130 3267/3188/3128
f 3253/3174/3114 3257/3178/3118 3269/3190/3130
f 2014/1935/1884 3270/3191/3131 3268/3189/3129
f 3269/3190/3130 3268/3189/3129 3270/3191/3131
f 3270/3191/3131 2014/1935/1884 2013/1934/1883
f 3271/3192/3132 3253/3174/3114 3269/3190/3130
f 3271/3192/3132 3269/3190/3130 3270/3191/3131
f 3251/3172/3112 3253/3174/3114 3271/3192/3132
f 3272/3193/3133 3270/3191/3131 2013/1934/1883
f 3272/3193/3133 3271/3192/3132 3270/3191/3131
f 2015/1936/1885 3272/3193/3133 2013/1934/1883
f 3273/3194/3134 3251/3172/3112 3271/3192/3132
f 3273/3194/3134 3271/3192/3132 3272/3193/3133
f 3274/3195/3135 3251/3172/3112 3273/3194/3134
f 3275/3196/3136 3272/3193/3133 2015/1936/1885
f 3275/3196/3136 3273/3194/3134 3272/3193/3133
f 3276/3197/3137 3275/3196/3136 2015/1936/1885
f 2015/1936/1885 2018/1939/1888 3276/3197/3137
f 3277/3198/3138 3273/3194/3134 3275/3196/3136
f 3277/3198/3138 3274/3195/3135 3273/3194/3134
f 3278/3199/3139 3275/3196/3136 3276/3197/3137
f 3278/3199/3139 3277/3198/3138 3275/3196/3136
f 3279/3200/3140 3276/3197/3137 2018/1939/1888
f 2018/1939/1888 2020/1941/1890 3279/3200/3140
f 3280/3201/3141 3278/3199/3139 3276/3197/3137
f 3276/3197/3137 3279/3200/3140 3280/3201/3141
f 3281/3202/3142 3277/3198/3138 3278/3199/3139
f 3281/3202/3142 3274/3195/3135 3277/3198/3138
f 3282/3203/3143 3278/3199/3139 3280/3201/3141
f 3282/3203/3143 3281/3202/3142 3278/3199/3139
f 3283/3204/3144 3280/3201/3141 3279/3200/3140
f 3283/3204/3144 3282/3203/3143 3280/3201/3141
f 3284/3205/3145 3279/3200/3140 2020/1941/1890
f 3284/3205/3145 3283/3204/3144 3279/3200/3140
f 2025/1946/1895 3284/3205/3145 2020/1941/1890
f 3285/3206/3146 3282/3203/3143 3283/3204/3144
f 3286/3207/3147 3284/3205/3145 2025/1946/1895
f 2032/1953/1902 3286/3207/3147 2025/1946/1895
f 3287/3208/3148 3283/3204/3144 3284/3205/3145
f 3287/3208/3148 3285/3206/3146 3283/3204/3144
f 3286/3207/3147 3287/3208/3148 3284/3205/3145
f 3285/3206/3146 3288/3209/3149 3282/3203/3143
f 3288/3209/3149 3281/3202/3142 3282/3203/3143
f 3289/3210/3150 3285/3206/3146 3287/3208/3148
f 3289/3210/3150 3288/3209/3149 3285/3206/3146
f 3290/3211/3151 3287/3208/3148 3286/3207/3147
f 3290/3211/3151 3289/3210/3150 3287/3208/3148
f 3291/3212/3152 3286/3207/3147 2032/1953/1902
f 3291/3212/3152 3290/3211/3151 3286/3207/3147
f 2047/1968/1917 3291/3212/3152 2032/1953/1902
f 2060/1981/1930 3291/3212/3152 2047/1968/1917
f 2060/1981/1930 3292/3213/3153 3291/3212/3152
f 3292/3213/3153 3290/3211/3151 3291/3212/3152
f 2060/1981/1930 3293/3214/3154 3292/3213/3153
f 3293/3214/3154 3294/3215/3155 3292/3213/3153
f 3292/3213/3153 3294/3215/3155 3290/3211/3151
f 3294/3215/3155 3289/3210/3150 3290/3211/3151
f 3294/3215/3155 3295/3216/3156 3289/3210/3150
f 3295/3216/3156 3294/3215/3155 3296/3217/3157
f 3288/3209/3149 3289/3210/3150 3295/3216/3156
f 3296/3217/3157 907/828/789 3295/3216/3156
f 3295/3216/3156 907/828/789 3288/3209/3149
f 907/828/789 3297/3218/3158 3288/3209/3149
f 907/828/789 905/826/787 3297/3218/3158
f 3298/3219/3159 3288/3209/3149 3297/3218/3158
f 3288/3209/3149 3298/3219/3159 3281/3202/3142
f 3274/3195/3135 3281/3202/3142 3298/3219/3159
f 3297/3218/3158 3299/3220/3160 3298/3219/3159
f 3299/3220/3160 3297/3218/3158 905/826/787
f 3298/3219/3159 3299/3220/3160 3274/3195/3135
f 906/827/788 3299/3220/3160 905/826/787
f 3299/3220/3160 3254/3175/3115 3274/3195/3135
f 3274/3195/3135 3254/3175/3115 3251/3172/3112
f 3299/3220/3160 906/827/788 3300/3221/3161
f 3300/3221/3161 3254/3175/3115 3299/3220/3160
f 906/827/788 903/824/785 3300/3221/3161
f 3254/3175/3115 3300/3221/3161 3301/3222/3162
f 3300/3221/3161 903/824/785 3301/3222/3162
f 928/849/808 3254/3175/3115 3301/3222/3162
f 903/824/785 910/831/792 3301/3222/3162
f 3301/3222/3162 910/831/792 928/849/808
f 2781/2702/2648 3302/3223/3163 2782/2703/2649
f 3303/3224/3164 2776/2697/2643 2782/2703/2649
f 2776/2697/2643 3303/3224/3164 2777/2698/2644
f 2782/2703/2649 3304/3225/3165 3303/3224/3164
f 3304/3225/3165 2782/2703/2649 3302/3223/3163
f 3305/3226/3166 2777/2698/2644 3303/3224/3164
f 2777/2698/2644 3305/3226/3166 3306/3227/3167
f 3167/3088/3028 3306/3227/3167 3305/3226/3166
f 3303/3224/3164 3307/3228/3168 3305/3226/3166
f 3307/3228/3168 3303/3224/3164 3304/3225/3165
f 3305/3226/3166 3308/3229/3169 3167/3088/3028
f 3308/3229/3169 3305/3226/3166 3307/3228/3168
f 3168/3089/3029 3167/3088/3028 3308/3229/3169
f 3308/3229/3169 3172/3093/3033 3168/3089/3029
f 3172/3093/3033 3308/3229/3169 3309/3230/3170
f 3307/3228/3168 3309/3230/3170 3308/3229/3169
f 3309/3230/3170 3310/3231/3171 3172/3093/3033
f 3304/3225/3165 3311/3232/3172 3307/3228/3168
f 3309/3230/3170 3307/3228/3168 3311/3232/3172
f 3310/3231/3171 3309/3230/3170 3312/3233/3173
f 3311/3232/3172 3312/3233/3173 3309/3230/3170
f 3312/3233/3173 3313/3234/3174 3310/3231/3171
f 3311/3232/3172 3304/3225/3165 3314/3235/3175
f 3302/3223/3163 3314/3235/3175 3304/3225/3165
f 3312/3233/3173 3311/3232/3172 3315/3236/3176
f 3314/3235/3175 3315/3236/3176 3311/3232/3172
f 3313/3234/3174 3312/3233/3173 3316/3237/3177
f 3315/3236/3176 3316/3237/3177 3312/3233/3173
f 3316/3237/3177 3317/3238/3178 3313/3234/3174
f 3317/3238/3178 3316/3237/3177 3318/3239/3179
f 3318/3239/3179 1691/1612/1563 3317/3238/3178
f 1691/1612/1563 3318/3239/3179 1695/1616/1567
f 3319/3240/3180 3318/3239/3179 3316/3237/3177
f 3316/3237/3177 3315/3236/3176 3319/3240/3180
f 3320/3241/3181 1695/1616/1567 3318/3239/3179
f 3318/3239/3179 3319/3240/3180 3320/3241/3181
f 1695/1616/1567 3320/3241/3181 1708/1629/1580
f 3321/3242/3182 3319/3240/3180 3315/3236/3176
f 3315/3236/3176 3314/3235/3175 3321/3242/3182
f 3322/3243/3183 3320/3241/3181 3319/3240/3180
f 3319/3240/3180 3321/3242/3182 3322/3243/3183
f 3323/3244/3184 1708/1629/1580 3320/3241/3181
f 3320/3241/3181 3322/3243/3183 3323/3244/3184
f 1708/1629/1580 3323/3244/3184 1709/1630/1581
f 3324/3245/3185 3321/3242/3182 3314/3235/3175
f 3314/3235/3175 3302/3223/3163 3324/3245/3185
f 3325/3246/3186 3322/3243/3183 3321/3242/3182
f 3321/3242/3182 3324/3245/3185 3325/3246/3186
f 3326/3247/3187 3323/3244/3184 3322/3243/3183
f 3322/3243/3183 3325/3246/3186 3326/3247/3187
f 3327/3248/3188 1709/1630/1581 3323/3244/3184
f 3323/3244/3184 3326/3247/3187 3327/3248/3188
f 1709/1630/1581 3327/3248/3188 1710/1631/1582
f 3328/3249/3189 3324/3245/3185 3302/3223/3163
f 3302/3223/3163 2781/2702/2648 3328/3249/3189
f 2783/2704/2650 3328/3249/3189 2781/2702/2648
f 3324/3245/3185 3328/3249/3189 3329/3250/3190
f 3329/3250/3190 3325/3246/3186 3324/3245/3185
f 3330/3251/3191 3328/3249/3189 2783/2704/2650
f 3330/3251/3191 3329/3250/3190 3328/3249/3189
f 3331/3252/3192 3330/3251/3191 2783/2704/2650
f 3331/3252/3192 2783/2704/2650 2780/2701/2647
f 3332/3253/3193 3329/3250/3190 3330/3251/3191
f 3325/3246/3186 3329/3250/3190 3333/3254/3194
f 3332/3253/3193 3333/3254/3194 3329/3250/3190
f 3333/3254/3194 3326/3247/3187 3325/3246/3186
f 3334/3255/3195 3332/3253/3193 3330/3251/3191
f 3334/3255/3195 3330/3251/3191 3331/3252/3192
f 3335/3256/3196 3333/3254/3194 3332/3253/3193
f 3326/3247/3187 3333/3254/3194 3336/3257/3197
f 3335/3256/3196 3336/3257/3197 3333/3254/3194
f 3336/3257/3197 3327/3248/3188 3326/3247/3187
f 3327/3248/3188 3336/3257/3197 3337/3258/3198
f 3337/3258/3198 1710/1631/1582 3327/3248/3188
f 1710/1631/1582 3337/3258/3198 1712/1633/1584
f 3338/3259/3199 3337/3258/3198 3336/3257/3197
f 3338/3259/3199 3336/3257/3197 3335/3256/3196
f 3339/3260/3200 1712/1633/1584 3337/3258/3198
f 3339/3260/3200 3337/3258/3198 3338/3259/3199
f 3340/3261/3201 1712/1633/1584 3339/3260/3200
f 3340/3261/3201 1713/1634/1585 1712/1633/1584
f 2714/2635/2581 1713/1634/1585 3340/3261/3201
f 3340/3261/3201 2726/2647/2593 2714/2635/2581
f 2726/2647/2593 3340/3261/3201 3341/3262/3202
f 3339/3260/3200 3341/3262/3202 3340/3261/3201
f 3341/3262/3202 2727/2648/2594 2726/2647/2593
f 3338/3259/3199 3342/3263/3203 3339/3260/3200
f 3341/3262/3202 3339/3260/3200 3342/3263/3203
f 2727/2648/2594 3341/3262/3202 3343/3264/3204
f 3342/3263/3203 3343/3264/3204 3341/3262/3202
f 3343/3264/3204 2728/2649/2595 2727/2648/2594
f 3343/3264/3204 2733/2654/2600 2728/2649/2595
f 3344/3265/3205 2733/2654/2600 3343/3264/3204
f 3343/3264/3204 3342/3263/3203 3344/3265/3205
f 3344/3265/3205 2736/2657/2603 2733/2654/2600
f 3342/3263/3203 3338/3259/3199 3345/3266/3206
f 3345/3266/3206 3344/3265/3205 3342/3263/3203
f 3335/3256/3196 3345/3266/3206 3338/3259/3199
f 3346/3267/3207 2736/2657/2603 3344/3265/3205
f 3344/3265/3205 3345/3266/3206 3346/3267/3207
f 3345/3266/3206 3335/3256/3196 3347/3268/3208
f 3347/3268/3208 3346/3267/3207 3345/3266/3206
f 3347/3268/3208 3335/3256/3196 3348/3269/3209
f 3348/3269/3209 3335/3256/3196 3332/3253/3193
f 3348/3269/3209 3332/3253/3193 3334/3255/3195
f 3348/3269/3209 3349/3270/3210 3347/3268/3208
f 3346/3267/3207 3347/3268/3208 3349/3270/3210
f 3346/3267/3207 3350/3271/3211 2736/2657/2603
f 3349/3270/3210 3350/3271/3211 3346/3267/3207
f 3350/3271/3211 2738/2659/2605 2736/2657/2603
f 3350/3271/3211 2747/2668/2614 2738/2659/2605
f 3349/3270/3210 3351/3272/3212 3350/3271/3211
f 3351/3272/3212 2747/2668/2614 3350/3271/3211
f 3349/3270/3210 3348/3269/3209 3352/3273/3213
f 3352/3273/3213 3351/3272/3212 3349/3270/3210
f 3334/3255/3195 3352/3273/3213 3348/3269/3209
f 3351/3272/3212 3353/3274/3214 2747/2668/2614
f 3353/3274/3214 2742/2663/2609 2747/2668/2614
f 3352/3273/3213 3354/3275/3215 3351/3272/3212
f 3354/3275/3215 3353/3274/3214 3351/3272/3212
f 3352/3273/3213 3334/3255/3195 3355/3276/3216
f 3355/3276/3216 3354/3275/3215 3352/3273/3213
f 3331/3252/3192 3355/3276/3216 3334/3255/3195
f 3353/3274/3214 3356/3277/3217 2742/2663/2609
f 3356/3277/3217 2744/2665/2611 2742/2663/2609
f 3356/3277/3217 2071/1992/1941 2744/2665/2611
f 3357/3278/3218 3356/3277/3217 3353/3274/3214
f 3354/3275/3215 3357/3278/3218 3353/3274/3214
f 3358/3279/3219 2071/1992/1941 3356/3277/3217
f 3357/3278/3218 3358/3279/3219 3356/3277/3217
f 3358/3279/3219 2070/1991/1940 2071/1992/1941
f 3359/3280/3220 3357/3278/3218 3354/3275/3215
f 3355/3276/3216 3359/3280/3220 3354/3275/3215
f 3360/3281/3221 3358/3279/3219 3357/3278/3218
f 3359/3280/3220 3360/3281/3221 3357/3278/3218
f 3361/3282/3222 2070/1991/1940 3358/3279/3219
f 3360/3281/3221 3361/3282/3222 3358/3279/3219
f 3361/3282/3222 2074/1995/1944 2070/1991/1940
f 2760/2681/2627 2074/1995/1944 3361/3282/3222
f 3362/3283/3223 2760/2681/2627 3361/3282/3222
f 3362/3283/3223 3361/3282/3222 3360/3281/3221
f 2761/2682/2628 2760/2681/2627 3362/3283/3223
f 2770/2691/2637 2761/2682/2628 3362/3283/3223
f 3363/3284/3224 3362/3283/3223 3360/3281/3221
f 2770/2691/2637 3362/3283/3223 3363/3284/3224
f 3363/3284/3224 3360/3281/3221 3359/3280/3220
f 2775/2696/2642 2770/2691/2637 3363/3284/3224
f 3364/3285/3225 3363/3284/3224 3359/3280/3220
f 2775/2696/2642 3363/3284/3224 3364/3285/3225
f 3364/3285/3225 3359/3280/3220 3355/3276/3216
f 3364/3285/3225 2780/2701/2647 2775/2696/2642
f 3355/3276/3216 3331/3252/3192 3364/3285/3225
f 2780/2701/2647 3364/3285/3225 3331/3252/3192
f 2430/2351/2297 3365/3286/3226 2422/2343/2289
f 2424/2345/2291 2422/2343/2289 3365/3286/3226
f 2431/2352/2298 3366/3287/3227 2430/2351/2297
f 3365/3286/3226 2430/2351/2297 3366/3287/3227
f 3365/3286/3226 3367/3288/3228 2424/2345/2291
f 3157/3078/3018 2424/2345/2291 3367/3288/3228
f 3366/3287/3227 3368/3289/3229 3365/3286/3226
f 3367/3288/3228 3365/3286/3226 3368/3289/3229
f 3366/3287/3227 2431/2352/2298 3369/3290/3230
f 3367/3288/3228 3370/3291/3231 3157/3078/3018
f 3368/3289/3229 3366/3287/3227 3371/3292/3232
f 3369/3290/3230 3371/3292/3232 3366/3287/3227
f 3368/3289/3229 3372/3293/3233 3367/3288/3228
f 3370/3291/3231 3367/3288/3228 3372/3293/3233
f 3373/3294/3234 3369/3290/3230 2431/2352/2298
f 2431/2352/2298 2429/2350/2296 3373/3294/3234
f 3374/3295/3235 3157/3078/3018 3370/3291/3231
f 3157/3078/3018 3374/3295/3235 3155/3076/3016
f 3158/3079/3019 3155/3076/3016 3374/3295/3235
f 3375/3296/3236 3373/3294/3234 2429/2350/2296
f 3375/3296/3236 2429/2350/2296 2427/2348/2294
f 3374/3295/3235 3376/3297/3237 3158/3079/3019
f 3166/3087/3027 3158/3079/3019 3376/3297/3237
f 3370/3291/3231 3377/3298/3238 3374/3295/3235
f 3376/3297/3237 3374/3295/3235 3377/3298/3238
f 3377/3298/3238 3370/3291/3231 3378/3299/3239
f 3372/3293/3233 3378/3299/3239 3370/3291/3231
f 3377/3298/3238 3379/3300/3240 3376/3297/3237
f 3376/3297/3237 3380/3301/3241 3166/3087/3027
f 3380/3301/3241 3376/3297/3237 3379/3300/3240
f 3170/3091/3031 3166/3087/3027 3380/3301/3241
f 3379/3300/3240 3377/3298/3238 3381/3302/3242
f 3378/3299/3239 3381/3302/3242 3377/3298/3238
f 3382/3303/3243 3380/3301/3241 3379/3300/3240
f 3383/3304/3244 3170/3091/3031 3380/3301/3241
f 3380/3301/3241 3382/3303/3243 3383/3304/3244
f 3170/3091/3031 3383/3304/3244 3306/3227/3167
f 3306/3227/3167 3167/3088/3028 3170/3091/3031
f 3384/3305/3245 3379/3300/3240 3381/3302/3242
f 3379/3300/3240 3384/3305/3245 3382/3303/3243
f 3381/3302/3242 3378/3299/3239 3385/3306/3246
f 3381/3302/3242 3386/3307/3247 3384/3305/3245
f 3386/3307/3247 3381/3302/3242 3385/3306/3246
f 3378/3299/3239 3231/3152/3092 3385/3306/3246
f 3385/3306/3246 3227/3148/3088 3386/3307/3247
f 3227/3148/3088 3385/3306/3246 3231/3152/3092
f 3387/3308/3248 3384/3305/3245 3386/3307/3247
f 3223/3144/3084 3386/3307/3247 3227/3148/3088
f 3386/3307/3247 3223/3144/3084 3387/3308/3248
f 3384/3305/3245 3387/3308/3248 3388/3309/3249
f 3388/3309/3249 3382/3303/3243 3384/3305/3245
f 3382/3303/3243 3388/3309/3249 3389/3310/3250
f 3389/3310/3250 3383/3304/3244 3382/3303/3243
f 3390/3311/3251 3388/3309/3249 3387/3308/3248
f 3383/3304/3244 3389/3310/3250 3391/3312/3252
f 3391/3312/3252 3306/3227/3167 3383/3304/3244
f 3392/3313/3253 3389/3310/3250 3388/3309/3249
f 3388/3309/3249 3390/3311/3251 3392/3313/3253
f 3210/3131/3071 3391/3312/3252 3389/3310/3250
f 3389/3310/3250 3392/3313/3253 3210/3131/3071
f 3306/3227/3167 3391/3312/3252 2777/2698/2644
f 3387/3308/3248 3220/3141/3081 3390/3311/3251
f 3220/3141/3081 3387/3308/3248 3223/3144/3084
f 3213/3134/3074 3392/3313/3253 3390/3311/3251
f 3215/3136/3076 3390/3311/3251 3220/3141/3081
f 3390/3311/3251 3215/3136/3076 3213/3134/3074
f 3392/3313/3253 3213/3134/3074 3211/3132/3072
f 3211/3132/3072 3210/3131/3071 3392/3313/3253
f 3391/3312/3252 3210/3131/3071 2772/2693/2639
f 2772/2693/2639 2777/2698/2644 3391/3312/3252
f 3020/2941/2881 3023/2944/2884 3393/3314/3254
f 3025/2946/2886 3393/3314/3254 3023/2944/2884
f 3393/3314/3254 3394/3315/3255 3020/2941/2881
f 3395/3316/3256 3020/2941/2881 3394/3315/3255
f 3020/2941/2881 3395/3316/3256 3009/2930/2870
f 3394/3315/3255 3393/3314/3254 3396/3317/3257
f 3397/3318/3258 3009/2930/2870 3395/3316/3256
f 3009/2930/2870 3397/3318/3258 2997/2918/2858
f 3398/3319/3259 3395/3316/3256 3394/3315/3255
f 3396/3317/3257 3398/3319/3259 3394/3315/3255
f 2619/2540/2486 2997/2918/2858 3397/3318/3258
f 3399/3320/3260 3397/3318/3258 3395/3316/3256
f 3395/3316/3256 3398/3319/3259 3399/3320/3260
f 2619/2540/2486 3397/3318/3258 3400/3321/3261
f 3400/3321/3261 2618/2539/2485 2619/2540/2486
f 2617/2538/2484 2618/2539/2485 3400/3321/3261
f 3400/3321/3261 3397/3318/3258 3401/3322/3262
f 2617/2538/2484 3400/3321/3261 3401/3322/3262
f 3397/3318/3258 3399/3320/3260 3401/3322/3262
f 3401/3322/3262 3402/3323/3263 2617/2538/2484
f 3399/3320/3260 3402/3323/3263 3401/3322/3262
f 3403/3324/3264 2617/2538/2484 3402/3323/3263
f 2617/2538/2484 3403/3324/3264 2613/2534/2480
f 3402/3323/3263 3399/3320/3260 3404/3325/3265
f 3402/3323/3263 3404/3325/3265 3403/3324/3264
f 3399/3320/3260 3405/3326/3266 3404/3325/3265
f 3405/3326/3266 3399/3320/3260 3398/3319/3259
f 2616/2537/2483 2613/2534/2480 3403/3324/3264
f 3403/3324/3264 3404/3325/3265 3406/3327/3267
f 3403/3324/3264 3406/3327/3267 2616/2537/2483
f 3405/3326/3266 3406/3327/3267 3404/3325/3265
f 2616/2537/2483 3406/3327/3267 3407/3328/3268
f 3406/3327/3267 3405/3326/3266 3408/3329/3269
f 3408/3329/3269 3407/3328/3268 3406/3327/3267
f 3405/3326/3266 3409/3330/3270 3408/3329/3269
f 3398/3319/3259 3410/3331/3271 3405/3326/3266
f 3409/3330/3270 3405/3326/3266 3410/3331/3271
f 3410/3331/3271 3398/3319/3259 3411/3332/3272
f 3398/3319/3259 3396/3317/3257 3411/3332/3272
f 3411/3332/3272 3412/3333/3273 3410/3331/3271
f 3412/3333/3273 3409/3330/3270 3410/3331/3271
f 3396/3317/3257 3413/3334/3274 3411/3332/3272
f 3412/3333/3273 3411/3332/3272 3413/3334/3274
f 3413/3334/3274 3396/3317/3257 3414/3335/3275
f 3396/3317/3257 3415/3336/3276 3414/3335/3275
f 3415/3336/3276 3396/3317/3257 3393/3314/3254
f 3393/3314/3254 3025/2946/2886 3415/3336/3276
f 3415/3336/3276 3416/3337/3277 3414/3335/3275
f 3414/3335/3275 3417/3338/3278 3413/3334/3274
f 3417/3338/3278 3414/3335/3275 3416/3337/3277
f 3413/3334/3274 3418/3339/3279 3412/3333/3273
f 3418/3339/3279 3413/3334/3274 3417/3338/3278
f 3025/2946/2886 3419/3340/3280 3415/3336/3276
f 3416/3337/3277 3415/3336/3276 3419/3340/3280
f 3416/3337/3277 3420/3341/3281 3417/3338/3278
f 3420/3341/3281 3418/3339/3279 3417/3338/3278
f 3419/3340/3280 3421/3342/3282 3416/3337/3277
f 3420/3341/3281 3416/3337/3277 3421/3342/3282
f 3419/3340/3280 3025/2946/2886 3422/3343/3283
f 3024/2945/2885 3422/3343/3283 3025/2946/2886
f 3421/3342/3282 3419/3340/3280 3423/3344/3284
f 3422/3343/3283 3423/3344/3284 3419/3340/3280
f 3421/3342/3282 3032/2953/2893 3420/3341/3281
f 3423/3344/3284 3424/3345/3285 3421/3342/3282
f 3032/2953/2893 3421/3342/3282 3424/3345/3285
f 3424/3345/3285 3423/3344/3284 3425/3346/3286
f 3423/3344/3284 3422/3343/3283 3426/3347/3287
f 3426/3347/3287 3425/3346/3286 3423/3344/3284
f 3422/3343/3283 3024/2945/2885 3427/3348/3288
f 3427/3348/3288 3426/3347/3287 3422/3343/3283
f 3024/2945/2885 3045/2966/2906 3427/3348/3288
f 3426/3347/3287 3427/3348/3288 3042/2963/2903
f 3045/2966/2906 3042/2963/2903 3427/3348/3288
f 3425/3346/3286 3426/3347/3287 3039/2960/2900
f 3042/2963/2903 3039/2960/2900 3426/3347/3287
f 3425/3346/3286 3027/2948/2888 3424/3345/3285
f 3039/2960/2900 3028/2949/2889 3425/3346/3286
f 3027/2948/2888 3425/3346/3286 3028/2949/2889
f 3030/2951/2891 3424/3345/3285 3027/2948/2888
f 3424/3345/3285 3030/2951/2891 3032/2953/2893
f 3177/3098/3038 3428/3349/3289 3207/3128/3068
f 3428/3349/3289 3177/3098/3038 3175/3096/3036
f 3207/3128/3068 3429/3350/3290 3208/3129/3069
f 3429/3350/3290 3207/3128/3068 3428/3349/3289
f 3208/3129/3069 3430/3351/3291 3209/3130/3070
f 3430/3351/3291 3208/3129/3069 3429/3350/3290
f 3175/3096/3036 3431/3352/3292 3428/3349/3289
f 3431/3352/3292 3175/3096/3036 3174/3095/3035
f 3428/3349/3289 3432/3353/3293 3429/3350/3290
f 3432/3353/3293 3428/3349/3289 3431/3352/3292
f 3429/3350/3290 3433/3354/3294 3430/3351/3291
f 3433/3354/3294 3429/3350/3290 3432/3353/3293
f 3174/3095/3035 3310/3231/3171 3431/3352/3292
f 3310/3231/3171 3174/3095/3035 3172/3093/3033
f 3431/3352/3292 3313/3234/3174 3432/3353/3293
f 3313/3234/3174 3431/3352/3292 3310/3231/3171
f 3432/3353/3293 3317/3238/3178 3433/3354/3294
f 3317/3238/3178 3432/3353/3293 3313/3234/3174
f 1691/1612/1563 3433/3354/3294 3317/3238/3178
f 3434/3355/3295 3430/3351/3291 3433/3354/3294
f 3433/3354/3294 1691/1612/1563 3434/3355/3295
f 3430/3351/3291 3434/3355/3295 3435/3356/3296
f 3435/3356/3296 3209/3130/3070 3430/3351/3291
f 1688/1609/1560 3435/3356/3296 3434/3355/3295
f 1691/1612/1563 1688/1609/1560 3434/3355/3295
f 3209/3130/3070 3435/3356/3296 3436/3357/3297
f 3436/3357/3297 3206/3127/3067 3209/3130/3070
f 3435/3356/3296 1688/1609/1560 1684/1605/1556
f 1684/1605/1556 3436/3357/3297 3435/3356/3296
f 3206/3127/3067 3436/3357/3297 3437/3358/3298
f 3437/3358/3298 3202/3123/3063 3206/3127/3067
f 3436/3357/3297 1684/1605/1556 1683/1604/1555
f 1683/1604/1555 3437/3358/3298 3436/3357/3297
f 3202/3123/3063 3437/3358/3298 3438/3359/3299
f 3202/3123/3063 3438/3359/3299 3197/3118/3058
f 3437/3358/3298 1683/1604/1555 3439/3360/3300
f 3439/3360/3300 3438/3359/3299 3437/3358/3298
f 3438/3359/3299 3440/3361/3301 3197/3118/3058
f 3440/3361/3301 3195/3116/3056 3197/3118/3058
f 3438/3359/3299 3439/3360/3300 3441/3362/3302
f 3438/3359/3299 3441/3362/3302 3440/3361/3301
f 1673/1594/1545 3439/3360/3300 1683/1604/1555
f 1669/1590/1541 3441/3362/3302 3439/3360/3300
f 3439/3360/3300 1673/1594/1545 1669/1590/1541
f 3195/3116/3056 3440/3361/3301 3442/3363/3303
f 3442/3363/3303 3193/3114/3054 3195/3116/3056
f 3441/3362/3302 3443/3364/3304 3440/3361/3301
f 3193/3114/3054 3442/3363/3303 3444/3365/3305
f 3444/3365/3305 3192/3113/3053 3193/3114/3054
f 3440/3361/3301 3445/3366/3306 3442/3363/3303
f 3443/3364/3304 3445/3366/3306 3440/3361/3301
f 3442/3363/3303 3446/3367/3307 3444/3365/3305
f 3446/3367/3307 3442/3363/3303 3445/3366/3306
f 3192/3113/3053 3444/3365/3305 3447/3368/3308
f 3446/3367/3307 3447/3368/3308 3444/3365/3305
f 3447/3368/3308 3191/3112/3052 3192/3113/3053
f 3441/3362/3302 1666/1587/1538 3443/3364/3304
f 3441/3362/3302 1669/1590/1541 1666/1587/1538
f 3443/3364/3304 1055/976/933 3445/3366/3306
f 3445/3366/3306 1054/975/932 3446/3367/3307
f 1054/975/932 3445/3366/3306 1055/976/933
f 3447/3368/3308 3446/3367/3307 3448/3369/3309
f 1054/975/932 3448/3369/3309 3446/3367/3307
f 3448/3369/3309 3449/3370/3310 3447/3368/3308
f 3191/3112/3052 3447/3368/3308 3449/3370/3310
f 1059/980/937 1055/976/933 3443/3364/3304
f 1666/1587/1538 1059/980/937 3443/3364/3304
f 3449/3370/3310 3450/3371/3311 3191/3112/3052
f 3103/3024/2964 3191/3112/3052 3450/3371/3311
f 3449/3370/3310 3448/3369/3309 3451/3372/3312
f 3452/3373/3313 3103/3024/2964 3450/3371/3311
f 3103/3024/2964 3452/3373/3313 3097/3018/2958
f 3450/3371/3311 3449/3370/3310 3453/3374/3314
f 3453/3374/3314 3452/3373/3313 3450/3371/3311
f 3451/3372/3312 3453/3374/3314 3449/3370/3310
f 1071/992/949 3097/3018/2958 3452/3373/3313
f 1053/974/931 3451/3372/3312 3448/3369/3309
f 3448/3369/3309 1054/975/932 1053/974/931
f 3452/3373/3313 3453/3374/3314 1067/988/945
f 1067/988/945 1071/992/949 3452/3373/3313
f 3453/3374/3314 3451/3372/3312 1065/986/943
f 1065/986/943 1067/988/945 3453/3374/3314
f 3451/3372/3312 1053/974/931 1057/978/935
f 1057/978/935 1065/986/943 3451/3372/3312
f 3407/3328/3268 3454/3375/3315 3455/3376/3316
f 3454/3375/3315 3407/3328/3268 3456/3377/3317
f 3407/3328/3268 3408/3329/3269 3456/3377/3317
f 3408/3329/3269 3457/3378/3318 3456/3377/3317
f 3457/3378/3318 3408/3329/3269 3409/3330/3270
f 3456/3377/3317 3458/3379/3319 3454/3375/3315
f 3458/3379/3319 3456/3377/3317 3457/3378/3318
f 3459/3380/3320 3454/3375/3315 3458/3379/3319
f 3409/3330/3270 3460/3381/3321 3457/3378/3318
f 3457/3378/3318 3461/3382/3322 3458/3379/3319
f 3461/3382/3322 3457/3378/3318 3460/3381/3321
f 3460/3381/3321 3409/3330/3270 3462/3383/3323
f 3409/3330/3270 3412/3333/3273 3462/3383/3323
f 3418/3339/3279 3462/3383/3323 3412/3333/3273
f 3463/3384/3324 3458/3379/3319 3461/3382/3322
f 3458/3379/3319 3463/3384/3324 3459/3380/3320
f 3460/3381/3321 3464/3385/3325 3461/3382/3322
f 3462/3383/3323 3465/3386/3326 3460/3381/3321
f 3464/3385/3325 3460/3381/3321 3465/3386/3326
f 3462/3383/3323 3418/3339/3279 3466/3387/3327
f 3465/3386/3326 3462/3383/3323 3466/3387/3327
f 3461/3382/3322 3467/3388/3328 3463/3384/3324
f 3467/3388/3328 3461/3382/3322 3464/3385/3325
f 3468/3389/3329 3463/3384/3324 3467/3388/3328
f 3464/3385/3325 3469/3390/3330 3467/3388/3328
f 3469/3390/3330 3468/3389/3329 3467/3388/3328
f 3463/3384/3324 3468/3389/3329 3470/3391/3331
f 3470/3391/3331 3459/3380/3320 3463/3384/3324
f 3468/3389/3329 3471/3392/3332 3470/3391/3331
f 3471/3392/3332 3472/3393/3333 3470/3391/3331
f 3459/3380/3320 3470/3391/3331 3472/3393/3333
f 3472/3393/3333 3473/3394/3334 3459/3380/3320
f 3454/3375/3315 3459/3380/3320 3473/3394/3334
f 3473/3394/3334 3455/3376/3316 3454/3375/3315
f 3455/3376/3316 3473/3394/3334 3474/3395/3335
f 3473/3394/3334 3475/3396/3336 3474/3395/3335
f 3476/3397/3337 3474/3395/3335 3475/3396/3336
f 3477/3398/3338 3474/3395/3335 3476/3397/3337
f 3477/3398/3338 3455/3376/3316 3474/3395/3335
f 3476/3397/3337 2600/2521/2467 3477/3398/3338
f 2614/2535/2481 3477/3398/3338 2600/2521/2467
f 3478/3399/3339 3455/3376/3316 3477/3398/3338
f 3477/3398/3338 2614/2535/2481 3478/3399/3339
f 3478/3399/3339 3407/3328/3268 3455/3376/3316
f 2616/2537/2483 3478/3399/3339 2614/2535/2481
f 3407/3328/3268 3478/3399/3339 2616/2537/2483
f 2055/1976/1925 3479/3400/3340 2062/1983/1932
f 3479/3400/3340 2065/1986/1935 2062/1983/1932
f 3480/3401/3341 2063/1984/1933 2065/1986/1935
f 2065/1986/1935 3479/3400/3340 3480/3401/3341
f 3293/3214/3154 2060/1981/1930 2058/1979/1928
f 2058/1979/1928 2064/1985/1934 3293/3214/3154
f 2063/1984/1933 3480/3401/3341 3481/3402/3342
f 2064/1985/1934 2063/1984/1933 3482/3403/3343
f 3481/3402/3342 3482/3403/3343 2063/1984/1933
f 3483/3404/3344 3480/3401/3341 3479/3400/3340
f 3484/3405/3345 3481/3402/3342 3480/3401/3341
f 3480/3401/3341 3483/3404/3344 3484/3405/3345
f 3481/3402/3342 3484/3405/3345 3485/3406/3346
f 3482/3403/3343 3481/3402/3342 3486/3407/3347
f 3485/3406/3346 3486/3407/3347 3481/3402/3342
f 3487/3408/3348 3485/3406/3346 3484/3405/3345
f 3483/3404/3344 3487/3408/3348 3484/3405/3345
f 3486/3407/3347 3485/3406/3346 3488/3409/3349
f 3489/3410/3350 3483/3404/3344 3479/3400/3340
f 3479/3400/3340 2055/1976/1925 3489/3410/3350
f 3487/3408/3348 3483/3404/3344 3490/3411/3351
f 3485/3406/3346 3487/3408/3348 3491/3412/3352
f 3491/3412/3352 3488/3409/3349 3485/3406/3346
f 3492/3413/3353 3489/3410/3350 2055/1976/1925
f 3493/3414/3354 3491/3412/3352 3487/3408/3348
f 3490/3411/3351 3493/3414/3354 3487/3408/3348
f 2055/1976/1925 2054/1975/1924 3492/3413/3353
f 3483/3404/3344 3489/3410/3350 3494/3415/3355
f 3494/3415/3355 3490/3411/3351 3483/3404/3344
f 3489/3410/3350 3492/3413/3353 3495/3416/3356
f 3495/3416/3356 3494/3415/3355 3489/3410/3350
f 3496/3417/3357 3492/3413/3353 2054/1975/1924
f 3497/3418/3358 3495/3416/3356 3492/3413/3353
f 3492/3413/3353 3496/3417/3357 3497/3418/3358
f 2054/1975/1924 2053/1974/1923 3496/3417/3357
f 3495/3416/3356 3497/3418/3358 3498/3419/3359
f 3494/3415/3355 3495/3416/3356 3499/3420/3360
f 3498/3419/3359 3499/3420/3360 3495/3416/3356
f 3499/3420/3360 3500/3421/3361 3494/3415/3355
f 3490/3411/3351 3494/3415/3355 3500/3421/3361
f 3499/3420/3360 3498/3419/3359 3501/3422/3362
f 3502/3423/3363 3490/3411/3351 3500/3421/3361
f 3500/3421/3361 3499/3420/3360 3503/3424/3364
f 3503/3424/3364 3502/3423/3363 3500/3421/3361
f 3501/3422/3362 3503/3424/3364 3499/3420/3360
f 3504/3425/3365 3501/3422/3362 3498/3419/3359
f 3505/3426/3366 3498/3419/3359 3497/3418/3358
f 3498/3419/3359 3505/3426/3366 3504/3425/3365
f 3497/3418/3358 3506/3427/3367 3505/3426/3366
f 3506/3427/3367 3497/3418/3358 3496/3417/3357
f 3496/3417/3357 3507/3428/3368 3506/3427/3367
f 3507/3428/3368 3496/3417/3357 2053/1974/1923
f 3508/3429/3369 3505/3426/3366 3506/3427/3367
f 3509/3430/3370 3506/3427/3367 3507/3428/3368
f 3506/3427/3367 3509/3430/3370 3508/3429/3369
f 2053/1974/1923 3510/3431/3371 3507/3428/3368
f 3509/3430/3370 3507/3428/3368 3510/3431/3371
f 3510/3431/3371 2053/1974/1923 3511/3432/3372
f 2053/1974/1923 2043/1964/1913 3511/3432/3372
f 3511/3432/3372 2043/1964/1913 2039/1960/1909
f 3511/3432/3372 2039/1960/1909 2041/1962/1911
f 3510/3431/3371 3511/3432/3372 2041/1962/1911
f 3509/3430/3370 3510/3431/3371 3512/3433/3373
f 2041/1962/1911 3512/3433/3373 3510/3431/3371
f 3513/3434/3374 3509/3430/3370 3512/3433/3373
f 3513/3434/3374 3508/3429/3369 3509/3430/3370
f 3512/3433/3373 2041/1962/1911 3514/3435/3375
f 3514/3435/3375 2041/1962/1911 2040/1961/1910
f 3513/3434/3374 3512/3433/3373 3515/3436/3376
f 3514/3435/3375 3515/3436/3376 3512/3433/3373
f 3508/3429/3369 3513/3434/3374 3516/3437/3377
f 2040/1961/1910 3517/3438/3378 3514/3435/3375
f 3515/3436/3376 3514/3435/3375 3517/3438/3378
f 3518/3439/3379 3513/3434/3374 3515/3436/3376
f 3518/3439/3379 3516/3437/3377 3513/3434/3374
f 3517/3438/3378 3519/3440/3380 3515/3436/3376
f 3518/3439/3379 3515/3436/3376 3519/3440/3380
f 3517/3438/3378 2040/1961/1910 3520/3441/3381
f 2391/2312/2258 3518/3439/3379 3519/3440/3380
f 3519/3440/3380 3517/3438/3378 3521/3442/3382
f 3520/3441/3381 3521/3442/3382 3517/3438/3378
f 3521/3442/3382 2388/2309/2255 3519/3440/3380
f 2391/2312/2258 3519/3440/3380 2388/2309/2255
f 3520/3441/3381 2040/1961/1910 3522/3443/3383
f 2040/1961/1910 2036/1957/1906 3522/3443/3383
f 3522/3443/3383 2036/1957/1906 1246/1167/1124
f 3522/3443/3383 3523/3444/3384 3520/3441/3381
f 3521/3442/3382 3520/3441/3381 3523/3444/3384
f 1246/1167/1124 3524/3445/3385 3522/3443/3383
f 3523/3444/3384 3522/3443/3383 3524/3445/3385
f 3523/3444/3384 2387/2308/2254 3521/3442/3382
f 2388/2309/2255 3521/3442/3382 2387/2308/2254
f 3524/3445/3385 3525/3446/3386 3523/3444/3384
f 2387/2308/2254 3523/3444/3384 3525/3446/3386
f 3524/3445/3385 1246/1167/1124 3526/3447/3387
f 3526/3447/3387 1246/1167/1124 1244/1165/1122
f 3526/3447/3387 1244/1165/1122 1249/1170/1127
f 3526/3447/3387 3527/3448/3388 3524/3445/3385
f 3525/3446/3386 3524/3445/3385 3527/3448/3388
f 3528/3449/3389 3526/3447/3387 1249/1170/1127
f 3527/3448/3388 3526/3447/3387 3528/3449/3389
f 3528/3449/3389 1249/1170/1127 1827/1748/1698
f 3527/3448/3388 3528/3449/3389 1833/1754/1704
f 1833/1754/1704 3528/3449/3389 1827/1748/1698
f 3525/3446/3386 3527/3448/3388 2380/2301/2247
f 2380/2301/2247 3527/3448/3388 1833/1754/1704
f 2382/2303/2249 3525/3446/3386 2380/2301/2247
f 2387/2308/2254 3525/3446/3386 2382/2303/2249
f 3529/3450/3390 3530/3451/3391 3531/3452/3392
f 3530/3451/3391 3532/3453/3393 3531/3452/3392
f 3530/3451/3391 3529/3450/3390 2556/2477/2423
f 3469/3390/3330 3531/3452/3392 3532/3453/3393
f 3071/2992/2932 2556/2477/2423 3529/3450/3390
f 3531/3452/3392 3469/3390/3330 3533/3454/3394
f 3469/3390/3330 3464/3385/3325 3533/3454/3394
f 3465/3386/3326 3533/3454/3394 3464/3385/3325
f 3534/3455/3395 3531/3452/3392 3533/3454/3394
f 3533/3454/3394 3465/3386/3326 3534/3455/3395
f 3531/3452/3392 3534/3455/3395 3529/3450/3390
f 3466/3387/3327 3534/3455/3395 3465/3386/3326
f 3535/3456/3396 3529/3450/3390 3534/3455/3395
f 3534/3455/3395 3466/3387/3327 3535/3456/3396
f 3529/3450/3390 3535/3456/3396 3071/2992/2932
f 3418/3339/3279 3535/3456/3396 3466/3387/3327
f 3535/3456/3396 3418/3339/3279 3536/3457/3397
f 3536/3457/3397 3071/2992/2932 3535/3456/3396
f 3418/3339/3279 3420/3341/3281 3536/3457/3397
f 3071/2992/2932 3536/3457/3397 3537/3458/3398
f 3420/3341/3281 3537/3458/3398 3536/3457/3397
f 3031/2952/2892 3071/2992/2932 3537/3458/3398
f 3537/3458/3398 3420/3341/3281 3032/2953/2893
f 3032/2953/2893 3031/2952/2892 3537/3458/3398
f 3538/3459/3399 3539/3460/3400 3540/3461/3401
f 3540/3461/3401 3541/3462/3402 3538/3459/3399
f 3516/3437/3377 3538/3459/3399 3541/3462/3402
f 3541/3462/3402 3540/3461/3401 3542/3463/3403
f 3543/3464/3404 3516/3437/3377 3541/3462/3402
f 3542/3463/3403 3543/3464/3404 3541/3462/3402
f 3516/3437/3377 3543/3464/3404 3508/3429/3369
f 3505/3426/3366 3508/3429/3369 3543/3464/3404
f 3543/3464/3404 3504/3425/3365 3505/3426/3366
f 3544/3465/3405 3538/3459/3399 3516/3437/3377
f 3516/3437/3377 3518/3439/3379 3544/3465/3405
f 2391/2312/2258 3544/3465/3405 3518/3439/3379
f 3544/3465/3405 3545/3466/3406 3538/3459/3399
f 3539/3460/3400 3538/3459/3399 3545/3466/3406
f 3544/3465/3405 2391/2312/2258 3546/3467/3407
f 3546/3467/3407 3545/3466/3406 3544/3465/3405
f 3547/3468/3408 3546/3467/3407 2391/2312/2258
f 2391/2312/2258 2389/2310/2256 3547/3468/3408
f 2393/2314/2260 3547/3468/3408 2389/2310/2256
f 3547/3468/3408 2393/2314/2260 3548/3469/3409
f 2394/2315/2261 3548/3469/3409 2393/2314/2260
f 3546/3467/3407 3547/3468/3408 3549/3470/3410
f 3548/3469/3409 3549/3470/3410 3547/3468/3408
f 3546/3467/3407 3550/3471/3411 3545/3466/3406
f 3549/3470/3410 3550/3471/3411 3546/3467/3407
f 3548/3469/3409 2394/2315/2261 3551/3472/3412
f 2600/2521/2467 3551/3472/3412 2394/2315/2261
f 3549/3470/3410 3548/3469/3409 3552/3473/3413
f 3551/3472/3412 3552/3473/3413 3548/3469/3409
f 3549/3470/3410 3553/3474/3414 3550/3471/3411
f 3552/3473/3413 3553/3474/3414 3549/3470/3410
f 3554/3475/3415 3545/3466/3406 3550/3471/3411
f 3545/3466/3406 3554/3475/3415 3539/3460/3400
f 3555/3476/3416 3550/3471/3411 3553/3474/3414
f 3550/3471/3411 3555/3476/3416 3554/3475/3415
f 3552/3473/3413 3551/3472/3412 3476/3397/3337
f 2600/2521/2467 3476/3397/3337 3551/3472/3412
f 3552/3473/3413 3475/3396/3336 3553/3474/3414
f 3476/3397/3337 3475/3396/3336 3552/3473/3413
f 3553/3474/3414 3556/3477/3417 3555/3476/3416
f 3556/3477/3417 3553/3474/3414 3475/3396/3336
f 3557/3478/3418 3554/3475/3415 3555/3476/3416
f 3556/3477/3417 3557/3478/3418 3555/3476/3416
f 3554/3475/3415 3557/3478/3418 3558/3479/3419
f 3558/3479/3419 3539/3460/3400 3554/3475/3415
f 3557/3478/3418 3556/3477/3417 3472/3393/3333
f 3471/3392/3332 3558/3479/3419 3557/3478/3418
f 3472/3393/3333 3471/3392/3332 3557/3478/3418
f 3473/3394/3334 3472/3393/3333 3556/3477/3417
f 3475/3396/3336 3473/3394/3334 3556/3477/3417
f 3539/3460/3400 3558/3479/3419 3559/3480/3420
f 3559/3480/3420 3540/3461/3401 3539/3460/3400
f 3560/3481/3421 3559/3480/3420 3558/3479/3419
f 3558/3479/3419 3471/3392/3332 3560/3481/3421
f 3540/3461/3401 3559/3480/3420 3561/3482/3422
f 3561/3482/3422 3542/3463/3403 3540/3461/3401
f 3559/3480/3420 3560/3481/3421 3562/3483/3423
f 3562/3483/3423 3561/3482/3422 3559/3480/3420
f 3563/3484/3424 3560/3481/3421 3471/3392/3332
f 3564/3485/3425 3562/3483/3423 3560/3481/3421
f 3560/3481/3421 3563/3484/3424 3564/3485/3425
f 3471/3392/3332 3468/3389/3329 3563/3484/3424
f 3562/3483/3423 3564/3485/3425 3565/3486/3426
f 3561/3482/3422 3562/3483/3423 3566/3487/3427
f 3565/3486/3426 3566/3487/3427 3562/3483/3423
f 3566/3487/3427 3567/3488/3428 3561/3482/3422
f 3542/3463/3403 3561/3482/3422 3567/3488/3428
f 3566/3487/3427 3565/3486/3426 3568/3489/3429
f 3567/3488/3428 3569/3490/3430 3542/3463/3403
f 3543/3464/3404 3542/3463/3403 3569/3490/3430
f 3504/3425/3365 3543/3464/3404 3569/3490/3430
f 3569/3490/3430 3567/3488/3428 3570/3491/3431
f 3570/3491/3431 3504/3425/3365 3569/3490/3430
f 3567/3488/3428 3566/3487/3427 3571/3492/3432
f 3571/3492/3432 3570/3491/3431 3567/3488/3428
f 3568/3489/3429 3571/3492/3432 3566/3487/3427
f 3504/3425/3365 3570/3491/3431 3572/3493/3433
f 3501/3422/3362 3504/3425/3365 3572/3493/3433
f 3570/3491/3431 3571/3492/3432 3573/3494/3434
f 3573/3494/3434 3572/3493/3433 3570/3491/3431
f 3571/3492/3432 3568/3489/3429 3574/3495/3435
f 3574/3495/3435 3573/3494/3434 3571/3492/3432
f 3572/3493/3433 3575/3496/3436 3501/3422/3362
f 3503/3424/3364 3501/3422/3362 3575/3496/3436
f 3572/3493/3433 3573/3494/3434 3576/3497/3437
f 3575/3496/3436 3572/3493/3433 3576/3497/3437
f 3575/3496/3436 3577/3498/3438 3503/3424/3364
f 3502/3423/3363 3503/3424/3364 3577/3498/3438
f 3576/3497/3437 3578/3499/3439 3575/3496/3436
f 3577/3498/3438 3575/3496/3436 3578/3499/3439
f 3579/3500/3440 3576/3497/3437 3573/3494/3434
f 3573/3494/3434 3574/3495/3435 3579/3500/3440
f 3580/3501/3441 3502/3423/3363 3577/3498/3438
f 3578/3499/3439 3580/3501/3441 3577/3498/3438
f 3576/3497/3437 3579/3500/3440 3581/3502/3442
f 3578/3499/3439 3576/3497/3437 3581/3502/3442
f 3582/3503/3443 2995/2916/2856 2991/2912/2852
f 2996/2917/2857 3582/3503/3443 2991/2912/2852
f 2995/2916/2856 3583/3504/3444 2982/2903/2845
f 2963/2884/2826 2982/2903/2845 3583/3504/3444
f 3583/3504/3444 2962/2883/2825 2963/2884/2826
f 3583/3504/3444 2995/2916/2856 3584/3505/3445
f 3582/3503/3443 3584/3505/3445 2995/2916/2856
f 2962/2883/2825 3583/3504/3444 3585/3506/3446
f 3584/3505/3445 3585/3506/3446 3583/3504/3444
f 3585/3506/3446 2966/2887/2829 2962/2883/2825
f 3586/3507/3447 3582/3503/3443 2996/2917/2857
f 2996/2917/2857 2992/2913/2853 3586/3507/3447
f 3584/3505/3445 3582/3503/3443 3587/3508/3448
f 3585/3506/3446 3584/3505/3445 3588/3509/3449
f 3587/3508/3448 3588/3509/3449 3584/3505/3445
f 3582/3503/3443 3586/3507/3447 3589/3510/3450
f 3589/3510/3450 3587/3508/3448 3582/3503/3443
f 2992/2913/2853 3590/3511/3451 3586/3507/3447
f 3590/3511/3451 3589/3510/3450 3586/3507/3447
f 3590/3511/3451 2992/2913/2853 3591/3512/3452
f 2992/2913/2853 2993/2914/2854 3591/3512/3452
f 3589/3510/3450 3590/3511/3451 3592/3513/3453
f 3587/3508/3448 3589/3510/3450 3593/3514/3454
f 3592/3513/3453 3593/3514/3454 3589/3510/3450
f 3593/3514/3454 3594/3515/3455 3587/3508/3448
f 3588/3509/3449 3587/3508/3448 3594/3515/3455
f 3595/3516/3456 3591/3512/3452 2993/2914/2854
f 2993/2914/2854 2994/2915/2855 3595/3516/3456
f 3596/3517/3457 3595/3516/3456 2994/2915/2855
f 3595/3516/3456 3596/3517/3457 3597/3518/3458
f 3598/3519/3459 3597/3518/3458 3596/3517/3457
f 3591/3512/3452 3595/3516/3456 3599/3520/3460
f 3597/3518/3458 3599/3520/3460 3595/3516/3456
f 3597/3518/3458 3598/3519/3459 3600/3521/3461
f 3601/3522/3462 3600/3521/3461 3598/3519/3459
f 3599/3520/3460 3597/3518/3458 3602/3523/3463
f 3600/3521/3461 3602/3523/3463 3597/3518/3458
f 3600/3521/3461 3601/3522/3462 3603/3524/3464
f 3604/3525/622 3603/3524/3464 3601/3522/3462
f 3602/3523/3463 3600/3521/3461 3605/3526/3465
f 3603/3524/3464 3605/3526/3465 3600/3521/3461
f 3606/3527/3466 3599/3520/3460 3602/3523/3463
f 3607/3528/3467 3591/3512/3452 3599/3520/3460
f 3599/3520/3460 3606/3527/3466 3607/3528/3467
f 3591/3512/3452 3607/3528/3467 3590/3511/3451
f 3607/3528/3467 3592/3513/3453 3590/3511/3451
f 3606/3527/3466 3608/3529/3468 3607/3528/3467
f 3592/3513/3453 3607/3528/3467 3608/3529/3468
f 3602/3523/3463 3609/3530/3469 3606/3527/3466
f 3609/3530/3469 3602/3523/3463 3605/3526/3465
f 3609/3530/3469 3610/3531/3470 3606/3527/3466
f 3608/3529/3468 3606/3527/3466 3610/3531/3470
f 3605/3526/3465 3611/3532/3471 3609/3530/3469
f 3608/3529/3468 3612/3533/3472 3592/3513/3453
f 3593/3514/3454 3592/3513/3453 3612/3533/3472
f 3613/3534/3473 3608/3529/3468 3610/3531/3470
f 3610/3531/3470 3609/3530/3469 3614/3535/3474
f 3614/3535/3474 3613/3534/3473 3610/3531/3470
f 3611/3532/3471 3614/3535/3474 3609/3530/3469
f 3612/3533/3472 3615/3536/3475 3593/3514/3454
f 3594/3515/3455 3593/3514/3454 3615/3536/3475
f 3612/3533/3472 3608/3529/3468 3616/3537/3476
f 3608/3529/3468 3613/3534/3473 3616/3537/3476
f 3615/3536/3475 3617/3538/3477 3594/3515/3455
f 3617/3538/3477 3588/3509/3449 3594/3515/3455
f 3615/3536/3475 3612/3533/3472 3618/3539/3478
f 3616/3537/3476 3618/3539/3478 3612/3533/3472
f 3618/3539/3478 3619/3540/3479 3615/3536/3475
f 3617/3538/3477 3615/3536/3475 3619/3540/3479
f 3618/3539/3478 3616/3537/3476 3620/3541/3480
f 3613/3534/3473 3620/3541/3480 3616/3537/3476
f 3619/3540/3479 3618/3539/3478 3621/3542/3481
f 3620/3541/3480 3621/3542/3481 3618/3539/3478
f 3620/3541/3480 3613/3534/3473 3622/3543/3482
f 3621/3542/3481 3620/3541/3480 3623/3544/3483
f 3622/3543/3482 3623/3544/3483 3620/3541/3480
f 3621/3542/3481 3624/3545/3484 3619/3540/3479
f 3619/3540/3479 3625/3546/3485 3617/3538/3477
f 3625/3546/3485 3619/3540/3479 3624/3545/3484
f 3624/3545/3484 3621/3542/3481 3626/3547/3486
f 3623/3544/3483 3626/3547/3486 3621/3542/3481
f 3626/3547/3486 3623/3544/3483 3488/3409/3349
f 3488/3409/3349 3491/3412/3352 3626/3547/3486
f 3627/3548/3487 3488/3409/3349 3623/3544/3483
f 3623/3544/3483 3622/3543/3482 3627/3548/3487
f 3488/3409/3349 3627/3548/3487 3486/3407/3347
f 3627/3548/3487 3482/3403/3343 3486/3407/3347
f 3628/3549/3488 3626/3547/3486 3491/3412/3352
f 3626/3547/3486 3628/3549/3488 3624/3545/3484
f 3491/3412/3352 3493/3414/3354 3628/3549/3488
f 3482/3403/3343 3627/3548/3487 3629/3550/3489
f 3622/3543/3482 3629/3550/3489 3627/3548/3487
f 3629/3550/3489 2064/1985/1934 3482/3403/3343
f 3630/3551/3490 3624/3545/3484 3628/3549/3488
f 3624/3545/3484 3630/3551/3490 3625/3546/3485
f 3631/3552/3491 3628/3549/3488 3493/3414/3354
f 3628/3549/3488 3631/3552/3491 3630/3551/3490
f 2064/1985/1934 3629/3550/3489 3632/3553/3492
f 3629/3550/3489 3622/3543/3482 3633/3554/3493
f 3633/3554/3493 3632/3553/3492 3629/3550/3489
f 3632/3553/3492 3293/3214/3154 2064/1985/1934
f 3622/3543/3482 3634/3555/3494 3633/3554/3493
f 3634/3555/3494 3622/3543/3482 3613/3534/3473
f 3632/3553/3492 3633/3554/3493 3635/3556/3495
f 3634/3555/3494 3635/3556/3495 3633/3554/3493
f 3613/3534/3473 3614/3535/3474 3634/3555/3494
f 3635/3556/3495 3636/3557/3496 3632/3553/3492
f 3293/3214/3154 3632/3553/3492 3636/3557/3496
f 3635/3556/3495 3634/3555/3494 3637/3558/3497
f 3638/3559/3498 3634/3555/3494 3614/3535/3474
f 3637/3558/3497 3634/3555/3494 3638/3559/3498
f 3614/3535/3474 3611/3532/3471 3638/3559/3498
f 3637/3558/3497 3639/3560/3499 3635/3556/3495
f 3636/3557/3496 3635/3556/3495 3639/3560/3499
f 3638/3559/3498 3640/3561/3500 3637/3558/3497
f 3639/3560/3499 3637/3558/3497 3640/3561/3500
f 3636/3557/3496 3639/3560/3499 3296/3217/3157
f 3640/3561/3500 3296/3217/3157 3639/3560/3499
f 3293/3214/3154 3636/3557/3496 3294/3215/3155
f 3636/3557/3496 3296/3217/3157 3294/3215/3155
f 3640/3561/3500 3638/3559/3498 3641/3562/3501
f 3641/3562/3501 3638/3559/3498 3611/3532/3471
f 3296/3217/3157 3640/3561/3500 3642/3563/3502
f 3641/3562/3501 3642/3563/3502 3640/3561/3500
f 907/828/789 3296/3217/3157 3642/3563/3502
f 3643/3564/3503 3641/3562/3501 3611/3532/3471
f 3642/3563/3502 3641/3562/3501 3644/3565/3504
f 3643/3564/3503 3644/3565/3504 3641/3562/3501
f 900/821/782 3642/3563/3502 3644/3565/3504
f 3642/3563/3502 900/821/782 907/828/789
f 898/819/780 900/821/782 3644/3565/3504
f 3644/3565/3504 3643/3564/3503 898/819/780
f 3645/3566/3505 3643/3564/3503 3611/3532/3471
f 3611/3532/3471 3605/3526/3465 3645/3566/3505
f 3645/3566/3505 3605/3526/3465 3603/3524/3464
f 3643/3564/3503 3645/3566/3505 3646/3567/3506
f 3603/3524/3464 3646/3567/3506 3645/3566/3505
f 3643/3564/3503 3647/3568/3507 898/819/780
f 3643/3564/3503 3646/3567/3506 3647/3568/3507
f 3646/3567/3506 3603/3524/3464 3648/3569/3508
f 3648/3569/3508 3647/3568/3507 3646/3567/3506
f 3603/3524/3464 3604/3525/622 3648/3569/3508
f 3604/3525/622 3649/3570/3509 3648/3569/3508
f 3647/3568/3507 3648/3569/3508 3649/3570/3509
f 3604/3525/622 892/813/774 3649/3570/3509
f 896/817/778 898/819/780 3647/3568/3507
f 3647/3568/3507 3649/3570/3509 896/817/778
f 894/815/776 3649/3570/3509 892/813/774
f 3649/3570/3509 894/815/776 896/817/778
f 3650/3571/3510 3651/3572/3511 3652/3573/3512
f 3653/3574/3513 3652/3573/3512 3651/3572/3511
f 3650/3571/3510 3654/3575/3514 3655/3576/3515
f 3654/3575/3514 2694/2615/2561 3655/3576/3515
f 3651/3572/3511 3650/3571/3510 3656/3577/3516
f 3655/3576/3515 3656/3577/3516 3650/3571/3510
f 3657/3578/3517 3653/3574/3513 3651/3572/3511
f 3656/3577/3516 3657/3578/3517 3651/3572/3511
f 3655/3576/3515 2694/2615/2561 3658/3579/3518
f 2694/2615/2561 2700/2621/2567 3658/3579/3518
f 3656/3577/3516 3655/3576/3515 3659/3580/3519
f 3655/3576/3515 3658/3579/3518 3659/3580/3519
f 3658/3579/3518 2700/2621/2567 2882/2803/2747
f 3659/3580/3519 3658/3579/3518 2882/2803/2747
f 3659/3580/3519 3660/3581/3520 3656/3577/3516
f 3657/3578/3517 3656/3577/3516 3660/3581/3520
f 3659/3580/3519 2882/2803/2747 3661/3582/3521
f 3660/3581/3520 3659/3580/3519 3661/3582/3521
f 3661/3582/3521 2882/2803/2747 3662/3583/3522
f 2882/2803/2747 2883/2804/2748 3662/3583/3522
f 2886/2807/2751 3662/3583/3522 2883/2804/2748
f 3662/3583/3522 2886/2807/2751 3663/3584/3523
f 3663/3584/3523 2886/2807/2751 2894/2815/2759
f 3664/3585/3524 3662/3583/3522 3663/3584/3523
f 3662/3583/3522 3664/3585/3524 3661/3582/3521
f 2894/2815/2759 3664/3585/3524 3663/3584/3523
f 3661/3582/3521 3665/3586/3525 3660/3581/3520
f 3665/3586/3525 3661/3582/3521 3664/3585/3524
f 3665/3586/3525 3657/3578/3517 3660/3581/3520
f 3664/3585/3524 2894/2815/2759 3666/3587/3526
f 3666/3587/3526 2894/2815/2759 2959/2880/2822
f 3664/3585/3524 3667/3588/3527 3665/3586/3525
f 3667/3588/3527 3664/3585/3524 3666/3587/3526
f 3657/3578/3517 3665/3586/3525 3668/3589/3528
f 3667/3588/3527 3668/3589/3528 3665/3586/3525
f 3669/3590/3529 3666/3587/3526 2959/2880/2822
f 3666/3587/3526 3669/3590/3529 3667/3588/3527
f 2959/2880/2822 2966/2887/2829 3669/3590/3529
f 3670/3591/3530 3669/3590/3529 2966/2887/2829
f 2966/2887/2829 3585/3506/3446 3670/3591/3530
f 3671/3592/3531 3667/3588/3527 3669/3590/3529
f 3669/3590/3529 3670/3591/3530 3671/3592/3531
f 3585/3506/3446 3672/3593/3532 3670/3591/3530
f 3672/3593/3532 3671/3592/3531 3670/3591/3530
f 3672/3593/3532 3585/3506/3446 3588/3509/3449
f 3588/3509/3449 3617/3538/3477 3672/3593/3532
f 3617/3538/3477 3673/3594/3533 3672/3593/3532
f 3671/3592/3531 3672/3593/3532 3673/3594/3533
f 3673/3594/3533 3617/3538/3477 3625/3546/3485
f 3667/3588/3527 3671/3592/3531 3674/3595/3534
f 3673/3594/3533 3674/3595/3534 3671/3592/3531
f 3668/3589/3528 3667/3588/3527 3674/3595/3534
f 3625/3546/3485 3675/3596/3535 3673/3594/3533
f 3674/3595/3534 3673/3594/3533 3675/3596/3535
f 3675/3596/3535 3668/3589/3528 3674/3595/3534
f 3675/3596/3535 3625/3546/3485 3630/3551/3490
f 3630/3551/3490 3676/3597/3536 3675/3596/3535
f 3668/3589/3528 3675/3596/3535 3676/3597/3536
f 3676/3597/3536 3630/3551/3490 3631/3552/3491
f 3677/3598/3537 3668/3589/3528 3676/3597/3536
f 3631/3552/3491 3677/3598/3537 3676/3597/3536
f 3668/3589/3528 3677/3598/3537 3657/3578/3517
f 3653/3574/3513 3657/3578/3517 3677/3598/3537
f 3677/3598/3537 3631/3552/3491 3678/3599/3538
f 3677/3598/3537 3679/3600/3539 3653/3574/3513
f 3679/3600/3539 3677/3598/3537 3678/3599/3538
f 3580/3501/3441 3653/3574/3513 3679/3600/3539
f 3502/3423/3363 3580/3501/3441 3679/3600/3539
f 3680/3601/3540 3679/3600/3539 3678/3599/3538
f 3679/3600/3539 3680/3601/3540 3502/3423/3363
f 3631/3552/3491 3680/3601/3540 3678/3599/3538
f 3490/3411/3351 3502/3423/3363 3680/3601/3540
f 3680/3601/3540 3631/3552/3491 3493/3414/3354
f 3493/3414/3354 3490/3411/3351 3680/3601/3540
f 3681/3602/3541 3242/3163/3103 3230/3151/3091
f 3230/3151/3091 3229/3150/3090 3681/3602/3541
f 3242/3163/3103 3681/3602/3541 3682/3603/3542
f 3250/3171/3111 3242/3163/3103 3682/3603/3542
f 3229/3150/3090 3683/3604/3543 3681/3602/3541
f 3683/3604/3543 3682/3603/3542 3681/3602/3541
f 3684/3605/3544 3250/3171/3111 3682/3603/3542
f 3682/3603/3542 3683/3604/3543 3684/3605/3544
f 3249/3170/3110 3250/3171/3111 3685/3606/3545
f 3683/3604/3543 3229/3150/3090 3686/3607/3546
f 3229/3150/3090 3231/3152/3092 3686/3607/3546
f 3250/3171/3111 3684/3605/3544 3687/3608/3547
f 3687/3608/3547 3685/3606/3545 3250/3171/3111
f 3685/3606/3545 3688/3609/3548 3249/3170/3110
f 3248/3169/3109 3249/3170/3110 3688/3609/3548
f 3685/3606/3545 3687/3608/3547 3689/3610/3549
f 3688/3609/3548 3685/3606/3545 3690/3611/3550
f 3689/3610/3549 3690/3611/3550 3685/3606/3545
f 3690/3611/3550 3691/3612/3551 3688/3609/3548
f 3688/3609/3548 3692/3613/3552 3248/3169/3109
f 3692/3613/3552 3688/3609/3548 3691/3612/3551
f 3693/3614/3553 3248/3169/3109 3692/3613/3552
f 3248/3169/3109 3693/3614/3553 3246/3167/3107
f 3694/3615/3554 3246/3167/3107 3693/3614/3553
f 3245/3166/3106 3246/3167/3107 3694/3615/3554
f 3694/3615/3554 3693/3614/3553 3695/3616/3555
f 3694/3615/3554 3696/3617/3556 3245/3166/3106
f 3244/3165/3105 3245/3166/3106 3696/3617/3556
f 3692/3613/3552 3697/3618/3557 3693/3614/3553
f 3695/3616/3555 3693/3614/3553 3697/3618/3557
f 3697/3618/3557 3692/3613/3552 3698/3619/3558
f 3691/3612/3551 3698/3619/3558 3692/3613/3552
f 3696/3617/3556 3694/3615/3554 3699/3620/3559
f 3695/3616/3555 3699/3620/3559 3694/3615/3554
f 3696/3617/3556 3700/3621/3560 3244/3165/3105
f 3699/3620/3559 3701/3622/3561 3696/3617/3556
f 3700/3621/3560 3696/3617/3556 3701/3622/3561
f 3702/3623/3562 3244/3165/3105 3700/3621/3560
f 3244/3165/3105 3702/3623/3562 3237/3158/3098
f 3703/3624/3563 3237/3158/3098 3702/3623/3562
f 3237/3158/3098 3703/3624/3563 3235/3156/3096
f 3700/3621/3560 3704/3625/3564 3702/3623/3562
f 3701/3622/3561 3705/3626/3565 3700/3621/3560
f 3700/3621/3560 3705/3626/3565 3704/3625/3564
f 3706/3627/3566 3235/3156/3096 3703/3624/3563
f 3235/3156/3096 3706/3627/3566 3221/3142/3082
f 3702/3623/3562 3707/3628/3567 3703/3624/3563
f 3702/3623/3562 3704/3625/3564 3707/3628/3567
f 3703/3624/3563 3708/3629/3568 3706/3627/3566
f 3703/3624/3563 3707/3628/3567 3708/3629/3568
f 3709/3630/3569 3221/3142/3082 3706/3627/3566
f 3221/3142/3082 3709/3630/3569 3218/3139/3079
f 3706/3627/3566 3708/3629/3568 3710/3631/3570
f 3706/3627/3566 3710/3631/3570 3709/3630/3569
f 3707/3628/3567 3711/3632/3571 3708/3629/3568
f 3712/3633/3572 3218/3139/3079 3709/3630/3569
f 3218/3139/3079 3712/3633/3572 3216/3137/3077
f 3709/3630/3569 3710/3631/3570 3713/3634/3573
f 3709/3630/3569 3713/3634/3573 3712/3633/3572
f 3708/3629/3568 3714/3635/3574 3710/3631/3570
f 3708/3629/3568 3711/3632/3571 3714/3635/3574
f 3710/3631/3570 3715/3636/3575 3713/3634/3573
f 3710/3631/3570 3714/3635/3574 3715/3636/3575
f 2754/2675/2621 3216/3137/3077 3712/3633/3572
f 3216/3137/3077 2754/2675/2621 2759/2680/2626
f 3712/3633/3572 3713/3634/3573 2750/2671/2617
f 3712/3633/3572 2750/2671/2617 2754/2675/2621
f 3713/3634/3573 3715/3636/3575 2140/2061/2010
f 3713/3634/3573 2140/2061/2010 2750/2671/2617
f 3714/3635/3574 3716/3637/3576 3715/3636/3575
f 3715/3636/3575 2138/2059/2008 2140/2061/2010
f 3715/3636/3575 3716/3637/3576 2138/2059/2008
f 3714/3635/3574 3717/3638/3577 3716/3637/3576
f 3711/3632/3571 3717/3638/3577 3714/3635/3574
f 3716/3637/3576 2135/2056/2005 2138/2059/2008
f 3717/3638/3577 2133/2054/2003 3716/3637/3576
f 3716/3637/3576 2133/2054/2003 2135/2056/2005
f 3717/3638/3577 2134/2055/2004 2133/2054/2003
f 3711/3632/3571 3718/3639/3578 3717/3638/3577
f 3718/3639/3578 2134/2055/2004 3717/3638/3577
f 3719/3640/3579 3718/3639/3578 3711/3632/3571
f 3707/3628/3567 3719/3640/3579 3711/3632/3571
f 3704/3625/3564 3719/3640/3579 3707/3628/3567
f 3704/3625/3564 3720/3641/3580 3719/3640/3579
f 3705/3626/3565 3720/3641/3580 3704/3625/3564
f 3719/3640/3579 3721/3642/3581 3718/3639/3578
f 3720/3641/3580 3721/3642/3581 3719/3640/3579
f 3718/3639/3578 2136/2057/2006 2134/2055/2004
f 3721/3642/3581 2136/2057/2006 3718/3639/3578
f 3720/3641/3580 3722/3643/3582 3721/3642/3581
f 3721/3642/3581 2142/2063/2012 2136/2057/2006
f 3722/3643/3582 2142/2063/2012 3721/3642/3581
f 3723/3644/3583 3722/3643/3582 3720/3641/3580
f 3705/3626/3565 3723/3644/3583 3720/3641/3580
f 3722/3643/3582 2144/2065/2014 2142/2063/2012
f 3724/3645/3584 3723/3644/3583 3705/3626/3565
f 3701/3622/3561 3724/3645/3584 3705/3626/3565
f 3723/3644/3583 2147/2068/2017 3722/3643/3582
f 2147/2068/2017 2144/2065/2014 3722/3643/3582
f 3724/3645/3584 3725/3646/3585 3723/3644/3583
f 3725/3646/3585 2147/2068/2017 3723/3644/3583
f 3726/3647/3586 3724/3645/3584 3701/3622/3561
f 3701/3622/3561 3699/3620/3559 3726/3647/3586
f 3727/3648/3587 3725/3646/3585 3724/3645/3584
f 3726/3647/3586 3727/3648/3587 3724/3645/3584
f 3727/3648/3587 2462/2383/2329 3725/3646/3585
f 2461/2382/2328 2462/2383/2329 3727/3648/3587
f 2472/2393/2339 2461/2382/2328 3727/3648/3587
f 2472/2393/2339 3727/3648/3587 3726/3647/3586
f 3728/3649/3588 3726/3647/3586 3699/3620/3559
f 3726/3647/3586 3728/3649/3588 2472/2393/2339
f 3699/3620/3559 3695/3616/3555 3728/3649/3588
f 2462/2383/2329 2148/2069/2018 3725/3646/3585
f 3725/3646/3585 2148/2069/2018 2147/2068/2017
f 2462/2383/2329 2455/2376/2322 2148/2069/2018
f 2455/2376/2322 2149/2070/2019 2148/2069/2018
f 3729/3650/3589 2472/2393/2339 3728/3649/3588
f 3728/3649/3588 3695/3616/3555 3729/3650/3589
f 2472/2393/2339 3729/3650/3589 2468/2389/2335
f 2471/2392/2338 2468/2389/2335 3729/3650/3589
f 3729/3650/3589 3695/3616/3555 3730/3651/3590
f 3729/3650/3589 3730/3651/3590 2471/2392/2338
f 3695/3616/3555 3697/3618/3557 3730/3651/3590
f 2471/2392/2338 3730/3651/3590 3010/2931/2871
f 3730/3651/3590 3697/3618/3557 3731/3652/3591
f 3730/3651/3590 3731/3652/3591 3010/2931/2871
f 3698/3619/3558 3731/3652/3591 3697/3618/3557
f 3010/2931/2871 3731/3652/3591 3012/2933/2873
f 3732/3653/3592 3012/2933/2873 3731/3652/3591
f 3731/3652/3591 3698/3619/3558 3732/3653/3592
f 3012/2933/2873 3732/3653/3592 3014/2935/2875
f 3733/3654/3593 3732/3653/3592 3698/3619/3558
f 3698/3619/3558 3691/3612/3551 3733/3654/3593
f 3734/3655/3594 3014/2935/2875 3732/3653/3592
f 3732/3653/3592 3733/3654/3593 3734/3655/3594
f 3014/2935/2875 3734/3655/3594 3022/2943/2883
f 3735/3656/3595 3733/3654/3593 3691/3612/3551
f 3691/3612/3551 3690/3611/3550 3735/3656/3595
f 3736/3657/3596 3734/3655/3594 3733/3654/3593
f 3733/3654/3593 3735/3656/3595 3736/3657/3596
f 3737/3658/3597 3022/2943/2883 3734/3655/3594
f 3734/3655/3594 3736/3657/3596 3737/3658/3597
f 3022/2943/2883 3737/3658/3597 3738/3659/3598
f 3738/3659/3598 3021/2942/2882 3022/2943/2883
f 3736/3657/3596 3739/3660/3599 3737/3658/3597
f 3739/3660/3599 3738/3659/3598 3737/3658/3597
f 3021/2942/2882 3738/3659/3598 3740/3661/3600
f 3740/3661/3600 3017/2938/2878 3021/2942/2882
f 3741/3662/3601 3740/3661/3600 3738/3659/3598
f 3738/3659/3598 3739/3660/3599 3741/3662/3601
f 3017/2938/2878 3740/3661/3600 3742/3663/3602
f 3024/2945/2885 3017/2938/2878 3742/3663/3602
f 3045/2966/2906 3024/2945/2885 3742/3663/3602
f 3743/3664/3603 3742/3663/3602 3740/3661/3600
f 3742/3663/3602 3743/3664/3603 3045/2966/2906
f 3740/3661/3600 3741/3662/3601 3743/3664/3603
f 3048/2969/2909 3045/2966/2906 3743/3664/3603
f 3741/3662/3601 3048/2969/2909 3743/3664/3603
f 3048/2969/2909 3741/3662/3601 3744/3665/3604
f 3739/3660/3599 3744/3665/3604 3741/3662/3601
f 3744/3665/3604 3050/2971/2911 3048/2969/2909
f 3739/3660/3599 3736/3657/3596 3745/3666/3605
f 3050/2971/2911 3744/3665/3604 3746/3667/3606
f 3746/3667/3606 3051/2972/2912 3050/2971/2911
f 3744/3665/3604 3739/3660/3599 3747/3668/3607
f 3747/3668/3607 3746/3667/3606 3744/3665/3604
f 3748/3669/3608 3739/3660/3599 3745/3666/3605
f 3739/3660/3599 3748/3669/3608 3747/3668/3607
f 3736/3657/3596 3749/3670/3609 3745/3666/3605
f 3749/3670/3609 3748/3669/3608 3745/3666/3605
f 3749/3670/3609 3736/3657/3596 3735/3656/3595
f 3051/2972/2912 3746/3667/3606 3750/3671/3610
f 3750/3671/3610 3053/2974/2914 3051/2972/2912
f 3746/3667/3606 3747/3668/3607 3751/3672/3611
f 3751/3672/3611 3750/3671/3610 3746/3667/3606
f 3748/3669/3608 3751/3672/3611 3747/3668/3607
f 3053/2974/2914 3750/3671/3610 3752/3673/3612
f 3752/3673/3612 2501/2422/2368 3053/2974/2914
f 3750/3671/3610 3751/3672/3611 3753/3674/3613
f 3753/3674/3613 3752/3673/3612 3750/3671/3610
f 3751/3672/3611 3748/3669/3608 3754/3675/3614
f 3754/3675/3614 3753/3674/3613 3751/3672/3611
f 2501/2422/2368 3752/3673/3612 3755/3676/3615
f 3755/3676/3615 2500/2421/2367 2501/2422/2368
f 2500/2421/2367 3755/3676/3615 2503/2424/2370
f 3756/3677/3616 3755/3676/3615 3752/3673/3612
f 3752/3673/3612 3753/3674/3613 3756/3677/3616
f 3757/3678/3617 2503/2424/2370 3755/3676/3615
f 3755/3676/3615 3756/3677/3616 3757/3678/3617
f 2503/2424/2370 3757/3678/3617 3758/3679/3618
f 2503/2424/2370 3758/3679/3618 2522/2443/2389
f 3753/3674/3613 3754/3675/3614 3759/3680/3619
f 3759/3680/3619 3756/3677/3616 3753/3674/3613
f 3760/3681/3620 3759/3680/3619 3754/3675/3614
f 3748/3669/3608 3760/3681/3620 3754/3675/3614
f 3756/3677/3616 3759/3680/3619 3761/3682/3621
f 3761/3682/3621 3757/3678/3617 3756/3677/3616
f 3759/3680/3619 3760/3681/3620 3762/3683/3622
f 3762/3683/3622 3761/3682/3621 3759/3680/3619
f 3760/3681/3620 3748/3669/3608 3763/3684/3623
f 3748/3669/3608 3749/3670/3609 3763/3684/3623
f 3764/3685/3624 3762/3683/3622 3760/3681/3620
f 3763/3684/3623 3764/3685/3624 3760/3681/3620
f 3757/3678/3617 3761/3682/3621 3765/3686/3625
f 3765/3686/3625 3758/3679/3618 3757/3678/3617
f 3761/3682/3621 3762/3683/3622 3766/3687/3626
f 3766/3687/3626 3765/3686/3625 3761/3682/3621
f 3767/3688/3627 3766/3687/3626 3762/3683/3622
f 3762/3683/3622 3764/3685/3624 3767/3688/3627
f 3765/3686/3625 3766/3687/3626 3768/3689/3628
f 3758/3679/3618 3765/3686/3625 3769/3690/3629
f 3768/3689/3628 3769/3690/3629 3765/3686/3625
f 3758/3679/3618 3769/3690/3629 3770/3691/3630
f 3758/3679/3618 3770/3691/3630 2522/2443/2389
f 3770/3691/3630 2524/2445/2391 2522/2443/2389
f 3770/3691/3630 2527/2448/2394 2524/2445/2391
f 3771/3692/3631 3768/3689/3628 3766/3687/3626
f 3766/3687/3626 3767/3688/3627 3771/3692/3631
f 3769/3690/3629 3772/3693/3632 3770/3691/3630
f 3772/3693/3632 2527/2448/2394 3770/3691/3630
f 3769/3690/3629 3768/3689/3628 3773/3694/3633
f 3769/3690/3629 3773/3694/3633 3772/3693/3632
f 3768/3689/3628 3771/3692/3631 3774/3695/3634
f 3774/3695/3634 3773/3694/3633 3768/3689/3628
f 3775/3696/3635 3771/3692/3631 3767/3688/3627
f 3764/3685/3624 3775/3696/3635 3767/3688/3627
f 3776/3697/3636 3774/3695/3634 3771/3692/3631
f 3771/3692/3631 3775/3696/3635 3776/3697/3636
f 3773/3694/3633 3774/3695/3634 3777/3698/3637
f 3773/3694/3633 3778/3699/3638 3772/3693/3632
f 3773/3694/3633 3777/3698/3637 3778/3699/3638
f 3772/3693/3632 3779/3700/3639 2527/2448/2394
f 3778/3699/3638 3779/3700/3639 3772/3693/3632
f 2529/2450/2396 2527/2448/2394 3779/3700/3639
f 3779/3700/3639 2537/2458/2404 2529/2450/2396
f 2537/2458/2404 3779/3700/3639 3780/3701/3640
f 3778/3699/3638 3780/3701/3640 3779/3700/3639
f 3780/3701/3640 2426/2347/2293 2537/2458/2404
f 2426/2347/2293 3780/3701/3640 2425/2346/2292
f 3781/3702/3641 3780/3701/3640 3778/3699/3638
f 3781/3702/3641 2425/2346/2292 3780/3701/3640
f 3777/3698/3637 3781/3702/3641 3778/3699/3638
f 2427/2348/2294 2425/2346/2292 3781/3702/3641
f 3375/3296/3236 2427/2348/2294 3781/3702/3641
f 3777/3698/3637 3375/3296/3236 3781/3702/3641
f 3777/3698/3637 3782/3703/3642 3375/3296/3236
f 3782/3703/3642 3777/3698/3637 3774/3695/3634
f 3373/3294/3234 3375/3296/3236 3782/3703/3642
f 3774/3695/3634 3776/3697/3636 3782/3703/3642
f 3782/3703/3642 3783/3704/3643 3373/3294/3234
f 3783/3704/3643 3782/3703/3642 3776/3697/3636
f 3369/3290/3230 3373/3294/3234 3783/3704/3643
f 3776/3697/3636 3784/3705/3644 3783/3704/3643
f 3783/3704/3643 3785/3706/3645 3369/3290/3230
f 3785/3706/3645 3783/3704/3643 3784/3705/3644
f 3784/3705/3644 3776/3697/3636 3775/3696/3635
f 3371/3292/3232 3369/3290/3230 3785/3706/3645
f 3786/3707/3646 3784/3705/3644 3775/3696/3635
f 3775/3696/3635 3764/3685/3624 3786/3707/3646
f 3787/3708/3647 3785/3706/3645 3784/3705/3644
f 3784/3705/3644 3786/3707/3646 3787/3708/3647
f 3788/3709/3648 3371/3292/3232 3785/3706/3645
f 3785/3706/3645 3787/3708/3647 3788/3709/3648
f 3371/3292/3232 3788/3709/3648 3789/3710/3649
f 3789/3710/3649 3368/3289/3229 3371/3292/3232
f 3790/3711/3650 3786/3707/3646 3764/3685/3624
f 3764/3685/3624 3763/3684/3623 3790/3711/3650
f 3791/3712/3651 3787/3708/3647 3786/3707/3646
f 3786/3707/3646 3790/3711/3650 3791/3712/3651
f 3792/3713/3652 3788/3709/3648 3787/3708/3647
f 3787/3708/3647 3791/3712/3651 3792/3713/3652
f 3793/3714/3653 3789/3710/3649 3788/3709/3648
f 3788/3709/3648 3792/3713/3652 3793/3714/3653
f 3791/3712/3651 3687/3608/3547 3792/3713/3652
f 3684/3605/3544 3792/3713/3652 3687/3608/3547
f 3792/3713/3652 3684/3605/3544 3793/3714/3653
f 3687/3608/3547 3791/3712/3651 3689/3610/3549
f 3790/3711/3650 3689/3610/3549 3791/3712/3651
f 3683/3604/3543 3793/3714/3653 3684/3605/3544
f 3689/3610/3549 3790/3711/3650 3794/3715/3654
f 3763/3684/3623 3794/3715/3654 3790/3711/3650
f 3690/3611/3550 3689/3610/3549 3794/3715/3654
f 3794/3715/3654 3763/3684/3623 3749/3670/3609
f 3794/3715/3654 3735/3656/3595 3690/3611/3550
f 3735/3656/3595 3794/3715/3654 3749/3670/3609
f 3793/3714/3653 3683/3604/3543 3795/3716/3655
f 3789/3710/3649 3793/3714/3653 3795/3716/3655
f 3686/3607/3546 3795/3716/3655 3683/3604/3543
f 3795/3716/3655 3796/3717/3656 3789/3710/3649
f 3368/3289/3229 3789/3710/3649 3796/3717/3656
f 3795/3716/3655 3686/3607/3546 3797/3718/3657
f 3796/3717/3656 3795/3716/3655 3797/3718/3657
f 3231/3152/3092 3797/3718/3657 3686/3607/3546
f 3372/3293/3233 3368/3289/3229 3796/3717/3656
f 3797/3718/3657 3231/3152/3092 3798/3719/3658
f 3798/3719/3658 3796/3717/3656 3797/3718/3657
f 3796/3717/3656 3798/3719/3658 3372/3293/3233
f 3231/3152/3092 3378/3299/3239 3798/3719/3658
f 3378/3299/3239 3372/3293/3233 3798/3719/3658
f 3581/3502/3442 3799/3720/3659 3578/3499/3439
f 3580/3501/3441 3578/3499/3439 3799/3720/3659
f 3800/3721/3660 3581/3502/3442 3579/3500/3440
f 3801/3722/3661 3579/3500/3440 3574/3495/3435
f 3579/3500/3440 3801/3722/3661 3800/3721/3660
f 3574/3495/3435 3802/3723/3662 3801/3722/3661
f 3802/3723/3662 3574/3495/3435 3568/3489/3429
f 3803/3724/3663 3800/3721/3660 3801/3722/3661
f 3581/3502/3442 3800/3721/3660 3804/3725/3664
f 3799/3720/3659 3581/3502/3442 3804/3725/3664
f 3805/3726/3665 3804/3725/3664 3800/3721/3660
f 3800/3721/3660 3803/3724/3663 3805/3726/3665
f 3806/3727/3666 3799/3720/3659 3804/3725/3664
f 3804/3725/3664 3805/3726/3665 3806/3727/3666
f 3807/3728/3667 3801/3722/3661 3802/3723/3662
f 3801/3722/3661 3807/3728/3667 3803/3724/3663
f 3568/3489/3429 3808/3729/3668 3802/3723/3662
f 3808/3729/3668 3568/3489/3429 3565/3486/3426
f 3802/3723/3662 3809/3730/3669 3807/3728/3667
f 3809/3730/3669 3802/3723/3662 3808/3729/3668
f 3810/3731/3670 3803/3724/3663 3807/3728/3667
f 3811/3732/3671 3807/3728/3667 3809/3730/3669
f 3807/3728/3667 3811/3732/3671 3810/3731/3670
f 3565/3486/3426 3812/3733/3672 3808/3729/3668
f 3812/3733/3672 3565/3486/3426 3564/3485/3425
f 3808/3729/3668 3813/3734/3673 3809/3730/3669
f 3813/3734/3673 3808/3729/3668 3812/3733/3672
f 3809/3730/3669 3814/3735/3674 3811/3732/3671
f 3814/3735/3674 3809/3730/3669 3813/3734/3673
f 3564/3485/3425 3815/3736/3675 3812/3733/3672
f 3815/3736/3675 3564/3485/3425 3563/3484/3424
f 3812/3733/3672 3816/3737/3676 3813/3734/3673
f 3816/3737/3676 3812/3733/3672 3815/3736/3675
f 3813/3734/3673 3817/3738/3677 3814/3735/3674
f 3817/3738/3677 3813/3734/3673 3816/3737/3676
f 3563/3484/3424 3818/3739/3678 3815/3736/3675
f 3819/3740/3679 3814/3735/3674 3817/3738/3677
f 3818/3739/3678 3563/3484/3424 3468/3389/3329
f 3815/3736/3675 3820/3741/3680 3816/3737/3676
f 3820/3741/3680 3815/3736/3675 3818/3739/3678
f 3816/3737/3676 3821/3742/3681 3817/3738/3677
f 3821/3742/3681 3816/3737/3676 3820/3741/3680
f 3822/3743/3682 3817/3738/3677 3821/3742/3681
f 3817/3738/3677 3822/3743/3682 3819/3740/3679
f 3820/3741/3680 3823/3744/3683 3821/3742/3681
f 3818/3739/3678 3532/3453/3393 3820/3741/3680
f 3823/3744/3683 3820/3741/3680 3532/3453/3393
f 3532/3453/3393 3818/3739/3678 3469/3390/3330
f 3468/3389/3329 3469/3390/3330 3818/3739/3678
f 3821/3742/3681 3824/3745/3684 3822/3743/3682
f 3824/3745/3684 3821/3742/3681 3823/3744/3683
f 2558/2479/2425 3822/3743/3682 3824/3745/3684
f 3823/3744/3683 2555/2476/2422 3824/3745/3684
f 2555/2476/2422 2558/2479/2425 3824/3745/3684
f 2555/2476/2422 3823/3744/3683 3530/3451/3391
f 3532/3453/3393 3530/3451/3391 3823/3744/3683
f 2556/2477/2423 2555/2476/2422 3530/3451/3391
f 3822/3743/3682 2558/2479/2425 3825/3746/3685
f 3825/3746/3685 3819/3740/3679 3822/3743/3682
f 2558/2479/2425 2563/2484/2430 3825/3746/3685
f 3825/3746/3685 2563/2484/2430 3826/3747/3686
f 3819/3740/3679 3825/3746/3685 3826/3747/3686
f 3826/3747/3686 2563/2484/2430 2670/2591/2537
f 3826/3747/3686 3827/3748/3687 3819/3740/3679
f 3814/3735/3674 3819/3740/3679 3827/3748/3687
f 3827/3748/3687 3811/3732/3671 3814/3735/3674
f 3826/3747/3686 2670/2591/2537 3828/3749/3688
f 3827/3748/3687 3826/3747/3686 3828/3749/3688
f 3828/3749/3688 2670/2591/2537 2674/2595/2541
f 3811/3732/3671 3827/3748/3687 3829/3750/3689
f 3828/3749/3688 3829/3750/3689 3827/3748/3687
f 3829/3750/3689 3810/3731/3670 3811/3732/3671
f 3828/3749/3688 2674/2595/2541 3830/3751/3690
f 3829/3750/3689 3828/3749/3688 3830/3751/3690
f 3830/3751/3690 2674/2595/2541 2678/2599/2545
f 3810/3731/3670 3829/3750/3689 3831/3752/3691
f 3830/3751/3690 3831/3752/3691 3829/3750/3689
f 3830/3751/3690 2678/2599/2545 3832/3753/3692
f 3831/3752/3691 3830/3751/3690 3832/3753/3692
f 3832/3753/3692 2678/2599/2545 2681/2602/2548
f 3831/3752/3691 3833/3754/3693 3810/3731/3670
f 3803/3724/3663 3810/3731/3670 3833/3754/3693
f 3832/3753/3692 3834/3755/3694 3831/3752/3691
f 3833/3754/3693 3831/3752/3691 3834/3755/3694
f 3832/3753/3692 2681/2602/2548 3835/3756/3695
f 3834/3755/3694 3832/3753/3692 3835/3756/3695
f 3835/3756/3695 2681/2602/2548 2683/2604/2550
f 2683/2604/2550 2688/2609/2555 3835/3756/3695
f 2688/2609/2555 3834/3755/3694 3835/3756/3695
f 3836/3757/3696 3803/3724/3663 3833/3754/3693
f 3803/3724/3663 3836/3757/3696 3805/3726/3665
f 3837/3758/3697 3833/3754/3693 3834/3755/3694
f 3834/3755/3694 2688/2609/2555 3837/3758/3697
f 3833/3754/3693 3837/3758/3697 3836/3757/3696
f 3838/3759/3698 3837/3758/3697 2688/2609/2555
f 2688/2609/2555 2689/2610/2556 3838/3759/3698
f 3839/3760/3699 3836/3757/3696 3837/3758/3697
f 3837/3758/3697 3838/3759/3698 3839/3760/3699
f 3840/3761/3700 3805/3726/3665 3836/3757/3696
f 3836/3757/3696 3839/3760/3699 3840/3761/3700
f 3805/3726/3665 3840/3761/3700 3806/3727/3666
f 2689/2610/2556 3654/3575/3514 3838/3759/3698
f 3654/3575/3514 3839/3760/3699 3838/3759/3698
f 3654/3575/3514 2689/2610/2556 2694/2615/2561
f 3841/3762/3701 3840/3761/3700 3839/3760/3699
f 3839/3760/3699 3654/3575/3514 3841/3762/3701
f 3842/3763/3702 3806/3727/3666 3840/3761/3700
f 3840/3761/3700 3841/3762/3701 3842/3763/3702
f 3806/3727/3666 3842/3763/3702 3843/3764/3703
f 3799/3720/3659 3806/3727/3666 3843/3764/3703
f 3841/3762/3701 3652/3573/3512 3842/3763/3702
f 3652/3573/3512 3843/3764/3703 3842/3763/3702
f 3844/3765/3704 3799/3720/3659 3843/3764/3703
f 3843/3764/3703 3652/3573/3512 3844/3765/3704
f 3799/3720/3659 3844/3765/3704 3580/3501/3441
f 3652/3573/3512 3653/3574/3513 3844/3765/3704
f 3653/3574/3513 3580/3501/3441 3844/3765/3704
f 3652/3573/3512 3841/3762/3701 3650/3571/3510
f 3654/3575/3514 3650/3571/3510 3841/3762/3701
