# Blender 4.5.4 LTS
# www.blender.org
mtllib wgloves.mtl
o 83033169369113
v 1.056951 0.067529 -0.682566
v 1.017496 0.115528 -0.728124
v 1.052254 0.123593 -0.684677
v 0.997497 0.168034 -0.722181
v 1.076071 0.071423 -0.637630
v 1.033207 0.018726 -0.668755
v 1.051585 0.022755 -0.623722
v 1.030681 0.175642 -0.677724
v 0.978711 0.221312 -0.716958
v 1.011731 0.229326 -0.672787
v 1.073269 0.127619 -0.640819
v 1.054314 0.180987 -0.635604
v 1.035805 0.234737 -0.630794
v 1.092988 0.076152 -0.591817
v 1.069044 0.027342 -0.578248
v 1.110475 0.080415 -0.546262
v 1.093553 0.131971 -0.596391
v 1.079789 0.187270 -0.594159
v 1.052999 0.237710 -0.585267
v 1.101171 0.191953 -0.550715
v 1.111885 0.136244 -0.551055
v 1.130022 0.139683 -0.505932
v 1.134239 0.367722 -0.312614
v 1.150471 0.313907 -0.316181
v 1.120722 0.366292 -0.359731
v 1.146630 0.310125 -0.267505
v 1.134906 0.364717 -0.263293
v 1.154470 0.308979 -0.212097
v 1.139224 0.362477 -0.208044
v 1.117479 0.418402 -0.259553
v 1.125319 0.417348 -0.204257
v 1.112601 0.419642 -0.308132
v 1.102089 0.419260 -0.355913
v 1.087404 0.418226 -0.402749
v 1.106745 0.365133 -0.407050
v 1.102119 0.472418 -0.256089
v 1.111947 0.471850 -0.200475
v 1.094640 0.472980 -0.304327
v 1.081397 0.471562 -0.351328
v 1.066085 0.469931 -0.397256
v 1.090594 0.527566 -0.253443
v 1.096157 0.526137 -0.197202
v 1.060801 0.575355 -0.245243
v 1.066963 0.571468 -0.191424
v 1.043958 0.571640 -0.291038
v 1.074814 0.525303 -0.299672
v 1.027506 0.569045 -0.337332
v 1.058542 0.522419 -0.345901
v 1.009989 0.565382 -0.383032
v 1.043280 0.520660 -0.391934
v 0.992070 0.561511 -0.427831
v 1.025174 0.516876 -0.435816
v 0.973330 0.557378 -0.472326
v 1.046740 0.466148 -0.440662
v 1.005746 0.512376 -0.479642
v 0.953655 0.552792 -0.517287
v 1.070482 0.416244 -0.448502
v 1.027660 0.461823 -0.484672
v 0.983086 0.505669 -0.523725
v 0.934200 0.548822 -0.562711
v 1.090142 0.362819 -0.453286
v 1.122659 0.310400 -0.409343
v 1.053517 0.413016 -0.493683
v 1.014589 0.460916 -0.533033
v 0.965163 0.503683 -0.570974
v 0.915445 0.546082 -0.607935
v 1.101588 0.306417 -0.453197
v 1.136394 0.255709 -0.411768
v 1.073937 0.359521 -0.498692
v 1.036385 0.408879 -0.539330
v 0.948740 0.504149 -0.618088
v 0.994829 0.456951 -0.579567
v 0.896810 0.543954 -0.653389
v 0.927023 0.497925 -0.661281
v 0.866251 0.534630 -0.697469
v 0.891438 0.488108 -0.703453
v 0.970108 0.451095 -0.622121
v 0.938727 0.442707 -0.658292
v 0.907236 0.434424 -0.703465
v 1.012891 0.402699 -0.582381
v 0.981122 0.394787 -0.619197
v 0.952542 0.387793 -0.658036
v 0.923494 0.380955 -0.705154
v 1.048724 0.353108 -0.540169
v 1.020661 0.346514 -0.579006
v 0.995395 0.340324 -0.620420
v 0.972312 0.334923 -0.662866
v 0.941791 0.327466 -0.708761
v 1.085067 0.303221 -0.498925
v 1.060651 0.297508 -0.539999
v 0.992574 0.282772 -0.668081
v 0.960137 0.274608 -0.712875
v 1.013112 0.286849 -0.624244
v 1.035658 0.291835 -0.581512
v 1.073592 0.242177 -0.541214
v 1.101695 0.249005 -0.501885
v 1.122371 0.253408 -0.458110
v 1.153732 0.201346 -0.415309
v 1.136373 0.198117 -0.460311
v 1.164728 0.145348 -0.415590
v 1.121773 0.195691 -0.506537
v 1.147726 0.142160 -0.460813
v 1.146629 0.087056 -0.456331
v 1.128557 0.084184 -0.501023
v 1.164860 0.089858 -0.411501
v 1.182551 0.093171 -0.366573
v 1.139859 0.042029 -0.397729
v 1.121766 0.038975 -0.442483
v 1.078880 0.008566 -0.422814
v 1.104007 0.035509 -0.487482
v 1.061216 0.004809 -0.467897
v 1.018378 -0.012876 -0.449220
v 1.086380 0.031724 -0.532793
v 1.043827 0.000613 -0.513163
v 1.001042 -0.017350 -0.494553
v -1.809655 -0.532487 0.452813
v -1.799101 -0.585797 0.500276
v -1.803945 -0.533826 0.501803
v -1.802359 -0.574237 0.554859
v -1.801692 -0.534844 0.554505
v -1.797762 -0.535695 0.591918
v -1.812301 -0.481203 0.554761
v -1.798188 -0.482127 0.604562
v -1.798440 -0.424864 0.599637
v -1.808705 -0.478963 0.502140
v -1.809877 -0.477425 0.453061
v -1.817429 -0.425418 0.552717
v -1.825100 -0.423850 0.502105
v -1.814562 -0.420786 0.454217
v -1.827778 -0.368842 0.554839
v -1.807754 -0.369310 0.603746
v -1.836383 -0.367995 0.502196
v -1.820768 -0.312628 0.553488
v -1.813890 -0.312999 0.607906
v -1.810399 -0.256720 0.607368
v -1.824137 -0.365587 0.455193
v -1.818459 -0.365342 0.404910
v -1.840066 -0.310696 0.502943
v -1.815195 -0.256172 0.552569
v -1.808271 -0.200703 0.607377
v -1.839608 -0.310611 0.453305
v -1.836017 -0.254141 0.502053
v -1.813095 -0.199942 0.553204
v -1.805481 -0.144515 0.607445
v -1.840912 -0.253672 0.453004
v -1.822712 -0.309857 0.405612
v -1.817754 -0.310863 0.354524
v -1.826937 -0.365550 0.354857
v -1.830622 -0.198101 0.501331
v -1.806511 -0.144556 0.552288
v -1.803023 -0.088482 0.552661
v -1.802995 -0.088238 0.607606
v -1.821608 -0.143040 0.499761
v -1.801103 -0.033702 0.592980
v -1.835177 -0.197817 0.452200
v -1.801986 -0.033867 0.553031
v -1.799388 0.006031 0.552642
v -1.815801 -0.087320 0.498909
v -1.803943 -0.033794 0.498201
v -1.797868 0.020335 0.497695
v -1.794005 0.019575 0.448758
v -1.800344 -0.034581 0.449858
v -1.826952 -0.141997 0.450888
v -1.814899 -0.087126 0.449743
v -1.809014 -0.028811 0.005374
v -1.810308 0.011477 0.005347
v -1.812161 -0.028092 -0.034649
v -1.816539 -0.083006 0.005525
v -1.814246 -0.082792 -0.049166
v -1.807952 -0.028865 0.060370
v -1.807567 0.025781 0.060893
v -1.817644 -0.138957 -0.048160
v -1.823576 -0.138833 0.006620
v -1.819901 -0.195569 -0.046907
v -1.813869 -0.083245 0.060469
v -1.800316 -0.029556 0.109184
v -1.801359 0.025182 0.111397
v -1.794114 -0.031069 0.158374
v -1.794129 0.023789 0.160697
v -1.786756 0.019389 0.208313
v -1.808648 -0.084214 0.109264
v -1.794054 -0.032945 0.206427
v -1.779078 0.016584 0.254561
v -1.807184 -0.085589 0.158092
v -1.819365 -0.139518 0.061424
v -1.807797 -0.140696 0.109311
v -1.785293 -0.035542 0.254754
v -1.768679 0.010395 0.305163
v -1.806171 -0.086775 0.206934
v -1.809553 -0.142075 0.158654
v -1.822343 -0.196125 0.062955
v -1.812196 -0.196921 0.110794
v -1.828549 -0.195422 0.007860
v -1.820484 -0.251869 -0.046702
v -1.828775 -0.252653 0.008343
v -1.819411 -0.308211 -0.046765
v -1.818446 -0.252896 0.062894
v -1.820532 -0.309007 0.008370
v -1.814821 -0.363718 -0.046246
v -1.809380 -0.308468 0.061513
v -1.809818 -0.364386 0.007095
v -1.812691 -0.419254 -0.046424
v -1.802899 -0.364876 0.060336
v -1.804140 -0.420130 0.007267
v -1.815216 -0.475155 -0.047080
v -1.807922 -0.476140 0.008607
v -1.816263 -0.529826 -0.032473
v -1.804794 -0.421426 0.061009
v -1.815470 -0.530171 0.008272
v -1.816780 -0.570158 0.007653
v -1.817970 -0.475618 0.062063
v -1.817848 -0.530160 0.063137
v -1.816756 -0.584511 0.062158
v -1.814958 -0.583777 0.110386
v -1.814364 -0.419898 0.109291
v -1.823542 -0.475434 0.110182
v -1.818737 -0.529710 0.111230
v -1.812997 -0.583464 0.158984
v -1.820253 -0.474774 0.158992
v -1.817955 -0.529159 0.159584
v -1.811434 -0.583123 0.208008
v -1.807874 -0.528369 0.207607
v -1.809485 -0.582345 0.256183
v -1.803636 -0.528114 0.256658
v -1.809727 -0.582378 0.303893
v -1.816836 -0.473757 0.207640
v -1.803290 -0.528740 0.305847
v -1.806067 -0.583746 0.353879
v -1.811009 -0.472839 0.256597
v -1.811489 -0.473591 0.306181
v -1.829841 -0.417158 0.206931
v -1.830642 -0.418430 0.256046
v -1.829791 -0.419833 0.305229
v -1.820484 -0.475683 0.354995
v -1.829656 -0.420613 0.355441
v -1.804096 -0.529270 0.354878
v -1.816866 -0.420188 0.404395
v -1.808416 -0.530958 0.403924
v -1.820561 -0.476635 0.404713
v -1.805089 -0.584630 0.403221
v -1.802863 -0.585106 0.452022
v -1.797190 -0.034547 0.401106
v -1.788265 0.018717 0.400182
v -1.774663 0.012536 0.353190
v -1.828115 -0.198744 0.402638
v -1.822932 -0.142349 0.401591
v -1.809011 -0.087849 0.401345
v -1.792115 -0.034888 0.352536
v -1.803869 -0.088516 0.352757
v -1.782360 -0.036667 0.304284
v -1.813751 -0.143719 0.352774
v -1.802620 -0.088299 0.304020
v -1.802221 -0.088319 0.255451
v -1.810229 -0.143418 0.207317
v -1.808849 -0.144550 0.255543
v -1.809831 -0.144725 0.303942
v -1.821250 -0.199966 0.352911
v -1.811414 -0.197993 0.159725
v -1.820189 -0.198660 0.207695
v -1.819910 -0.199489 0.256022
v -1.816966 -0.200213 0.304155
v -1.810385 -0.251915 0.111733
v -1.813834 -0.252124 0.160853
v -1.817133 -0.252519 0.208542
v -1.804963 -0.305471 0.161395
v -1.803203 -0.306765 0.111563
v -1.813794 -0.253833 0.256530
v -1.812449 -0.305660 0.208932
v -1.805070 -0.363420 0.110610
v -1.812690 -0.360902 0.159998
v -1.825924 -0.417508 0.157870
v -1.823312 -0.359812 0.207499
v -1.833438 -0.361138 0.255146
v -1.824836 -0.307392 0.255808
v -1.834818 -0.363664 0.304940
v -1.825358 -0.309434 0.304864
v -1.811638 -0.255269 0.304688
v -1.819249 -0.255281 0.354261
v -1.834958 -0.254697 0.402662
v 0.978462 -0.050497 -0.167752
v 1.021557 -0.031758 -0.186858
v 1.035891 -0.012879 -0.136127
v 1.080089 0.005076 -0.155876
v 0.918887 -0.075411 -0.194219
v 0.961107 -0.055113 -0.213324
v 0.858115 -0.097643 -0.221132
v 0.902115 -0.082204 -0.240316
v 0.797789 -0.120429 -0.247956
v 0.841193 -0.104017 -0.267410
v 1.065233 -0.013669 -0.206042
v 1.124354 0.021746 -0.175085
v 1.003183 -0.034640 -0.232269
v 0.945625 -0.065205 -0.259218
v 0.882998 -0.083028 -0.286325
v 1.108997 0.004024 -0.225241
v 1.169203 0.037023 -0.193605
v 1.048221 -0.020487 -0.251002
v 0.988340 -0.045696 -0.277601
v 0.927507 -0.068775 -0.305217
v 1.154017 0.018021 -0.244040
v 1.209595 0.064743 -0.214147
v 1.092919 -0.005502 -0.269926
v 1.032052 -0.028546 -0.296197
v 1.195937 0.049984 -0.263658
v 1.225208 0.101374 -0.223306
v 1.135048 0.015678 -0.288752
v 1.075029 -0.008977 -0.315026
v 1.218552 0.099327 -0.276367
v 1.217828 0.154272 -0.223250
v 1.176875 0.047353 -0.308344
v 1.115668 0.014389 -0.333153
v 1.014598 -0.033562 -0.341634
v 1.055274 -0.008812 -0.359392
v 0.971156 -0.051787 -0.323508
v 0.995958 -0.035338 -0.386850
v 0.951302 -0.049952 -0.368534
v 1.096554 0.012428 -0.377825
v 1.036476 -0.010125 -0.404151
v 1.158155 0.044849 -0.352956
v 1.200824 0.096136 -0.321628
v 1.199308 0.152328 -0.325217
v 1.213671 0.155654 -0.278997
v 1.182465 0.149186 -0.370705
v 1.184277 0.204419 -0.274500
v 1.196110 0.206043 -0.219684
v 1.179189 0.205259 -0.322010
v 1.169418 0.204233 -0.369406
v 1.163571 0.256652 -0.270592
v 1.174106 0.257154 -0.215945
v 1.162305 0.258895 -0.318932
v 1.154529 0.258699 -0.366759
v 1.143745 0.314610 -0.365132
v -1.805089 -0.584630 0.403221
v -1.790770 -0.616061 0.403209
v -1.802863 -0.585106 0.452022
v -1.746256 -0.621674 0.354008
v -1.685345 -0.606908 0.393752
v -1.745561 -0.621452 0.403284
v -1.791554 -0.615209 0.353753
v -1.806067 -0.583746 0.353879
v -1.685334 -0.614469 0.348082
v -1.621023 -0.604544 0.350693
v -1.623653 -0.610082 0.302868
v -1.746850 -0.623523 0.304600
v -1.793084 -0.614163 0.303692
v -1.809727 -0.582378 0.303893
v -1.809485 -0.582345 0.256183
v -1.687019 -0.618442 0.302582
v -1.626094 -0.613849 0.254572
v -1.567264 -0.611551 0.253628
v -1.688509 -0.617839 0.256726
v -1.747335 -0.624021 0.255483
v -1.793264 -0.613935 0.255677
v -1.811434 -0.583123 0.208008
v -1.689371 -0.612834 0.211039
v -1.747761 -0.622225 0.206431
v -1.793919 -0.613800 0.206999
v -1.812997 -0.583464 0.158984
v -1.794433 -0.612796 0.158139
v -1.814958 -0.583777 0.110386
v -1.690935 -0.602828 0.166118
v -1.794601 -0.612643 0.109363
v -1.747944 -0.620089 0.157462
v -1.816756 -0.584511 0.062158
v -1.627526 -0.608627 0.205698
v -1.794821 -0.613024 0.057158
v -1.816780 -0.570158 0.007653
v -1.747917 -0.616177 0.108815
v -1.691682 -0.598439 0.120234
v -1.628744 -0.599863 0.157632
v -1.794859 -0.595107 -0.007789
v -1.816263 -0.529826 -0.032473
v -1.747997 -0.612820 0.056639
v -1.693409 -0.589767 0.071563
v -1.629991 -0.592628 0.109193
v -1.693944 -0.571562 0.011032
v -1.748144 -0.594607 -0.008154
v -1.795313 -0.544625 -0.058546
v -1.748787 -0.544899 -0.059664
v -1.795367 -0.479461 -0.077599
v -1.815216 -0.475155 -0.047080
v -1.748985 -0.480052 -0.079844
v -1.693476 -0.527703 -0.039194
v -1.069245 -0.030362 0.579907
v -1.114276 -0.031365 0.583094
v -1.111822 -0.084831 0.602197
v -1.157552 -0.086091 0.604348
v -1.110349 -0.141038 0.607856
v -1.156624 -0.142785 0.605065
v -1.109444 -0.197700 0.613801
v -1.073523 0.006055 0.536300
v -1.028382 0.007565 0.533815
v -1.159235 -0.032439 0.585914
v -1.117646 0.004342 0.538910
v -1.033098 0.018914 0.478493
v -1.203108 -0.087372 0.608195
v -1.203853 -0.033718 0.589333
v -1.261614 -0.088038 0.610558
v -1.203078 -0.144240 0.606474
v -1.156090 -0.198986 0.611841
v -1.109331 -0.254205 0.609471
v -1.062109 -0.253220 0.608781
v -1.061359 -0.309340 0.603457
v -1.108959 -0.310540 0.604860
v -1.107263 -0.366803 0.610862
v -1.156124 -0.255474 0.612655
v -1.155864 -0.312054 0.614376
v -1.155359 -0.368035 0.608899
v -1.202797 -0.200281 0.615399
v -1.203224 -0.256659 0.615610
v -1.203444 -0.313245 0.615013
v -1.261902 -0.145008 0.607068
v -1.261426 -0.200488 0.621400
v -1.261931 -0.257339 0.622162
v -1.203461 -0.368693 0.603843
v -1.154646 -0.424337 0.609542
v -1.203629 -0.425287 0.607540
v -1.262847 -0.368816 0.604777
v -1.262923 -0.425093 0.601924
v -1.262763 -0.312782 0.610538
v -1.322604 -0.369096 0.607159
v -1.322767 -0.425546 0.603439
v -1.321817 -0.314323 0.619617
v -1.321088 -0.258135 0.622699
v -1.320440 -0.201728 0.617799
v -1.381864 -0.370891 0.615062
v -1.382229 -0.426443 0.609227
v -1.380692 -0.315417 0.621751
v -1.378952 -0.259448 0.614489
v -1.379017 -0.202750 0.614235
v -1.441523 -0.371042 0.610410
v -1.442171 -0.426889 0.605385
v -1.440368 -0.315319 0.612761
v -1.439566 -0.259175 0.613051
v -1.438738 -0.203009 0.619804
v 0.945727 0.469132 -0.076958
v 0.963176 0.414470 -0.078033
v 1.006017 0.430096 -0.098638
v 1.125319 0.417348 -0.204257
v 1.093273 0.462603 -0.147362
v 1.108850 0.408193 -0.150995
v 1.050919 0.446435 -0.113250
v 1.139224 0.362477 -0.208044
v 1.068756 0.392484 -0.113885
v 1.124812 0.354059 -0.154967
v 1.154470 0.308979 -0.212097
v 1.024134 0.375921 -0.096905
v 1.087523 0.339301 -0.114738
v 0.983287 0.361448 -0.071878
v 1.141555 0.300930 -0.158548
v 1.174106 0.257154 -0.215945
v 1.044693 0.323533 -0.092787
v 1.105768 0.286480 -0.117290
v 1.160924 0.248850 -0.161921
v 1.196110 0.206043 -0.219684
v 1.002905 0.308125 -0.068567
v 1.063816 0.270758 -0.093358
v 1.123249 0.233573 -0.122635
v 1.181144 0.196803 -0.166153
v 1.217828 0.154272 -0.223250
v 0.939000 0.345637 -0.053558
v 0.918775 0.398916 -0.060724
v 0.892329 0.329548 -0.044156
v 1.199051 0.144152 -0.171936
v 1.225208 0.101374 -0.223306
v 1.142374 0.181062 -0.128090
v 1.210316 0.094302 -0.185900
v 1.209595 0.064743 -0.214147
v 1.169203 0.037023 -0.193605
v 1.159431 0.128164 -0.135590
v 1.170836 0.077202 -0.155055
v 1.124354 0.021746 -0.175085
v 1.081586 0.218063 -0.098769
v 1.098728 0.165247 -0.107154
v 1.115442 0.112488 -0.116240
v 1.126968 0.060868 -0.135194
v 1.080089 0.005076 -0.155876
v 1.019521 0.254955 -0.075178
v 1.036329 0.202033 -0.081481
v 1.051710 0.149688 -0.095676
v 0.972518 0.239262 -0.066390
v 0.955649 0.292213 -0.060153
v 0.910998 0.276076 -0.042912
v 0.847568 0.313333 -0.025587
v 0.862734 0.260476 -0.039728
v 0.928219 0.222857 -0.048981
v 0.879998 0.207089 -0.044056
v 0.989766 0.185889 -0.070701
v 0.941543 0.170465 -0.065913
v 1.003657 0.133838 -0.088043
v 1.023623 0.080104 -0.082873
v 0.897306 0.153187 -0.046117
v 0.958479 0.116561 -0.069609
v 0.978068 0.064144 -0.065874
v 0.919784 0.101514 -0.038785
v 0.861500 0.139834 -0.012254
v 0.838043 0.191327 -0.020358
v 0.818687 0.123642 0.008539
v 0.878049 0.085317 -0.014671
v 0.935152 0.047240 -0.043285
v 0.835794 0.069791 0.007004
v 0.888838 0.031657 -0.028552
v 0.778857 0.109154 0.034294
v 0.757096 0.161411 0.029530
v 0.850018 0.015401 -0.000988
v 0.795973 0.055056 0.032597
v 0.739445 0.094867 0.060986
v 0.808747 0.000780 0.020949
v 0.717218 0.146854 0.054497
v 0.701133 0.200957 0.061147
v 0.753689 0.040239 0.053036
v 0.696632 0.079878 0.081144
v 0.679074 0.133162 0.084050
v 0.654983 0.183282 0.070974
v 0.634531 0.235000 0.064941
v 0.634970 0.117372 0.100215
v 0.615497 0.170049 0.098407
v 0.594141 0.221465 0.091395
v 0.571932 0.154079 0.114418
v 0.550414 0.205492 0.107317
v 0.528825 0.139112 0.133817
v 0.591869 0.101816 0.117671
v 0.548215 0.086317 0.134910
v 0.503112 0.070739 0.149634
v 0.652880 0.064637 0.099158
v 0.609737 0.048869 0.116416
v 0.565892 0.033042 0.132145
v 0.711422 0.026159 0.074277
v 0.667628 0.010919 0.092088
v 0.624586 -0.004573 0.109637
v 0.768414 -0.013377 0.044695
v 0.726359 -0.027943 0.065698
v 0.684135 -0.043137 0.086547
v 0.581827 -0.020279 0.127843
v 0.640729 -0.058591 0.104977
v 0.522170 0.017822 0.151223
v 0.596789 -0.073875 0.120766
v 0.475770 0.001827 0.163498
v 0.538575 -0.035817 0.146118
v 0.648161 -0.110227 0.081361
v 0.691214 -0.094455 0.062036
v 0.733305 -0.078797 0.041501
v 0.640832 -0.144163 0.036487
v 0.684649 -0.129326 0.018385
v 0.598041 -0.160333 0.054700
v 0.728160 -0.115242 -0.000802
v 0.604188 -0.124945 0.098343
v 0.555729 -0.177551 0.073717
v 0.775699 -0.064406 0.020773
v 0.771227 -0.100993 -0.020781
v 0.817577 -0.050442 0.000379
v 0.815046 -0.089325 -0.039766
v 0.859967 -0.036446 -0.020369
v 0.858707 -0.076309 -0.059026
v 0.903127 -0.062899 -0.078290
v 0.902054 -0.020691 -0.041457
v 0.946391 -0.045448 -0.098389
v 0.945852 -0.004505 -0.061348
v 0.991435 -0.029919 -0.117074
v 0.991237 0.011247 -0.079337
v 1.035891 -0.012879 -0.136127
v 1.036608 0.027870 -0.097871
v 1.082188 0.044575 -0.116512
v 1.070225 0.096408 -0.098618
v -1.678289 -0.044148 0.595104
v -1.731392 -0.021272 0.618145
v -1.735658 -0.085314 0.640918
v -1.801103 -0.033702 0.592980
v -1.802995 -0.088238 0.607606
v -1.782783 -0.084452 0.636851
v -1.784776 -0.144614 0.636386
v -1.805481 -0.144515 0.607445
v -1.808271 -0.200703 0.607377
v -1.738477 -0.145762 0.641098
v -1.786240 -0.201260 0.635479
v -1.810399 -0.256720 0.607368
v -1.739316 -0.201949 0.636827
v -1.678436 -0.100882 0.623804
v -1.678636 -0.155794 0.638152
v -1.787670 -0.257484 0.635013
v -1.813890 -0.312999 0.607906
v -1.740518 -0.258282 0.635473
v -1.788729 -0.313579 0.633837
v -1.679983 -0.208646 0.644292
v -1.741768 -0.314299 0.629506
v -1.787702 -0.369334 0.631019
v -1.807754 -0.369310 0.603746
v -1.785114 -0.424640 0.631681
v -1.798440 -0.424864 0.599637
v -1.798188 -0.482127 0.604562
v -1.742308 -0.370359 0.620745
v -1.785493 -0.486205 0.636133
v -1.797762 -0.535695 0.591918
v -1.742876 -0.427107 0.620115
v -1.785361 -0.552316 0.619802
v -1.802359 -0.574237 0.554859
v -1.788275 -0.602248 0.570125
v -1.741163 -0.486483 0.634483
v -1.741609 -0.553401 0.620218
v -1.743028 -0.605086 0.570749
v -1.686292 -0.587718 0.552430
v -1.686509 -0.537002 0.596345
v -1.622697 -0.581251 0.554019
v -1.686406 -0.477704 0.609133
v -1.622367 -0.537948 0.590370
v -1.562563 -0.580655 0.552395
v -1.622308 -0.485186 0.602820
v -1.562371 -0.537754 0.589718
v -1.502791 -0.579404 0.551127
v -1.683384 -0.422550 0.612893
v -1.502311 -0.538311 0.590537
v -1.442344 -0.537618 0.590165
v -1.443410 -0.576744 0.548587
v -1.386148 -0.575192 0.546361
v -1.502027 -0.483155 0.602800
v -1.383666 -0.536494 0.588050
v -1.328156 -0.574967 0.544927
v -1.442331 -0.482908 0.604533
v -1.324683 -0.536131 0.586663
v -1.268031 -0.574807 0.544120
v -1.382557 -0.482637 0.605103
v -1.322900 -0.481763 0.602839
v -1.264828 -0.535442 0.584937
v -1.206119 -0.575124 0.544554
v -1.204122 -0.535247 0.584818
v -1.155251 -0.574076 0.541966
v -1.263430 -0.481291 0.601342
v -1.154193 -0.533331 0.581123
v -1.105404 -0.573275 0.539097
v -1.203711 -0.481280 0.601511
v -1.104545 -0.532097 0.578207
v -1.154375 -0.479659 0.597229
v -1.055718 -0.571571 0.536237
v -1.105491 -0.477612 0.591384
v -1.056111 -0.476813 0.589986
v -1.106044 -0.422897 0.604674
v -1.054797 -0.531151 0.576102
v -1.004808 -0.530214 0.574295
v -1.005926 -0.569596 0.533491
v -1.006458 -0.476032 0.590015
v -0.954821 -0.529410 0.572754
v -0.956061 -0.567724 0.530850
v -0.956947 -0.474934 0.588590
v -0.905177 -0.528098 0.569919
v -0.906610 -0.566330 0.527877
v -0.907349 -0.473790 0.586305
v -0.858936 -0.522887 0.563564
v -0.860563 -0.560656 0.520951
v -0.812837 -0.517579 0.556807
v -0.814636 -0.554672 0.514189
v -0.861128 -0.469096 0.581469
v -0.910786 -0.417795 0.589808
v -0.960157 -0.418728 0.588445
v -0.766497 -0.512633 0.550812
v -0.768582 -0.549239 0.507735
v -0.815081 -0.464298 0.576089
v -0.864866 -0.413159 0.587784
v -0.914063 -0.361802 0.593777
v -0.720176 -0.507980 0.544750
v -0.722307 -0.545023 0.501664
v -0.769230 -0.459378 0.569904
v -0.819148 -0.408484 0.582830
v -0.868625 -0.357263 0.593386
v -0.673672 -0.503027 0.537358
v -0.675614 -0.541145 0.495641
v -0.723775 -0.454150 0.561664
v -0.774161 -0.403439 0.574594
v -0.823470 -0.352381 0.587432
v -0.627400 -0.497716 0.530827
v -0.629132 -0.536368 0.489466
v -0.677627 -0.449203 0.555087
v -0.581129 -0.493048 0.525186
v -0.582616 -0.532315 0.485019
v -0.632032 -0.444051 0.548024
v -0.535621 -0.524895 0.478172
v -0.639562 -0.388319 0.549985
v -0.534699 -0.483846 0.516815
v -0.489738 -0.515411 0.471052
v -0.586343 -0.439174 0.541581
v -0.594325 -0.383553 0.544921
v -0.540402 -0.430003 0.531663
v -0.487951 -0.474973 0.510141
v -0.441938 -0.465796 0.502557
v -0.443737 -0.505599 0.462693
v -0.494520 -0.420944 0.523139
v -0.395274 -0.456779 0.492863
v -0.396979 -0.496420 0.453800
v -0.448561 -0.412055 0.516754
v -0.350120 -0.487544 0.442976
v -0.548857 -0.374505 0.536303
v -0.503351 -0.365824 0.528770
v -0.603367 -0.328029 0.542592
v -0.558833 -0.319184 0.532931
v -0.458757 -0.356867 0.518142
v -0.513072 -0.310401 0.532675
v -0.414451 -0.347757 0.505303
v -0.647859 -0.332741 0.548554
v -0.611771 -0.272310 0.544374
v -0.684873 -0.393203 0.554788
v -0.729797 -0.398336 0.564209
v -0.692649 -0.337616 0.552196
v -0.656348 -0.277159 0.544941
v -0.779830 -0.347456 0.575087
v -0.736889 -0.342406 0.560890
v -0.700043 -0.281701 0.551966
v -0.620570 -0.216825 0.545424
v -0.828752 -0.296331 0.586156
v -0.784703 -0.291485 0.579211
v -0.743167 -0.286497 0.562276
v -0.833782 -0.240613 0.584047
v -0.872421 -0.301195 0.596218
v -0.876665 -0.245118 0.592876
v -0.917198 -0.305855 0.598788
v -0.919631 -0.249973 0.604278
v -0.962839 -0.363046 0.596372
v -0.965512 -0.306886 0.597583
v -1.009145 -0.419983 0.591716
v -1.011762 -0.364162 0.596723
v -1.058180 -0.421122 0.595153
v -1.013890 -0.307971 0.599672
v -1.059324 -0.365590 0.605079
v -0.967517 -0.251121 0.607651
v -0.921707 -0.193831 0.605475
v -1.015486 -0.251685 0.600504
v -0.969046 -0.195014 0.600832
v -0.879849 -0.189584 0.591621
v -0.924310 -0.137967 0.597070
v -1.016678 -0.195860 0.599258
v -0.970948 -0.139356 0.595134
v -1.062798 -0.196627 0.609405
v -1.018102 -0.139722 0.596451
v -0.928234 -0.082088 0.592022
v -0.973665 -0.083354 0.591365
v -1.064221 -0.140637 0.600960
v -1.019344 -0.083724 0.593902
v -0.977982 -0.029716 0.573094
v -1.066264 -0.084082 0.598261
v -0.933350 -0.028636 0.571935
v -1.023223 -0.029866 0.576487
v -0.940104 0.007607 0.527816
v -0.983944 0.007851 0.530973
v -0.894059 -0.025433 0.564211
v 0.704580 0.440744 0.002113
v 0.747960 0.456576 -0.015489
v 0.722199 0.494791 -0.048640
v 0.765612 0.510223 -0.066992
v 0.661470 0.423926 0.018387
v 0.682577 0.373534 0.029663
v 0.638884 0.356275 0.043612
v 0.724651 0.388678 0.009924
v 0.791380 0.471480 -0.034743
v 0.809231 0.524925 -0.085752
v 0.767357 0.404209 -0.009547
v 0.738567 0.334657 0.000861
v 0.700589 0.320498 0.029637
v 0.658800 0.304253 0.048297
v 0.616641 0.288647 0.067065
v 0.680999 0.253493 0.059755
v 0.723026 0.269107 0.037731
v 0.740710 0.215594 0.034559
v 0.755548 0.280628 -0.000101
v 0.798734 0.296974 -0.022304
v 0.780590 0.230429 0.009275
v 0.802198 0.178107 0.013448
v 0.781831 0.350366 -0.019426
v 0.817357 0.243571 -0.022898
v 0.830112 0.367097 -0.023992
v 0.811505 0.420153 -0.027234
v 0.874249 0.382731 -0.043595
v 0.835424 0.487774 -0.052369
v 0.853019 0.540163 -0.104449
v 0.856649 0.436714 -0.042307
v 0.879340 0.504166 -0.070256
v 0.896941 0.556642 -0.122203
v 0.901354 0.453226 -0.058589
v 0.923736 0.520405 -0.088077
v 0.940633 0.573594 -0.139486
v 0.916164 0.582721 -0.189794
v 0.959834 0.596425 -0.208395
v 0.984116 0.588437 -0.157738
v 1.012282 0.599854 -0.228745
v 0.967603 0.536826 -0.105288
v 1.033417 0.589929 -0.179778
v 1.066963 0.571468 -0.191424
v 1.011259 0.552815 -0.122698
v 1.052544 0.565452 -0.154985
v 1.096157 0.526137 -0.197202
v 0.988887 0.484410 -0.097130
v 1.033295 0.501074 -0.111883
v 1.075966 0.516939 -0.145120
v 1.111947 0.471850 -0.200475
v -0.402540 -0.403136 0.507288
v -0.369070 -0.339221 0.496531
v -0.348492 -0.447607 0.481801
v -0.299573 -0.474211 0.425457
v -0.356626 -0.393920 0.496261
v -0.298426 -0.433201 0.463926
v -0.249413 -0.460352 0.407971
v -0.306945 -0.380028 0.479229
v -0.247953 -0.419563 0.447255
v -0.197793 -0.405657 0.431336
v -0.200105 -0.445211 0.390562
v -0.257599 -0.365921 0.462010
v -0.318590 -0.325303 0.484975
v -0.148202 -0.391565 0.414445
v -0.151132 -0.429894 0.373080
v -0.207800 -0.352126 0.447423
v -0.271512 -0.311548 0.464434
v -0.098938 -0.377198 0.396670
v -0.102137 -0.415581 0.355463
v -0.157925 -0.338564 0.432578
v -0.049738 -0.363241 0.379191
v -0.052831 -0.402493 0.338486
v -0.108291 -0.324982 0.416327
v -0.173702 -0.284465 0.433124
v -0.006876 -0.346934 0.358924
v -0.010073 -0.385978 0.317945
v -0.059493 -0.311242 0.398800
v -0.123657 -0.270864 0.421784
v -0.074511 -0.257451 0.406541
v -0.016154 -0.294828 0.379307
v -1.208203 -0.591198 0.490458
v -1.268031 -0.574807 0.544120
v -1.270452 -0.592280 0.490757
v -1.206119 -0.575124 0.544554
v -1.155251 -0.574076 0.541966
v -1.328156 -0.574967 0.544927
v -1.157365 -0.589891 0.487642
v -1.105404 -0.573275 0.539097
v -1.209460 -0.591266 0.441835
v -1.270646 -0.599708 0.442514
v -1.330567 -0.588015 0.490306
v -1.386148 -0.575192 0.546361
v -1.387588 -0.586935 0.491809
v -1.445044 -0.588864 0.493669
v -1.388355 -0.590991 0.443636
v -1.445992 -0.595891 0.445308
v -1.159676 -0.589913 0.438897
v -1.209962 -0.595124 0.394311
v -1.161480 -0.594229 0.391105
v -1.107944 -0.588750 0.484671
v -1.110752 -0.588244 0.435761
v -1.113154 -0.597060 0.387798
v -1.055718 -0.571571 0.536237
v -1.062076 -0.585925 0.432775
v -1.064793 -0.594405 0.384700
v -1.058640 -0.586150 0.481643
v -1.005926 -0.569596 0.533491
v -1.013648 -0.579274 0.429658
v -1.009471 -0.582369 0.478409
v -0.960359 -0.577485 0.475219
v -0.956061 -0.567724 0.530850
v -0.965306 -0.572845 0.426554
v -1.017339 -0.583296 0.381242
v -1.067841 -0.595809 0.335904
v -0.968898 -0.580423 0.378366
v -1.020179 -0.589357 0.333084
v -1.023665 -0.588555 0.284607
v -0.972679 -0.584486 0.330043
v -0.920778 -0.577502 0.375422
v -0.924908 -0.583412 0.327105
v -0.976706 -0.583750 0.281254
v -0.929294 -0.586371 0.278688
v -0.916619 -0.568286 0.423342
v -0.876238 -0.571221 0.368466
v -0.911635 -0.575667 0.472107
v -0.906610 -0.566330 0.527877
v -0.860563 -0.560656 0.520951
v -0.865833 -0.571918 0.465656
v -0.814636 -0.554672 0.514189
v -0.871048 -0.569857 0.417208
v -0.819997 -0.567473 0.459434
v -0.768582 -0.549239 0.507735
v -0.774564 -0.560542 0.452894
v -0.825662 -0.568869 0.410924
v -0.780498 -0.564080 0.404549
v -0.831022 -0.575325 0.362854
v -0.880610 -0.582562 0.320818
v -0.786000 -0.574615 0.356762
v -0.735381 -0.558410 0.398295
v -0.741950 -0.564619 0.350276
v -0.836453 -0.576913 0.314177
v -0.791948 -0.577877 0.308249
v -0.747935 -0.571437 0.302045
v -0.798013 -0.579998 0.259628
v -0.842037 -0.580172 0.265860
v -0.847378 -0.586019 0.217317
v -0.885510 -0.584001 0.272159
v -0.890655 -0.587038 0.223758
v -0.896069 -0.586810 0.175209
v -0.933551 -0.590603 0.230236
v -0.938429 -0.590013 0.181820
v -0.943726 -0.584393 0.133464
v -0.980591 -0.593939 0.233515
v -0.984515 -0.597631 0.184899
v -0.988994 -0.591238 0.136430
v -1.027014 -0.586791 0.235849
v -1.073894 -0.584539 0.238926
v -1.030572 -0.597046 0.188097
v -1.034388 -0.597111 0.139206
v -1.077140 -0.591489 0.190785
v -1.220283 -0.598609 0.055042
v -1.277834 -0.608516 0.103272
v -1.279330 -0.596601 0.056190
v -1.222429 -0.576607 0.003291
v -1.218490 -0.608912 0.102781
v -1.336974 -0.606151 0.104149
v -1.173234 -0.606005 0.100235
v -1.276168 -0.610156 0.152592
v -1.175562 -0.597824 0.052066
v -1.171421 -0.605911 0.149098
v -1.335065 -0.610031 0.152947
v -1.217209 -0.608965 0.152136
v -1.333721 -0.604145 0.201284
v -1.274927 -0.599236 0.200286
v -1.394017 -0.610982 0.153446
v -1.392558 -0.608772 0.202478
v -1.332589 -0.592956 0.248633
v -1.391480 -0.594584 0.249532
v -1.451270 -0.610003 0.203383
v -1.390380 -0.588427 0.298193
v -1.395132 -0.601628 0.105254
v -1.273688 -0.589306 0.248183
v -1.338217 -0.596551 0.056452
v -1.453480 -0.593834 0.107462
v -1.280951 -0.575757 0.004015
v -1.396502 -0.594166 0.057256
v -1.339509 -0.575715 0.004254
v -1.397757 -0.575070 0.005096
v -1.223876 -0.532942 -0.032406
v -1.282077 -0.533160 -0.032899
v -1.340358 -0.533160 -0.032490
v -1.224298 -0.478368 -0.044705
v -1.455445 -0.590617 0.059007
v -1.180908 -0.532347 -0.035368
v -1.178488 -0.575787 0.000331
v -1.137859 -0.531996 -0.038925
v -1.130934 -0.596416 0.049041
v -1.134703 -0.574941 -0.002876
v -1.094562 -0.531835 -0.042948
v -1.128141 -0.604177 0.097282
v -1.090927 -0.574128 -0.006322
v -1.082909 -0.603164 0.093937
v -1.125739 -0.602739 0.146072
v -1.086327 -0.595364 0.045595
v -1.080167 -0.598780 0.142603
v -1.123062 -0.598493 0.194662
v -1.169446 -0.600566 0.197621
v -1.215863 -0.597594 0.199584
v -1.120792 -0.584252 0.241721
v -1.167558 -0.585381 0.244791
v -1.214434 -0.586746 0.247703
v -1.272036 -0.588645 0.297746
v -1.118059 -0.583816 0.291456
v -1.165444 -0.583778 0.294801
v -1.212673 -0.587066 0.297707
v -1.331424 -0.590130 0.297478
v -1.071063 -0.588835 0.287725
v -1.115679 -0.596330 0.339262
v -1.163195 -0.591858 0.343520
v -1.211020 -0.593487 0.346602
v -1.270605 -0.595544 0.346496
v -1.330189 -0.596413 0.345949
v -1.270311 -0.595759 0.394621
v -1.329982 -0.600725 0.394283
v -1.389380 -0.592053 0.346870
v -1.388681 -0.597847 0.395230
v -1.448499 -0.586024 0.348102
v -1.330622 -0.598146 0.442848
v -1.447101 -0.594059 0.396617
v -1.449762 -0.588016 0.298933
v -1.449876 -0.600967 0.251669
v -1.508769 -0.603098 0.252573
v -1.508425 -0.595892 0.300920
v -1.507534 -0.591175 0.349411
v -1.506641 -0.588756 0.398223
v -1.562888 -0.606973 0.350569
v -1.565117 -0.610232 0.302348
v -1.562885 -0.599097 0.399130
v -1.505335 -0.589479 0.447074
v -1.563207 -0.598743 0.448655
v -1.620446 -0.601989 0.399909
v -1.503916 -0.592841 0.495877
v -1.443410 -0.576744 0.548587
v -1.502791 -0.579404 0.551127
v -1.563308 -0.597401 0.498180
v -1.562563 -0.580655 0.552395
v -1.621894 -0.600307 0.449917
v -1.623282 -0.599257 0.499998
v -1.622697 -0.581251 0.554019
v -1.686292 -0.587718 0.552430
v -1.686764 -0.606326 0.491366
v -1.686374 -0.604508 0.440703
v -1.744117 -0.623595 0.505294
v -1.743028 -0.605086 0.570749
v -1.788275 -0.602248 0.570125
v -1.744585 -0.622234 0.452368
v -1.787118 -0.618486 0.504584
v -1.802359 -0.574237 0.554859
v -1.799101 -0.585797 0.500276
v -1.787870 -0.616423 0.452058
v 0.113017 -0.246391 0.318444
v 0.165091 -0.282473 0.278271
v 0.155195 -0.230138 0.296742
v 0.122048 -0.298544 0.298354
v 0.118543 -0.336957 0.257441
v 0.162412 -0.322026 0.238278
v 0.208045 -0.266520 0.258384
v 0.205983 -0.306588 0.219026
v 0.140505 -0.176332 0.304946
v 0.197837 -0.214074 0.276107
v 0.250694 -0.250186 0.238907
v 0.249112 -0.290778 0.200497
v 0.293062 -0.276175 0.183404
v 0.293696 -0.234228 0.220980
v 0.335964 -0.259892 0.165964
v 0.240919 -0.197757 0.256995
v 0.336930 -0.218394 0.203955
v 0.183753 -0.160379 0.285327
v 0.282199 -0.180932 0.235870
v 0.379382 -0.243102 0.147678
v 0.226704 -0.143852 0.266084
v 0.128774 -0.122981 0.318715
v 0.086341 -0.139106 0.340177
v 0.070389 -0.085254 0.345886
v 0.173035 -0.106999 0.301189
v 0.114678 -0.069048 0.327913
v 0.053498 -0.031699 0.347202
v 0.007342 -0.048441 0.359054
v 0.157618 -0.052947 0.306272
v 0.212687 -0.089891 0.274436
v 0.270193 -0.127443 0.248918
v 0.098039 -0.015562 0.328895
v 0.326540 -0.165730 0.220702
v 0.381752 -0.203554 0.187615
v 0.427236 -0.188799 0.170143
v 0.423843 -0.227062 0.129265
v 0.373146 -0.151955 0.208211
v 0.317191 -0.112768 0.239715
v 0.472332 -0.173312 0.152505
v 0.259995 -0.073706 0.265199
v 0.468160 -0.210730 0.110441
v 0.417984 -0.136518 0.189980
v 0.359950 -0.097031 0.218428
v 0.302617 -0.057420 0.244539
v 0.201690 -0.036015 0.288016
v 0.244363 -0.019090 0.267079
v 0.141018 0.000346 0.307413
v 0.340011 -0.044557 0.213481
v 0.185509 0.017455 0.289605
v 0.280806 -0.006042 0.235264
v 0.320701 0.007998 0.209380
v 0.262913 0.046622 0.234040
v 0.221213 0.030898 0.255561
v 0.382001 -0.030023 0.188741
v 0.401601 -0.082497 0.193695
v 0.428275 -0.014238 0.173038
v 0.365455 0.023592 0.191805
v 0.304049 0.061193 0.211091
v 0.463054 -0.120937 0.171739
v 0.446323 -0.067322 0.173512
v 0.516498 -0.156332 0.133745
v 0.511764 -0.193709 0.091928
v 0.508263 -0.105083 0.154614
v 0.560423 -0.140368 0.115820
v 0.552729 -0.089303 0.137288
v 0.493515 -0.051466 0.162684
v 0.035870 -0.330310 0.338283
v 0.032355 -0.368332 0.297071
v 0.078881 -0.314146 0.318164
v 0.075318 -0.352362 0.276924
v 0.027109 -0.278482 0.359473
v -0.030691 -0.241226 0.387805
v -0.090424 -0.203388 0.412272
v -0.140097 -0.216965 0.423024
v 0.069670 -0.262134 0.338266
v 0.012825 -0.224818 0.368744
v -0.045247 -0.187074 0.396997
v 0.055196 -0.208577 0.347275
v -0.000336 -0.170955 0.380608
v -0.109324 -0.150297 0.407203
v -0.063591 -0.133807 0.394939
v 0.043825 -0.154956 0.362437
v -0.157039 -0.163331 0.423039
v -0.018098 -0.117304 0.381177
v -0.126325 -0.096750 0.409361
v 0.097917 -0.192541 0.325959
v 0.026647 -0.101104 0.364682
v 0.411645 0.039179 0.178699
v 0.457632 0.055112 0.164290
v 0.440521 0.108358 0.169852
v 0.392792 0.092039 0.176158
v 0.349441 0.076678 0.197145
v 0.287282 0.114237 0.214352
v 0.331109 0.129667 0.196289
v 0.270203 0.167459 0.216260
v 0.245439 0.099064 0.235349
v 0.229225 0.152359 0.239667
v 0.208453 0.204580 0.233713
v 0.202730 0.083368 0.254640
v 0.188759 0.137402 0.262645
v 0.166662 0.069578 0.286626
v 0.149066 0.122746 0.287921
v 0.167111 0.189227 0.255206
v 0.186518 0.254486 0.221426
v 0.228874 0.270192 0.201221
v 0.123349 0.053151 0.305916
v 0.105967 0.106497 0.306497
v 0.126838 0.174117 0.278626
v 0.144481 0.238845 0.242041
v 0.077839 0.036390 0.320672
v 0.062776 0.090601 0.326607
v 0.084812 0.158156 0.298941
v 0.102657 0.222235 0.261872
v 0.036091 0.021549 0.346276
v 0.020452 0.075545 0.350126
v 0.042851 0.143250 0.321511
v 0.061182 0.206640 0.282770
v -0.009014 0.005462 0.362542
v -0.024527 0.059315 0.367224
v -0.000679 0.127697 0.341455
v 0.018716 0.191384 0.303186
v 0.034164 0.235393 0.241482
v -0.043994 0.112167 0.361503
v -0.024217 0.175151 0.322164
v -0.007784 0.218814 0.260910
v 0.831392 0.553586 -0.686130
v 0.866251 0.534630 -0.697469
v 0.830000 0.523974 -0.714534
v 0.781619 0.548956 -0.668077
v 0.849989 0.569119 -0.637448
v 0.896810 0.543954 -0.653389
v 0.736229 0.494028 -0.689526
v 0.739474 0.533410 -0.650184
v 0.693621 0.478991 -0.672285
v 0.797823 0.568559 -0.617362
v 0.868799 0.571217 -0.591839
v 0.915445 0.546082 -0.607935
v 0.816709 0.572575 -0.571669
v 0.755500 0.552382 -0.599566
v 0.696896 0.517293 -0.632594
v 0.650605 0.463277 -0.653584
v 0.653281 0.502205 -0.614617
v 0.712562 0.535695 -0.581804
v 0.669190 0.520499 -0.563627
v 0.772672 0.560263 -0.553690
v 0.729957 0.543765 -0.535733
v 0.687048 0.527978 -0.517703
v 0.791288 0.561882 -0.508193
v 0.748087 0.547025 -0.490127
v 0.706955 0.526594 -0.472212
v 0.663364 0.512114 -0.454051
v 0.809528 0.564269 -0.462560
v 0.835307 0.575119 -0.525977
v 0.853760 0.574170 -0.480688
v 0.887515 0.575552 -0.546479
v 0.934200 0.548822 -0.562711
v 0.905683 0.578693 -0.501167
v 0.953655 0.552792 -0.517287
v 0.872438 0.573243 -0.435281
v 0.924223 0.580306 -0.455606
v 0.973330 0.557378 -0.472326
v 0.942424 0.582788 -0.410403
v 0.992070 0.561511 -0.427831
v 0.890831 0.573618 -0.389832
v 0.960281 0.586046 -0.365097
v 1.009989 0.565382 -0.383032
v 0.827890 0.565381 -0.417107
v 0.977909 0.590888 -0.319843
v 1.027506 0.569045 -0.337332
v 0.908782 0.575848 -0.344287
v 0.846734 0.563617 -0.371675
v 0.801591 0.556386 -0.353435
v 0.863761 0.570370 -0.326088
v 0.926149 0.582084 -0.298897
v 0.995114 0.595549 -0.274457
v 1.043958 0.571640 -0.291038
v 1.060801 0.575355 -0.245243
v 0.942742 0.590087 -0.253667
v 0.881324 0.574091 -0.280676
v 0.819322 0.558880 -0.307773
v 0.900180 0.572601 -0.235206
v 0.838410 0.556930 -0.262653
v 0.854491 0.565580 -0.216998
v 0.776589 0.543581 -0.289748
v 0.795388 0.541688 -0.244511
v 0.759147 0.539567 -0.335413
v 0.732964 0.529959 -0.271424
v 0.715256 0.526956 -0.316995
v 0.739854 0.541474 -0.380698
v 0.697223 0.524188 -0.362621
v 0.783450 0.554451 -0.398938
v 0.763931 0.556644 -0.444097
v 0.722378 0.536536 -0.426418
v 0.681519 0.514794 -0.408345
v 0.618187 0.505031 -0.434941
v 0.637954 0.500638 -0.390188
v 0.574104 0.494257 -0.416581
v 0.655907 0.503967 -0.344417
v 0.591058 0.498513 -0.370465
v 0.533201 0.473768 -0.398838
v 0.611471 0.492933 -0.326064
v 0.670885 0.514999 -0.298521
v 0.552661 0.470094 -0.353819
v 0.508282 0.459751 -0.335119
v 0.569946 0.473626 -0.307830
v 0.628775 0.496195 -0.280307
v 0.690058 0.513599 -0.253106
v 0.750270 0.533783 -0.225722
v 0.645664 0.501288 -0.234571
v 0.810186 0.553084 -0.198653
v 0.707045 0.518354 -0.207491
v 0.766847 0.538658 -0.180084
v 0.872229 0.568677 -0.171502
v 0.828480 0.553463 -0.153176
v 0.723286 0.524310 -0.161673
v 0.784988 0.538232 -0.134719
v 0.663256 0.504056 -0.189003
v -0.664128 -0.221350 0.546667
v -0.707016 -0.225910 0.554242
v -0.670936 -0.166106 0.556267
v -0.713793 -0.170165 0.558065
v -0.753940 -0.175125 0.571945
v -0.759992 -0.119416 0.574381
v -0.801498 -0.124556 0.573266
v -0.628893 -0.161363 0.549432
v -0.578088 -0.208211 0.534700
v -0.678834 -0.110395 0.558274
v -0.637035 -0.105853 0.553757
v -0.587118 -0.152885 0.541184
v -0.646476 -0.050123 0.554622
v -0.719221 -0.114790 0.568649
v -0.686810 -0.054458 0.559759
v -0.726993 -0.058866 0.564915
v -0.767725 -0.063836 0.570037
v -0.807588 -0.068573 0.574545
v -0.847679 -0.073484 0.577539
v -0.815627 -0.014895 0.555829
v -0.776805 -0.011469 0.549603
v -0.787048 0.022137 0.504633
v -0.736811 -0.007024 0.544162
v -0.747608 0.025639 0.498800
v -0.756510 0.032154 0.443730
v -0.697220 -0.002139 0.538794
v -0.709047 0.029454 0.493643
v -0.718752 0.036818 0.438804
v -0.726704 0.043078 0.391551
v -0.762750 0.030493 0.395491
v -0.733721 0.047095 0.343800
v -0.657995 0.001994 0.533509
v -0.670662 0.033758 0.488434
v -0.680905 0.042030 0.434097
v -0.633664 0.042449 0.480083
v -0.619776 0.009097 0.523410
v -0.689708 0.052226 0.387023
v -0.644575 0.051241 0.426004
v -0.596001 0.049504 0.471139
v -0.696140 0.050461 0.338795
v -0.116258 -0.431769 0.303474
v -0.067682 -0.419311 0.286150
v -0.052831 -0.402493 0.338486
v -0.102137 -0.415581 0.355463
v -0.164995 -0.445335 0.320822
v -0.010073 -0.385978 0.317945
v -0.179581 -0.451435 0.274649
v -0.227429 -0.465788 0.291344
v -0.241990 -0.469405 0.244909
v -0.131275 -0.438609 0.257445
v -0.194071 -0.457024 0.228407
v -0.255188 -0.476959 0.198520
v -0.209410 -0.459286 0.182128
v -0.147839 -0.439851 0.211448
v -0.162043 -0.448375 0.165489
v -0.083864 -0.422576 0.240319
v -0.099486 -0.428960 0.194629
v -0.114543 -0.437269 0.148750
v -0.054439 -0.420092 0.174595
v -0.039688 -0.410351 0.220278
v 0.004811 -0.398421 0.200286
v 0.018083 -0.386217 0.245610
v -0.024760 -0.403271 0.266015
v 0.032355 -0.368332 0.297071
v 0.568917 -0.176200 -0.309712
v 0.506314 -0.189557 -0.336493
v 0.549862 -0.174437 -0.354987
v 0.586336 -0.174623 -0.263948
v 0.643255 -0.146384 -0.235842
v 0.602638 -0.170491 -0.217752
v 0.660051 -0.141605 -0.190005
v 0.617822 -0.162131 -0.171610
v 0.524181 -0.187268 -0.290810
v 0.541863 -0.186566 -0.245272
v 0.558910 -0.185317 -0.199168
v 0.574398 -0.178049 -0.153166
v 0.513150 -0.191795 -0.181123
v 0.528805 -0.183829 -0.135199
v 0.499611 -0.204386 -0.226651
v 0.482866 -0.208081 -0.272432
v 0.465415 -0.211060 -0.318054
v 0.470378 -0.208725 -0.162023
v 0.485992 -0.200157 -0.116155
v 0.455630 -0.218542 -0.207630
v 0.439784 -0.225823 -0.253548
v 0.421737 -0.225054 -0.299054
v 0.428958 -0.230710 -0.142850
v 0.446074 -0.225032 -0.097336
v 0.412443 -0.237297 -0.188586
v 0.394847 -0.238098 -0.234374
v 0.378645 -0.242983 -0.280200
v 0.382919 -0.239492 -0.123833
v 0.400705 -0.236192 -0.078304
v 0.365738 -0.242966 -0.169451
v 0.349882 -0.249095 -0.215379
v 0.332139 -0.247206 -0.261128
v 0.323052 -0.260749 -0.151198
v 0.316433 -0.254400 -0.307014
v 0.340768 -0.258133 -0.105731
v 0.357650 -0.253968 -0.060021
v 0.377094 -0.255097 -0.014717
v 0.300160 -0.280578 -0.088592
v 0.318396 -0.279589 -0.042515
v 0.334076 -0.273029 0.003790
v 0.275522 -0.296806 -0.024068
v 0.256702 -0.293981 -0.069518
v 0.215527 -0.315908 -0.051727
v 0.278975 -0.271942 -0.132193
v 0.198592 -0.318279 -0.097553
v 0.155905 -0.336702 -0.079258
v 0.236599 -0.290098 -0.114015
v 0.138720 -0.338840 -0.125026
v 0.096294 -0.357833 -0.106724
v 0.180623 -0.318550 -0.142888
v 0.218854 -0.290923 -0.159674
v 0.260919 -0.271779 -0.177832
v 0.079239 -0.360183 -0.152483
v 0.036726 -0.378773 -0.133483
v 0.120938 -0.339703 -0.170578
v 0.162019 -0.317594 -0.188054
v 0.202821 -0.295164 -0.205618
v 0.018703 -0.377688 -0.178989
v -0.024280 -0.394307 -0.159820
v 0.060520 -0.358440 -0.197588
v 0.102474 -0.339261 -0.215952
v 0.146310 -0.323814 -0.234110
v -0.754977 -0.571004 0.253446
v -0.720549 -0.556533 0.199331
v -0.712902 -0.558149 0.247867
v -0.677755 -0.548894 0.194995
v -0.669596 -0.549567 0.243412
v -0.704464 -0.562693 0.296002
v -0.660835 -0.552605 0.291478
v -0.626414 -0.540021 0.239156
v -0.617585 -0.539908 0.287611
v -0.582804 -0.537958 0.231134
v -0.697036 -0.561285 0.344541
v -0.652448 -0.552817 0.339613
v -0.573238 -0.537229 0.279207
v -0.538866 -0.537017 0.223150
v -0.608210 -0.542546 0.335696
v -0.689796 -0.558702 0.393048
v -0.643992 -0.556915 0.387264
v -0.728804 -0.555639 0.446778
v -0.682339 -0.555054 0.441213
v -0.636225 -0.552352 0.435653
v -0.675614 -0.541145 0.495641
v -0.722307 -0.545023 0.501664
v -0.629132 -0.536368 0.489466
v -0.589899 -0.547798 0.431720
v -0.582616 -0.532315 0.485019
v -0.535621 -0.524895 0.478172
v -0.599178 -0.544725 0.383724
v -0.563482 -0.535651 0.327231
v -0.554183 -0.535852 0.375817
v -0.543655 -0.539904 0.424110
v -0.498830 -0.528654 0.416943
v -0.489738 -0.515411 0.471052
v -0.443737 -0.505599 0.462693
v -0.508674 -0.529835 0.367976
v -0.452989 -0.521388 0.408470
v -0.396979 -0.496420 0.453800
v -0.462295 -0.532390 0.360041
v -0.518271 -0.537152 0.319179
v -0.472563 -0.539414 0.310842
v -0.406902 -0.513805 0.399793
v -0.350120 -0.487544 0.442976
v -0.417654 -0.519462 0.350876
v -0.429185 -0.523353 0.301879
v -0.360901 -0.504078 0.389621
v -0.299573 -0.474211 0.425457
v -0.373854 -0.506148 0.340900
v -0.310424 -0.492652 0.372543
v -0.249413 -0.460352 0.407971
v -0.383951 -0.518571 0.292717
v -0.323109 -0.497691 0.324620
v -0.261537 -0.477037 0.354838
v -0.200105 -0.445211 0.390562
v -0.213985 -0.458958 0.337644
v -0.151132 -0.429894 0.373080
v -0.275852 -0.479259 0.307769
v -0.337771 -0.497028 0.276734
v -0.396360 -0.522090 0.244589
v -0.289294 -0.484261 0.261028
v -0.350513 -0.502003 0.229714
v -0.303114 -0.487992 0.214254
v -0.362539 -0.507785 0.182624
v -0.409093 -0.523338 0.197221
v -0.423064 -0.518175 0.150458
v -0.439230 -0.533424 0.253603
v -0.451488 -0.532954 0.205859
v -0.464663 -0.524947 0.159276
v -0.483624 -0.539791 0.262112
v -0.495268 -0.534223 0.214930
v -0.507241 -0.530344 0.167560
v -0.528442 -0.537729 0.270857
v 1.025654 -0.002678 -0.558536
v 0.980895 -0.015294 -0.539579
v 0.959261 -0.039027 -0.477062
v 0.975949 -0.033078 -0.431353
v 1.006781 -0.005025 -0.603703
v 0.932960 -0.051912 -0.413756
v 0.915718 -0.056363 -0.459077
v 0.889720 -0.070098 -0.396039
v 0.938263 -0.034358 -0.521533
v 0.961623 -0.015151 -0.584814
v 0.873366 -0.076430 -0.441529
v 0.907459 -0.066618 -0.350510
v 0.829887 -0.093217 -0.423214
v 0.854796 -0.077376 -0.486479
v 0.865033 -0.086470 -0.332307
v 0.848069 -0.091512 -0.378093
v 0.786284 -0.109303 -0.404354
v 0.823453 -0.107959 -0.313610
v 0.805023 -0.109385 -0.359233
v 0.779308 -0.121563 -0.293906
v 0.760888 -0.121399 -0.339522
v 0.741510 -0.117399 -0.384222
v 0.734702 -0.131544 -0.274195
v 0.752885 -0.131118 -0.228367
v 0.716518 -0.131570 -0.319874
v 0.697600 -0.129590 -0.365089
v 0.688416 -0.133145 -0.254610
v 0.706484 -0.132906 -0.208974
v 0.670423 -0.134293 -0.300178
v 0.652172 -0.135752 -0.345607
v 0.678829 -0.128232 -0.410011
v 0.627685 -0.152697 -0.281929
v 0.610511 -0.155211 -0.327625
v 0.633151 -0.134812 -0.390662
v 0.593047 -0.158827 -0.373419
v 0.574478 -0.160820 -0.418875
v -0.476614 -0.511935 -0.037141
v -0.502534 -0.521181 0.017693
v -0.514722 -0.521198 -0.029107
v -0.540481 -0.533827 0.025030
v -0.464526 -0.508363 0.010410
v -0.419016 -0.499931 -0.003950
v -0.529580 -0.533006 0.072858
v -0.568249 -0.545732 0.080185
v -0.489611 -0.524127 0.064546
v -0.405102 -0.501290 0.042729
v -0.362635 -0.481118 0.029520
v -0.449778 -0.516321 0.056350
v -0.390138 -0.506116 0.088877
v -0.347075 -0.484870 0.075497
v -0.375900 -0.508328 0.135524
v -0.436408 -0.517984 0.103234
v -0.477603 -0.522816 0.111984
v -0.518585 -0.532183 0.120105
v -0.316226 -0.492514 0.167547
v -0.558151 -0.547682 0.128007
v -0.607433 -0.555999 0.087594
v -0.549319 -0.537118 0.175287
v -0.599668 -0.553399 0.135708
v -0.647885 -0.557577 0.094421
v -0.591721 -0.543440 0.183158
v -0.641390 -0.557806 0.143375
v -0.634146 -0.548053 0.191264
v -0.684454 -0.551410 0.145920
v -0.689630 -0.563110 0.097942
v -0.727015 -0.559100 0.150523
v -0.732257 -0.562943 0.101663
v -0.774406 -0.570375 0.108018
v -0.779555 -0.574299 0.058794
v -0.822161 -0.577257 0.065381
v -0.769616 -0.563278 0.156557
v -0.817093 -0.573322 0.114045
v -0.864798 -0.577529 0.071828
v -0.812216 -0.570142 0.163340
v -0.859720 -0.577130 0.120763
v -0.906687 -0.581402 0.078308
v -0.902072 -0.578577 0.127290
v -0.947759 -0.587672 0.084630
v -0.853734 -0.580792 0.169144
v -0.763465 -0.564073 0.205783
v -0.804808 -0.576799 0.211279
v -0.067566 0.159438 0.341160
v 0.075934 0.252377 0.222053
v -0.050339 0.203592 0.280578
v 0.117480 0.270703 0.202987
v 0.159637 0.288072 0.184049
v 0.054638 0.255453 0.170344
v -0.087759 0.096268 0.380566
v -0.069113 0.043125 0.383801
v -0.111045 0.144105 0.360794
v -0.053995 -0.010830 0.378207
v -0.131501 0.080090 0.399575
v -0.113223 0.026776 0.401895
v -0.037357 -0.064620 0.375461
v -0.098119 -0.026833 0.396291
v -0.082803 -0.080915 0.389931
v -0.144264 -0.043225 0.409565
v -0.155773 0.010776 0.423685
v -0.175158 0.064280 0.418830
v -0.201646 -0.001657 0.439862
v -0.185939 -0.055738 0.436601
v -0.173323 -0.109538 0.425995
v -0.231224 -0.068238 0.455484
v -0.218285 -0.122326 0.446915
v -0.204813 -0.176315 0.438612
v -0.248498 -0.014600 0.451317
v -0.277266 -0.080924 0.472495
v -0.262318 -0.135348 0.470407
v -0.189471 -0.230545 0.434495
v -0.249730 -0.189463 0.461307
v -0.324326 -0.093961 0.486688
v -0.237203 -0.243621 0.452138
v -0.309652 -0.148267 0.485890
v -0.295894 -0.202915 0.481150
v -0.223992 -0.298020 0.444686
v -0.284849 -0.256988 0.469316
v -0.333384 -0.270741 0.483935
v -0.345206 -0.216094 0.491192
v -0.359719 -0.161686 0.489588
v -0.379897 -0.284347 0.504353
v -0.392516 -0.229570 0.506939
v -0.423924 -0.293112 0.515883
v -0.406084 -0.174839 0.507013
v -0.435150 -0.238237 0.521092
v -0.468151 -0.301783 0.525566
v -0.479717 -0.246447 0.524306
v -0.447055 -0.183030 0.523895
v -0.420882 -0.120393 0.504837
v -0.490746 -0.191328 0.528685
v -0.459346 -0.127981 0.525410
v -0.373536 -0.107165 0.491084
v -0.431343 -0.065339 0.513643
v -0.385375 -0.052756 0.498942
v -0.338693 -0.039546 0.486028
v -0.472270 -0.073164 0.525032
v -0.501146 -0.136361 0.536892
v -0.295295 -0.028194 0.463217
v -0.544362 -0.144633 0.537888
v -0.513038 -0.080932 0.535926
v -0.265792 0.038510 0.446695
v -0.486809 -0.019473 0.515510
v -0.310875 0.025871 0.461974
v -0.355704 0.013597 0.478047
v -0.220737 0.050932 0.431823
v -0.400791 0.001534 0.494028
v -0.446528 -0.011054 0.508012
v -0.198009 0.111921 0.399015
v -0.374947 0.062726 0.458190
v -0.419378 0.050612 0.472872
v -0.464059 0.037575 0.486106
v -0.330836 0.075424 0.443184
v -0.352729 0.104980 0.400754
v -0.395865 0.096015 0.414970
v -0.439082 0.081001 0.430208
v -0.286506 0.087230 0.427360
v -0.309261 0.117438 0.386355
v -0.242394 0.098905 0.412532
v -0.266136 0.130040 0.372394
v -0.222867 0.141524 0.358053
v -0.179614 0.157218 0.339023
v -0.243850 0.146521 0.306618
v -0.286513 0.136380 0.320664
v -0.154649 0.128105 0.380176
v -0.136464 0.173119 0.319571
v -0.200694 0.162036 0.287280
v -0.261717 0.150785 0.261869
v -0.093247 0.188256 0.299986
v -0.158163 0.178539 0.268019
v -0.114973 0.192942 0.248240
v -0.220714 0.172081 0.243753
v -0.177561 0.186577 0.223887
v -0.071426 0.204009 0.228106
v -0.133981 0.196659 0.203323
v -0.028315 0.217911 0.208564
v -0.091415 0.213124 0.184328
v 0.013831 0.234814 0.189147
v -0.046847 0.217321 0.163260
v -0.003194 0.231492 0.143699
v -0.110700 0.217277 0.139513
v -0.153338 0.203910 0.159017
v -0.066773 0.226069 0.119337
v -0.196074 0.190990 0.178791
v -0.042666 -0.391233 -0.205058
v -0.085812 -0.406908 -0.185651
v 0.000305 -0.374959 -0.224227
v 0.043361 -0.359592 -0.243526
v 0.086305 -0.343767 -0.262260
v -0.067106 -0.372591 -0.252794
v -0.110223 -0.388130 -0.233679
v -0.024310 -0.356682 -0.271970
v 0.018390 -0.340711 -0.291263
v 0.061469 -0.326709 -0.311268
v -0.091258 -0.332031 -0.283329
v -0.133891 -0.347168 -0.263431
v -0.048609 -0.316700 -0.303159
v -0.005731 -0.300898 -0.321795
v 0.036958 -0.285561 -0.340936
v -0.110334 -0.280048 -0.292020
v -0.153744 -0.296247 -0.274400
v -0.068427 -0.265256 -0.313539
v -0.026841 -0.251033 -0.336718
v 0.017860 -0.232750 -0.347830
v -0.132543 -0.230642 -0.308882
v -0.089619 -0.214988 -0.327800
v -0.175956 -0.246660 -0.291853
v -0.047352 -0.199560 -0.348699
v -0.148748 -0.176855 -0.308277
v -0.191136 -0.192365 -0.287791
v -0.003677 -0.183277 -0.365985
v -0.106717 -0.161145 -0.330065
v -0.063836 -0.145272 -0.349904
v 0.042133 -0.165141 -0.373578
v -0.023189 -0.130540 -0.375459
v 0.060575 -0.218090 -0.368113
v 0.023838 -0.112181 -0.381010
v 0.079238 -0.270745 -0.361291
v 0.081970 -0.151843 -0.401211
v 0.101013 -0.204330 -0.392456
v 0.104468 -0.310552 -0.329506
v 0.121783 -0.255503 -0.380909
v 0.128819 -0.325326 -0.279937
v 0.147004 -0.293253 -0.347180
v 0.188088 -0.303334 -0.251387
v 0.170904 -0.306100 -0.297215
v 0.245789 -0.278294 -0.223846
v 0.229568 -0.282919 -0.269486
v 0.305341 -0.260355 -0.196541
v 0.289095 -0.264110 -0.242604
v 0.274226 -0.271948 -0.288238
v 0.213569 -0.289054 -0.314979
v 0.256819 -0.274800 -0.333717
v 0.189889 -0.277638 -0.365462
v 0.233141 -0.262503 -0.383314
v 0.300395 -0.261172 -0.352534
v 0.276002 -0.248132 -0.402157
v 0.360128 -0.240277 -0.325600
v 0.403528 -0.225707 -0.344325
v 0.343624 -0.246393 -0.371365
v 0.319150 -0.234057 -0.421098
v 0.446395 -0.209962 -0.363214
v 0.386430 -0.230286 -0.390081
v 0.361954 -0.218397 -0.440005
v 0.489377 -0.195020 -0.382122
v 0.428453 -0.212485 -0.408709
v 0.403987 -0.201044 -0.458692
v 0.529676 -0.171050 -0.399664
v 0.469822 -0.192900 -0.426702
v 0.446001 -0.183030 -0.476367
v 0.512472 -0.177075 -0.445560
v 0.515326 0.121341 -0.599281
v 0.459315 0.160622 -0.573327
v 0.500321 0.175461 -0.593726
v 0.443029 0.214988 -0.571780
v 0.327214 0.293280 -0.529589
v 0.383623 0.253673 -0.554734
v 0.343227 0.239100 -0.533365
v 0.285419 0.277966 -0.511032
v 0.427821 0.269020 -0.565175
v 0.274793 0.330187 -0.492741
v 0.231956 0.314599 -0.475604
v 0.369108 0.307916 -0.546558
v 0.317420 0.344993 -0.509565
v 0.486601 0.229946 -0.584171
v 0.411179 0.322671 -0.561786
v 0.359596 0.359373 -0.526091
v 0.466211 0.283295 -0.589321
v 0.400365 0.374961 -0.544316
v 0.541291 0.190554 -0.614115
v 0.451855 0.337420 -0.580394
v 0.523335 0.244300 -0.613493
v 0.507761 0.298249 -0.606913
v 0.555916 0.136398 -0.621366
v 0.582155 0.205449 -0.634946
v 0.564727 0.259269 -0.632434
v 0.571671 0.082530 -0.626589
v 0.530238 0.067342 -0.605246
v 0.597494 0.151491 -0.641371
v 0.612897 0.097569 -0.647908
v 0.589570 0.029143 -0.627187
v 0.631956 0.044376 -0.646401
v 0.545490 0.013549 -0.611630
v 0.486369 0.052373 -0.589464
v 0.502504 -0.001551 -0.593516
v 0.442916 0.037555 -0.572072
v 0.565306 -0.039166 -0.606948
v 0.459980 -0.016737 -0.574648
v 0.405138 0.022667 -0.544341
v 0.523231 -0.053592 -0.586035
v 0.481849 -0.067583 -0.563683
v 0.419316 -0.031214 -0.551650
v 0.368157 0.008389 -0.515659
v 0.438608 -0.084390 -0.547909
v 0.461698 -0.133316 -0.531890
v 0.379428 -0.045819 -0.527624
v 0.325299 -0.006657 -0.494550
v 0.396729 -0.099704 -0.527649
v 0.342234 -0.060212 -0.498455
v 0.298100 -0.074887 -0.481826
v 0.355636 -0.114370 -0.505276
v 0.503697 -0.117591 -0.551163
v 0.488099 -0.167299 -0.495770
v 0.546183 -0.102264 -0.570571
v 0.530810 -0.152118 -0.514918
v 0.555377 -0.160815 -0.464200
v 0.573542 -0.135332 -0.533014
v 0.589155 -0.087325 -0.589734
v 0.608676 -0.023773 -0.624523
v 0.614556 -0.135966 -0.435932
v 0.596910 -0.141269 -0.481570
v 0.659627 -0.127225 -0.454961
v 0.616099 -0.117858 -0.550290
v 0.639479 -0.123456 -0.499406
v 0.702504 -0.110727 -0.473169
v 0.632351 -0.072161 -0.607665
v 0.683460 -0.110869 -0.518333
v 0.659342 -0.103686 -0.569083
v 0.652112 -0.008024 -0.641788
v 0.675912 -0.056454 -0.625205
v 0.702854 -0.088313 -0.587086
v 0.674476 0.059497 -0.666028
v 0.695362 0.007360 -0.659700
v 0.718983 -0.040498 -0.642362
v 0.655882 0.112844 -0.665809
v 0.717729 0.074807 -0.683216
v 0.738680 0.022703 -0.677432
v 0.639084 0.166452 -0.661550
v 0.698775 0.128053 -0.683545
v 0.761542 0.090251 -0.700293
v 0.622643 0.220241 -0.657003
v 0.682565 0.181759 -0.677382
v 0.743117 0.143609 -0.699381
v 0.805705 0.105838 -0.716240
v 0.782319 0.038039 -0.695099
v 0.762444 -0.025321 -0.660912
v 0.745858 -0.072662 -0.605119
v 0.726804 -0.096996 -0.536884
v 0.746079 -0.096986 -0.491695
v 0.770455 -0.083340 -0.555878
v 0.789289 -0.057520 -0.623965
v 0.805835 -0.010469 -0.679809
v 0.813942 -0.068009 -0.574729
v 0.722029 -0.113192 -0.428460
v 0.766864 -0.106238 -0.448397
v 0.790702 -0.087185 -0.511539
v 0.810167 -0.089190 -0.467154
v 0.834810 -0.073823 -0.530949
v 0.856746 -0.050869 -0.593271
v 0.877013 -0.054006 -0.548868
v 0.896781 -0.056342 -0.504183
v 0.918319 -0.031916 -0.566313
v 0.832722 -0.042472 -0.642798
v 0.900589 -0.035917 -0.612175
v 0.876447 -0.028711 -0.662317
v 0.849110 0.004104 -0.699131
v 0.825922 0.053462 -0.712429
v 0.944588 -0.022889 -0.630519
v 0.920064 -0.014627 -0.680874
v 0.892952 0.019194 -0.716549
v 0.869847 0.068747 -0.729299
v 0.849860 0.121113 -0.732699
v 0.914026 0.083600 -0.745619
v 0.895107 0.136533 -0.744568
v 0.936870 0.033675 -0.733989
v 0.963987 -0.000675 -0.698632
v 0.967437 0.101225 -0.750091
v 0.987493 0.052622 -0.739595
v 0.988800 -0.009735 -0.648883
v 1.007097 0.027616 -0.715368
v 1.022997 0.062637 -0.724362
v 1.017496 0.115528 -0.728124
v 0.997497 0.168034 -0.722181
v 0.948626 0.153990 -0.746386
v 0.978711 0.221312 -0.716958
v 0.930150 0.207236 -0.741310
v 0.960137 0.274608 -0.712875
v 0.876943 0.189823 -0.741942
v 0.911928 0.260397 -0.737468
v 0.941791 0.327466 -0.708761
v 0.894390 0.313708 -0.735524
v 0.923494 0.380955 -0.705154
v 0.858790 0.243081 -0.738569
v 0.830838 0.174267 -0.733169
v 0.876865 0.367327 -0.733150
v 0.907236 0.434424 -0.703465
v 0.840944 0.296541 -0.735957
v 0.786789 0.158978 -0.716571
v 0.812563 0.227693 -0.731918
v 0.795545 0.281287 -0.726360
v 0.725287 0.197122 -0.697232
v 0.768012 0.212236 -0.716476
v 0.750765 0.265934 -0.712737
v 0.706870 0.250668 -0.696647
v 0.664206 0.235195 -0.676686
v 0.607356 0.274171 -0.649874
v 0.649762 0.288964 -0.667237
v 0.690941 0.304328 -0.689986
v 0.736155 0.319472 -0.702665
v 0.550588 0.313120 -0.622438
v 0.595877 0.327479 -0.633836
v 0.636351 0.342436 -0.655552
v 0.677117 0.357946 -0.678331
v 0.492647 0.352107 -0.599331
v 0.534905 0.366845 -0.616274
v 0.578768 0.381191 -0.630196
v 0.619640 0.396230 -0.650907
v 0.441997 0.388945 -0.561372
v 0.483291 0.403759 -0.579358
v 0.524749 0.419181 -0.597537
v 0.567393 0.433775 -0.614898
v 0.527465 0.459369 -0.558617
v 0.402085 0.414758 -0.505061
v 0.443302 0.429787 -0.523244
v 0.485312 0.444169 -0.540818
v 0.361094 0.398708 -0.487064
v 0.456422 0.450495 -0.472393
v 0.318892 0.384144 -0.470214
v 0.414743 0.434631 -0.454417
v 0.372546 0.420769 -0.436791
v 0.498818 0.465300 -0.490304
v 0.473143 0.455303 -0.426584
v 0.429782 0.443488 -0.408361
v 0.541706 0.479245 -0.508053
v 0.515333 0.471914 -0.444507
v 0.558573 0.485356 -0.462409
v 0.583836 0.495275 -0.526302
v 0.600703 0.501348 -0.480763
v 0.569363 0.474869 -0.576950
v 0.608790 0.448052 -0.633582
v 0.643522 0.516075 -0.499071
v 0.625888 0.508692 -0.545103
v 0.610988 0.488224 -0.595467
v 0.660725 0.411851 -0.672775
v 0.721398 0.373242 -0.693937
v 0.704029 0.427172 -0.691253
v 0.778647 0.334824 -0.721781
v 0.761784 0.388604 -0.717426
v 0.823461 0.350064 -0.733766
v 0.859724 0.420660 -0.729898
v 0.891438 0.488108 -0.703453
v 0.806301 0.403769 -0.730778
v 0.842690 0.474201 -0.727976
v 0.746469 0.442385 -0.708484
v 0.788928 0.457454 -0.726117
v 0.779027 0.509207 -0.707057
v -0.390863 -0.482572 -0.063983
v -0.333681 -0.464600 -0.031482
v -0.376159 -0.482961 -0.017506
v -0.438126 -0.273567 -0.189913
v -0.385288 -0.317233 -0.210452
v -0.425587 -0.328293 -0.196073
v -0.477446 -0.284278 -0.174969
v -0.317890 -0.466935 0.014698
v -0.455213 -0.220350 -0.197413
v -0.492039 -0.230051 -0.177406
v -0.398591 -0.262483 -0.203980
v -0.417209 -0.209997 -0.213871
v -0.343907 -0.305332 -0.220120
v -0.368511 -0.370805 -0.204657
v -0.470445 -0.166559 -0.199516
v -0.326708 -0.358768 -0.215726
v -0.348269 -0.420353 -0.186745
v -0.359500 -0.251381 -0.218921
v -0.302980 -0.293537 -0.231496
v -0.376413 -0.198084 -0.221607
v -0.306169 -0.408676 -0.199601
v -0.324669 -0.450496 -0.144531
v -0.285185 -0.346237 -0.226629
v -0.282224 -0.441260 -0.159794
v -0.305588 -0.451627 -0.091837
v -0.264023 -0.396044 -0.210499
v -0.242038 -0.330324 -0.244893
v -0.260964 -0.444738 -0.107174
v -0.239672 -0.431374 -0.174207
v -0.288608 -0.455226 -0.046452
v -0.243327 -0.460413 -0.064388
v -0.271549 -0.468977 -0.002670
v -0.216862 -0.447924 -0.125960
v -0.220423 -0.379425 -0.227868
v -0.196691 -0.416950 -0.194105
v -0.198402 -0.314125 -0.262237
v -0.177145 -0.363193 -0.245485
v -0.153500 -0.402353 -0.213830
v -0.172800 -0.435122 -0.145917
v -0.155784 -0.434227 -0.100140
v -0.197840 -0.452197 -0.080391
v -0.184323 -0.439794 -0.034010
v -0.140917 -0.425748 -0.053997
v -0.225405 -0.463370 -0.018600
v -0.210575 -0.454452 0.027417
v -0.122988 -0.427481 -0.008805
v -0.165206 -0.443844 0.011306
v -0.193074 -0.457075 0.073284
v -0.254384 -0.472921 0.043051
v -0.301035 -0.475449 0.059678
v -0.239533 -0.465124 0.089589
v -0.147963 -0.442703 0.056872
v -0.285544 -0.476437 0.105913
v -0.104688 -0.430348 0.036430
v -0.330331 -0.493175 0.120708
v -0.224420 -0.462385 0.135820
v -0.270380 -0.476983 0.152046
v -0.177147 -0.454210 0.119352
v -0.132137 -0.436629 0.102875
v -0.087520 -0.428133 0.082450
v -0.071619 -0.421395 0.128531
v -0.045204 -0.411665 0.062390
v -0.028759 -0.406051 0.108494
v -0.063104 -0.412106 0.016473
v -0.010512 -0.406263 0.154434
v -0.077915 -0.421896 -0.029420
v -0.002425 -0.395544 0.042562
v -0.094654 -0.424499 -0.074700
v -0.018711 -0.401328 -0.003541
v -0.035406 -0.404043 -0.049088
v -0.112500 -0.419549 -0.119842
v -0.052408 -0.404115 -0.094428
v -0.129455 -0.420644 -0.165671
v -0.068776 -0.406216 -0.139900
v -0.007767 -0.392296 -0.114140
v 0.007000 -0.385004 -0.068341
v 0.023666 -0.381980 -0.022808
v 0.051691 -0.371271 -0.087681
v 0.040118 -0.377236 0.023104
v 0.067530 -0.365746 -0.041998
v 0.084684 -0.363231 0.003843
v 0.057301 -0.373415 0.069143
v 0.099449 -0.353592 0.049941
v 0.013821 -0.389046 0.088700
v 0.032696 -0.390613 0.134391
v 0.075329 -0.372831 0.114870
v 0.118296 -0.355777 0.095508
v 0.161069 -0.338646 0.076377
v 0.048246 -0.383343 0.180398
v 0.091281 -0.367413 0.160738
v 0.133343 -0.347884 0.141374
v 0.177356 -0.333563 0.122249
v 0.104243 -0.354348 0.206041
v 0.060640 -0.369065 0.225328
v 0.118543 -0.336957 0.257441
v 0.162412 -0.322026 0.238278
v 0.075318 -0.352362 0.276924
v 0.148127 -0.339578 0.186873
v 0.205983 -0.306588 0.219026
v 0.192333 -0.325534 0.167895
v 0.249112 -0.290778 0.200497
v 0.236418 -0.311577 0.149987
v 0.293062 -0.276175 0.183404
v 0.221631 -0.320210 0.104096
v 0.279984 -0.296699 0.132511
v 0.335964 -0.259892 0.165964
v 0.322445 -0.279197 0.114724
v 0.379382 -0.243102 0.147678
v 0.263419 -0.300737 0.086580
v 0.203649 -0.320248 0.058401
v 0.365080 -0.260549 0.096323
v 0.143127 -0.338515 0.030884
v 0.423843 -0.227062 0.129265
v 0.127523 -0.345069 -0.014988
v 0.187302 -0.324465 0.012501
v 0.111621 -0.350705 -0.060847
v 0.246674 -0.303673 0.040505
v 0.171472 -0.330186 -0.033366
v 0.230584 -0.308147 -0.005664
v 0.290090 -0.287865 0.022410
v 0.306045 -0.283195 0.068622
v 0.349723 -0.267031 0.050152
v 0.409011 -0.243512 0.077589
v 0.468160 -0.210730 0.110441
v 0.392895 -0.248542 0.031598
v 0.452283 -0.224936 0.058533
v 0.511764 -0.193709 0.091928
v 0.496486 -0.209110 0.040059
v 0.436631 -0.231294 0.012846
v 0.555729 -0.177551 0.073717
v 0.538940 -0.190515 0.021054
v 0.598041 -0.160333 0.054700
v 0.480816 -0.215525 -0.006031
v 0.420245 -0.237388 -0.033295
v 0.580843 -0.172301 0.002476
v 0.640832 -0.144163 0.036487
v 0.519366 -0.187597 -0.024194
v 0.461540 -0.214996 -0.051514
v 0.622792 -0.153015 -0.015935
v 0.684649 -0.129326 0.018385
v 0.563390 -0.174927 -0.043320
v 0.502858 -0.194065 -0.070285
v 0.667736 -0.142120 -0.033654
v 0.728160 -0.115242 -0.000802
v 0.607942 -0.164287 -0.061440
v 0.544973 -0.176592 -0.089103
v 0.591293 -0.172654 -0.107256
v 0.651015 -0.147526 -0.079734
v 0.712759 -0.131696 -0.052371
v 0.771227 -0.100993 -0.020781
v 0.757613 -0.121800 -0.071440
v 0.815046 -0.089325 -0.039766
v 0.695758 -0.134931 -0.098383
v 0.633023 -0.151749 -0.125702
v 0.801370 -0.108243 -0.090811
v 0.858707 -0.076309 -0.059026
v 0.742613 -0.132379 -0.117274
v 0.677834 -0.138112 -0.144113
v 0.846226 -0.097395 -0.109748
v 0.903127 -0.062899 -0.078290
v 0.786904 -0.119332 -0.136479
v 0.724918 -0.136067 -0.163314
v 0.890949 -0.084644 -0.128978
v 0.946391 -0.045448 -0.098389
v 0.829972 -0.103361 -0.155947
v 0.770648 -0.128515 -0.182353
v 0.935208 -0.068916 -0.148300
v 0.991435 -0.029919 -0.117074
v 0.874479 -0.089882 -0.175024
v 0.814576 -0.113554 -0.201676
v 0.056278 0.277302 -0.096869
v -0.004495 0.262979 -0.123605
v 0.014082 0.259292 -0.077822
v -0.048701 0.256705 -0.102767
v 0.113844 0.301170 -0.068906
v 0.071854 0.282376 -0.050427
v 0.172230 0.322907 -0.040748
v 0.130284 0.303521 -0.022728
v 0.188897 0.324886 0.005147
v 0.230476 0.345492 -0.012364
v 0.087720 0.286167 -0.004218
v 0.030943 0.261421 -0.031732
v -0.030042 0.248387 -0.057911
v 0.146406 0.306729 0.023238
v 0.246356 0.350275 0.033587
v 0.204350 0.330970 0.051107
v 0.288628 0.369394 0.016286
v 0.271921 0.366117 -0.029464
v 0.264736 0.348729 0.078676
v 0.331135 0.388086 -0.000834
v 0.314943 0.383711 -0.046762
v 0.307831 0.365159 0.060870
v 0.373902 0.406694 -0.018002
v 0.358320 0.400239 -0.063982
v 0.417101 0.423538 -0.035325
v 0.350978 0.381958 0.043296
v 0.393926 0.400276 0.026262
v 0.437037 0.417254 0.008936
v 0.460765 0.438873 -0.053097
v 0.374948 0.368082 0.091727
v 0.480289 0.433857 -0.008462
v 0.504342 0.453705 -0.070888
v 0.418398 0.384020 0.073722
v 0.461693 0.399595 0.055919
v 0.523754 0.448934 -0.026081
v 0.548408 0.467251 -0.088897
v 0.505154 0.415099 0.038189
v 0.567756 0.462806 -0.044051
v 0.592530 0.479781 -0.106968
v 0.548472 0.430531 0.020752
v 0.487712 0.360566 0.087061
v 0.531093 0.375800 0.068809
v 0.444559 0.345574 0.105706
v 0.509053 0.309310 0.095700
v 0.401315 0.330701 0.124978
v 0.465643 0.294202 0.114277
v 0.422653 0.279560 0.134542
v 0.358008 0.315556 0.143779
v 0.380278 0.265380 0.156558
v 0.331753 0.351690 0.109601
v 0.288473 0.337207 0.128055
v 0.315035 0.301334 0.163085
v 0.336389 0.250128 0.172986
v 0.354320 0.196991 0.172051
v 0.272011 0.285839 0.182049
v 0.245080 0.322424 0.146897
v 0.291687 0.233884 0.187874
v 0.314505 0.183392 0.199702
v 0.252089 0.220689 0.215696
v 0.400027 0.212798 0.159924
v 0.443404 0.227654 0.140838
v 0.376928 0.145778 0.184325
v 0.421393 0.161457 0.168863
v 0.486518 0.242518 0.120887
v 0.463536 0.175457 0.145659
v 0.529829 0.257548 0.101742
v 0.507636 0.190868 0.127900
v 0.485141 0.123880 0.152720
v 0.552482 0.324593 0.077934
v 0.572919 0.272621 0.083263
v 0.574545 0.391305 0.051515
v 0.595871 0.340118 0.060471
v 0.592328 0.445873 0.003225
v 0.617965 0.407113 0.034521
v 0.610961 0.478557 -0.061698
v 0.635714 0.461943 -0.013756
v 0.654701 0.493105 -0.079839
v 0.635880 0.494983 -0.125047
v 0.698253 0.507929 -0.098039
v 0.678985 0.478209 -0.031345
v -0.703992 -0.561969 -0.000277
v -0.676734 -0.539048 -0.054515
v -0.663255 -0.557888 -0.002714
v -0.696212 -0.563119 0.048327
v -0.656441 -0.493296 -0.098124
v -0.691594 -0.500064 -0.091260
v -0.640640 -0.530144 -0.059263
v -0.669424 -0.440447 -0.114217
v -0.703740 -0.447196 -0.107230
v -0.741705 -0.450900 -0.102045
v -0.712899 -0.391426 -0.107694
v -0.749698 -0.395331 -0.101761
v -0.721155 -0.335809 -0.108196
v -0.678607 -0.384942 -0.112245
v -0.688176 -0.329707 -0.115640
v -0.634749 -0.433888 -0.120477
v -0.644522 -0.378529 -0.118243
v -0.655080 -0.323575 -0.121377
v -0.621246 -0.486615 -0.105121
v -0.600798 -0.427631 -0.128303
v -0.622468 -0.317453 -0.130876
v -0.634709 -0.262929 -0.135603
v -0.603190 -0.256825 -0.145254
v -0.611064 -0.372380 -0.127766
v -0.591251 -0.311956 -0.144367
v -0.571154 -0.250737 -0.151979
v -0.578881 -0.366675 -0.141047
v -0.558429 -0.305736 -0.152308
v -0.517341 -0.294870 -0.161125
v -0.566326 -0.421313 -0.137252
v -0.546071 -0.360681 -0.152368
v -0.506145 -0.350066 -0.167858
v -0.531908 -0.414857 -0.146762
v -0.586167 -0.479807 -0.112625
v -0.550782 -0.472784 -0.120506
v -0.604418 -0.523511 -0.066242
v -0.568229 -0.516494 -0.073673
v -0.626486 -0.545453 -0.007863
v -0.589340 -0.537944 -0.014600
v -0.654487 -0.562703 0.045787
v -0.615447 -0.556683 0.039087
v -0.577740 -0.544545 0.032335
v -0.552499 -0.529429 -0.021644
v -0.531657 -0.508245 -0.081446
v -0.514984 -0.465420 -0.128727
v -0.495126 -0.500455 -0.089281
v -0.491388 -0.404272 -0.162783
v -0.473180 -0.454151 -0.143594
v -0.465808 -0.339019 -0.181654
v -0.452430 -0.486964 -0.102601
v -0.450587 -0.393321 -0.177647
v -0.431427 -0.442588 -0.157486
v -0.409420 -0.382035 -0.191257
v -0.409993 -0.474247 -0.116200
v -0.389585 -0.431070 -0.171352
v -0.434349 -0.495643 -0.050007
v -0.367484 -0.462597 -0.130551
v -0.347416 -0.470492 -0.078163
v -0.171245 0.205877 0.113668
v -0.128567 0.218120 0.093988
v -0.237670 0.172740 0.197748
v -0.212125 0.188020 0.132762
v -0.251114 0.165970 0.151498
v -0.278182 0.151879 0.216361
v -0.291315 0.143972 0.169478
v -0.264933 0.158480 0.104836
v -0.309167 0.149328 0.123852
v -0.332246 0.134642 0.182820
v -0.300688 0.131607 0.274684
v -0.315492 0.130281 0.228727
v -0.349432 0.151080 0.139692
v -0.356777 0.118225 0.241627
v -0.326795 0.162871 0.079866
v -0.366403 0.155390 0.093232
v -0.341261 0.116022 0.287974
v -0.383147 0.104714 0.301622
v -0.328460 0.123223 0.334263
v -0.370233 0.108970 0.348153
v -0.425852 0.098026 0.316142
v -0.411477 0.096648 0.362020
v -0.469040 0.100083 0.332987
v -0.454785 0.083565 0.376492
v -0.512143 0.089561 0.347028
v -0.498788 0.083192 0.393212
v -0.535172 0.074174 0.401192
v -0.482699 0.069857 0.444453
v -0.520105 0.063689 0.453821
v -0.502752 0.029769 0.494571
v -0.557859 0.056810 0.462730
v -0.571313 0.066220 0.409431
v -0.541681 0.022725 0.503931
v -0.581204 0.015403 0.512966
v -0.526844 -0.027398 0.524265
v -0.567289 -0.034850 0.534402
v -0.607107 -0.042439 0.543957
v -0.596279 -0.097674 0.546719
v -0.554513 -0.089364 0.543171
v -0.534077 -0.199780 0.534354
v -0.523893 -0.255062 0.529416
v -0.568405 -0.263738 0.533650
v 0.419667 -0.149418 -0.513025
v 0.377515 -0.165583 -0.493721
v 0.335407 -0.180094 -0.472942
v 0.293136 -0.194568 -0.452799
v 0.316400 -0.127895 -0.478842
v 0.250538 -0.209610 -0.434708
v 0.273867 -0.142088 -0.459058
v 0.207586 -0.225121 -0.417540
v 0.230208 -0.158290 -0.444845
v 0.252731 -0.091725 -0.473589
v 0.187212 -0.173635 -0.427404
v 0.164592 -0.239927 -0.399065
v 0.143638 -0.189074 -0.411228
v 0.209150 -0.107129 -0.457213
v 0.168718 -0.120653 -0.431858
v 0.122630 -0.137999 -0.424549
v 0.065166 -0.097847 -0.404442
v 0.104226 -0.084494 -0.430833
v 0.151101 -0.067346 -0.435441
v 0.044917 -0.045284 -0.415151
v 0.087306 -0.030193 -0.433627
v 0.192748 -0.052768 -0.456336
v 0.133480 -0.013510 -0.437855
v 0.029609 0.009644 -0.413052
v 0.069694 0.024159 -0.436205
v 0.116949 0.040104 -0.439548
v 0.174800 0.000453 -0.460490
v 0.233321 -0.039104 -0.480377
v 0.278089 -0.023176 -0.493923
v 0.216415 0.014898 -0.480347
v 0.156491 0.053908 -0.464934
v 0.097291 0.093161 -0.447486
v 0.260664 0.030679 -0.495769
v 0.199797 0.069237 -0.480996
v 0.140999 0.108344 -0.461317
v 0.245995 0.085018 -0.489644
v 0.055539 0.078366 -0.429250
v 0.186814 0.123392 -0.469157
v 0.013118 0.063551 -0.411757
v 0.039021 0.132376 -0.424902
v -0.002908 0.117481 -0.405869
v 0.082941 0.147291 -0.437402
v 0.127617 0.161821 -0.448475
v 0.172649 0.176974 -0.459622
v 0.027932 0.184626 -0.405378
v 0.070398 0.199808 -0.422111
v 0.113268 0.215188 -0.438984
v 0.233467 0.138425 -0.474759
v -0.015331 0.170293 -0.390096
v 0.017077 0.235798 -0.386220
v -0.025614 0.220788 -0.368558
v 0.059143 0.251279 -0.403948
v -0.026138 0.261000 -0.330019
v 0.016219 0.276947 -0.348411
v 0.101508 0.267108 -0.422691
v 0.059030 0.291988 -0.365895
v -0.068332 0.245275 -0.310784
v 0.069707 0.315020 -0.316677
v 0.026439 0.299713 -0.298728
v -0.015303 0.282386 -0.279645
v 0.083583 0.325276 -0.270390
v 0.041899 0.305863 -0.252579
v 0.000714 0.286283 -0.234011
v 0.062433 0.297717 -0.208016
v -0.056382 0.264307 -0.259914
v -0.041091 0.269743 -0.214369
v -0.068449 0.205914 -0.350554
v -0.056889 0.154942 -0.369687
v -0.111198 0.189916 -0.332211
v -0.110938 0.229638 -0.292282
v -0.097576 0.245903 -0.240790
v -0.042357 0.102273 -0.381211
v -0.099319 0.138893 -0.350481
v -0.154500 0.174229 -0.314119
v -0.153860 0.213713 -0.274267
v -0.027554 0.048701 -0.388741
v -0.087037 0.086348 -0.366331
v -0.142890 0.123177 -0.332601
v -0.197852 0.158499 -0.295683
v -0.013092 -0.005864 -0.395178
v -0.071894 0.032451 -0.373866
v -0.129416 0.070294 -0.345569
v 0.006454 -0.058902 -0.386251
v -0.056153 -0.021713 -0.376680
v -0.040757 -0.076462 -0.378147
v -0.113983 0.016694 -0.351957
v -0.099501 -0.037897 -0.357871
v -0.079614 -0.090965 -0.349938
v -0.120480 -0.106236 -0.324573
v -0.139101 -0.053161 -0.329907
v -0.156750 0.000469 -0.331140
v -0.171582 0.054271 -0.323537
v -0.165510 -0.123068 -0.309286
v -0.183608 -0.070100 -0.313775
v -0.200843 -0.016073 -0.313634
v -0.213725 0.037593 -0.301784
v -0.209106 -0.139490 -0.291544
v -0.228679 -0.086894 -0.299294
v -0.244425 -0.032689 -0.295294
v -0.257522 0.020929 -0.284498
v -1.102877 -0.310603 -0.068228
v -1.142525 -0.366910 -0.065326
v -1.143449 -0.310977 -0.063113
v -1.103882 -0.254213 -0.064792
v -1.183091 -0.422809 -0.058758
v -1.140731 -0.422351 -0.059672
v -1.101066 -0.366476 -0.066111
v -1.061356 -0.309526 -0.068466
v -1.181947 -0.477776 -0.047822
v -1.139654 -0.477569 -0.052119
v -1.098886 -0.421844 -0.061887
v -1.096813 -0.477444 -0.057092
v -1.059353 -0.365520 -0.067479
v -1.056643 -0.421067 -0.064570
v -1.054507 -0.476906 -0.060176
v -1.051415 -0.531336 -0.046404
v -1.014533 -0.420074 -0.067067
v -1.046823 -0.573855 -0.009937
v -1.011753 -0.476172 -0.063878
v -1.008320 -0.530680 -0.050441
v -1.042086 -0.594260 0.042362
v -1.002837 -0.573240 -0.013851
v -1.038090 -0.600992 0.090781
v -0.996824 -0.592677 0.038980
v -0.992728 -0.595343 0.087679
v -0.958446 -0.572409 -0.017710
v -0.964811 -0.530128 -0.054526
v -0.968820 -0.475001 -0.066930
v -0.952083 -0.589463 0.035957
v -0.972259 -0.418881 -0.069332
v -0.925785 -0.526121 -0.060956
v -0.930770 -0.470871 -0.071897
v -0.975627 -0.362985 -0.068818
v -0.934842 -0.414799 -0.071352
v -1.017548 -0.364394 -0.065517
v -0.886915 -0.522291 -0.067157
v -1.020326 -0.308606 -0.062412
v -0.978240 -0.307073 -0.064238
v -0.938357 -0.358762 -0.070517
v -0.892613 -0.466640 -0.075430
v -0.897074 -0.410622 -0.073213
v -0.854350 -0.462381 -0.079967
v -0.901811 -0.354574 -0.074085
v -0.942562 -0.302818 -0.072462
v -0.986507 0.034749 0.034763
v -1.021257 0.032359 0.086278
v -0.981769 0.037168 0.083554
v -1.025180 0.030965 0.037745
v -0.990184 0.014916 -0.018090
v -0.948288 0.042856 0.078471
v -0.942209 0.040636 0.126528
v -0.953472 0.038533 0.030087
v -0.909291 0.050877 0.121847
v -0.901206 0.041553 0.168858
v -0.914938 0.048711 0.073180
v -0.875351 0.059837 0.116692
v -0.894779 0.034359 0.217438
v -0.868883 0.056819 0.165448
v -0.859580 0.042247 0.211658
v -0.854032 0.037237 0.260646
v -0.890593 0.044324 0.266436
v -0.833749 0.063123 0.160659
v -0.840700 0.053413 0.112610
v -0.826998 0.058475 0.209566
v -0.806152 0.050885 0.108463
v -0.848300 0.041125 0.310146
v -0.885620 0.042744 0.316008
v -0.798849 0.055154 0.156624
v -0.817863 0.039282 0.255080
v -0.843713 0.026856 0.357301
v -0.791567 0.063117 0.205009
v -0.880280 0.035414 0.364299
v -0.812273 0.032260 0.303672
v -0.784986 0.057649 0.253688
v -0.806208 0.028155 0.351871
v -0.776448 0.043966 0.299962
v -0.747971 0.056491 0.247817
v -0.800079 0.021712 0.400106
v -0.769295 0.033524 0.347048
v -0.740939 0.052740 0.295952
v -0.838066 0.019969 0.405552
v -0.875863 0.021799 0.411523
v -0.832874 0.024109 0.454373
v -0.870418 0.026487 0.460857
v -0.795210 0.027837 0.448807
v -0.825103 0.019391 0.510641
v -0.863123 0.016924 0.516764
v -0.854704 -0.019755 0.560011
v -0.887894 -0.078050 0.584000
v -0.882001 -0.133477 0.594933
v -0.842439 -0.129315 0.578807
v -0.838317 -0.184927 0.580826
v -0.795567 -0.179950 0.579265
v -0.790102 -0.235496 0.579118
v -0.747857 -0.230787 0.569406
v 0.322964 0.386849 -0.311009
v 0.262796 0.372268 -0.339705
v 0.277779 0.378088 -0.293641
v 0.219051 0.357828 -0.321666
v 0.336972 0.398220 -0.265162
v 0.382802 0.404290 -0.282224
v 0.397578 0.414113 -0.236479
v 0.232319 0.369981 -0.276426
v 0.173922 0.347212 -0.304536
v 0.186516 0.362092 -0.259079
v 0.292924 0.385296 -0.247892
v 0.353212 0.402560 -0.219162
v 0.412788 0.421548 -0.190519
v 0.247139 0.378854 -0.230463
v 0.308989 0.390457 -0.202013
v 0.369234 0.407756 -0.173165
v 0.203500 0.363033 -0.212729
v 0.163277 0.339093 -0.196618
v 0.264512 0.378476 -0.184601
v 0.324732 0.395690 -0.155889
v 0.428989 0.426212 -0.144561
v 0.472293 0.441692 -0.162177
v 0.383556 0.417592 -0.127059
v 0.489342 0.444641 -0.116480
v 0.532827 0.459735 -0.134345
v 0.444560 0.433617 -0.098764
v 0.400780 0.419121 -0.081171
v 0.341356 0.398297 -0.109932
v 0.281750 0.378793 -0.138806
v 0.298493 0.380780 -0.092830
v 0.222156 0.359686 -0.167591
v 0.239144 0.360623 -0.121598
v 0.181005 0.338504 -0.150650
v 0.122294 0.316365 -0.179742
v 0.140520 0.315226 -0.133502
v 0.081346 0.294070 -0.162250
v 0.196520 0.342986 -0.104244
v 0.255531 0.363271 -0.075522
v 0.097946 0.296821 -0.115444
v 0.039266 0.275108 -0.143592
v 0.155129 0.322030 -0.086773
v 0.214369 0.342008 -0.058478
v -1.631492 -0.478131 -0.055376
v -1.632106 -0.530956 -0.035459
v -1.631897 -0.567198 0.007403
v -1.573140 -0.480118 -0.053443
v -1.572511 -0.424137 -0.058899
v -1.573451 -0.532482 -0.034706
v -1.631195 -0.581855 0.061537
v -1.573250 -0.569422 0.006847
v -1.572459 -0.583296 0.060854
v -1.571493 -0.598715 0.107652
v -1.515037 -0.572600 0.005659
v -1.513717 -0.582538 0.060972
v -1.570030 -0.599457 0.156833
v -1.512728 -0.599895 0.106813
v -1.456140 -0.574736 0.004276
v -1.569109 -0.604549 0.205375
v -1.511381 -0.607828 0.155110
v -1.509552 -0.603828 0.203891
v -1.452707 -0.610023 0.154294
v -1.398462 -0.533902 -0.032876
v -1.456745 -0.534824 -0.034651
v -1.398766 -0.480003 -0.045431
v -1.514990 -0.534733 -0.036341
v -1.456936 -0.481293 -0.047954
v -1.514937 -0.481450 -0.050786
v -1.514818 -0.425629 -0.054410
v -1.456868 -0.425571 -0.051634
v -1.514475 -0.368397 -0.054783
v -1.572203 -0.367124 -0.059702
v -1.513756 -0.310553 -0.059728
v -1.571635 -0.309659 -0.059997
v -1.456524 -0.368440 -0.053512
v -1.398823 -0.424369 -0.052312
v -1.513446 -0.253167 -0.059383
v -1.571256 -0.252606 -0.061778
v -1.456044 -0.310687 -0.055472
v -1.398561 -0.367415 -0.051211
v -1.340640 -0.478841 -0.045141
v -1.340757 -0.423163 -0.052987
v -1.282411 -0.478673 -0.046553
v -1.282738 -0.423038 -0.055079
v -1.224640 -0.423263 -0.056033
v -1.224813 -0.367190 -0.058647
v -1.282898 -0.366902 -0.059833
v -1.340598 -0.366657 -0.054366
v -1.224994 -0.311155 -0.063959
v -1.398205 -0.310163 -0.052695
v -1.282738 -0.310641 -0.060972
v -1.340291 -0.310234 -0.055995
v -1.455704 -0.253419 -0.056523
v -1.397929 -0.253760 -0.060446
v -1.282524 -0.254383 -0.062910
v -1.224890 -0.254662 -0.057114
v -1.340128 -0.254128 -0.059499
v -1.282267 -0.198038 -0.062954
v -1.339867 -0.197680 -0.058839
v 0.741333 0.524306 -0.116002
v 0.679721 0.509174 -0.143299
v 0.619847 0.488718 -0.170784
v 0.602465 0.485896 -0.216286
v 0.585373 0.481966 -0.262031
v 0.525932 0.461392 -0.289459
v 0.542641 0.465945 -0.243633
v 0.559351 0.470599 -0.198063
v 0.483667 0.444221 -0.271380
v 0.577783 0.469477 -0.152635
v 0.499900 0.449439 -0.225656
v 0.516773 0.453471 -0.179985
v 0.466222 0.442175 -0.317212
v 0.441143 0.427559 -0.253873
v 0.458673 0.428365 -0.207742
v 0.423132 0.427643 -0.299542
v 0.406189 0.424809 -0.345177
v 0.365752 0.403501 -0.328532
v 0.448526 0.440918 -0.363062
v 0.387253 0.429134 -0.390248
v 0.489313 0.461630 -0.380370
v 0.330545 0.405206 -0.419696
v 0.346001 0.410679 -0.373077
v 0.275876 0.369901 -0.453934
v 0.288107 0.389375 -0.402537
v 0.232588 0.354777 -0.437006
v 0.189119 0.339277 -0.419623
v 0.245318 0.373051 -0.385306
v 0.202876 0.355114 -0.367858
v 0.304700 0.391110 -0.356894
v 0.136993 0.295288 0.133029
v 0.120162 0.292823 0.087403
v 0.077606 0.276188 0.106247
v 0.060409 0.274027 0.060534
v 0.095612 0.275440 0.151547
v 0.036590 0.255136 0.125049
v 0.021268 0.248781 0.079172
v 0.004291 0.246377 0.033446
v -0.021901 0.231664 0.098575
v -0.040168 0.234289 0.053412
v -0.057824 0.239151 0.008189
v -0.085160 0.229340 0.074211
v -0.102128 0.230228 0.028371
v -0.118459 0.230594 -0.017638
v -0.145514 0.218724 0.048097
v -0.160801 0.214717 0.001684
v -0.174040 0.206241 -0.044884
v -0.212477 0.183216 -0.025947
v -0.199684 0.193142 0.020515
v -0.254957 0.166594 -0.006948
v -0.186619 0.200988 0.067139
v -0.238138 0.169220 0.039524
v -1.438330 -0.146404 0.624182
v -1.499870 -0.259591 0.623382
v -1.501975 -0.315227 0.615395
v -1.502461 -0.371228 0.611522
v -1.497887 -0.203716 0.631218
v -1.497349 -0.146925 0.630858
v -1.502138 -0.426520 0.600931
v -1.560360 -0.373149 0.627748
v -1.561794 -0.428590 0.613975
v -1.562197 -0.482875 0.600490
v -1.620187 -0.433285 0.620171
v -1.617764 -0.375425 0.632785
v -1.681144 -0.368186 0.619700
v -1.619108 -0.317054 0.639110
v -1.681538 -0.313044 0.626028
v -1.681221 -0.261844 0.640875
v -1.618462 -0.261028 0.644490
v -1.560264 -0.317287 0.634175
v -1.559345 -0.260735 0.634345
v -1.616544 -0.204146 0.641882
v -1.557363 -0.204268 0.637214
v -1.615847 -0.147827 0.633723
v -1.556695 -0.147793 0.630503
v -1.615794 -0.093712 0.616584
v -1.615420 -0.039111 0.589675
v -1.556529 -0.093931 0.613458
v -1.678266 -0.003741 0.542581
v -1.497541 -0.092145 0.614944
v -1.556773 -0.038254 0.590145
v -1.615061 -0.006125 0.544660
v -1.556800 -0.003468 0.545579
v -1.615340 0.005596 0.489995
v -1.677512 0.015665 0.481794
v -1.556003 0.005252 0.490276
v -1.497798 -0.003061 0.545405
v -1.613744 0.012557 0.443463
v -1.674190 0.029847 0.434299
v -1.613323 0.020114 0.396360
v -1.554387 0.008245 0.442391
v -1.497227 0.004071 0.489408
v -1.552940 0.016355 0.394341
v -1.554588 0.015832 0.345203
v -1.496288 0.000369 0.440805
v -1.496000 -0.000179 0.392443
v -1.439249 -0.002720 0.544748
v -1.438949 0.002862 0.488961
v -1.437616 0.002182 0.440164
v -1.381037 -0.000699 0.544436
v -1.497690 -0.037141 0.590280
v -1.439018 -0.034654 0.591213
v -1.438589 -0.089969 0.616466
v -1.379307 -0.145765 0.618269
v -1.379873 -0.088987 0.615016
v -1.320582 -0.144841 0.616479
v -1.320366 -0.088500 0.613562
v -1.380424 -0.032613 0.591088
v -1.321375 -0.035922 0.591123
v -1.262499 -0.034207 0.590496
v -1.322227 -0.003377 0.544328
v -1.264199 -0.000829 0.544475
v -1.206034 0.001007 0.544337
v -1.161851 0.002882 0.541313
v -1.207595 0.007587 0.488021
v -1.265381 0.005361 0.488194
v -1.164044 0.010651 0.485435
v -1.208509 0.003898 0.439192
v -1.322784 0.003182 0.488231
v -1.266355 0.008152 0.439597
v -1.381036 0.005910 0.488559
v -1.323790 0.017627 0.441134
v -1.381704 0.012318 0.440985
v -1.324715 0.022521 0.392063
v -1.382500 0.018565 0.392410
v -1.437541 -0.000143 0.391569
v -1.325961 0.025380 0.343488
v -1.383719 0.021654 0.343726
v -1.438822 0.004312 0.342915
v -1.497003 0.004350 0.343681
v -1.498769 0.010675 0.295187
v -1.556094 0.009182 0.295827
v -1.501466 0.016198 0.246570
v -1.441092 0.010517 0.294403
v -1.443704 0.016480 0.245663
v -1.445644 0.015389 0.196625
v -1.385008 0.024192 0.294683
v -1.386341 0.023254 0.245425
v -1.388270 0.025958 0.196457
v -1.389636 0.020549 0.147471
v -1.447594 0.023162 0.148151
v -1.391644 0.023193 0.098583
v -1.327337 0.027158 0.294297
v -1.328838 0.027069 0.245108
v -1.333997 0.022499 0.098060
v -1.330330 0.026107 0.195981
v -1.332197 0.021202 0.147096
v -1.335632 0.023012 0.049179
v -1.273306 0.014788 0.195817
v -1.274478 0.018751 0.146667
v -1.276145 0.024499 0.098100
v -1.277965 0.024096 0.048972
v -1.279852 0.009654 -0.005916
v -1.337484 0.009220 -0.005667
v -1.280971 -0.030818 -0.045437
v -1.222369 0.009606 -0.006194
v -1.223022 -0.031429 -0.045262
v -1.223509 -0.085926 -0.059637
v -1.281522 -0.085445 -0.059415
v -1.220701 0.024416 0.048740
v -1.218534 0.022081 0.097513
v -1.223949 -0.142134 -0.066125
v -1.281899 -0.141779 -0.059743
v -1.216764 0.014880 0.146062
v -1.178878 0.022335 0.095236
v -1.224351 -0.198464 -0.064256
v -1.176813 0.019797 0.143919
v -1.184417 -0.254736 -0.058314
v -1.184307 -0.198081 -0.060543
v -1.184300 -0.141668 -0.062023
v -1.144157 -0.254643 -0.062024
v -1.183846 -0.311080 -0.060598
v -1.144371 -0.197777 -0.061203
v -1.183584 -0.367100 -0.062241
v -0.653351 0.054742 0.378395
v -0.608497 0.060554 0.417791
v -0.704184 0.058466 0.291572
v -0.660971 0.055768 0.330967
v -0.617281 0.062890 0.370214
v -0.712301 0.064318 0.243674
v -0.669139 0.054428 0.282868
v -0.625551 0.060742 0.322656
v -0.580503 0.061986 0.362400
v -0.633946 0.055426 0.275033
v -0.677930 0.059653 0.235188
v -0.720060 0.061701 0.195031
v -0.589647 0.060790 0.314889
v -0.544539 0.071601 0.354282
v -0.755960 0.056531 0.199778
v -0.763631 0.056109 0.151428
v -0.728668 0.063511 0.146831
v -0.687200 0.066321 0.187615
v -0.771642 0.056904 0.102969
v -0.738355 0.068374 0.098737
v -0.697252 0.072601 0.139859
v -0.643683 0.060968 0.227166
v -0.665200 0.079114 0.132861
v -0.707156 0.074522 0.091595
v -0.654373 0.073860 0.180666
v -0.746664 0.066197 0.050088
v -0.675663 0.078586 0.084490
v -0.780639 0.060938 0.054707
v -0.254501 -0.156604 -0.279901
v -0.272158 -0.103259 -0.282283
v -0.288680 -0.049157 -0.280463
v -0.299869 0.004396 -0.265242
v -0.309596 0.056521 -0.247701
v -0.269785 0.073749 -0.270861
v -0.228224 0.090538 -0.292294
v -0.186182 0.107154 -0.313573
v -0.240325 0.142276 -0.275864
v -0.281606 0.125653 -0.254847
v -0.322823 0.109302 -0.234611
v -0.280717 0.167010 -0.216686
v -0.196751 0.198129 -0.255876
v -0.239289 0.182935 -0.236879
v -0.139695 0.229852 -0.221971
v -0.181669 0.213346 -0.203242
v -0.223582 0.198176 -0.184008
v -0.082529 0.252612 -0.194823
v -0.122007 0.230510 -0.176095
v -0.162320 0.210623 -0.157212
v -0.266103 0.184969 -0.164626
v -0.066732 0.257996 -0.148629
v -0.204239 0.193569 -0.138343
v -0.108297 0.240487 -0.129310
v -0.147978 0.218670 -0.110470
v -0.023777 0.271306 -0.168413
v 0.019867 0.281078 -0.189039
v 0.103134 0.320486 -0.225111
v 0.143016 0.345148 -0.241299
v 0.127028 0.341241 -0.288035
v 0.114428 0.326706 -0.333178
v 0.101983 0.307637 -0.383815
v 0.159419 0.338830 -0.350186
v 0.145509 0.323047 -0.401756
v 0.144277 0.283397 -0.441776
v 0.155951 0.230864 -0.457862
v 0.217594 0.193091 -0.472810
v 0.199748 0.246335 -0.474642
v 0.187813 0.299401 -0.459244
v 0.259668 0.208510 -0.493937
v 0.279046 0.155271 -0.486089
v 0.242995 0.262209 -0.492637
v 0.292780 0.100469 -0.493740
v 0.321137 0.170955 -0.507329
v 0.302742 0.224341 -0.511420
v 0.336222 0.116353 -0.511230
v 0.308418 0.046585 -0.494266
v 0.352249 0.062168 -0.512124
v 0.389028 0.076795 -0.541683
v 0.378981 0.131650 -0.528635
v 0.362496 0.186236 -0.528337
v 0.433212 0.091459 -0.557199
v 0.420379 0.146363 -0.549059
v 0.400488 0.199707 -0.555117
v 0.475151 0.106325 -0.575812
v -0.435093 0.016645 -0.208099
v -0.385008 -0.027346 -0.228963
v -0.420662 -0.037646 -0.212639
v -0.373599 -0.080778 -0.242580
v -0.471824 0.006739 -0.195876
v -0.397977 0.026303 -0.218596
v -0.409774 -0.090899 -0.225722
v -0.331677 -0.065004 -0.262326
v -0.457983 -0.047504 -0.200078
v -0.479590 0.059411 -0.176733
v -0.344219 -0.010942 -0.250991
v -0.314608 -0.118924 -0.262464
v -0.352309 0.040522 -0.229721
v -0.358144 -0.135131 -0.246390
v -0.295249 -0.171206 -0.255296
v -0.364168 0.093295 -0.214909
v -0.406320 0.077557 -0.197180
v -0.362989 0.134396 -0.175967
v -0.442818 0.068680 -0.187093
v -0.402592 0.115746 -0.155612
v -0.437304 0.104623 -0.143607
v -0.473190 0.095329 -0.132517
v -0.350124 0.154741 -0.125554
v -0.388912 0.133676 -0.104745
v -0.421843 0.116926 -0.091536
v -0.335868 0.168081 -0.079304
v -0.377749 0.151049 -0.060280
v -0.409516 0.129375 -0.046649
v -0.291149 0.173812 -0.098905
v -0.307959 0.169721 -0.145149
v -0.322284 0.151564 -0.196779
v -0.248111 0.185593 -0.118328
v -0.186983 0.196088 -0.091476
v -0.229218 0.179552 -0.072562
v -0.273228 0.171197 -0.052841
v -0.317320 0.165936 -0.033145
v -0.134565 0.228413 -0.063801
v -0.361843 0.160965 -0.013314
v -0.092292 0.244907 -0.082982
v -0.075198 0.243947 -0.037128
v -0.013057 0.247971 -0.012106
v 0.046286 0.266517 0.014415
v 0.102660 0.292508 0.041794
v 0.162589 0.310860 0.069039
v 0.221850 0.331667 0.096525
v 0.178892 0.314510 0.114847
v 0.202417 0.304324 0.165183
v -0.715622 0.065835 0.043543
v -0.754552 0.061092 0.001537
v -0.813713 0.053194 0.059657
v -0.788508 0.057404 0.006190
v -0.847625 0.049165 0.064509
v -0.821716 0.052667 0.011364
v -0.761938 0.040019 -0.050854
v -0.881470 0.054300 0.068514
v -0.854303 0.050241 0.015624
v -0.920448 0.042697 0.025377
v -0.887498 0.046672 0.020509
v -0.957847 0.018639 -0.022543
v -0.925274 0.022273 -0.027180
v -0.892648 0.026320 -0.031972
v -0.860222 0.030812 -0.037705
v -0.958693 -0.023851 -0.059634
v -0.828030 0.034173 -0.042242
v -0.926093 -0.020463 -0.063893
v -0.991222 -0.027399 -0.055210
v -0.893653 -0.016694 -0.068708
v -0.795321 0.037200 -0.046586
v -0.861190 -0.012413 -0.074197
v -0.829097 -0.008864 -0.079335
v -0.796322 -0.005771 -0.083332
v -0.763193 -0.002950 -0.087246
v -0.758370 -0.057742 -0.100313
v -0.791387 -0.061070 -0.094627
v -0.824587 -0.064346 -0.090442
v -0.857329 -0.067685 -0.086070
v -0.852023 -0.123709 -0.085627
v -0.890454 -0.071344 -0.081663
v -0.818406 -0.120547 -0.086127
v -0.784070 -0.117201 -0.090645
v -0.923434 -0.074851 -0.077695
v -0.886358 -0.127019 -0.088509
v -0.956341 -0.078534 -0.072316
v -0.920415 -0.130695 -0.085162
v -0.847332 -0.179762 -0.086718
v -0.882499 -0.183311 -0.092761
v -0.812703 -0.176357 -0.091750
v -0.778820 -0.172760 -0.099273
v -0.773361 -0.228044 -0.108231
v -0.745658 -0.169098 -0.109617
v -0.808107 -0.231614 -0.102019
v -0.842489 -0.235617 -0.093460
v -0.800725 -0.287687 -0.098689
v -0.835861 -0.291311 -0.089569
v -0.877447 -0.239323 -0.088996
v -0.871459 -0.294748 -0.083162
v -0.865267 -0.350459 -0.078190
v -0.907773 -0.299124 -0.083005
v -0.828777 -0.346626 -0.083522
v -0.822631 -0.402693 -0.083219
v -0.912891 -0.243206 -0.086530
v -0.946283 -0.246770 -0.072751
v -0.792621 -0.342871 -0.091885
v -0.916617 -0.186993 -0.085467
v -0.950398 -0.190687 -0.077037
v -0.984890 -0.194785 -0.072309
v -0.953336 -0.134299 -0.076369
v -0.986987 -0.138096 -0.070908
v -1.023926 -0.195499 -0.060862
v -0.989477 -0.082081 -0.068539
v -1.026146 -0.139119 -0.064971
v -1.064375 -0.196499 -0.060775
v -1.028275 -0.082849 -0.067200
v -1.029864 -0.027662 -0.054653
v -1.067305 -0.083584 -0.066384
v -1.065698 -0.139816 -0.064598
v -1.105201 -0.140562 -0.066362
v -0.223858 0.176744 0.086138
v -0.282635 0.163011 0.058946
v -0.299557 0.167250 0.013150
v -0.343341 0.159514 0.032741
v -0.379922 0.146219 0.046168
v -0.418528 0.135288 0.059071
v -0.399396 0.149683 -0.000605
v -0.435358 0.134008 0.011880
v -0.467159 0.112043 0.024968
v -0.447478 0.120807 -0.034887
v -0.478838 0.097732 -0.020942
v -0.517856 0.093442 -0.009109
v -0.493202 0.092208 -0.067117
v -0.455193 0.099647 -0.078599
v -0.510034 0.087176 -0.121001
v -0.515959 0.049946 -0.165070
v -0.551130 0.039813 -0.150328
v -0.507760 -0.003384 -0.182012
v -0.543545 -0.013361 -0.167280
v -0.494283 -0.057911 -0.185502
v -0.531386 -0.067971 -0.172477
v -0.485798 -0.112095 -0.201894
v -0.522220 -0.122100 -0.184978
v -0.448294 -0.101628 -0.214889
v -0.508612 -0.176916 -0.185481
v -0.432035 -0.155792 -0.212090
v -0.395149 -0.145669 -0.229756
v -0.532122 -0.240807 -0.166707
v -0.545823 -0.186536 -0.168346
v -0.339304 -0.187866 -0.240664
v -0.318809 -0.239234 -0.228845
v -0.276776 -0.224054 -0.250637
v -0.261093 -0.277864 -0.252677
v -0.218859 -0.262594 -0.273300
v -0.233884 -0.208142 -0.269059
v -1.060790 0.034911 0.088634
v -1.097076 0.031129 0.139743
v -1.057394 0.037973 0.137598
v -1.134082 0.022243 0.190565
v -1.094651 0.034493 0.188742
v -1.175115 0.022257 0.193010
v -1.131993 0.022001 0.239556
v -1.215162 0.013278 0.194916
v -1.172299 0.012304 0.241361
v -1.270913 0.022591 0.244511
v -1.213545 0.013218 0.243853
v -1.269500 0.021631 0.293530
v -1.268532 0.016479 0.342277
v -1.212474 0.009381 0.292590
v -1.170498 0.009377 0.290196
v -1.266881 0.018052 0.391269
v -1.211327 0.006856 0.341572
v -1.209630 0.007434 0.390375
v -1.168760 0.006260 0.338944
v -1.166840 0.005117 0.387760
v -1.165634 0.009877 0.436531
v -1.120529 0.011942 0.482981
v -1.122268 0.009318 0.434238
v -1.124030 0.007945 0.385303
v -1.077145 0.014422 0.480538
v -1.079351 0.011419 0.431807
v -1.126752 0.012499 0.336765
v -1.081557 0.012158 0.382837
v -1.129469 0.018090 0.288273
v -1.085197 0.020052 0.334740
v -1.088459 0.026724 0.286346
v -1.091561 0.030830 0.237551
v -1.054028 0.038068 0.186453
v -1.050571 0.036341 0.235284
v -1.047217 0.033659 0.284089
v -1.043351 0.026065 0.332383
v -1.017082 0.037203 0.135026
v -1.013089 0.031321 0.183636
v -1.009050 0.032690 0.232400
v -1.005200 0.035656 0.281406
v -1.040412 0.025596 0.381267
v -1.001144 0.030044 0.329998
v -1.035862 0.015060 0.429288
v -0.997136 0.024935 0.378454
v -0.993375 0.021128 0.427026
v -0.989709 0.020974 0.476003
v -0.951044 0.026212 0.424066
v -0.946274 0.017450 0.472476
v -0.901543 0.012295 0.522328
v -0.908154 0.025814 0.467416
v -0.954336 0.021463 0.375051
v -0.913322 0.024143 0.418213
v -0.958579 0.025128 0.326571
v -0.917980 0.034443 0.370226
v -0.962961 0.031762 0.277808
v -0.921702 0.032811 0.321126
v -0.967247 0.035905 0.229091
v -0.926520 0.035230 0.272127
v -0.971911 0.036739 0.180436
v -0.931062 0.031208 0.223078
v -0.976595 0.030852 0.131919
v -0.936105 0.032459 0.174418
v -0.751112 -0.113693 -0.101471
v -0.723451 -0.108136 -0.114493
v -0.715858 -0.163662 -0.118727
v -0.729145 -0.053020 -0.105386
v -0.686287 -0.158216 -0.128488
v -0.734812 0.001604 -0.093999
v -0.693264 -0.102934 -0.121051
v -0.700685 -0.047945 -0.113900
v -0.733325 0.045274 -0.057978
v -0.706749 0.006405 -0.101646
v -0.724973 0.065401 -0.005094
v -0.685015 0.069092 0.036837
v -0.695419 0.068896 -0.011633
v -0.704862 0.049625 -0.064777
v -0.643846 0.079174 0.077406
v -0.654667 0.074355 0.029738
v -0.632686 0.082536 0.125584
v -0.613412 0.088621 0.070230
v -0.666018 0.070465 -0.018153
v -0.625623 0.084129 0.022258
v -0.676408 0.053012 -0.071278
v -0.621488 0.079052 0.173528
v -0.600239 0.082256 0.117637
v -0.610342 0.072339 0.220832
v -0.587975 0.079333 0.165244
v -0.576166 0.075128 0.212700
v -0.599119 0.061634 0.267401
v -0.554043 0.068793 0.307248
v -0.564294 0.067678 0.259579
v -0.521475 0.084441 0.299778
v -0.530795 0.079697 0.252517
v -0.542147 0.078250 0.204790
v -0.555362 0.085277 0.157862
v -0.495274 0.104612 0.239996
v -0.483291 0.105897 0.287295
v -0.568263 0.083594 0.109952
v -0.502443 0.094062 0.192566
v -0.514481 0.090010 0.144871
v -0.582448 0.092640 0.063126
v -0.528782 0.093277 0.097740
v -0.595960 0.091246 0.015095
v -0.543173 0.096275 0.050369
v -0.476051 0.105415 0.132649
v -0.489130 0.099597 0.085065
v -0.468491 0.118734 0.179706
v -0.636290 0.074083 -0.024837
v -0.456240 0.122956 0.227506
v -0.440400 0.113460 0.272861
v -0.414503 0.130617 0.213553
v -0.398816 0.111368 0.255846
v -0.430166 0.135368 0.166923
v -0.373526 0.132440 0.198034
v -0.443093 0.129426 0.119452
v -0.389969 0.143387 0.153246
v -0.405157 0.143397 0.106148
v -0.452229 0.115459 0.072524
v -0.503997 0.099526 0.037835
v -0.556642 0.094942 0.002873
v -0.606985 0.079221 -0.031718
v -0.569959 0.088801 -0.044486
v -0.647815 0.057174 -0.077762
v -0.619532 0.062646 -0.084823
v -0.531608 0.093586 -0.056244
v -0.583071 0.071673 -0.097220
v -0.586414 0.029785 -0.136088
v -0.546754 0.079402 -0.109636
v -0.622403 0.020529 -0.123145
v -0.650732 0.015997 -0.116673
v -0.678959 0.011142 -0.109617
v -0.673545 -0.042542 -0.125098
v -0.644368 -0.038082 -0.131889
v -0.614677 -0.033654 -0.136710
v -0.666326 -0.097608 -0.134892
v -0.637135 -0.092263 -0.144254
v -0.608437 -0.086729 -0.154499
v -0.577733 -0.024048 -0.149061
v -0.570669 -0.077145 -0.165625
v -0.560687 -0.132241 -0.174125
v -0.597708 -0.141935 -0.158337
v -0.628663 -0.147535 -0.152763
v -0.617586 -0.202755 -0.154784
v -0.656558 -0.152928 -0.138327
v -0.585535 -0.196822 -0.158522
v -0.647580 -0.208268 -0.143201
v -0.676127 -0.213645 -0.127830
v -0.664785 -0.268270 -0.121024
v -0.706759 -0.219091 -0.118638
v -0.696906 -0.274265 -0.113117
v -0.738090 -0.224884 -0.112226
v -0.765957 -0.284171 -0.108312
v -0.729889 -0.280377 -0.112207
v -0.757214 -0.339430 -0.101849
v -0.786036 -0.398840 -0.092323
v -0.816319 -0.458416 -0.086546
v -0.779808 -0.454816 -0.096901
v -0.847351 -0.518092 -0.073316
v -0.807949 -0.513807 -0.079598
v -0.878071 -0.564701 -0.030677
v -0.769262 -0.509410 -0.084430
v -0.837288 -0.560965 -0.036993
v -0.796373 -0.556497 -0.043614
v -0.918532 -0.568545 -0.024224
v -0.870039 -0.580447 0.023201
v -0.911392 -0.584663 0.029879
v -0.828184 -0.575867 0.016532
v -0.786439 -0.572378 0.010064
v -0.756396 -0.550666 -0.049035
v -0.738239 -0.569567 0.052541
v -0.730634 -0.504835 -0.089357
v -0.745273 -0.568694 0.003579
v -0.716090 -0.545328 -0.052774
v -1.794645 -0.419496 -0.078190
v -1.812691 -0.419254 -0.046424
v -1.794319 -0.363223 -0.077421
v -1.814821 -0.363718 -0.046246
v -1.748210 -0.419928 -0.082579
v -1.748607 -0.363556 -0.078490
v -1.793963 -0.307477 -0.074016
v -1.819411 -0.308211 -0.046765
v -1.820484 -0.251869 -0.046702
v -1.749050 -0.308214 -0.068442
v -1.793376 -0.252261 -0.071061
v -1.819901 -0.195569 -0.046907
v -1.748412 -0.252256 -0.063105
v -1.792854 -0.195457 -0.071347
v -1.817644 -0.138957 -0.048160
v -1.792747 -0.139680 -0.074134
v -1.814246 -0.082792 -0.049166
v -1.748060 -0.195631 -0.063436
v -1.792485 -0.079582 -0.077571
v -1.812161 -0.028092 -0.034649
v -1.747384 -0.139877 -0.070869
v -1.746729 -0.080324 -0.078744
v -1.791408 -0.013925 -0.060620
v -1.788993 0.036417 -0.009970
v -1.810308 0.011477 0.005347
v -1.745679 -0.013760 -0.062579
v -1.689706 -0.030187 -0.044534
v -1.786328 0.054583 0.055819
v -1.807567 0.025781 0.060893
v -1.743083 0.036223 -0.011378
v -1.782184 0.055243 0.109883
v -1.801359 0.025182 0.111397
v -1.740429 0.054688 0.053600
v -1.688057 0.014919 0.004647
v -1.736559 0.059994 0.106336
v -1.777925 0.054518 0.159005
v -1.794129 0.023789 0.160697
v -1.733284 0.065107 0.155366
v -1.685895 0.031067 0.066801
v -1.679162 0.046717 0.114892
v -1.730943 0.068610 0.203228
v -1.774194 0.051506 0.207419
v -1.786756 0.019389 0.208313
v -1.752880 0.036874 0.252638
v -1.779078 0.016584 0.254561
v -1.768679 0.010395 0.305163
v -1.743882 0.034521 0.305703
v -1.774663 0.012536 0.353190
v -1.719670 0.067263 0.252123
v -1.761942 0.041072 0.353112
v -1.788265 0.018717 0.400182
v -1.706062 0.066496 0.303178
v -1.723743 0.068070 0.350885
v -1.655812 0.049936 0.252255
v -1.671449 0.055976 0.205730
v -1.673967 0.056153 0.160393
v -1.619276 0.023967 0.200024
v -1.620012 0.023684 0.151834
v -1.623242 0.023094 0.102781
v -1.563792 0.017262 0.150192
v -1.625654 0.021383 0.054029
v -1.565878 0.016999 0.101605
v -1.567564 0.018162 0.052899
v -1.627506 0.008605 -0.000879
v -1.569369 0.007575 -0.002430
v -1.628979 -0.029029 -0.042854
v -1.511246 0.007451 -0.003898
v -1.509465 0.016388 0.051762
v -1.507568 0.015148 0.100371
v -1.570504 -0.029120 -0.045633
v -1.629106 -0.082547 -0.061525
v -1.512244 -0.029293 -0.047259
v -1.689921 -0.091303 -0.063658
v -1.570639 -0.083139 -0.063503
v -1.628963 -0.139399 -0.066083
v -1.689951 -0.148055 -0.059286
v -1.689955 -0.200861 -0.056215
v -1.629130 -0.195865 -0.064875
v -1.570893 -0.139704 -0.064872
v -1.512435 -0.083617 -0.064724
v -1.571153 -0.196226 -0.062660
v -1.629259 -0.252279 -0.059936
v -1.689923 -0.253784 -0.061682
v -1.690442 -0.306409 -0.062936
v -1.629491 -0.308744 -0.062955
v -1.691342 -0.359667 -0.061486
v -1.691835 -0.411983 -0.064001
v -1.629856 -0.365488 -0.063857
v -1.692415 -0.468310 -0.062622
v -1.630665 -0.421937 -0.058824
v -0.859817 -0.406582 -0.077824
v -0.981111 -0.250813 -0.064176
v -1.022352 -0.252250 -0.058715
v -1.062998 -0.253274 -0.065184
v -1.104412 -0.197351 -0.060551
v -1.144689 -0.141154 -0.061496
v -1.184447 -0.085473 -0.061277
v -1.145392 -0.084993 -0.062523
v -1.184390 -0.030853 -0.047165
v -1.106326 -0.084298 -0.063964
v -1.145697 -0.030045 -0.049020
v -1.183460 0.010217 -0.008229
v -1.107025 -0.029684 -0.050446
v -1.181501 0.025478 0.046629
v -1.142382 0.027008 0.044368
v -1.144687 0.010731 -0.009859
v -1.106054 0.011406 -0.011600
v -1.103382 0.028325 0.042316
v -1.139605 0.028597 0.093152
v -1.136724 0.024830 0.141858
v -1.100359 0.032861 0.090969
v -1.067260 0.012148 -0.013551
v -1.068465 -0.028575 -0.052908
v -1.063903 0.028128 0.040437
v -1.028864 0.014045 -0.016316
v -1.397629 -0.197350 -0.059527
v -1.339518 -0.141484 -0.055447
v -1.455478 -0.196995 -0.056832
v -1.397215 -0.141061 -0.058941
v -1.454999 -0.140639 -0.060010
v -1.513276 -0.196678 -0.061858
v -1.512947 -0.140227 -0.061923
v -1.454405 -0.084165 -0.064318
v -1.454097 -0.029485 -0.047579
v -1.396586 -0.084613 -0.062948
v -1.453120 0.007307 -0.004547
v -1.396126 -0.029798 -0.047157
v -1.339113 -0.085183 -0.060578
v -1.451341 0.018023 0.050684
v -1.395193 0.008281 -0.005126
v -1.338550 -0.030146 -0.046333
v -1.393491 0.020474 0.049848
v -1.449554 0.021039 0.099116
v -1.505409 0.023234 0.149071
v -1.561975 0.013994 0.198765
v -1.503722 0.016099 0.197690
v -1.614087 0.016272 0.248362
v -1.557490 0.009298 0.246549
v -1.614180 0.011607 0.296828
v -1.658912 0.037548 0.298826
v -1.668854 0.044999 0.345000
v -1.615607 0.018107 0.346752
v -1.671964 0.041813 0.391300
v -1.727176 0.062342 0.399772
v -1.773891 0.050229 0.399830
v -1.727577 0.054204 0.448513
v -1.775384 0.049655 0.448756
v -1.794005 0.019575 0.448758
v -1.797868 0.020335 0.497695
v -1.775647 0.048384 0.501324
v -1.799388 0.006031 0.552642
v -1.727834 0.045930 0.500547
v -1.776012 0.030181 0.566523
v -1.728407 0.026225 0.565181
v -1.779239 -0.019420 0.618072
vn 0.8454 -0.2260 -0.4840
vn 0.5908 0.1549 -0.7918
vn 0.8172 0.2047 -0.5387
vn 0.5613 0.2848 -0.7770
vn 0.9037 -0.2448 -0.3514
vn 0.6288 -0.7038 -0.3307
vn 0.6845 -0.6980 -0.2106
vn 0.7658 0.3416 -0.5448
vn 0.5784 0.2703 -0.7697
vn 0.7726 0.3308 -0.5419
vn 0.8817 0.1724 -0.4391
vn 0.8132 0.3442 -0.4693
vn 0.8142 0.3648 -0.4517
vn 0.9063 -0.2642 -0.3298
vn 0.6955 -0.6875 -0.2087
vn 0.9022 -0.2768 -0.3307
vn 0.9033 0.1099 -0.4147
vn 0.8275 0.3484 -0.4404
vn 0.8157 0.3787 -0.4374
vn 0.8390 0.3210 -0.4393
vn 0.9183 0.0650 -0.3905
vn 0.9272 0.0523 -0.3710
vn 0.9374 0.3316 -0.1061
vn 0.9616 0.2671 -0.0630
vn 0.8971 0.3524 -0.2664
vn 0.9617 0.2711 -0.0396
vn 0.9583 0.2819 -0.0465
vn 0.9520 0.2965 0.0756
vn 0.9605 0.2596 0.1001
vn 0.9490 0.2993 -0.0992
vn 0.9613 0.2556 0.1030
vn 0.9266 0.3424 -0.1558
vn 0.8956 0.3600 -0.2614
vn 0.8713 0.3728 -0.3191
vn 0.8856 0.3160 -0.3404
vn 0.9485 0.2751 -0.1569
vn 0.9607 0.2534 0.1136
vn 0.9167 0.3335 -0.2203
vn 0.8789 0.3854 -0.2810
vn 0.8497 0.4050 -0.3376
vn 0.8911 0.4130 -0.1882
vn 0.9096 0.3905 0.1421
vn 0.6435 0.7488 -0.1588
vn 0.7049 0.6910 0.1605
vn 0.5897 0.7614 -0.2692
vn 0.8430 0.4539 -0.2888
vn 0.5704 0.7773 -0.2654
vn 0.8163 0.4923 -0.3022
vn 0.5497 0.7888 -0.2750
vn 0.7950 0.5047 -0.3366
vn 0.5451 0.7863 -0.2909
vn 0.7791 0.4996 -0.3786
vn 0.5609 0.7659 -0.3144
vn 0.8241 0.4195 -0.3805
vn 0.7697 0.5096 -0.3846
vn 0.5881 0.7452 -0.3143
vn 0.8463 0.3989 -0.3531
vn 0.8192 0.4518 -0.3532
vn 0.7585 0.5425 -0.3609
vn 0.5950 0.7511 -0.2860
vn 0.8919 0.2810 -0.3543
vn 0.8839 0.2731 -0.3797
vn 0.8466 0.3893 -0.3630
vn 0.8092 0.4673 -0.3560
vn 0.7637 0.5467 -0.3435
vn 0.5809 0.7614 -0.2877
vn 0.8905 0.2623 -0.3717
vn 0.8917 0.2702 -0.3630
vn 0.8737 0.2495 -0.4176
vn 0.8465 0.3052 -0.4362
vn 0.7698 0.4843 -0.4159
vn 0.8000 0.4002 -0.4471
vn 0.5481 0.7267 -0.4141
vn 0.7424 0.3787 -0.5527
vn 0.4031 0.6089 -0.6832
vn 0.5684 0.2887 -0.7704
vn 0.7891 0.2682 -0.5526
vn 0.7765 0.1998 -0.5976
vn 0.6271 0.1881 -0.7559
vn 0.8106 0.2096 -0.5467
vn 0.7800 0.1958 -0.5943
vn 0.7816 0.2458 -0.5733
vn 0.6367 0.2389 -0.7332
vn 0.8300 0.1988 -0.5212
vn 0.8109 0.1921 -0.5528
vn 0.8086 0.2614 -0.5271
vn 0.7859 0.3170 -0.5309
vn 0.6161 0.2672 -0.7410
vn 0.8589 0.2319 -0.4565
vn 0.8188 0.2175 -0.5313
vn 0.7822 0.3366 -0.5242
vn 0.5916 0.2652 -0.7614
vn 0.8242 0.3346 -0.4568
vn 0.8279 0.2749 -0.4889
vn 0.7971 0.3513 -0.4911
vn 0.8300 0.3229 -0.4548
vn 0.8821 0.3025 -0.3611
vn 0.9070 0.2369 -0.3482
vn 0.9081 0.2310 -0.3493
vn 0.9286 0.0816 -0.3620
vn 0.8764 0.2605 -0.4051
vn 0.9311 0.0640 -0.3592
vn 0.8977 -0.2819 -0.3386
vn 0.8987 -0.2809 -0.3367
vn 0.8992 -0.2759 -0.3395
vn 0.9013 -0.2652 -0.3424
vn 0.6837 -0.6922 -0.2312
vn 0.6883 -0.6899 -0.2243
vn 0.4531 -0.8838 -0.1168
vn 0.6973 -0.6824 -0.2194
vn 0.4519 -0.8862 -0.1021
vn 0.3934 -0.9150 -0.0894
vn 0.7019 -0.6795 -0.2138
vn 0.4343 -0.8941 -0.1090
vn 0.3572 -0.9274 -0.1109
vn -0.9936 -0.0913 0.0659
vn -0.9678 -0.2477 0.0454
vn -0.9957 -0.0864 0.0346
vn -0.9727 -0.1959 0.1245
vn -0.9947 -0.0737 0.0717
vn -0.9538 -0.1294 0.2710
vn -0.9833 -0.1187 0.1382
vn -0.9449 -0.0483 0.3237
vn -0.9172 -0.0718 0.3920
vn -0.9901 -0.1402 -0.0035
vn -0.9949 -0.0894 0.0473
vn -0.9641 -0.1499 0.2192
vn -0.9815 -0.1871 -0.0396
vn -0.9910 -0.1187 -0.0621
vn -0.9620 -0.0855 0.2594
vn -0.8905 -0.0952 0.4450
vn -0.9917 -0.1284 0.0102
vn -0.9674 0.0494 0.2485
vn -0.9009 0.0054 0.4340
vn -0.9197 0.0435 0.3902
vn -0.9750 -0.1557 -0.1588
vn -0.9985 -0.0552 -0.0035
vn -0.9901 -0.0073 0.1402
vn -0.9704 0.0670 0.2319
vn -0.9331 0.0435 0.3569
vn -0.9848 -0.1098 -0.1344
vn -0.9734 0.0689 0.2183
vn -0.9764 0.0816 0.1997
vn -0.9449 0.0494 0.3237
vn -0.9982 0.0289 -0.0534
vn -0.9831 -0.0962 -0.1559
vn -0.9987 0.0503 -0.0015
vn -0.9914 0.0503 0.1205
vn -0.9701 0.1158 0.2133
vn -0.9835 0.0904 0.1568
vn -0.9922 0.0709 0.1030
vn -0.9422 0.0826 0.3248
vn -0.9748 0.1353 0.1772
vn -0.9263 0.2212 0.3051
vn -0.9926 0.1206 -0.0113
vn -0.9961 0.0758 0.0454
vn -0.9112 0.3689 0.1832
vn -0.9837 0.1509 0.0981
vn -0.9898 0.1422 0.0063
vn -0.9234 0.3834 0.0190
vn -0.9407 0.3325 -0.0679
vn -0.9799 0.1841 -0.0767
vn -0.9861 0.1656 -0.0162
vn -0.9746 0.2185 -0.0485
vn -0.9983 0.0425 0.0395
vn -0.9412 0.3083 -0.1383
vn -0.9356 0.2096 -0.2840
vn -0.9946 0.1031 0.0073
vn -0.9259 0.0903 -0.3667
vn -0.9946 0.0581 0.0854
vn -0.9459 0.3228 0.0326
vn -0.9088 0.0367 -0.4157
vn -0.9963 0.0845 -0.0123
vn -0.8880 0.0162 -0.4595
vn -0.9897 0.1021 0.1001
vn -0.9897 0.0738 0.1225
vn -0.9539 0.2750 0.1206
vn -0.9900 0.1168 0.0795
vn -0.9601 0.2527 0.1197
vn -0.9338 0.3022 0.1918
vn -0.9907 0.0953 0.0971
vn -0.9800 0.1705 0.1030
vn -0.8748 0.4294 0.2242
vn -0.9921 0.1227 0.0258
vn -0.9877 0.0738 0.1381
vn -0.9942 0.0455 0.0972
vn -0.9655 0.2301 0.1216
vn -0.8775 0.4791 -0.0220
vn -0.9854 0.1608 0.0552
vn -0.9980 0.0572 -0.0250
vn -0.9864 0.0152 0.1636
vn -0.9954 0.0200 0.0932
vn -0.9996 0.0269 -0.0094
vn -0.8930 -0.0151 -0.4498
vn -0.9975 -0.0659 0.0268
vn -0.9276 -0.0581 -0.3689
vn -0.9811 -0.0952 0.1684
vn -0.9882 -0.1324 0.0776
vn -0.9631 -0.0610 -0.2622
vn -0.9831 -0.1226 0.1362
vn -0.9904 -0.0991 0.0961
vn -0.9784 0.0005 -0.2067
vn -0.9988 -0.0327 0.0356
vn -0.9979 0.0259 0.0591
vn -0.9686 -0.0005 -0.2487
vn -0.9958 0.0914 0.0033
vn -0.9524 -0.1430 -0.2691
vn -0.9914 0.1040 -0.0797
vn -0.9988 0.0484 -0.0074
vn -0.9354 -0.3043 -0.1803
vn -0.9897 0.0923 -0.1090
vn -0.9989 -0.0063 -0.0474
vn -0.9373 -0.3463 -0.0396
vn -0.9435 -0.3308 0.0209
vn -0.9815 0.1305 -0.1403
vn -0.9974 0.0279 -0.0669
vn -0.9982 -0.0591 0.0043
vn -0.9520 -0.3024 0.0473
vn -0.9968 -0.0757 0.0238
vn -0.9945 -0.0649 0.0824
vn -0.9691 -0.2397 0.0580
vn -0.9934 -0.0434 0.1059
vn -0.9811 -0.1919 0.0239
vn -0.9989 -0.0229 0.0415
vn -0.9831 -0.1821 0.0170
vn -0.9822 -0.1734 0.0717
vn -0.9989 -0.0425 -0.0191
vn -0.9786 -0.2057 0.0112
vn -0.9734 -0.2262 0.0356
vn -0.9709 -0.2338 -0.0513
vn -0.9967 -0.0591 -0.0563
vn -0.9862 -0.1646 -0.0181
vn -0.9857 -0.1684 -0.0054
vn -0.9808 -0.1928 -0.0299
vn -0.9936 -0.0776 0.0815
vn -0.9938 -0.1040 -0.0396
vn -0.9933 -0.0376 0.1089
vn -0.9929 -0.1187 0.0043
vn -0.9913 -0.1080 0.0757
vn -0.9706 -0.2408 0.0063
vn -0.9653 -0.2573 0.0454
vn -0.9702 0.2095 -0.1217
vn -0.9333 0.3180 -0.1667
vn -0.8948 0.3814 -0.2320
vn -0.9830 0.0933 -0.1578
vn -0.9775 0.1657 -0.1305
vn -0.9684 0.2233 -0.1110
vn -0.9528 0.2662 -0.1461
vn -0.9707 0.2165 -0.1041
vn -0.9583 0.2847 -0.0260
vn -0.9823 0.1500 -0.1120
vn -0.9733 0.2262 -0.0387
vn -0.9774 0.2047 0.0522
vn -0.9938 0.1109 -0.0034
vn -0.9896 0.1421 0.0209
vn -0.9894 0.1413 -0.0328
vn -0.9875 0.0523 -0.1490
vn -0.9972 0.0396 -0.0641
vn -0.9978 0.0513 -0.0416
vn -0.9986 0.0405 0.0327
vn -0.9990 0.0298 -0.0328
vn -0.9944 -0.0844 0.0629
vn -0.9944 -0.0688 -0.0797
vn -0.9965 -0.0415 -0.0728
vn -0.9936 -0.0053 -0.1129
vn -0.9981 -0.0610 0.0092
vn -0.9997 0.0239 0.0043
vn -0.9856 0.0699 -0.1539
vn -0.9919 0.0855 -0.0943
vn -0.9752 0.1558 -0.1569
vn -0.9919 0.0611 -0.1110
vn -0.9758 0.1392 -0.1685
vn -0.9930 0.0787 -0.0885
vn -0.9842 0.1588 -0.0778
vn -0.9967 0.0601 0.0551
vn -0.9851 0.1666 0.0424
vn -0.9990 0.0425 -0.0113
vn -0.9905 -0.0112 -0.1373
vn -0.9803 -0.0249 -0.1960
vn 0.4256 -0.9000 0.0942
vn 0.4079 -0.9097 0.0776
vn 0.4862 -0.7606 0.4303
vn 0.4804 -0.7733 0.4137
vn 0.3661 -0.9306 0.0053
vn 0.4109 -0.9117 -0.0074
vn 0.3476 -0.9376 0.0082
vn 0.3524 -0.9356 -0.0230
vn 0.2811 -0.9591 -0.0318
vn 0.3580 -0.9322 -0.0544
vn 0.3934 -0.9139 0.1001
vn 0.4598 -0.7848 0.4155
vn 0.3827 -0.9238 0.0072
vn 0.3835 -0.9235 -0.0103
vn 0.3524 -0.9316 -0.0895
vn 0.3867 -0.9161 0.1059
vn 0.5527 -0.7459 0.3717
vn 0.3533 -0.9354 0.0160
vn 0.3867 -0.9221 0.0151
vn 0.3220 -0.9411 -0.1031
vn 0.4822 -0.8757 0.0239
vn 0.7990 -0.5643 0.2075
vn 0.3789 -0.9249 -0.0318
vn 0.3778 -0.9256 -0.0240
vn 0.7422 -0.6570 -0.1325
vn 0.9870 -0.1206 0.1059
vn 0.4658 -0.8751 -0.1315
vn 0.4062 -0.9073 -0.1090
vn 0.9557 -0.1919 -0.2232
vn 0.9582 0.2604 0.1186
vn 0.6952 -0.6726 -0.2536
vn 0.4695 -0.8678 -0.1627
vn 0.3896 -0.9143 -0.1110
vn 0.4228 -0.8955 -0.1393
vn 0.3329 -0.9384 -0.0924
vn 0.3728 -0.9157 -0.1500
vn 0.3094 -0.9422 -0.1285
vn 0.4599 -0.8760 -0.1452
vn 0.4091 -0.9033 -0.1295
vn 0.6855 -0.6853 -0.2458
vn 0.9089 -0.2436 -0.3385
vn 0.9355 0.1920 -0.2966
vn 0.9436 0.2682 -0.1940
vn 0.9326 0.1167 -0.3415
vn 0.9025 0.4070 -0.1412
vn 0.9192 0.3855 0.0805
vn 0.9235 0.3413 -0.1754
vn 0.9190 0.2672 -0.2898
vn 0.9398 0.3299 -0.0895
vn 0.9328 0.3562 0.0551
vn 0.9589 0.2711 -0.0836
vn 0.9296 0.2486 -0.2721
vn 0.9187 0.2818 -0.2769
vn -0.9705 -0.2409 0.0063
vn -0.5952 -0.8035 0.0121
vn -0.9652 -0.2574 0.0453
vn -0.0012 -0.9993 0.0366
vn 0.1540 -0.9860 0.0639
vn 0.0515 -0.9985 0.0199
vn -0.5946 -0.8039 0.0151
vn -0.9785 -0.2057 0.0112
vn 0.1336 -0.9875 0.0835
vn 0.0554 -0.9934 0.1001
vn 0.0593 -0.9959 0.0678
vn -0.0442 -0.9989 0.0180
vn -0.6058 -0.7955 0.0141
vn -0.9831 -0.1822 0.0170
vn -0.9811 -0.1920 0.0239
vn 0.1091 -0.9930 0.0444
vn 0.0573 -0.9976 -0.0396
vn 0.0857 -0.9962 -0.0152
vn 0.0964 -0.9946 -0.0377
vn -0.0443 -0.9988 -0.0230
vn -0.5992 -0.8006 0.0034
vn -0.9691 -0.2398 0.0580
vn 0.1159 -0.9852 -0.1266
vn 0.0027 -0.9979 -0.0640
vn -0.5777 -0.8162 -0.0015
vn -0.5445 -0.8387 -0.0103
vn -0.9435 -0.3308 0.0210
vn 0.1569 -0.9780 -0.1373
vn -0.4947 -0.8691 -0.0074
vn 0.0681 -0.9951 -0.0719
vn -0.9373 -0.3464 -0.0396
vn 0.0456 -0.9884 -0.1452
vn -0.4407 -0.8891 -0.1236
vn -0.9353 -0.3044 -0.1804
vn 0.1364 -0.9881 -0.0709
vn 0.1999 -0.9712 -0.1295
vn 0.0182 -0.9908 -0.1344
vn -0.4254 -0.7841 -0.4520
vn 0.2000 -0.9639 -0.1755
vn 0.2430 -0.9473 -0.2087
vn 0.0026 -0.9853 -0.1706
vn 0.2634 -0.8502 -0.4557
vn 0.2284 -0.8418 -0.4891
vn -0.4476 -0.4594 -0.7672
vn 0.2009 -0.5239 -0.8277
vn -0.4888 -0.1255 -0.8633
vn -0.9686 -0.0005 -0.2488
vn 0.1462 -0.1773 -0.9733
vn 0.2401 -0.5388 -0.8075
vn 0.0485 0.5679 0.8217
vn 0.0372 0.5763 0.8164
vn 0.0554 0.2017 0.9779
vn 0.0398 0.1802 0.9828
vn 0.0427 0.0933 0.9947
vn 0.0105 0.0748 0.9971
vn 0.0329 0.0415 0.9986
vn -0.0142 0.9094 0.4156
vn -0.0003 0.8978 0.4403
vn 0.0368 0.5819 0.8124
vn -0.0081 0.9165 0.3998
vn -0.0657 0.9950 0.0756
vn 0.0446 0.1558 0.9868
vn 0.0261 0.5856 0.8102
vn 0.0456 0.1685 0.9847
vn 0.0466 0.0728 0.9963
vn 0.0192 0.0572 0.9982
vn 0.0564 -0.0464 0.9973
vn 0.1003 -0.0435 0.9940
vn 0.0886 -0.0190 0.9959
vn 0.0779 -0.0093 0.9969
vn 0.0866 -0.0278 0.9959
vn 0.0642 -0.0093 0.9979
vn 0.0525 -0.0385 0.9979
vn -0.0013 -0.0386 0.9993
vn 0.0700 0.0894 0.9935
vn 0.0583 -0.0200 0.9981
vn -0.0042 -0.1001 0.9950
vn 0.0583 0.0738 0.9956
vn 0.0457 0.1002 0.9939
vn 0.0447 -0.0454 0.9980
vn -0.0462 -0.0630 0.9969
vn 0.0251 -0.1001 0.9947
vn -0.0335 -0.0444 0.9985
vn 0.0153 -0.0913 0.9957
vn -0.0071 -0.0298 0.9995
vn 0.0417 -0.1383 0.9895
vn 0.0837 -0.1197 0.9893
vn 0.0603 -0.0493 0.9970
vn 0.0534 -0.1060 0.9929
vn -0.0237 -0.0005 0.9997
vn -0.0238 0.0523 0.9983
vn 0.0046 -0.1079 0.9941
vn 0.0192 -0.0669 0.9976
vn -0.0403 -0.0385 0.9984
vn -0.0511 0.0230 0.9984
vn 0.0036 -0.0268 0.9996
vn -0.0442 -0.0923 0.9948
vn -0.0462 -0.0679 0.9966
vn -0.0159 -0.0376 0.9992
vn 0.0583 -0.0503 0.9970
vn 0.1151 -0.0747 0.9905
vn 0.3241 0.1998 0.9247
vn 0.3620 0.1569 0.9189
vn 0.3484 0.1226 0.9293
vn 0.9613 0.2555 0.1031
vn 0.7767 0.2048 0.5956
vn 0.8041 0.2038 0.5585
vn 0.4500 0.1246 0.8843
vn 0.9605 0.2595 0.1001
vn 0.4862 0.1539 0.8602
vn 0.8261 0.2212 0.5182
vn 0.9520 0.2965 0.0757
vn 0.3749 0.1773 0.9100
vn 0.5436 0.1665 0.8227
vn 0.3516 0.1823 0.9182
vn 0.8301 0.2457 0.5006
vn 0.9328 0.3562 0.0552
vn 0.4111 0.1491 0.8993
vn 0.5812 0.1442 0.8009
vn 0.8146 0.2663 0.5153
vn 0.9192 0.3855 0.0806
vn 0.3309 0.0777 0.9405
vn 0.4228 0.0728 0.9033
vn 0.5762 0.1198 0.8085
vn 0.8016 0.2468 0.5446
vn 0.9582 0.2604 0.1187
vn 0.2634 0.1167 0.9576
vn 0.2995 0.1323 0.9449
vn 0.2763 0.0611 0.9591
vn 0.8101 0.1167 0.5745
vn 0.5556 0.0855 0.8270
vn 0.8204 -0.2095 0.5319
vn 0.7991 -0.5643 0.2076
vn 0.5597 -0.0493 0.8272
vn 0.5872 -0.3778 0.7159
vn 0.4598 -0.7848 0.4156
vn 0.4061 0.0054 0.9138
vn 0.3778 -0.0190 0.9257
vn 0.4080 -0.1128 0.9060
vn 0.4824 -0.4362 0.7596
vn 0.4804 -0.7733 0.4138
vn 0.2997 0.0025 0.9540
vn 0.2918 -0.0825 0.9529
vn 0.2752 -0.0561 0.9597
vn 0.2616 -0.0483 0.9640
vn 0.2724 0.0122 0.9621
vn 0.2440 -0.0141 0.9697
vn 0.2302 -0.0034 0.9731
vn 0.2401 -0.0112 0.9707
vn 0.2565 -0.0649 0.9643
vn 0.3279 0.0543 0.9431
vn 0.2538 -0.1168 0.9602
vn 0.3242 -0.0298 0.9455
vn 0.2625 -0.0112 0.9649
vn 0.3328 -0.0122 0.9429
vn 0.4522 0.1510 0.8790
vn 0.3856 0.1119 0.9158
vn 0.4220 0.0123 0.9065
vn 0.4775 0.1354 0.8681
vn 0.4911 0.1978 0.8483
vn 0.4989 0.2184 0.8387
vn 0.4541 0.1461 0.8789
vn 0.4763 0.0562 0.8775
vn 0.4491 -0.0591 0.8915
vn 0.4932 0.0386 0.8691
vn 0.4792 -0.1030 0.8716
vn 0.4597 0.1548 0.8745
vn 0.4441 0.1558 0.8823
vn 0.5261 -0.1108 0.8432
vn 0.4959 0.0318 0.8678
vn 0.4609 0.1363 0.8769
vn 0.5097 -0.1430 0.8484
vn 0.4502 0.1871 0.8731
vn 0.3699 0.1333 0.9195
vn 0.4639 0.0005 0.8859
vn 0.4071 0.0660 0.9110
vn 0.3807 0.1900 0.9050
vn 0.3300 0.2243 0.9170
vn 0.2957 0.1949 0.9352
vn 0.3386 0.1548 0.9281
vn 0.3493 0.2446 0.9045
vn 0.3494 0.2428 0.9050
vn 0.3084 0.2027 0.9294
vn 0.3026 0.2428 0.9217
vn 0.3242 0.1891 0.9269
vn 0.3280 0.1236 0.9365
vn 0.3271 0.1090 0.9387
vn 0.3054 0.0806 0.9488
vn 0.3610 0.0367 0.9319
vn 0.3534 0.0406 0.9346
vn 0.3495 0.0543 0.9354
vn 0.4208 -0.0092 0.9071
vn 0.3876 -0.0004 0.9218
vn 0.3702 0.0054 0.9290
vn 0.4961 -0.1597 0.8534
vn 0.4754 -0.1616 0.8648
vn 0.4490 -0.1528 0.8804
vn 0.3730 0.0034 0.9278
vn 0.4159 -0.1539 0.8963
vn 0.3122 0.0679 0.9476
vn 0.4060 -0.1646 0.8989
vn 0.2430 0.0533 0.9686
vn 0.3554 -0.0015 0.9347
vn 0.4753 -0.5435 0.6919
vn 0.5008 -0.5328 0.6822
vn 0.5108 -0.5164 0.6874
vn 0.4257 -0.8563 0.2925
vn 0.4109 -0.8511 0.3267
vn 0.4570 -0.8379 0.2985
vn 0.4229 -0.8263 0.3719
vn 0.4686 -0.5300 0.7068
vn 0.4637 -0.8220 0.3306
vn 0.5099 -0.4970 0.7022
vn 0.4274 -0.8060 0.4096
vn 0.5079 -0.4627 0.7266
vn 0.4275 -0.7925 0.4350
vn 0.5235 -0.4099 0.7470
vn 0.4403 -0.7713 0.4596
vn 0.4726 -0.7440 0.4724
vn 0.5067 -0.3775 0.7751
vn 0.4822 -0.7360 0.4752
vn 0.4773 -0.3834 0.7907
vn 0.4775 -0.7499 0.4578
vn 0.4718 -0.3855 0.7930
vn 0.4862 -0.7605 0.4303
vn 0.4648 -0.3981 0.7909
vn 0.4705 -0.4254 0.7731
vn 0.3405 -0.0796 0.9369
vn 0.2820 0.5759 0.7673
vn 0.2596 0.5399 0.8007
vn 0.1296 0.2046 0.9702
vn -0.9262 0.2213 0.3052
vn -0.4729 0.1489 0.8684
vn -0.4897 0.0025 0.8719
vn -0.9448 0.0494 0.3238
vn -0.9331 0.0435 0.3570
vn 0.0036 0.0249 0.9997
vn -0.4593 -0.0034 0.8883
vn -0.9197 0.0435 0.3903
vn -0.0570 -0.0200 0.9982
vn 0.1804 0.2917 0.9393
vn 0.0583 0.1304 0.9897
vn -0.4157 -0.0092 0.9095
vn -0.9008 0.0054 0.4341
vn -0.0286 -0.0776 0.9966
vn -0.3726 -0.0640 0.9258
vn -0.0306 0.0220 0.9993
vn 0.0544 -0.1226 0.9910
vn -0.3774 -0.0894 0.9217
vn -0.8904 -0.0952 0.4450
vn -0.4401 0.0249 0.8976
vn -0.9172 -0.0717 0.3920
vn -0.9449 -0.0483 0.3238
vn 0.1277 -0.0747 0.9890
vn -0.5027 -0.0415 0.8635
vn -0.9538 -0.1294 0.2711
vn 0.1863 0.0474 0.9813
vn -0.5188 -0.4008 0.7552
vn -0.9727 -0.1959 0.1246
vn -0.5579 -0.7144 0.4224
vn 0.2234 -0.0522 0.9733
vn 0.2156 -0.4644 0.8590
vn 0.1677 -0.8423 0.5122
vn 0.2449 -0.8249 0.5094
vn 0.2723 -0.4293 0.8611
vn 0.0456 -0.8278 0.5592
vn 0.1912 -0.1246 0.9736
vn 0.0466 -0.4489 0.8924
vn 0.0281 -0.8430 0.5371
vn 0.0407 -0.2252 0.9735
vn 0.0065 -0.4498 0.8931
vn 0.0417 -0.8634 0.5028
vn 0.0241 -0.0884 0.9958
vn 0.0017 -0.4742 0.8804
vn 0.0222 -0.5072 0.8616
vn 0.0466 -0.8797 0.4733
vn 0.0251 -0.8851 0.4648
vn 0.0007 -0.1353 0.9908
vn 0.0280 -0.5270 0.8494
vn 0.0017 -0.8771 0.4803
vn -0.0208 -0.1382 0.9902
vn 0.0261 -0.5289 0.8483
vn -0.0022 -0.8644 0.5028
vn 0.0202 -0.1665 0.9858
vn 0.0388 -0.1597 0.9864
vn 0.0114 -0.5231 0.8522
vn 0.0270 -0.8572 0.5143
vn 0.0388 -0.5152 0.8562
vn 0.0495 -0.8562 0.5143
vn 0.0017 -0.1637 0.9865
vn 0.0779 -0.5007 0.8621
vn 0.0524 -0.8579 0.5112
vn 0.0163 -0.2026 0.9791
vn 0.0631 -0.4878 0.8707
vn 0.0808 -0.2349 0.9686
vn 0.0612 -0.8658 0.4966
vn 0.0906 -0.2213 0.9710
vn 0.0525 -0.1812 0.9820
vn 0.1052 -0.1431 0.9841
vn 0.0437 -0.4948 0.8679
vn 0.0409 -0.5131 0.8573
vn 0.0651 -0.8796 0.4713
vn 0.0349 -0.1539 0.9875
vn 0.0514 -0.5251 0.8495
vn 0.0593 -0.8926 0.4470
vn 0.0368 -0.1508 0.9879
vn 0.1149 -0.5346 0.8372
vn 0.1063 -0.8939 0.4354
vn 0.0750 -0.1754 0.9816
vn 0.1736 -0.5408 0.8231
vn 0.1628 -0.8874 0.4313
vn 0.1736 -0.5536 0.8145
vn 0.1687 -0.8854 0.4332
vn 0.1276 -0.2016 0.9711
vn 0.0358 -0.0747 0.9966
vn 0.0280 -0.0649 0.9975
vn 0.1716 -0.5534 0.8151
vn 0.1560 -0.8905 0.4274
vn 0.1521 -0.2114 0.9655
vn 0.0915 -0.0884 0.9919
vn 0.0261 -0.0776 0.9966
vn 0.1745 -0.5425 0.8217
vn 0.1325 -0.8911 0.4341
vn 0.1786 -0.1920 0.9650
vn 0.1609 -0.0747 0.9841
vn 0.0945 -0.0581 0.9938
vn 0.1765 -0.5328 0.8277
vn 0.1336 -0.8790 0.4578
vn 0.1853 -0.1607 0.9695
vn 0.2167 -0.0249 0.9759
vn 0.1872 -0.0268 0.9819
vn 0.1648 -0.5222 0.8368
vn 0.1375 -0.8673 0.4784
vn 0.1638 -0.1470 0.9755
vn 0.1981 -0.5037 0.8408
vn 0.1766 -0.8558 0.4863
vn 0.1472 -0.1519 0.9774
vn 0.2381 -0.8465 0.4762
vn 0.1160 0.0191 0.9931
vn 0.2351 -0.4743 0.8484
vn 0.2499 -0.8457 0.4715
vn 0.1823 -0.1538 0.9711
vn 0.1590 0.0152 0.9872
vn 0.2078 -0.1441 0.9675
vn 0.2302 -0.4664 0.8541
vn 0.2479 -0.4675 0.8485
vn 0.2487 -0.8441 0.4750
vn 0.1911 -0.1343 0.9723
vn 0.2751 -0.4653 0.8413
vn 0.2634 -0.8356 0.4820
vn 0.2136 -0.1050 0.9713
vn 0.3231 -0.8183 0.4753
vn 0.1648 -0.0024 0.9863
vn 0.1659 -0.0366 0.9855
vn 0.1482 0.0445 0.9880
vn 0.1336 0.0338 0.9905
vn 0.2235 -0.0386 0.9739
vn 0.1150 0.0103 0.9933
vn 0.2352 -0.0298 0.9715
vn 0.0965 0.0445 0.9943
vn 0.1394 0.0103 0.9902
vn 0.1452 0.0328 0.9889
vn 0.2098 0.0220 0.9775
vn 0.1512 0.0484 0.9873
vn 0.0934 0.0113 0.9956
vn 0.2644 0.0034 0.9644
vn 0.2537 0.0338 0.9667
vn 0.1971 0.0005 0.9804
vn 0.1492 -0.0395 0.9880
vn 0.1833 0.0230 0.9828
vn 0.2507 -0.0044 0.9681
vn 0.2908 -0.0190 0.9566
vn 0.1580 0.0464 0.9863
vn 0.1463 -0.0034 0.9892
vn 0.2185 0.0308 0.9753
vn 0.0583 -0.0679 0.9960
vn 0.1131 -0.0220 0.9933
vn 0.0241 -0.0776 0.9967
vn 0.0046 -0.0815 0.9967
vn 0.0612 -0.0786 0.9950
vn 0.0789 -0.0718 0.9943
vn 0.1092 -0.1226 0.9864
vn 0.0583 -0.0484 0.9971
vn 0.1219 -0.0513 0.9912
vn -0.0325 -0.0298 0.9990
vn 0.0964 0.0591 0.9936
vn 0.0456 -0.0180 0.9988
vn -0.0462 0.0796 0.9958
vn 0.2489 0.0328 0.9680
vn 0.0476 0.1001 0.9938
vn 0.0642 0.0650 0.9958
vn -0.0169 0.0836 0.9964
vn 0.1306 0.0494 0.9902
vn 0.0720 0.0718 0.9948
vn 0.0554 0.2292 0.9718
vn 0.0163 0.1988 0.9799
vn 0.1208 0.0894 0.9886
vn 0.0681 0.1882 0.9798
vn 0.0319 0.5620 0.8265
vn 0.0896 0.1968 0.9763
vn 0.0534 0.5653 0.8232
vn 0.0525 0.5572 0.8287
vn -0.0032 0.8926 0.4508
vn 0.0290 0.8952 0.4448
vn 0.0643 0.5711 0.8183
vn 0.1726 0.4840 0.8579
vn 0.1912 0.4744 0.8593
vn -0.0657 0.8246 0.5619
vn -0.0530 0.8287 0.5571
vn 0.1482 0.4842 0.8623
vn 0.3270 0.1989 0.9238
vn 0.2714 0.2301 0.9346
vn 0.3845 0.1392 0.9126
vn 0.1805 0.4784 0.8594
vn -0.0579 0.8333 0.5498
vn 0.3229 0.1118 0.9398
vn 0.4911 0.1022 0.8651
vn 0.4364 0.2066 0.8757
vn 0.2821 0.2125 0.9355
vn 0.2938 0.2008 0.9345
vn 0.2773 0.1862 0.9426
vn 0.4920 0.2574 0.8317
vn 0.4912 0.1588 0.8564
vn 0.5187 0.2341 0.8223
vn 0.3065 0.0738 0.9490
vn 0.5090 0.2439 0.8255
vn 0.4727 0.1950 0.8594
vn 0.2928 0.0122 0.9561
vn 0.4267 0.1578 0.8905
vn 0.2516 0.0562 0.9662
vn 0.2782 0.1598 0.9472
vn 0.3095 0.1119 0.9443
vn 0.1560 0.4989 0.8525
vn -0.0766 0.8359 0.5435
vn 0.2859 0.1910 0.9391
vn 0.1492 0.5185 0.8419
vn -0.0911 0.8388 0.5368
vn 0.1541 0.5144 0.8436
vn -0.0902 0.8516 0.5163
vn -0.2563 0.9592 0.1196
vn -0.1674 0.9827 0.0786
vn 0.0192 0.8948 0.4461
vn 0.1864 0.9819 -0.0329
vn 0.1521 0.5074 0.8482
vn 0.3124 0.9063 0.2847
vn 0.7048 0.6910 0.1606
vn 0.2623 0.5505 0.7925
vn 0.5412 0.6153 0.5732
vn 0.9096 0.3905 0.1422
vn 0.3046 0.1833 0.9347
vn 0.4053 0.2223 0.8868
vn 0.7141 0.3250 0.6201
vn 0.9606 0.2535 0.1138
vn 0.2361 -0.0825 0.9682
vn 0.2566 -0.0083 0.9665
vn 0.3456 -0.4489 0.8240
vn 0.3779 -0.8037 0.4597
vn 0.2819 -0.0883 0.9554
vn 0.3984 -0.4307 0.8098
vn 0.3953 -0.8073 0.4381
vn 0.3445 -0.0923 0.9342
vn 0.3896 -0.4392 0.8095
vn 0.3914 -0.4557 0.7995
vn 0.3954 -0.8211 0.4117
vn 0.3456 -0.0747 0.9354
vn 0.3193 0.0220 0.9474
vn 0.4043 -0.4755 0.7813
vn 0.3863 -0.8274 0.4076
vn 0.3114 -0.0640 0.9481
vn 0.3416 0.0347 0.9392
vn 0.4100 -0.4840 0.7731
vn 0.3768 -0.8278 0.4156
vn 0.3103 -0.0933 0.9460
vn 0.4619 -0.4705 0.7519
vn 0.4276 -0.8073 0.4068
vn 0.3417 -0.1304 0.9307
vn 0.2477 0.0376 0.9681
vn 0.5191 -0.4545 0.7239
vn 0.4912 -0.7840 0.3795
vn 0.4041 -0.1401 0.9039
vn 0.2625 0.0123 0.9648
vn 0.3386 -0.0161 0.9408
vn 0.4530 -0.1382 0.8807
vn 0.0368 -0.9852 0.1675
vn -0.0022 -0.8644 0.5027
vn 0.0007 -0.9782 0.2075
vn 0.0271 -0.8572 0.5142
vn 0.0495 -0.8562 0.5142
vn 0.0016 -0.8771 0.4802
vn 0.0319 -0.9898 0.1391
vn 0.0524 -0.8579 0.5111
vn 0.0515 -0.9979 0.0395
vn 0.0329 -0.9976 0.0610
vn -0.0374 -0.9779 0.2055
vn 0.0251 -0.8851 0.4647
vn 0.0075 -0.9848 0.1733
vn 0.0359 -0.9885 0.1470
vn -0.0198 -0.9946 0.1020
vn -0.0110 -0.9990 0.0444
vn 0.0202 -0.9984 0.0532
vn 0.0369 -0.9993 0.0063
vn -0.0071 -0.9993 0.0376
vn 0.0428 -0.9904 0.1313
vn 0.0339 -0.9967 0.0736
vn 0.0036 -0.9974 0.0717
vn 0.1013 -0.9931 0.0590
vn 0.1170 -0.9891 0.0893
vn 0.0710 -0.9911 0.1128
vn 0.0652 -0.8796 0.4712
vn 0.1257 -0.9918 0.0239
vn 0.0915 -0.9929 0.0756
vn 0.0720 -0.9968 0.0356
vn 0.0593 -0.8926 0.4469
vn 0.0896 -0.9959 0.0151
vn 0.1404 -0.9853 0.0971
vn 0.0564 -0.9970 -0.0533
vn 0.0807 -0.9898 0.1176
vn 0.1101 -0.9938 0.0141
vn 0.0310 -0.9993 -0.0199
vn 0.0544 -0.9973 0.0493
vn 0.0759 -0.9882 0.1333
vn 0.0456 -0.9954 0.0845
vn 0.0212 -0.9980 0.0590
vn 0.0300 -0.9972 0.0688
vn 0.0554 -0.9984 0.0073
vn 0.0456 -0.9917 0.1206
vn 0.0603 -0.9977 0.0307
vn 0.1628 -0.8875 0.4312
vn 0.0838 -0.9944 0.0639
vn 0.1687 -0.8854 0.4331
vn 0.0290 -0.9994 0.0190
vn 0.1228 -0.9869 0.1049
vn 0.1560 -0.8905 0.4273
vn 0.1336 -0.9843 0.1157
vn 0.0622 -0.9958 0.0678
vn 0.1326 -0.9862 0.0991
vn 0.0251 -0.9938 0.1079
vn 0.0730 -0.9930 0.0932
vn 0.1178 -0.9869 0.1099
vn 0.0925 -0.9920 0.0864
vn 0.1433 -0.9853 0.0932
vn 0.0378 -0.9970 0.0669
vn 0.0925 -0.9947 0.0444
vn 0.1863 -0.9824 0.0122
vn 0.1287 -0.9915 -0.0191
vn 0.0720 -0.9963 0.0473
vn 0.1150 -0.9929 -0.0299
vn 0.0759 -0.9955 0.0570
vn 0.0739 -0.9971 0.0180
vn 0.0749 -0.9930 -0.0914
vn 0.0720 -0.9958 0.0561
vn 0.1062 -0.9920 -0.0690
vn 0.1356 -0.9896 -0.0475
vn 0.0114 -0.9948 0.1010
vn 0.0613 -0.9981 -0.0084
vn 0.1238 -0.9921 -0.0181
vn -0.0472 -0.9949 0.0893
vn -0.0179 -0.9970 0.0747
vn -0.0316 -0.9959 0.0844
vn 0.0495 -0.9979 0.0415
vn 0.0261 -0.9890 0.1459
vn -0.0081 -0.9550 -0.2966
vn -0.0150 -0.9912 -0.1315
vn -0.0188 -0.9536 -0.3004
vn -0.0218 -0.8066 -0.5907
vn 0.0202 -0.9939 -0.1080
vn -0.0345 -0.9885 -0.1472
vn 0.0437 -0.9954 -0.0856
vn 0.0134 -0.9965 0.0824
vn 0.0104 -0.9585 -0.2848
vn 0.0486 -0.9964 0.0698
vn 0.0095 -0.9998 0.0160
vn 0.0271 -0.9949 0.0971
vn 0.0554 -0.9817 0.1822
vn 0.0446 -0.9774 0.2065
vn -0.0149 -0.9972 -0.0729
vn 0.0446 -0.9877 0.1498
vn 0.0437 -0.9876 0.1509
vn 0.0456 -0.9796 0.1958
vn -0.0081 -0.9949 0.1000
vn -0.0130 -0.9990 0.0434
vn -0.0677 -0.9834 -0.1686
vn 0.0475 -0.9922 0.1157
vn -0.0286 -0.9593 -0.2810
vn -0.0413 -0.9777 -0.2058
vn -0.0101 -0.8112 -0.5847
vn -0.0560 -0.9697 -0.2380
vn -0.0101 -0.8189 -0.5739
vn -0.0120 -0.8353 -0.5497
vn -0.0237 -0.4480 -0.8937
vn -0.0013 -0.4536 -0.8912
vn -0.0035 -0.4584 -0.8887
vn -0.0257 -0.2077 -0.9779
vn -0.0609 -0.9748 -0.2146
vn -0.0638 -0.4437 -0.8939
vn -0.0276 -0.8028 -0.5957
vn -0.0765 -0.4539 -0.8878
vn 0.0056 -0.9617 -0.2741
vn -0.0316 -0.8076 -0.5889
vn -0.0726 -0.4625 -0.8836
vn 0.0378 -0.9972 -0.0640
vn -0.0356 -0.8124 -0.5820
vn 0.0358 -0.9984 -0.0435
vn 0.0759 -0.9947 0.0688
vn 0.0026 -0.9636 -0.2672
vn 0.0496 -0.9954 0.0815
vn 0.0818 -0.9804 0.1792
vn 0.0310 -0.9777 0.2076
vn 0.0173 -0.9757 0.2183
vn 0.0231 -0.9920 0.1245
vn 0.0280 -0.9884 0.1490
vn 0.0300 -0.9922 0.1206
vn 0.0319 -0.9977 -0.0592
vn -0.0423 -0.9937 -0.1040
vn 0.0104 -0.9966 -0.0816
vn 0.0398 -0.9968 -0.0699
vn 0.0026 -0.9996 -0.0269
vn -0.0198 -0.9953 -0.0944
vn -0.0423 -0.9933 -0.1071
vn -0.0189 -0.9942 -0.1061
vn 0.0290 -0.9959 -0.0855
vn 0.0310 -0.9959 -0.0846
vn -0.0111 -0.9953 -0.0963
vn 0.0437 -0.9988 -0.0201
vn -0.0169 -0.9997 -0.0181
vn -0.0638 -0.9939 -0.0895
vn -0.0560 -0.9981 -0.0240
vn -0.0081 -0.9993 -0.0367
vn -0.0433 -0.9937 0.1030
vn -0.0443 -0.9981 -0.0426
vn 0.0505 -0.9923 0.1128
vn 0.0446 -0.9819 0.1840
vn 0.0828 -0.9933 0.0806
vn 0.1649 -0.9806 0.1060
vn 0.1502 -0.9876 0.0454
vn 0.0750 -0.9972 0.0033
vn 0.1208 -0.9883 0.0933
vn 0.1130 -0.9908 0.0746
vn 0.1111 -0.9922 0.0561
vn 0.0417 -0.9991 -0.0035
vn 0.0886 -0.9961 0.0043
vn 0.0525 -0.9963 0.0679
vn 0.0544 -0.9904 0.1274
vn 0.0466 -0.8797 0.4732
vn 0.0417 -0.8635 0.5027
vn 0.0573 -0.9878 0.1450
vn 0.0280 -0.8431 0.5370
vn 0.0554 -0.9983 0.0200
vn 0.0564 -0.9844 0.1665
vn 0.0456 -0.8278 0.5591
vn 0.2449 -0.8250 0.5094
vn 0.2039 -0.9719 0.1177
vn 0.1756 -0.9844 0.0082
vn 0.1071 -0.9860 0.1274
vn 0.1677 -0.8424 0.5122
vn -0.5580 -0.7144 0.4223
vn 0.0779 -0.9969 -0.0142
vn -0.5747 -0.8132 0.0922
vn -0.9727 -0.1960 0.1245
vn -0.5953 -0.8035 0.0102
vn 0.4679 -0.1226 0.8752
vn 0.5079 -0.4373 0.7422
vn 0.4675 -0.1147 0.8765
vn 0.5059 -0.4558 0.7323
vn 0.4559 -0.7975 0.3951
vn 0.4568 -0.7896 0.4097
vn 0.5009 -0.4255 0.7537
vn 0.4619 -0.7772 0.4274
vn 0.4509 -0.0786 0.8891
vn 0.4521 -0.1206 0.8838
vn 0.4910 -0.4127 0.7672
vn 0.4559 -0.7674 0.4508
vn 0.4606 -0.7612 0.4565
vn 0.4689 -0.4022 0.7863
vn 0.4727 -0.7646 0.4382
vn 0.4491 -0.1255 0.8846
vn 0.4395 -0.4256 0.7910
vn 0.4490 -0.0766 0.8902
vn 0.4061 -0.1636 0.8991
vn 0.4607 -0.7858 0.4127
vn 0.4248 -0.0845 0.9013
vn 0.4365 -0.0748 0.8966
vn 0.4513 -0.0513 0.8909
vn 0.3642 0.0679 0.9288
vn 0.4606 -0.0678 0.8850
vn 0.3981 0.0454 0.9162
vn 0.3201 0.1245 0.9392
vn 0.2868 0.1099 0.9517
vn 0.4169 0.0376 0.9082
vn 0.4148 -0.0766 0.9067
vn 0.3554 -0.1353 0.9249
vn 0.3641 0.1529 0.9187
vn 0.3679 -0.2056 0.9068
vn 0.4432 -0.4605 0.7691
vn 0.4637 -0.4752 0.7477
vn 0.4541 -0.8037 0.3845
vn 0.4099 -0.1704 0.8961
vn 0.3942 -0.0815 0.9154
vn 0.4755 -0.4802 0.7371
vn 0.3746 -0.0190 0.9270
vn 0.4589 -0.8123 0.3600
vn 0.4236 -0.1108 0.8990
vn 0.4482 0.0640 0.8916
vn 0.4619 0.1510 0.8740
vn 0.4139 0.0640 0.9080
vn 0.4471 0.1871 0.8747
vn 0.3504 0.1372 0.9265
vn 0.4559 0.2135 0.8640
vn 0.4469 0.1899 0.8742
vn 0.4784 0.2438 0.8436
vn 0.4235 0.1577 0.8920
vn 0.4424 0.1676 0.8810
vn 0.4901 0.2340 0.8396
vn 0.3592 0.1402 0.9227
vn 0.3924 0.1207 0.9118
vn 0.2605 0.0640 0.9634
vn 0.3347 0.0679 0.9399
vn 0.3857 0.0924 0.9180
vn 0.3893 -0.1118 0.9143
vn 0.2930 0.0719 0.9534
vn 0.4791 -0.4906 0.7278
vn 0.4598 -0.8161 0.3502
vn 0.3886 -0.1500 0.9091
vn 0.4755 -0.5075 0.7185
vn 0.4101 -0.1685 0.8964
vn 0.2849 0.0123 0.9585
vn 0.5213 -0.4606 0.7184
vn 0.4900 -0.7857 0.3775
vn 0.5088 -0.4636 0.7254
vn 0.4687 -0.7958 0.3835
vn 0.4687 -0.1412 0.8720
vn 0.3973 -0.0415 0.9167
vn 0.2733 0.0631 0.9599
vn 0.2381 0.0543 0.9697
vn 0.4695 -0.1343 0.8727
vn 0.4313 -0.0659 0.8998
vn 0.3211 0.0386 0.9462
vn 0.4588 -0.0751 0.8853
vn 0.3681 -0.0015 0.9298
vn 0.2674 0.1129 0.9569
vn 0.2606 0.1402 0.9552
vn 0.4247 -0.0269 0.9049
vn 0.2918 0.0542 0.9549
vn 0.2801 0.1442 0.9491
vn 0.3406 0.0640 0.9380
vn 0.4655 -0.0698 0.8823
vn 0.3250 0.1197 0.9381
vn 0.2674 0.0396 0.9628
vn 0.2548 0.0464 0.9659
vn 0.2781 0.0728 0.9578
vn 0.2733 0.0435 0.9609
vn 0.3231 0.0611 0.9444
vn 0.3856 0.0835 0.9189
vn 0.3359 0.0983 0.9367
vn 0.3874 0.1499 0.9096
vn 0.4307 0.0855 0.8985
vn 0.4138 0.1441 0.8989
vn 0.3330 0.2976 0.8947
vn 0.5089 0.1256 0.8516
vn 0.4568 0.1773 0.8717
vn 0.4764 0.1529 0.8658
vn 0.4197 0.2007 0.8852
vn 0.3494 0.3385 0.8737
vn 0.1560 0.5788 0.8004
vn 0.1784 0.5601 0.8090
vn 0.3395 0.1265 0.9320
vn 0.3484 0.1715 0.9215
vn 0.3212 0.3572 0.8770
vn 0.1502 0.6006 0.7853
vn 0.3837 0.1315 0.9140
vn 0.3915 0.1549 0.9071
vn 0.3045 0.3512 0.8854
vn 0.1325 0.6265 0.7680
vn 0.3728 0.0914 0.9234
vn 0.3758 0.1480 0.9148
vn 0.3076 0.3523 0.8839
vn 0.1257 0.6463 0.7527
vn 0.3183 0.0337 0.9474
vn 0.3231 0.1158 0.9393
vn 0.2781 0.3580 0.8913
vn 0.1101 0.6580 0.7449
vn -0.1898 0.9068 0.3764
vn 0.2625 0.3453 0.9010
vn 0.0954 0.6597 0.7455
vn -0.1762 0.9181 0.3551
vn -0.0130 0.8459 -0.5332
vn 0.4030 0.6089 -0.6832
vn -0.0081 0.4978 -0.8672
vn -0.3530 0.8192 -0.4519
vn 0.1414 0.9595 -0.2437
vn 0.5480 0.7268 -0.4140
vn -0.4734 0.4502 -0.7571
vn -0.4631 0.7855 -0.4106
vn -0.4769 0.4508 -0.7545
vn -0.2298 0.9635 -0.1373
vn 0.2019 0.9682 -0.1480
vn 0.5808 0.7615 -0.2877
vn -0.1517 0.9883 -0.0171
vn -0.3823 0.9179 -0.1060
vn -0.4574 0.7897 -0.4088
vn -0.4976 0.4343 -0.7509
vn -0.4508 0.7862 -0.4227
vn -0.3852 0.9160 -0.1120
vn -0.3510 0.9276 -0.1276
vn -0.3130 0.9493 0.0288
vn -0.3453 0.9377 0.0385
vn -0.3021 0.9518 0.0522
vn -0.2632 0.9637 0.0453
vn -0.3442 0.9383 0.0336
vn -0.3558 0.9322 0.0658
vn -0.2543 0.9630 0.0893
vn -0.2054 0.9775 0.0483
vn -0.1371 0.9904 0.0161
vn -0.1360 0.9898 0.0424
vn 0.1941 0.9708 -0.1413
vn 0.5949 0.7512 -0.2860
vn 0.1647 0.9800 -0.1119
vn 0.5880 0.7453 -0.3143
vn -0.1439 0.9882 0.0522
vn 0.1238 0.9876 -0.0963
vn 0.5608 0.7660 -0.3143
vn 0.0876 0.9915 -0.0964
vn 0.5451 0.7863 -0.2908
vn -0.1674 0.9856 0.0239
vn 0.0691 0.9910 -0.1148
vn 0.5496 0.7888 -0.2750
vn -0.1683 0.9829 0.0746
vn 0.0818 0.9870 -0.1383
vn 0.5703 0.7774 -0.2654
vn -0.1810 0.9831 -0.0260
vn -0.1829 0.9828 0.0258
vn -0.2494 0.9668 0.0561
vn -0.2094 0.9778 0.0004
vn -0.1986 0.9795 -0.0328
vn 0.1169 0.9820 -0.1480
vn 0.5897 0.7615 -0.2692
vn 0.6434 0.7488 -0.1588
vn -0.2259 0.9734 -0.0387
vn -0.2405 0.9703 0.0268
vn -0.2739 0.9590 0.0727
vn -0.2815 0.9595 -0.0084
vn -0.2866 0.9570 0.0444
vn -0.2788 0.9603 -0.0123
vn -0.2729 0.9589 0.0776
vn -0.2750 0.9614 0.0121
vn -0.2924 0.9531 0.0786
vn -0.2718 0.9607 0.0561
vn -0.2973 0.9532 0.0551
vn -0.3275 0.9411 0.0844
vn -0.3590 0.9329 0.0287
vn -0.2366 0.9672 0.0922
vn -0.3030 0.9525 0.0297
vn -0.3968 0.9176 0.0229
vn -0.3450 0.9380 0.0336
vn -0.2063 0.9770 0.0531
vn -0.2007 0.9779 0.0581
vn -0.3149 0.9473 0.0581
vn -0.2963 0.9550 0.0102
vn -0.2875 0.9491 0.1284
vn -0.3333 0.9381 0.0942
vn -0.3160 0.9465 0.0659
vn -0.3179 0.9475 0.0336
vn -0.3325 0.9326 0.1401
vn -0.2828 0.9534 0.1050
vn -0.3392 0.9391 0.0561
vn -0.3306 0.9435 0.0229
vn -0.2973 0.9529 0.0600
vn -0.2857 0.9583 0.0063
vn -0.3022 0.9520 0.0483
vn -0.2913 0.9566 0.0033
vn -0.3140 0.9493 0.0170
vn -0.2855 0.9576 0.0376
vn -0.2338 0.9579 0.1665
vn -0.2328 0.9482 0.2163
vn -0.3002 0.9519 0.0610
vn -0.2212 0.9484 0.2272
vn -0.3081 0.9511 0.0209
vn 0.1042 -0.0620 0.9926
vn 0.2313 -0.0464 0.9718
vn 0.1286 -0.0854 0.9880
vn 0.2157 -0.0747 0.9736
vn 0.2147 -0.0170 0.9765
vn 0.1188 0.0181 0.9927
vn 0.0720 0.0396 0.9966
vn 0.1667 -0.0649 0.9839
vn 0.1473 -0.0396 0.9883
vn 0.1481 -0.0219 0.9887
vn 0.1639 -0.0112 0.9864
vn 0.1443 -0.0689 0.9871
vn 0.1443 0.2076 0.9675
vn 0.1765 -0.0112 0.9842
vn 0.1169 0.2076 0.9712
vn 0.1160 0.2282 0.9667
vn 0.0828 0.2165 0.9728
vn 0.0700 0.1842 0.9804
vn 0.1228 0.2037 0.9713
vn 0.0456 0.5896 0.8064
vn 0.0525 0.6094 0.7911
vn -0.0306 0.9302 0.3657
vn 0.0378 0.6188 0.7847
vn -0.0472 0.9279 0.3698
vn -0.1429 0.9872 0.0707
vn 0.0339 0.6259 0.7792
vn -0.0559 0.9252 0.3754
vn -0.1429 0.9791 0.1450
vn -0.2182 0.9697 0.1098
vn -0.2249 0.9723 0.0639
vn -0.2180 0.9672 0.1303
vn 0.0583 0.6169 0.7849
vn -0.0814 0.9133 0.3991
vn -0.1449 0.9734 0.1772
vn -0.0931 0.9048 0.4155
vn 0.0818 0.6218 0.7789
vn -0.1381 0.9846 0.1070
vn -0.1713 0.9709 0.1675
vn -0.0696 0.8991 0.4321
vn -0.0941 0.9931 0.0698
vn 0.3035 -0.9461 0.1128
vn 0.3358 -0.9366 0.1001
vn 0.4275 -0.8073 0.4067
vn 0.3768 -0.8279 0.4155
vn 0.3093 -0.9441 0.1138
vn 0.4912 -0.7841 0.3795
vn 0.2839 -0.9587 0.0180
vn 0.2899 -0.9570 0.0141
vn 0.2840 -0.9587 0.0141
vn 0.2810 -0.9597 0.0033
vn 0.2917 -0.9565 0.0014
vn 0.2887 -0.9573 -0.0142
vn 0.2801 -0.9600 -0.0045
vn 0.2771 -0.9607 0.0180
vn 0.2595 -0.9654 0.0239
vn 0.2821 -0.9592 0.0190
vn 0.2644 -0.9635 0.0424
vn 0.2664 -0.9638 0.0073
vn 0.2830 -0.9589 0.0190
vn 0.3093 -0.9488 0.0639
vn 0.3553 -0.9305 0.0893
vn 0.4072 -0.9014 0.1470
vn 0.3825 -0.9175 0.1088
vn 0.4900 -0.7858 0.3774
vn 0.3105 -0.9454 -0.0993
vn 0.3487 -0.9310 -0.1081
vn 0.3016 -0.9464 -0.1159
vn 0.3477 -0.9349 -0.0709
vn 0.3710 -0.9277 -0.0426
vn 0.3895 -0.9207 -0.0240
vn 0.2910 -0.9564 -0.0231
vn 0.3953 -0.9185 0.0082
vn 0.3183 -0.9436 -0.0914
vn 0.2929 -0.9553 -0.0396
vn 0.2713 -0.9617 0.0385
vn 0.2673 -0.9615 0.0629
vn 0.3034 -0.9498 0.0766
vn 0.2665 -0.9621 0.0581
vn 0.3464 -0.9380 0.0131
vn 0.3611 -0.9292 -0.0787
vn 0.3397 -0.9346 -0.1051
vn 0.4206 -0.9068 0.0297
vn 0.4307 -0.9025 -0.0035
vn 0.3701 -0.9288 0.0199
vn 0.3163 -0.9473 -0.0514
vn 0.2928 -0.9503 -0.1061
vn 0.3319 -0.9433 0.0082
vn 0.3855 -0.9225 -0.0211
vn 0.2801 -0.9599 0.0082
vn 0.2391 -0.9705 -0.0299
vn 0.2352 -0.9698 -0.0641
vn 0.2830 -0.9589 -0.0211
vn 0.3134 -0.9474 -0.0641
vn 0.2547 -0.9668 -0.0181
vn 0.2273 -0.9731 -0.0366
vn 0.2517 -0.9675 -0.0260
vn 0.2918 -0.9510 -0.1022
vn 0.3073 -0.9516 -0.0012
vn 0.3749 -0.9198 -0.1158
vn 0.3962 -0.9107 -0.1168
vn 0.3768 -0.9237 -0.0699
vn 0.3220 -0.9303 -0.1754
vn 0.3856 -0.9188 -0.0846
vn 0.3770 -0.9260 -0.0201
vn 0.3212 -0.9464 -0.0328
vn 0.3299 -0.9295 -0.1647
vn 0.3699 -0.9264 -0.0709
vn 0.2752 -0.9472 -0.1647
vn 0.4256 -0.8943 -0.1383
vn 0.3444 -0.9380 -0.0396
vn 0.3962 -0.8970 -0.1959
vn 0.3738 -0.9215 -0.1051
vn 0.3457 -0.9377 -0.0338
vn 0.4440 -0.8822 -0.1568
vn 0.4366 -0.8908 -0.1257
vn 0.3085 -0.9494 -0.0582
vn 0.3564 -0.9269 -0.1178
vn 0.3203 -0.9455 -0.0582
vn 0.3777 -0.9166 -0.1314
vn 0.4284 -0.8979 -0.1011
vn 0.4314 -0.9009 -0.0484
vn 0.3074 -0.9403 -0.1461
vn 0.2645 -0.9581 -0.1100
vn 0.3437 -0.9290 -0.1374
vn 0.3583 -0.9286 -0.0963
vn 0.3915 -0.9179 -0.0650
vn 0.2126 -0.9731 -0.0885
vn 0.1775 -0.9834 -0.0367
vn 0.2067 -0.9739 -0.0933
vn 0.1072 -0.9934 0.0405
vn 0.1854 -0.9816 -0.0455
vn 0.1950 -0.9800 -0.0396
vn 0.2224 -0.9725 -0.0689
vn 0.1316 -0.9910 0.0239
vn 0.1618 -0.9858 -0.0455
vn 0.0623 -0.9973 0.0395
vn 0.1980 -0.9784 -0.0592
vn 0.0359 -0.9994 -0.0015
vn 0.0476 -0.9986 -0.0221
vn 0.1863 -0.9802 -0.0670
vn 0.0554 -0.9973 0.0473
vn 0.1462 -0.9890 -0.0211
vn 0.0818 -0.9886 0.1265
vn 0.0632 -0.9865 0.1509
vn 0.1169 -0.9828 0.1430
vn 0.1336 -0.8790 0.4577
vn 0.1325 -0.8911 0.4340
vn 0.1375 -0.8674 0.4783
vn 0.1629 -0.9815 0.1010
vn 0.1766 -0.8558 0.4862
vn 0.1843 -0.9804 -0.0699
vn 0.0769 -0.9970 0.0004
vn 0.1404 -0.9892 -0.0416
vn 0.1981 -0.9776 0.0708
vn 0.1804 -0.9762 0.1206
vn 0.2499 -0.8458 0.4714
vn 0.2487 -0.8442 0.4749
vn 0.0711 -0.9954 0.0640
vn 0.1882 -0.9665 0.1743
vn 0.2634 -0.8357 0.4820
vn 0.1541 -0.9827 0.1030
vn -0.0061 -0.9979 0.0639
vn 0.1276 -0.9897 0.0649
vn 0.2400 -0.9577 0.1587
vn 0.3231 -0.8184 0.4753
vn 0.2576 -0.9637 0.0707
vn 0.2498 -0.9656 0.0718
vn 0.2537 -0.9577 0.1362
vn 0.3779 -0.8037 0.4596
vn 0.2440 -0.9687 0.0454
vn 0.2978 -0.9474 0.1177
vn 0.3953 -0.8074 0.4380
vn 0.2841 -0.9572 0.0552
vn 0.2831 -0.9591 -0.0015
vn 0.3427 -0.9348 0.0933
vn 0.3290 -0.9394 0.0962
vn 0.3863 -0.8275 0.4075
vn 0.3055 -0.9521 -0.0162
vn 0.3211 -0.9470 -0.0055
vn 0.2976 -0.9547 -0.0006
vn 0.2819 -0.9594 0.0024
vn 0.3348 -0.9423 -0.0035
vn 0.2789 -0.9603 0.0102
vn 0.2946 -0.9545 -0.0464
vn 0.2430 -0.9657 -0.0914
vn 0.1774 -0.9779 -0.1109
vn 0.1913 -0.9815 0.0014
vn 0.1248 -0.9856 -0.1139
vn 0.1218 -0.9869 -0.1060
vn 0.0691 -0.9974 -0.0201
vn 0.0524 -0.9948 -0.0875
vn 0.1472 -0.9881 -0.0455
vn -0.0149 -0.9999 -0.0054
vn 0.3884 -0.9145 -0.1138
vn 0.2929 -0.9454 -0.1432
vn 0.3729 -0.9188 -0.1295
vn 0.3809 -0.9193 -0.0993
vn 0.3730 -0.9250 -0.0728
vn 0.3543 -0.9324 -0.0709
vn 0.3738 -0.9215 -0.1050
vn 0.3847 -0.9208 -0.0641
vn 0.3474 -0.9156 -0.2027
vn 0.2821 -0.9580 -0.0514
vn 0.3544 -0.9298 -0.0993
vn 0.3424 -0.9330 -0.1109
vn 0.3076 -0.9427 -0.1296
vn 0.2985 -0.9399 -0.1656
vn 0.3857 -0.9180 -0.0924
vn 0.3767 -0.9225 -0.0846
vn 0.2186 -0.9658 -0.1393
vn 0.3378 -0.9377 -0.0817
vn 0.2809 -0.9545 -0.1002
vn 0.2323 -0.9700 -0.0719
vn 0.1962 -0.9749 -0.1052
vn 0.1736 -0.9752 -0.1373
vn 0.1170 -0.9924 -0.0377
vn 0.1492 -0.9884 -0.0279
vn 0.1247 -0.9900 -0.0660
vn 0.1511 -0.9831 -0.1031
vn 0.1570 -0.9874 -0.0211
vn 0.1102 -0.9935 -0.0280
vn 0.2068 -0.9772 -0.0474
vn 0.2469 -0.9649 -0.0895
vn 0.1911 -0.9752 -0.1119
vn 0.3946 -0.9153 -0.0807
vn 0.3875 -0.9139 -0.1207
vn 0.2868 -0.9518 -0.1090
vn 0.3672 -0.9202 -0.1354
vn 0.3523 -0.9293 -0.1110
vn 0.2333 -0.9590 -0.1608
vn 0.2469 -0.9639 -0.0992
vn 0.2079 -0.9621 -0.1765
vn 0.2488 -0.9627 -0.1061
vn 0.2350 -0.9652 -0.1148
vn 0.2772 -0.9532 -0.1207
vn 0.2684 -0.9610 -0.0660
vn 0.2665 -0.9621 -0.0572
vn 0.2078 -0.9745 -0.0846
vn 0.2977 -0.9422 -0.1539
vn 0.3124 -0.9374 -0.1539
vn 0.2020 -0.9709 -0.1286
vn 0.2831 -0.9454 -0.1618
vn 0.2733 -0.9414 -0.1979
vn 0.2585 -0.9586 -0.1197
vn 0.1785 -0.9805 -0.0817
vn 0.1627 -0.9857 -0.0445
vn 0.2458 -0.9691 -0.0220
vn 0.2916 -0.9555 -0.0444
vn 0.2411 -0.9699 0.0346
vn 0.1599 -0.9871 -0.0064
vn 0.1609 -0.9854 0.0561
vn 0.1442 -0.9858 0.0864
vn 0.0622 -0.9965 0.0551
vn 0.1258 -0.9835 0.1304
vn 0.0388 -0.9929 0.1128
vn 0.0789 -0.9894 0.1216
vn 0.0583 -0.9927 0.1059
vn 0.0642 -0.9938 0.0913
vn 0.1414 -0.9876 0.0678
vn 0.1208 -0.9880 0.0961
vn 0.1277 -0.9880 0.0864
vn 0.1003 -0.9948 0.0189
vn 0.0651 -0.9977 0.0200
vn 0.1560 -0.9875 0.0219
vn 0.1062 -0.9933 0.0454
vn 0.0710 -0.9970 0.0317
vn 0.1795 -0.9826 -0.0475
vn 0.0896 -0.9957 -0.0221
vn 0.1150 -0.9925 0.0415
vn 0.0935 -0.9943 -0.0514
vn 0.1433 -0.9891 0.0327
vn 0.1287 -0.9873 -0.0934
vn 0.1991 -0.9757 -0.0914
vn 0.1902 -0.9771 -0.0953
vn 0.0974 0.6610 0.7440
vn -0.1908 0.8894 0.4155
vn -0.1498 0.9193 0.3640
vn -0.1723 0.8779 0.4469
vn -0.1400 0.8692 0.4743
vn -0.3735 0.9129 0.1645
vn 0.2694 0.3230 0.9072
vn 0.3396 0.0923 0.9360
vn 0.0955 0.6570 0.7478
vn 0.3426 0.0200 0.9393
vn 0.2830 0.3200 0.9041
vn 0.3681 0.0738 0.9268
vn 0.2918 0.1118 0.9499
vn 0.3583 -0.0005 0.9336
vn 0.2977 0.0933 0.9501
vn 0.4013 -0.0053 0.9159
vn 0.3670 0.0709 0.9275
vn 0.2438 0.3199 0.9155
vn 0.3025 0.1168 0.9460
vn 0.3993 0.0083 0.9168
vn 0.3836 0.0064 0.9235
vn 0.3406 0.0630 0.9381
vn 0.4148 -0.0190 0.9097
vn 0.3747 0.0015 0.9271
vn 0.2489 0.1540 0.9562
vn 0.3164 0.1139 0.9418
vn 0.3816 0.0015 0.9243
vn 0.2899 0.0171 0.9569
vn 0.4053 -0.0405 0.9133
vn 0.2215 0.0543 0.9737
vn 0.3610 -0.0298 0.9321
vn 0.2175 0.0073 0.9760
vn 0.2909 -0.0571 0.9550
vn 0.2985 0.0396 0.9536
vn 0.3406 -0.0425 0.9392
vn 0.3190 -0.0112 0.9477
vn 0.2704 -0.0034 0.9628
vn 0.2059 0.0455 0.9775
vn 0.2995 -0.0288 0.9536
vn 0.3230 0.0337 0.9458
vn 0.2362 -0.0601 0.9698
vn 0.3366 0.0835 0.9379
vn 0.2186 -0.0004 0.9758
vn 0.1853 -0.0288 0.9823
vn 0.1248 -0.0102 0.9921
vn 0.2625 0.0181 0.9648
vn 0.3474 0.0308 0.9372
vn 0.1306 -0.0590 0.9897
vn 0.3075 0.0327 0.9510
vn 0.2186 -0.0053 0.9758
vn 0.2851 0.0679 0.9561
vn 0.2509 0.0630 0.9660
vn 0.2802 0.1363 0.9502
vn 0.2499 0.1256 0.9601
vn 0.1599 -0.0210 0.9869
vn 0.2927 0.1753 0.9400
vn 0.0867 -0.0669 0.9940
vn 0.1746 0.1275 0.9764
vn 0.2117 0.2965 0.9313
vn 0.1501 0.3188 0.9359
vn 0.2489 0.2937 0.9229
vn 0.2468 0.3121 0.9175
vn 0.1970 0.3159 0.9281
vn 0.2078 0.3111 0.9274
vn 0.1717 0.3045 0.9369
vn 0.0778 0.6333 0.7700
vn 0.0866 0.6355 0.7672
vn 0.0661 0.6366 0.7684
vn 0.0564 0.6230 0.7802
vn 0.0935 0.6377 0.7646
vn -0.1215 0.9168 0.3804
vn -0.1380 0.9208 0.3648
vn -0.1039 0.9149 0.3902
vn 0.0857 0.6355 0.7673
vn -0.1302 0.9051 0.4048
vn 0.0691 0.6306 0.7731
vn -0.1175 0.9038 0.4115
vn -0.1263 0.9012 0.4146
vn -0.1508 0.9005 0.4079
vn -0.2563 0.9483 0.1870
vn -0.2640 0.9577 0.1147
vn 0.0917 0.6515 0.7531
vn -0.1439 0.9039 0.4028
vn -0.2533 0.9374 0.2388
vn -0.3530 0.9198 0.1714
vn -0.1342 0.9121 0.3873
vn -0.2221 0.9493 0.2223
vn -0.2113 0.9586 0.1909
vn -0.2952 0.9293 0.2221
vn -0.2113 0.9541 0.2124
vn -0.2113 0.9648 0.1567
vn -0.1937 0.9578 0.2124
vn -0.2602 0.9590 0.1128
vn -0.1585 0.9683 0.1928
vn -0.3518 0.9281 0.1215
vn -0.1634 0.9764 0.1411
vn -0.3235 0.9390 0.1166
vn -0.1752 0.9718 0.1577
vn -0.2347 0.9587 0.1606
vn -0.1146 0.9842 0.1352
vn -0.2991 0.9457 0.1273
vn 0.2058 -0.9351 -0.2887
vn 0.1912 -0.9463 -0.2605
vn 0.2253 -0.9293 -0.2926
vn 0.2400 -0.9344 -0.2633
vn 0.2607 -0.9359 -0.2371
vn 0.0143 -0.7928 -0.6093
vn 0.0056 -0.7959 -0.6054
vn 0.0202 -0.7944 -0.6070
vn 0.0114 -0.7962 -0.6049
vn 0.0251 -0.8002 -0.5992
vn -0.2191 -0.4751 -0.8522
vn -0.1801 -0.4840 -0.8563
vn -0.2181 -0.4927 -0.8424
vn -0.1928 -0.4890 -0.8507
vn -0.2046 -0.4647 -0.8615
vn -0.2787 -0.3444 -0.8965
vn -0.2211 -0.3404 -0.9139
vn -0.3139 -0.3493 -0.8829
vn -0.2571 -0.3344 -0.9067
vn -0.2299 -0.2907 -0.9288
vn -0.3168 -0.2535 -0.9140
vn -0.3472 -0.2614 -0.9006
vn -0.2962 -0.2163 -0.9303
vn -0.3150 -0.2682 -0.9104
vn -0.3725 -0.1079 -0.9217
vn -0.3402 -0.1226 -0.9323
vn -0.2035 -0.2593 -0.9441
vn -0.3972 -0.1060 -0.9116
vn -0.4301 -0.1548 -0.8894
vn -0.2954 -0.2497 -0.9222
vn -0.2699 -0.1743 -0.9470
vn -0.3394 -0.2780 -0.8986
vn -0.2768 -0.2066 -0.9385
vn -0.2298 -0.4771 -0.8483
vn -0.4273 -0.2653 -0.8643
vn -0.3588 -0.3033 -0.8827
vn 0.0682 -0.8084 -0.5847
vn -0.1987 -0.5078 -0.8383
vn 0.2968 -0.9258 -0.2341
vn 0.0838 -0.8245 -0.5597
vn 0.4092 -0.9114 -0.0436
vn 0.3114 -0.9257 -0.2145
vn 0.3398 -0.9405 0.0033
vn 0.3386 -0.9409 -0.0074
vn 0.2673 -0.9623 -0.0514
vn 0.3073 -0.9516 -0.0045
vn 0.3202 -0.9473 0.0073
vn 0.2693 -0.9471 -0.1744
vn 0.2429 -0.9556 -0.1666
vn 0.0720 -0.8387 -0.5398
vn 0.0574 -0.8417 -0.5369
vn 0.2518 -0.9540 -0.1628
vn 0.0456 -0.8360 -0.5468
vn 0.2858 -0.9575 -0.0396
vn 0.3115 -0.9466 -0.0826
vn 0.2605 -0.9518 -0.1617
vn 0.0485 -0.8339 -0.5497
vn 0.3271 -0.9396 -0.1012
vn 0.2819 -0.9418 -0.1832
vn 0.0720 -0.8363 -0.5435
vn 0.3612 -0.9248 -0.1198
vn 0.2956 -0.9312 -0.2135
vn 0.1101 -0.8396 -0.5320
vn 0.3171 -0.9428 -0.1031
vn 0.3024 -0.9281 -0.2173
vn 0.1169 -0.8531 -0.5084
vn 0.2762 -0.9434 -0.1833
vn -0.4526 -0.0171 -0.8915
vn -0.4186 -0.0689 -0.9056
vn -0.4477 -0.0395 -0.8933
vn -0.3541 -0.0757 -0.9321
vn -0.4322 0.0963 -0.8966
vn -0.3675 -0.0542 -0.9284
vn -0.4222 -0.1304 -0.8971
vn -0.4184 0.0620 -0.9061
vn -0.3560 -0.0376 -0.9337
vn -0.4662 0.4352 -0.7702
vn -0.4612 0.4214 -0.7808
vn -0.3979 0.1236 -0.9091
vn -0.4614 0.4518 -0.7635
vn -0.4311 -0.0835 -0.8984
vn -0.4154 0.1089 -0.9031
vn -0.4720 0.4478 -0.7594
vn -0.4313 -0.0660 -0.8998
vn -0.4819 0.4333 -0.7616
vn -0.4556 -0.0512 -0.8887
vn -0.4526 0.1119 -0.8847
vn -0.4457 -0.0727 -0.8922
vn -0.4096 -0.0171 -0.9121
vn -0.4478 -0.0239 -0.8938
vn -0.4262 -0.0503 -0.9032
vn -0.3909 0.0064 -0.9204
vn -0.4163 -0.0669 -0.9068
vn -0.4089 -0.0132 -0.9125
vn -0.4321 -0.0268 -0.9014
vn -0.3969 -0.0846 -0.9140
vn -0.3482 -0.1402 -0.9269
vn -0.3491 -0.1724 -0.9211
vn -0.3432 -0.1206 -0.9315
vn -0.4010 0.0347 -0.9154
vn -0.3530 -0.1529 -0.9230
vn -0.4515 0.0122 -0.8922
vn -0.2797 -0.3141 -0.9072
vn -0.3921 -0.1734 -0.9034
vn -0.5397 -0.0405 -0.8409
vn -0.3099 -0.3364 -0.8893
vn -0.2992 -0.3268 -0.8965
vn -0.4632 -0.1245 -0.8775
vn -0.5182 -0.0532 -0.8536
vn -0.3120 -0.2995 -0.9016
vn -0.1429 -0.5767 -0.8044
vn -0.5114 -0.0679 -0.8566
vn -0.2661 -0.0591 -0.9621
vn -0.3831 -0.2602 -0.8863
vn -0.4125 -0.0835 -0.9071
vn -0.2366 -0.1753 -0.9557
vn -0.4177 -0.2175 -0.8822
vn -0.1498 -0.5748 -0.8045
vn 0.0974 -0.8640 -0.4939
vn -0.1459 -0.5966 -0.7892
vn 0.1179 -0.8642 -0.4891
vn 0.3054 -0.9352 -0.1793
vn 0.1482 -0.8699 -0.4704
vn -0.1195 -0.6151 -0.7793
vn -0.2632 -0.2995 -0.9171
vn 0.3259 -0.9391 -0.1090
vn 0.3171 -0.9311 -0.1803
vn 0.2332 -0.9657 -0.1139
vn 0.1306 -0.8864 -0.4440
vn 0.2497 -0.9527 -0.1734
vn 0.2343 -0.9601 -0.1530
vn -0.1056 -0.6129 -0.7830
vn 0.2322 -0.9556 -0.1812
vn 0.1091 -0.8884 -0.4460
vn -0.2689 -0.3101 -0.9119
vn -0.1009 -0.6051 -0.7898
vn 0.1120 -0.8764 -0.4683
vn -0.3286 -0.1763 -0.9279
vn -0.2631 -0.3229 -0.9091
vn -0.1106 -0.6049 -0.7886
vn -0.3636 -0.0757 -0.9285
vn -0.3110 -0.1666 -0.9357
vn -0.2612 -0.3181 -0.9114
vn -0.3921 -0.0395 -0.9191
vn -0.3441 -0.0718 -0.9362
vn -0.3040 -0.1557 -0.9399
vn -0.4087 -0.0327 -0.9121
vn -0.3677 -0.0640 -0.9278
vn -0.3384 -0.0894 -0.9367
vn -0.3030 -0.1490 -0.9413
vn -0.2661 -0.2995 -0.9162
vn -0.1244 -0.6032 -0.7879
vn 0.1013 -0.8701 -0.4823
vn 0.2185 -0.9568 -0.1920
vn 0.2009 -0.9662 -0.1617
vn 0.2049 -0.9513 -0.2302
vn 0.0993 -0.8695 -0.4839
vn -0.1381 -0.5957 -0.7913
vn 0.2361 -0.9370 -0.2574
vn 0.1912 -0.9685 -0.1598
vn 0.1815 -0.9660 -0.1843
vn 0.2067 -0.9624 -0.1763
vn 0.2322 -0.9566 -0.1763
vn 0.2711 -0.9408 -0.2037
vn 0.2692 -0.9359 -0.2271
vn 0.3466 -0.9160 -0.2018
vn 0.3650 -0.9099 -0.1969
vn 0.3446 -0.9295 -0.1315
vn 0.0944 -0.8774 -0.4703
vn 0.2673 -0.9508 -0.1568
vn 0.0857 -0.8809 -0.4655
vn -0.1410 -0.5769 -0.8046
vn -0.2669 -0.2758 -0.9234
vn 0.2439 -0.9626 -0.1178
vn 0.0827 -0.8744 -0.4781
vn -0.1377 -0.5581 -0.8182
vn -0.2582 -0.2456 -0.9343
vn -0.2681 -0.1168 -0.9563
vn -0.1488 -0.1656 -0.9749
vn -0.1420 -0.0220 -0.9896
vn -0.0415 -0.4987 -0.8658
vn 0.1824 -0.8299 -0.5272
vn 0.1716 -0.0044 -0.9852
vn 0.2440 -0.3367 -0.9095
vn 0.3405 -0.9232 -0.1783
vn 0.4499 -0.6421 -0.6207
vn 0.6337 -0.2154 -0.7430
vn 0.5907 0.1548 -0.7919
vn 0.5613 0.2847 -0.7771
vn 0.1656 0.1336 -0.9771
vn 0.5783 0.2703 -0.7698
vn 0.1902 0.1411 -0.9715
vn 0.5915 0.2652 -0.7614
vn -0.1008 0.0161 -0.9948
vn 0.2078 0.1294 -0.9696
vn 0.2226 0.1227 -0.9672
vn 0.6366 0.2389 -0.7332
vn -0.0872 0.0279 -0.9958
vn -0.2474 -0.0698 -0.9664
vn 0.2301 0.1236 -0.9653
vn 0.6270 0.1881 -0.7559
vn -0.1039 0.0220 -0.9943
vn -0.3236 -0.1060 -0.9402
vn -0.2396 -0.0268 -0.9705
vn -0.2690 0.0035 -0.9631
vn -0.3648 -0.0865 -0.9270
vn -0.3307 -0.0728 -0.9409
vn -0.3353 -0.0044 -0.9421
vn -0.3805 -0.0347 -0.9241
vn -0.4037 -0.0405 -0.9140
vn -0.4105 0.0611 -0.9098
vn -0.4575 0.0533 -0.8876
vn -0.4039 0.0532 -0.9133
vn -0.3658 0.0367 -0.9300
vn -0.3442 0.0494 -0.9376
vn -0.3843 0.0494 -0.9219
vn -0.4674 0.0142 -0.8839
vn -0.4125 0.0142 -0.9109
vn -0.4254 0.1295 -0.8957
vn -0.3724 0.1177 -0.9206
vn -0.3999 0.0787 -0.9132
vn -0.4732 0.0601 -0.8789
vn -0.4829 0.4304 -0.7626
vn -0.4839 0.4363 -0.7587
vn -0.4674 0.4334 -0.7705
vn -0.4741 0.4157 -0.7762
vn -0.4642 0.7692 -0.4391
vn -0.4720 0.7633 -0.4411
vn -0.4632 0.7642 -0.4488
vn -0.4593 0.7671 -0.4478
vn -0.4632 0.7642 -0.4489
vn -0.3794 0.9161 -0.1295
vn -0.4468 0.7715 -0.4530
vn -0.3812 0.9122 -0.1500
vn -0.3940 0.9061 -0.1540
vn -0.3706 0.9199 -0.1286
vn -0.3248 0.9455 0.0229
vn -0.3149 0.9481 0.0434
vn -0.3766 0.9182 -0.1227
vn -0.3315 0.9434 0.0102
vn -0.3333 0.9428 -0.0025
vn -0.3763 0.9186 -0.1207
vn -0.2963 0.9550 0.0141
vn -0.4593 0.7711 -0.4410
vn -0.5045 0.4119 -0.7588
vn -0.2592 0.9648 0.0453
vn -0.3443 0.9289 -0.1364
vn -0.4497 0.7772 -0.4402
vn -0.4457 0.0835 -0.8913
vn -0.3913 -0.0014 -0.9203
vn -0.4223 0.0982 -0.9011
vn -0.3274 -0.0083 -0.9448
vn -0.3734 -0.0152 -0.9275
vn -0.1272 0.0171 -0.9917
vn 0.2196 0.1129 -0.9690
vn 0.5683 0.2887 -0.7705
vn -0.1606 0.0269 -0.9867
vn 0.1433 0.2009 -0.9691
vn -0.4156 0.1129 -0.9025
vn -0.2494 0.1431 -0.9578
vn -0.3608 0.4646 -0.8086
vn 0.2537 -0.9542 -0.1588
vn 0.2370 -0.9662 -0.1011
vn 0.3231 -0.9413 -0.0983
vn -0.3423 -0.0962 -0.9347
vn -0.2767 -0.0796 -0.9577
vn -0.3150 -0.0698 -0.9465
vn -0.3297 -0.0640 -0.9419
vn 0.1208 -0.9810 -0.1519
vn -0.3383 -0.1841 -0.9228
vn -0.3196 -0.1743 -0.9314
vn -0.2884 -0.1059 -0.9516
vn -0.2788 -0.1695 -0.9453
vn -0.2367 -0.0893 -0.9675
vn -0.2075 -0.2849 -0.9358
vn -0.3334 -0.1323 -0.9334
vn -0.1761 -0.2622 -0.9488
vn -0.0911 -0.6189 -0.7802
vn -0.2592 -0.1157 -0.9589
vn -0.3074 -0.1286 -0.9428
vn -0.2836 -0.2027 -0.9373
vn -0.0765 -0.5887 -0.8047
vn 0.1131 -0.9153 -0.3866
vn -0.2269 -0.2876 -0.9305
vn 0.0378 -0.9118 -0.4089
vn 0.1688 -0.9758 -0.1393
vn -0.0999 -0.5719 -0.8142
vn -0.2690 -0.3258 -0.9064
vn 0.0163 -0.9844 -0.1755
vn 0.0183 -0.8688 -0.4948
vn 0.0485 -0.9869 -0.1539
vn 0.0515 -0.9875 -0.1491
vn 0.0417 -0.9912 -0.1256
vn 0.0935 -0.9677 -0.2341
vn -0.1419 -0.5532 -0.8209
vn 0.0270 -0.8211 -0.5701
vn -0.2241 -0.3376 -0.9142
vn -0.1478 -0.5211 -0.8406
vn 0.0114 -0.8062 -0.5915
vn 0.1999 -0.9457 -0.2564
vn 0.2772 -0.9599 -0.0416
vn 0.2498 -0.9658 -0.0689
vn 0.3318 -0.9422 -0.0465
vn 0.2234 -0.9744 -0.0269
vn 0.2214 -0.9724 -0.0738
vn 0.2723 -0.9601 -0.0641
vn 0.2146 -0.9732 -0.0826
vn 0.2741 -0.9546 -0.1168
vn 0.2498 -0.9674 -0.0409
vn 0.1590 -0.9863 -0.0436
vn 0.1306 -0.9844 -0.1178
vn 0.2117 -0.9772 -0.0191
vn 0.2644 -0.9626 -0.0592
vn 0.2332 -0.9693 -0.0777
vn 0.2751 -0.9594 -0.0621
vn 0.2830 -0.9490 -0.1393
vn 0.2352 -0.9716 -0.0250
vn 0.2830 -0.9570 -0.0641
vn 0.2469 -0.9690 -0.0093
vn 0.2741 -0.9614 -0.0230
vn 0.2948 -0.9551 -0.0299
vn 0.2889 -0.9569 -0.0309
vn 0.3329 -0.9423 -0.0367
vn 0.3220 -0.9449 -0.0592
vn 0.2977 -0.9540 -0.0347
vn 0.3104 -0.9501 -0.0298
vn 0.2517 -0.9673 -0.0308
vn 0.3466 -0.9376 -0.0260
vn 0.2284 -0.9708 -0.0729
vn 0.3437 -0.9385 -0.0328
vn 0.3486 -0.9358 -0.0533
vn 0.2558 -0.9631 -0.0836
vn 0.3074 -0.9479 -0.0836
vn 0.1960 -0.9491 -0.2467
vn 0.2626 -0.9602 -0.0953
vn 0.2889 -0.9569 -0.0299
vn 0.3309 -0.9434 -0.0219
vn 0.3484 -0.9363 -0.0445
vn 0.3193 -0.9476 0.0102
vn 0.3574 -0.9337 -0.0221
vn 0.3193 -0.9475 -0.0191
vn 0.3476 -0.9376 -0.0074
vn 0.3418 -0.9367 -0.0758
vn 0.3427 -0.9375 -0.0612
vn 0.3298 -0.9411 -0.0748
vn 0.3308 -0.9419 -0.0591
vn 0.3514 -0.9335 -0.0709
vn 0.3428 -0.9368 -0.0699
vn 0.3192 -0.9452 -0.0689
vn 0.3798 -0.9208 0.0883
vn 0.3903 -0.9184 0.0639
vn 0.3690 -0.9285 0.0414
vn 0.3289 -0.9441 0.0200
vn 0.3963 -0.9040 0.1606
vn 0.4060 -0.8980 0.1694
vn 0.4559 -0.7976 0.3950
vn 0.4568 -0.7897 0.4096
vn 0.4687 -0.7958 0.3834
vn 0.3807 -0.9139 0.1411
vn 0.4618 -0.7772 0.4273
vn 0.3621 -0.9206 0.1460
vn 0.3757 -0.9156 0.1430
vn 0.4606 -0.7612 0.4564
vn 0.3417 -0.9394 -0.0260
vn 0.3974 -0.9111 0.1098
vn 0.4726 -0.7646 0.4381
vn 0.4059 -0.9096 0.0883
vn 0.4607 -0.7858 0.4126
vn 0.3582 -0.9323 -0.0494
vn 0.3337 -0.9401 -0.0699
vn 0.4005 -0.9123 0.0854
vn 0.3270 -0.9442 -0.0396
vn 0.4541 -0.8037 0.3844
vn 0.3377 -0.9412 0.0082
vn 0.3310 -0.9435 -0.0172
vn 0.3298 -0.9440 -0.0064
vn 0.3378 -0.9405 -0.0367
vn 0.3290 -0.9443 0.0073
vn 0.3310 -0.9436 -0.0103
vn 0.3357 -0.9420 0.0063
vn 0.3515 -0.9357 -0.0299
vn 0.3640 -0.9313 -0.0103
vn 0.3964 -0.9151 0.0737
vn 0.4589 -0.8124 0.3599
vn 0.3767 -0.9263 -0.0093
vn 0.3845 -0.9205 0.0698
vn 0.4598 -0.8161 0.3501
vn 0.4022 -0.9149 0.0346
vn 0.3660 -0.9303 -0.0230
vn 0.4637 -0.8220 0.3305
vn 0.3952 -0.9185 -0.0152
vn 0.4570 -0.8379 0.2984
vn 0.4100 -0.9080 -0.0866
vn 0.3525 -0.9329 -0.0739
vn 0.3620 -0.9321 0.0072
vn 0.3818 -0.9181 -0.1061
vn 0.4209 -0.9044 -0.0700
vn 0.3436 -0.9374 0.0561
vn 0.4109 -0.8512 0.3266
vn 0.2801 -0.9597 -0.0220
vn 0.4128 -0.9097 -0.0455
vn 0.3034 -0.9495 0.0795
vn 0.4229 -0.8264 0.3718
vn 0.3084 -0.9509 0.0258
vn 0.2517 -0.9675 0.0229
vn 0.2800 -0.9595 0.0307
vn 0.3103 -0.9507 0.0023
vn 0.2772 -0.9531 0.1215
vn 0.4274 -0.8060 0.4095
vn 0.3064 -0.9362 0.1723
vn 0.4274 -0.7925 0.4350
vn 0.1902 -0.9813 0.0278
vn 0.3603 -0.9328 -0.0064
vn 0.3447 -0.9222 0.1754
vn 0.2049 -0.9759 0.0747
vn 0.2029 -0.9792 -0.0015
vn 0.3378 -0.9279 0.1578
vn 0.4726 -0.7440 0.4723
vn 0.3144 -0.9464 0.0747
vn 0.1248 -0.9922 0.0053
vn 0.3641 -0.9198 0.1460
vn 0.4822 -0.7360 0.4751
vn 0.3279 -0.9431 0.0551
vn 0.2421 -0.9701 0.0190
vn 0.4082 -0.9035 0.1304
vn 0.4775 -0.7500 0.4577
vn 0.3220 -0.9463 0.0288
vn 0.3329 -0.9423 0.0346
vn -0.3647 0.9276 0.0805
vn -0.1704 0.9710 0.1675
vn -0.2573 0.9601 0.1099
vn -0.1673 0.9760 0.1391
vn -0.3941 0.9170 0.0620
vn -0.3961 0.9163 0.0591
vn -0.3863 0.9162 0.1060
vn -0.3687 0.9270 0.0689
vn -0.3977 0.9155 0.0600
vn -0.4107 0.9092 0.0688
vn -0.3861 0.9218 0.0335
vn -0.3471 0.9353 0.0688
vn -0.1429 0.9824 0.1206
vn -0.3590 0.9319 0.0512
vn -0.3696 0.9228 0.1089
vn -0.3823 0.9209 0.0766
vn -0.3451 0.9285 0.1372
vn -0.3882 0.9190 0.0688
vn -0.2660 0.9334 0.2407
vn -0.3326 0.9320 0.1441
vn -0.3589 0.9318 0.0541
vn -0.2494 0.9274 0.2788
vn -0.3284 0.9341 0.1400
vn -0.3658 0.9291 0.0541
vn -0.3051 0.9433 0.1304
vn -0.2474 0.9176 0.3110
vn -0.2329 0.9152 0.3288
vn -0.2114 0.9191 0.3326
vn -0.2796 0.9547 0.1020
vn -0.0726 0.8219 0.5650
vn -0.1987 0.9240 0.3268
vn -0.2747 0.9586 0.0746
vn -0.0570 0.8085 0.5857
vn -0.0423 0.7974 0.6020
vn -0.1850 0.9318 0.3122
vn -0.2710 0.9612 0.0512
vn -0.0354 0.7917 0.6099
vn -0.1929 0.9359 0.2946
vn -0.2954 0.9544 0.0434
vn -0.0345 0.7947 0.6060
vn 0.1912 0.4794 0.8565
vn 0.1824 0.4744 0.8612
vn 0.1971 0.4910 0.8486
vn 0.3016 0.2545 0.9188
vn 0.1931 0.5143 0.8356
vn 0.3172 0.2642 0.9108
vn 0.3309 0.2731 0.9033
vn 0.1793 0.5307 0.8284
vn 0.3016 0.2477 0.9207
vn -0.0716 0.8376 0.5416
vn -0.0755 0.8502 0.5210
vn 0.1697 0.5192 0.8376
vn 0.2929 0.2311 0.9278
vn 0.2946 0.2105 0.9321
vn 0.1873 0.5241 0.8308
vn -0.1038 0.8520 0.5131
vn 0.3494 0.2701 0.8972
vn 0.3622 0.1920 0.9121
vn 0.3493 0.2867 0.8921
vn 0.2936 0.2212 0.9300
vn 0.3427 0.2409 0.9081
vn 0.2772 0.1354 0.9512
vn 0.2841 0.1901 0.9397
vn 0.3270 0.2408 0.9138
vn 0.3318 0.2349 0.9136
vn 0.3103 0.2369 0.9206
vn 0.3221 0.2429 0.9150
vn 0.3260 0.1441 0.9343
vn 0.2858 0.2495 0.9252
vn 0.3154 0.2195 0.9232
vn 0.1736 0.4724 0.8641
vn 0.2801 0.2467 0.9277
vn -0.0502 0.7989 0.5994
vn 0.1502 0.4745 0.8673
vn -0.2133 0.9375 0.2750
vn -0.0658 0.8057 0.5887
vn -0.2210 0.9410 0.2563
vn -0.3099 0.9488 0.0609
vn -0.2337 0.9410 0.2446
vn -0.0706 0.8180 0.5708
vn 0.1053 -0.9739 -0.2009
vn 0.1071 -0.8294 -0.5483
vn 0.1433 -0.9599 -0.2409
vn 0.0876 -0.9961 -0.0045
vn -0.0540 -0.5280 -0.8475
vn -0.0198 -0.5094 -0.8603
vn 0.0984 -0.8416 -0.5310
vn -0.1488 -0.1597 -0.9759
vn -0.1234 -0.1616 -0.9791
vn -0.1254 -0.1314 -0.9834
vn -0.1585 -0.0317 -0.9869
vn -0.1899 -0.0161 -0.9817
vn -0.1448 -0.0581 -0.9878
vn -0.1654 -0.0386 -0.9855
vn -0.1605 -0.0473 -0.9859
vn -0.1752 -0.1627 -0.9710
vn -0.2094 -0.0513 -0.9765
vn -0.2397 -0.0767 -0.9678
vn -0.0697 -0.5380 -0.8401
vn -0.2162 -0.1939 -0.9569
vn -0.3218 -0.1158 -0.9397
vn -0.3412 -0.1636 -0.9256
vn -0.2367 -0.1431 -0.9610
vn -0.2924 -0.0874 -0.9523
vn -0.2924 -0.0982 -0.9512
vn -0.2142 -0.1196 -0.9694
vn -0.3001 -0.1147 -0.9470
vn -0.2553 -0.0630 -0.9648
vn -0.2846 -0.0522 -0.9572
vn -0.2240 -0.2369 -0.9453
vn -0.2857 -0.1060 -0.9525
vn -0.3090 -0.0737 -0.9482
vn -0.2436 -0.2790 -0.9289
vn -0.0784 -0.5459 -0.8342
vn -0.0784 -0.5611 -0.8240
vn 0.0681 -0.8594 -0.5067
vn 0.0780 -0.8633 -0.4987
vn 0.1882 -0.9429 -0.2750
vn 0.1736 -0.9527 -0.2496
vn 0.1081 -0.9931 -0.0455
vn 0.1970 -0.9741 -0.1109
vn 0.2459 -0.9606 -0.1295
vn 0.1903 -0.9582 -0.2136
vn 0.0838 -0.8671 -0.4910
vn -0.0922 -0.5928 -0.8001
vn 0.1111 -0.8753 -0.4707
vn -0.2583 -0.2946 -0.9201
vn -0.1000 -0.6122 -0.7843
vn -0.3178 -0.0610 -0.9462
vn 0.1248 -0.8822 -0.4541
vn -0.2378 -0.2965 -0.9250
vn -0.0863 -0.6257 -0.7753
vn -0.2348 -0.2994 -0.9248
vn 0.1120 -0.8943 -0.4333
vn -0.0912 -0.6308 -0.7706
vn 0.2479 -0.9520 -0.1794
vn 0.1267 -0.8996 -0.4179
vn 0.2724 -0.9533 -0.1305
vn -0.3343 0.9400 0.0688
vn -0.2328 0.9676 0.0981
vn -0.3979 0.9129 0.0913
vn -0.4204 0.9071 0.0209
vn -0.4204 0.9071 0.0200
vn -0.4108 0.9065 0.0972
vn -0.2915 0.9514 0.0991
vn -0.2652 0.9613 0.0747
vn -0.0863 0.9797 0.1812
vn -0.1127 0.9700 0.2154
vn -0.3413 0.9364 0.0815
vn -0.2907 0.9465 0.1399
vn -0.0550 0.9754 0.2134
vn -0.1283 0.9687 0.2124
vn -0.0901 0.9907 0.1020
vn -0.1997 0.9788 0.0463
vn -0.2729 0.9608 0.0492
vn -0.1624 0.9821 0.0951
vn -0.2779 0.9574 0.0786
vn -0.2416 0.9678 0.0708
vn -0.0530 0.9831 0.1752
vn -0.1850 0.9758 0.1167
vn -0.1039 0.9749 0.1968
vn -0.1078 0.9764 0.1870
vn -0.2924 0.9480 0.1254
vn -0.1448 0.9685 0.2026
vn -0.2171 0.9653 0.1449
vn -0.0579 0.8994 0.4333
vn -0.0677 0.8915 0.4479
vn 0.0612 0.6141 0.7869
vn -0.0648 0.8956 0.4401
vn -0.1430 0.9845 0.1020
vn 0.0711 0.6092 0.7898
vn 0.0798 0.6142 0.7851
vn 0.1541 0.3230 0.9338
vn 0.1482 0.2975 0.9431
vn 0.1668 0.2535 0.9528
vn 0.1571 0.0122 0.9875
vn 0.1238 0.0640 0.9902
vn 0.0857 -0.0679 0.9940
vn 0.0906 -0.0015 0.9959
vn 0.1423 0.0064 0.9898
vn -0.1557 -0.5730 -0.8046
vn -0.2015 -0.5434 -0.8150
vn -0.2358 -0.4969 -0.8351
vn -0.2054 -0.4722 -0.8572
vn -0.3501 -0.2213 -0.9102
vn -0.1772 -0.4862 -0.8557
vn -0.2581 -0.2641 -0.9293
vn -0.1693 -0.5064 -0.8455
vn -0.2748 -0.2858 -0.9180
vn -0.2387 -0.2448 -0.9397
vn -0.2641 -0.2740 -0.9248
vn -0.1694 -0.5150 -0.8403
vn -0.2621 -0.2946 -0.9190
vn -0.3470 -0.2388 -0.9069
vn -0.2650 -0.1998 -0.9433
vn -0.2671 -0.2262 -0.9368
vn -0.4427 -0.2505 -0.8610
vn -0.2573 -0.1705 -0.9512
vn -0.2544 -0.1373 -0.9573
vn -0.4254 -0.2154 -0.8790
vn -0.2386 -0.1275 -0.9627
vn -0.4096 -0.1744 -0.8954
vn -0.2505 -0.1304 -0.9593
vn -0.4242 -0.1079 -0.8991
vn -0.2797 -0.0786 -0.9569
vn -0.2797 -0.1245 -0.9520
vn -0.4038 -0.1773 -0.8975
vn -0.3061 -0.1714 -0.9364
vn -0.1409 -0.1186 -0.9829
vn -0.3216 -0.1138 -0.9400
vn -0.3628 -0.1128 -0.9250
vn -0.3130 -0.0220 -0.9495
vn -0.1409 -0.0220 -0.9898
vn -0.2720 0.0191 -0.9621
vn -0.3040 0.0425 -0.9517
vn -0.1791 0.0924 -0.9795
vn -0.3433 -0.0327 -0.9387
vn -0.2377 0.1100 -0.9651
vn -0.4350 -0.0434 -0.8994
vn -0.3873 0.1031 -0.9162
vn -0.4586 0.0572 -0.8868
vn -0.3442 0.1246 -0.9306
vn -0.3051 0.0992 -0.9471
vn -0.2699 0.0230 -0.9626
vn -0.4154 0.2242 -0.8816
vn -0.3999 0.1910 -0.8964
vn -0.3910 0.1255 -0.9118
vn -0.2349 0.0611 -0.9701
vn -0.4586 0.1979 -0.8663
vn -0.4673 0.4265 -0.7744
vn -0.4791 0.4344 -0.7627
vn -0.4741 0.4137 -0.7772
vn -0.4868 0.7440 -0.4578
vn -0.4743 0.7384 -0.4794
vn -0.4839 0.4079 -0.7743
vn -0.4574 0.7497 -0.4782
vn -0.4858 0.7624 -0.4274
vn -0.3902 0.8996 -0.1960
vn -0.4222 0.8942 -0.1490
vn -0.4263 0.8974 -0.1139
vn -0.3706 0.9267 0.0620
vn -0.3559 0.9246 0.1362
vn -0.3226 0.9392 0.1176
vn -0.3266 0.9111 0.2515
vn -0.4195 0.9025 -0.0973
vn -0.3305 0.9422 0.0551
vn -0.4927 0.4314 -0.7558
vn -0.4625 0.1696 -0.8703
vn -0.4839 0.4293 -0.7626
vn -0.4734 0.7796 -0.4101
vn -0.4125 0.9080 -0.0729
vn -0.4390 0.0572 -0.8966
vn -0.4378 0.1724 -0.8824
vn -0.4801 0.4296 -0.7648
vn -0.4644 0.7890 -0.4022
vn -0.4028 -0.0171 -0.9151
vn -0.4077 0.0738 -0.9101
vn -0.4487 0.1568 -0.8798
vn -0.4976 0.4167 -0.7607
vn -0.3637 -0.1040 -0.9257
vn -0.3872 -0.0083 -0.9220
vn -0.4499 0.0455 -0.8919
vn -0.3119 -0.1870 -0.9315
vn -0.3578 -0.0991 -0.9285
vn -0.3218 -0.1568 -0.9337
vn -0.4468 -0.0415 -0.8937
vn -0.4478 -0.1528 -0.8810
vn -0.4634 -0.1822 -0.8672
vn -0.3883 -0.1490 -0.9094
vn -0.3824 -0.1695 -0.9083
vn -0.4204 -0.0434 -0.9063
vn -0.4497 0.0367 -0.8925
vn -0.3139 -0.1509 -0.9374
vn -0.2935 -0.1392 -0.9458
vn -0.3706 -0.0072 -0.9288
vn -0.4361 0.0660 -0.8975
vn -0.2767 -0.1890 -0.9422
vn -0.2904 -0.1226 -0.9490
vn -0.3676 0.0288 -0.9295
vn -0.4389 0.1138 -0.8913
vn -0.0491 0.0171 -0.9986
vn -0.0559 -0.0356 -0.9978
vn -0.0784 0.0249 -0.9966
vn -0.0355 0.0542 -0.9979
vn -0.0619 -0.1255 -0.9902
vn -0.0560 -0.1128 -0.9920
vn -0.0433 -0.0464 -0.9980
vn 0.0544 0.0298 -0.9981
vn -0.0697 -0.2046 -0.9764
vn -0.0824 -0.1890 -0.9785
vn -0.0580 -0.0884 -0.9944
vn -0.0804 -0.1743 -0.9814
vn 0.0066 -0.0210 -0.9998
vn -0.0472 -0.0581 -0.9972
vn -0.0735 -0.1638 -0.9838
vn -0.0687 -0.4645 -0.8829
vn -0.0511 -0.0307 -0.9982
vn -0.0345 -0.8181 -0.5740
vn -0.0726 -0.1519 -0.9857
vn -0.0707 -0.4606 -0.8848
vn 0.0192 -0.9692 -0.2457
vn -0.0276 -0.8251 -0.5643
vn 0.0691 -0.9973 -0.0250
vn 0.0515 -0.9779 -0.2027
vn 0.1208 -0.9927 0.0034
vn -0.0092 -0.8391 -0.5439
vn -0.0794 -0.4627 -0.8830
vn -0.0872 -0.1343 -0.9871
vn 0.0857 -0.9851 -0.1490
vn -0.0667 -0.0132 -0.9977
vn -0.0882 -0.4429 -0.8922
vn -0.0980 -0.1001 -0.9901
vn -0.0784 0.0259 -0.9966
vn -0.0716 0.0005 -0.9974
vn -0.0100 0.0230 -0.9997
vn -0.0863 -0.4265 -0.9004
vn 0.0241 0.0464 -0.9986
vn -0.1283 0.0240 -0.9914
vn -0.1106 -0.0229 -0.9936
vn -0.1058 -0.0698 -0.9919
vn -0.0961 0.0054 -0.9954
vn -0.1380 -0.0571 -0.9888
vn -0.1039 -0.0669 -0.9923
vn -0.2201 -0.0434 -0.9745
vn -0.1244 0.9750 -0.1843
vn -0.0159 0.9988 -0.0465
vn -0.1116 0.9937 0.0121
vn -0.0697 0.9810 -0.1812
vn -0.1127 0.8263 -0.5518
vn -0.1878 0.9822 -0.0006
vn -0.1899 0.9769 0.0982
vn -0.1575 0.9654 -0.2076
vn -0.2543 0.9629 0.0903
vn -0.2494 0.9500 0.1880
vn -0.1928 0.9795 -0.0582
vn -0.0999 0.9948 -0.0191
vn -0.1595 0.9861 0.0473
vn -0.2270 0.9621 0.1509
vn -0.2064 0.9606 0.1860
vn -0.0061 0.9986 0.0522
vn -0.0833 0.9958 -0.0377
vn -0.0315 0.9995 -0.0084
vn 0.0622 0.9939 -0.0914
vn -0.1889 0.9631 0.1919
vn -0.0452 0.9986 -0.0269
vn 0.1266 0.9878 0.0903
vn -0.0267 0.9966 0.0785
vn 0.0329 0.9963 -0.0797
vn -0.2006 0.9561 0.2134
vn 0.1110 0.9781 0.1762
vn -0.0169 0.9986 0.0492
vn 0.0632 0.9825 0.1753
vn -0.0892 0.9834 0.1577
vn -0.1585 0.9675 0.1968
vn -0.0667 0.9860 0.1528
vn -0.2347 0.9499 0.2065
vn -0.0794 0.9927 0.0903
vn -0.1136 0.9932 0.0268
vn -0.2456 0.9572 0.1529
vn -0.1556 0.9732 0.1694
vn 0.0261 0.9990 0.0366
vn 0.0701 0.9952 0.0688
vn -0.0237 0.9997 0.0082
vn 0.0085 0.9990 0.0434
vn -0.1039 0.9944 0.0170
vn -0.0023 0.9264 0.3764
vn -0.0062 0.9082 0.4186
vn 0.0310 0.5707 0.8206
vn 0.1512 0.2477 0.9570
vn 0.2157 0.0846 0.9728
vn 0.1873 0.0582 0.9806
vn 0.1716 0.0435 0.9842
vn 0.1042 0.0376 0.9938
vn 0.1774 0.0072 0.9841
vn 0.2860 -0.0249 0.9579
vn -0.2797 0.9590 0.0444
vn -0.3030 0.9517 0.0493
vn -0.2572 0.9646 -0.0592
vn -0.2923 0.9546 -0.0572
vn -0.2572 0.9647 -0.0562
vn -0.3286 0.9444 0.0131
vn -0.2806 0.9596 -0.0191
vn -0.2523 0.9617 -0.1070
vn -0.2749 0.9534 -0.1247
vn -0.2974 0.9543 -0.0309
vn -0.2348 0.9708 -0.0494
vn -0.2630 0.9643 -0.0318
vn -0.2651 0.9629 -0.0504
vn -0.2415 0.9703 0.0151
vn -0.2583 0.9660 0.0121
vn -0.2924 0.9558 -0.0308
vn -0.3384 0.9307 0.1392
vn -0.4000 0.8908 0.2154
vn -0.2904 0.9529 0.0874
vn -0.3139 0.9491 0.0249
vn -0.2718 0.9614 -0.0425
vn -0.3079 0.9507 -0.0367
vn -0.3099 0.9508 0.0063
vn -0.3021 0.9529 -0.0260
vn -0.2933 0.9557 -0.0250
vn -0.2895 0.9571 -0.0113
vn -0.3314 0.9429 0.0336
vn -0.3510 0.9343 0.0619
vn -0.3383 0.9374 0.0825
vn -0.3481 0.9344 0.0756
vn -0.3677 0.9190 0.1421
vn -0.3695 0.9236 0.1020
vn -0.4223 0.8973 0.1284
vn -0.4017 0.8922 0.2065
vn -0.4232 0.9010 0.0951
vn -0.3637 0.9158 0.1704
vn -0.4020 0.9104 0.0981
vn -0.3766 0.9220 0.0901
vn -0.3970 0.9150 0.0717
vn -0.2749 0.9476 0.1626
vn -0.4126 0.9072 0.0815
vn -0.3930 0.9129 0.1108
vn 0.0397 -0.2163 -0.9755
vn 0.0105 -0.5760 -0.8174
vn 0.0036 -0.8787 -0.4773
vn 0.0212 -0.2037 -0.9788
vn 0.0466 -0.0552 -0.9974
vn -0.0169 -0.5556 -0.8313
vn 0.0095 -0.9678 -0.2517
vn -0.0335 -0.8868 -0.4609
vn -0.0315 -0.9634 -0.2662
vn -0.0511 -0.9799 -0.1929
vn -0.0452 -0.8843 -0.4647
vn -0.0345 -0.9685 -0.2467
vn -0.0404 -0.9960 -0.0797
vn -0.0198 -0.9752 -0.2203
vn -0.0306 -0.8611 -0.5075
vn 0.0251 -0.9959 -0.0865
vn -0.0462 -0.9961 -0.0758
vn -0.0237 -0.9996 0.0170
vn -0.0296 -0.9934 -0.1110
vn 0.0173 -0.4694 -0.8828
vn 0.0222 -0.4928 -0.8699
vn 0.0163 -0.1714 -0.9851
vn -0.0071 -0.5242 -0.8516
vn 0.0358 -0.1626 -0.9860
vn 0.0358 -0.1763 -0.9837
vn 0.0564 -0.0444 -0.9974
vn 0.0290 -0.0474 -0.9985
vn 0.0515 -0.0337 -0.9981
vn 0.0545 -0.0259 -0.9982
vn 0.0436 -0.0317 -0.9985
vn 0.0349 -0.0103 -0.9993
vn 0.0349 -0.0288 -0.9990
vn -0.0003 -0.0591 -0.9983
vn 0.0446 -0.0180 -0.9988
vn 0.0153 -0.0210 -0.9997
vn 0.0359 -0.0435 -0.9984
vn -0.0071 -0.0171 -0.9998
vn -0.0091 -0.1852 -0.9827
vn -0.0325 -0.0835 -0.9960
vn -0.0042 -0.1968 -0.9804
vn -0.0218 -0.1108 -0.9936
vn -0.0335 -0.1246 -0.9916
vn -0.0228 -0.0523 -0.9984
vn -0.0423 -0.0503 -0.9978
vn -0.0609 -0.0268 -0.9978
vn 0.0075 0.0083 -0.9999
vn -0.0111 -0.0581 -0.9982
vn -0.0384 -0.0220 -0.9990
vn -0.0599 -0.0493 -0.9970
vn 0.0153 -0.0258 -0.9995
vn -0.0179 -0.0395 -0.9991
vn -0.0189 -0.0161 -0.9997
vn 0.0300 -0.0053 -0.9995
vn -0.0364 -0.0317 -0.9988
vn -0.0413 0.0034 -0.9991
vn -0.0218 0.0289 -0.9993
vn -0.2279 0.9454 0.2330
vn -0.2984 0.9521 0.0669
vn -0.3384 0.9404 0.0336
vn -0.3217 0.9451 0.0580
vn -0.3315 0.9434 0.0112
vn -0.3138 0.9489 0.0336
vn -0.3393 0.9405 0.0199
vn -0.3225 0.9447 0.0590
vn -0.3472 0.9348 0.0747
vn -0.3187 0.9478 0.0082
vn -0.3668 0.9300 0.0249
vn -0.3228 0.9464 0.0121
vn -0.3304 0.9381 0.1039
vn -0.3256 0.9440 0.0532
vn -0.3157 0.9487 -0.0191
vn -0.3608 0.9287 0.0854
vn -0.3373 0.9274 0.1616
vn -0.3373 0.9294 0.1499
vn -0.3159 0.9406 0.1245
vn -0.3326 0.9385 0.0923
vn -0.2962 0.9497 0.1020
vn -0.3999 0.9083 -0.1227
vn -0.3491 0.9268 0.1382
vn -0.4486 0.7751 -0.4450
vn -0.3880 0.9185 -0.0768
vn -0.4556 0.7792 -0.4305
vn -0.4574 0.7877 -0.4127
vn -0.3774 0.9247 -0.0494
vn -0.3627 0.9294 -0.0680
vn -0.3218 0.9385 0.1255
vn -0.3247 0.9288 0.1783
vn -0.3482 0.9329 0.0923
vn -0.3871 0.9148 0.1156
vn -0.4232 0.9039 0.0619
vn -0.3432 0.9217 0.1811
vn -0.4214 0.8995 0.1157
vn -0.4029 0.9112 0.0864
vn -0.3110 0.9454 0.0971
vn -0.2250 0.9677 0.1138
vn -0.1557 0.9817 0.1099
vn -0.1438 0.9828 0.1157
vn -0.1420 0.9847 0.1011
vn -0.1977 0.9757 0.0942
vn -0.2943 0.9527 0.0756
vn -0.3111 0.9486 0.0590
vn -0.4097 0.9121 0.0180
vn -0.4663 0.8846 -0.0074
vn -0.4076 0.9128 0.0248
vn -0.4771 0.8788 0.0073
vn -0.1938 0.9798 0.0503
vn -0.4401 0.8977 0.0219
vn -0.3235 0.9457 0.0317
vn 0.0877 0.0494 0.9949
vn 0.1677 -0.0962 0.9811
vn 0.1686 -0.0747 0.9828
vn 0.1365 -0.1256 0.9826
vn 0.1297 -0.0513 0.9902
vn 0.0544 0.1314 0.9898
vn 0.0641 -0.1128 0.9915
vn 0.1823 -0.1597 0.9702
vn 0.1325 -0.2065 0.9694
vn 0.0446 -0.2008 0.9786
vn -0.0032 -0.2182 0.9759
vn -0.0461 -0.1557 0.9867
vn -0.0726 -0.1197 0.9902
vn -0.0355 -0.1147 0.9928
vn -0.0804 -0.1558 0.9845
vn -0.0696 -0.1069 0.9918
vn 0.0271 -0.0620 0.9977
vn 0.1872 -0.0815 0.9789
vn 0.1609 -0.0581 0.9853
vn 0.0574 0.0631 0.9964
vn 0.0955 0.0210 0.9952
vn 0.0544 0.2126 0.9756
vn 0.0362 0.1969 0.9798
vn 0.0427 0.3648 0.9301
vn 0.0076 0.6387 0.7694
vn 0.0065 0.3512 0.9363
vn 0.3299 0.8407 0.4293
vn -0.0101 0.3276 0.9447
vn -0.0120 0.6191 0.7852
vn 0.0046 0.9054 0.4245
vn -0.0140 0.9181 0.3962
vn 0.0671 0.9783 0.1958
vn 0.3465 0.9071 0.2388
vn 0.0261 0.9939 0.1069
vn -0.0042 0.9268 0.3756
vn 0.1403 0.9741 0.1771
vn 0.3475 0.9131 0.2134
vn 0.1999 0.9751 0.0961
vn 0.0994 0.9913 0.0864
vn 0.0222 0.9984 0.0512
vn 0.1432 0.9877 0.0619
vn 0.1033 0.9941 -0.0328
vn 0.0671 0.9977 0.0004
vn 0.1072 0.9933 0.0434
vn -0.0208 0.9346 0.3551
vn -0.0384 0.9976 0.0580
vn -0.0990 0.9951 0.0063
vn 0.0045 0.9377 0.3473
vn -0.0228 0.6229 0.7820
vn -0.0208 0.6348 0.7724
vn 0.0163 0.2829 0.9590
vn 0.0427 0.0132 0.9990
vn 0.0280 0.2398 0.9704
vn 0.0417 0.0416 0.9983
vn 0.0447 0.2067 0.9774
vn 0.0095 0.6403 0.7681
vn 0.0143 0.6202 0.7843
vn 0.0026 0.6082 0.7938
vn 0.0056 0.9341 0.3569
vn -0.0286 0.9311 0.3637
vn -0.0188 0.9238 0.3824
vn -0.0111 0.9210 0.3893
vn -0.0423 0.9979 0.0493
vn 0.0017 0.9952 0.0981
vn -0.0472 0.9978 0.0473
vn -0.0013 0.9999 0.0170
vn 0.0124 0.9879 0.1547
vn 0.0837 0.9901 0.1128
vn -0.0335 0.9915 0.1255
vn 0.0212 0.9863 0.1636
vn -0.1175 0.9872 0.1079
vn 0.0231 0.9962 0.0835
vn -0.1771 0.9813 0.0756
vn -0.1468 0.9881 0.0463
vn 0.0290 0.9985 0.0463
vn -0.1772 0.9816 0.0717
vn -0.1458 0.9842 0.1001
vn 0.0827 0.9946 0.0629
vn 0.0046 0.9972 0.0747
vn 0.0329 0.9994 -0.0074
vn -0.0364 0.9979 0.0541
vn -0.1106 0.9888 0.1000
vn -0.0804 0.9957 0.0463
vn -0.0511 0.9976 0.0463
vn -0.1409 0.9889 0.0473
vn -0.1048 0.9942 0.0229
vn -0.0657 0.9978 -0.0094
vn -0.0179 0.9998 -0.0074
vn -0.0267 0.9994 0.0210
vn -0.0130 0.9999 -0.0084
vn 0.0242 0.9993 0.0278
vn 0.0319 0.9993 -0.0201
vn -0.0101 0.9997 0.0229
vn 0.0535 0.9974 -0.0475
vn 0.0290 0.9996 -0.0016
vn -0.0219 0.9918 -0.1256
vn 0.0984 0.9946 -0.0337
vn 0.0574 0.9965 0.0610
vn 0.0124 0.9983 0.0561
vn -0.0061 0.9924 -0.1227
vn -0.0022 0.8657 -0.5005
vn -0.0110 0.8753 -0.4834
vn 0.0075 0.4929 -0.8700
vn -0.0209 0.8613 -0.5077
vn -0.0227 0.4879 -0.8726
vn -0.0179 0.1578 -0.9873
vn -0.0159 0.1314 -0.9912
vn -0.0082 0.9939 -0.1099
vn 0.0007 0.9970 0.0776
vn 0.0017 0.0269 -0.9996
vn -0.0560 0.0220 -0.9982
vn -0.0326 0.9970 0.0708
vn -0.0775 0.9950 0.0629
vn 0.0251 -0.0415 -0.9988
vn -0.1068 0.9933 0.0434
vn -0.0179 0.0034 -0.9998
vn 0.0183 -0.0356 -0.9992
vn 0.0290 0.0044 -0.9996
vn -0.0638 0.0249 -0.9977
vn -0.0306 0.0279 -0.9991
vn -0.0335 -0.0093 -0.9994
vn -0.0482 -0.0347 -0.9982
vn -0.1547 0.9854 0.0717
vn -0.1419 0.9811 0.1313
vn -0.0325 0.9933 0.1108
vn -0.0961 0.9953 0.0122
vn -0.1137 0.9934 0.0180
vn -0.0462 0.9968 0.0659
vn 0.0105 0.9985 0.0541
vn -0.0892 0.9957 -0.0260
vn -0.1351 0.9907 -0.0152
vn -0.0999 0.9931 0.0610
vn 0.0173 0.9932 0.1147
vn -0.1283 0.9905 0.0503
vn -0.1303 0.9915 -0.0054
vn -0.3209 0.9466 0.0307
vn -0.0423 0.9991 -0.0025
vn -0.1165 0.9932 0.0073
vn -0.2035 0.9746 0.0932
vn -0.1087 0.9848 0.1352
vn -0.1937 0.9792 0.0600
vn -0.2045 0.9777 0.0473
vn -0.1810 0.9774 0.1089
vn -0.1205 0.9728 0.1978
vn -0.1263 0.9893 0.0727
vn -0.1576 0.9872 -0.0231
vn -0.1380 0.9734 0.1831
vn -0.1410 0.9894 -0.0348
vn -0.1234 0.9902 -0.0650
vn -0.1859 0.9824 0.0200
vn -0.3119 -0.2222 -0.9237
vn -0.3344 -0.1362 -0.9325
vn -0.3745 0.0308 -0.9267
vn -0.4283 0.1686 -0.8878
vn -0.4685 0.1618 -0.8685
vn -0.4858 0.1246 -0.8651
vn -0.4732 0.1109 -0.8740
vn -0.4652 0.1224 -0.8767
vn -0.5220 0.3935 -0.7568
vn -0.5335 0.3706 -0.7603
vn -0.5220 0.3620 -0.7723
vn -0.4867 0.7683 -0.4157
vn -0.4662 0.7906 -0.3970
vn -0.4763 0.7824 -0.4013
vn -0.3931 0.9191 -0.0260
vn -0.3596 0.9330 0.0111
vn -0.3187 0.9479 -0.0025
vn -0.3871 0.9216 0.0287
vn -0.4136 0.9092 0.0483
vn -0.3802 0.9205 0.0903
vn -0.3236 0.9450 -0.0484
vn -0.3021 0.9507 0.0698
vn -0.2787 0.9531 0.1176
vn -0.4085 0.9127 0.0102
vn -0.4566 0.8896 -0.0064
vn -0.2125 0.9672 0.1390
vn -0.2397 0.9484 0.2076
vn -0.3783 0.8943 0.2388
vn -0.3609 0.9230 0.1333
vn -0.3179 0.9457 -0.0680
vn -0.3383 0.9187 -0.2037
vn -0.4470 0.7736 -0.4492
vn -0.3304 0.9332 -0.1412
vn -0.4517 0.7889 -0.4167
vn -0.4762 0.4109 -0.7774
vn -0.3734 0.0640 -0.9255
vn -0.2944 -0.0825 -0.9521
vn -0.3785 0.0347 -0.9250
vn -0.4594 0.4176 -0.7839
vn -0.3411 -0.1489 -0.9282
vn -0.3187 -0.0591 -0.9460
vn -0.4009 0.0416 -0.9152
vn -0.2573 0.0249 -0.9660
vn -0.3825 -0.1324 -0.9144
vn -0.3744 -0.1568 -0.9139
vn -0.4156 -0.0464 -0.9084
vn -0.1928 -0.0337 -0.9807
vn -0.4575 -0.0796 -0.8856
vn -0.4965 -0.0044 -0.8680
vn -0.4408 -0.0483 -0.8963
vn -0.4233 -0.1724 -0.8895
vn -0.4437 0.0611 -0.8941
vn -0.4313 -0.0796 -0.8987
vn -0.4008 -0.1480 -0.9041
vn -0.4467 0.0278 -0.8943
vn -0.3402 0.1607 -0.9265
vn -0.4243 0.1128 -0.8984
vn -0.3637 0.0855 -0.9276
vn -0.4235 0.0240 -0.9056
vn -0.3559 0.1275 -0.9258
vn -0.3694 0.1949 -0.9086
vn -0.3823 0.0445 -0.9230
vn -0.4037 0.0151 -0.9148
vn -0.3518 0.0855 -0.9321
vn -0.3774 0.5281 -0.7607
vn -0.4231 0.1695 -0.8901
vn -0.3482 -0.1510 -0.9252
vn -0.4115 0.2037 -0.8884
vn -0.3461 -0.1470 -0.9266
vn -0.3265 -0.2387 -0.9146
vn -0.4906 0.4058 -0.7711
vn -0.4184 0.4889 -0.7654
vn -0.5212 0.7501 -0.4071
vn -0.3675 0.5367 -0.7595
vn -0.4783 0.7923 -0.3788
vn -0.3960 0.8524 -0.3415
vn -0.3372 0.8892 -0.3092
vn -0.4301 0.8885 -0.1598
vn -0.4936 0.8562 -0.1529
vn -0.4370 0.8886 -0.1393
vn -0.2748 0.9607 -0.0386
vn -0.4388 0.8921 -0.1080
vn -0.4499 0.8724 -0.1911
vn -0.1996 0.9785 0.0512
vn -0.3557 0.9282 -0.1089
vn -0.4976 0.7558 -0.4256
vn -0.2123 0.9708 0.1118
vn -0.3999 0.9160 0.0327
vn -0.2660 0.9592 0.0961
vn -0.1283 0.9871 0.0962
vn -0.1205 0.9916 0.0473
vn -0.4105 0.9117 0.0190
vn -0.2758 0.9610 0.0190
vn -0.2818 0.9563 0.0776
vn -0.1762 0.9778 0.1138
vn -0.2104 0.9730 0.0952
vn -0.4076 0.9119 0.0483
vn -0.3550 0.9337 0.0463
vn -0.3667 0.9278 0.0688
vn -0.2963 0.9323 0.2075
vn -0.3178 0.9297 0.1861
vn -0.1214 0.8561 0.5024
vn -0.1117 0.9913 -0.0700
vn -0.1449 0.9703 -0.1939
vn -0.1234 0.9921 0.0219
vn -0.1566 0.9696 -0.1881
vn 0.0124 0.9988 -0.0474
vn -0.1430 0.9769 -0.1589
vn -0.2055 0.8065 -0.5544
vn -0.0531 0.9944 -0.0914
vn -0.0951 0.9794 -0.1783
vn -0.1615 0.9610 -0.2243
vn -0.1205 0.9684 -0.2183
vn -0.1692 0.8130 -0.5571
vn -0.1752 0.8095 -0.5604
vn -0.1889 0.8085 -0.5574
vn -0.1790 0.8129 -0.5542
vn -0.1693 0.4499 -0.8769
vn -0.1605 0.8180 -0.5524
vn -0.1742 0.4480 -0.8769
vn -0.0971 0.4558 -0.8848
vn -0.1870 0.4403 -0.8782
vn -0.1537 0.8145 -0.5595
vn -0.1879 0.4324 -0.8819
vn -0.1643 0.4292 -0.8881
vn -0.1548 0.4326 -0.8882
vn -0.2113 0.4263 -0.8796
vn -0.2358 0.0953 -0.9671
vn -0.1644 0.0611 -0.9845
vn -0.1235 0.0601 -0.9905
vn -0.1087 0.1011 -0.9889
vn -0.0159 0.0289 -0.9995
vn -0.1185 0.1529 -0.9811
vn -0.1146 0.0054 -0.9934
vn -0.2143 0.0191 -0.9766
vn -0.1644 0.1656 -0.9724
vn -0.0452 0.0660 -0.9968
vn -0.1693 0.1480 -0.9744
vn -0.1869 0.0572 -0.9807
vn -0.0374 0.0679 -0.9970
vn -0.0395 0.0200 -0.9990
vn -0.1712 0.1099 -0.9791
vn -0.2308 0.1119 -0.9665
vn -0.1879 0.0386 -0.9814
vn -0.2846 0.0582 -0.9569
vn -0.2181 0.0337 -0.9753
vn -0.1419 -0.0093 -0.9898
vn -0.2318 -0.1108 -0.9664
vn -0.1869 -0.1129 -0.9759
vn -0.0716 -0.0493 -0.9962
vn -0.0902 -0.1079 -0.9901
vn -0.1126 -0.0718 -0.9910
vn -0.1469 -0.0972 -0.9844
vn -0.1859 -0.0757 -0.9796
vn -0.1985 0.0064 -0.9801
vn -0.2016 -0.0582 -0.9777
vn -0.2610 -0.0620 -0.9633
vn -0.2406 -0.0874 -0.9667
vn -0.2133 -0.0151 -0.9769
vn -0.2210 -0.0405 -0.9744
vn -0.1860 -0.0620 -0.9806
vn -0.1907 0.0357 -0.9810
vn -0.1508 0.0064 -0.9885
vn -0.0873 -0.0444 -0.9952
vn -0.1028 0.1236 -0.9870
vn -0.0823 -0.0356 -0.9960
vn 0.0212 -0.0141 -0.9997
vn -0.0433 0.1051 -0.9935
vn -0.0423 0.4684 -0.8825
vn -0.0316 0.1100 -0.9934
vn -0.0013 -0.0464 -0.9989
vn -0.0296 -0.0308 -0.9991
vn -0.4331 0.9013 0.0033
vn -0.0989 0.9918 0.0805
vn -0.0687 0.9968 0.0415
vn -0.1829 0.9818 0.0502
vn -0.2857 0.9574 0.0415
vn -0.3920 0.9197 0.0199
vn -0.3558 0.9343 -0.0230
vn -0.4488 0.8935 -0.0162
vn -0.4331 0.9013 -0.0064
vn -0.4594 0.8699 -0.1793
vn -0.3463 0.9320 -0.1071
vn -0.1019 0.9921 -0.0738
vn -0.2085 0.9740 -0.0885
vn -0.3597 0.9263 -0.1119
vn -0.2837 0.8945 -0.3455
vn -0.4068 0.4969 -0.7666
vn -0.4359 0.4576 -0.7750
vn -0.3834 0.1080 -0.9172
vn -0.3997 0.1265 -0.9079
vn -0.3812 0.0836 -0.9207
vn -0.3442 0.1080 -0.9327
vn -0.3647 0.0318 -0.9306
vn -0.3373 0.0190 -0.9412
vn -0.3394 0.0396 -0.9398
vn -0.3314 -0.1499 -0.9315
vn -0.3049 -0.1118 -0.9458
vn -0.3443 -0.1304 -0.9298
vn -0.2660 -0.1401 -0.9537
vn -0.2894 -0.1392 -0.9470
vn -0.2983 -0.2359 -0.9249
vn -0.3147 -0.1509 -0.9371
vn -0.3724 -0.1675 -0.9128
vn -0.3686 -0.1646 -0.9149
vn -0.3227 -0.1822 -0.9288
vn -0.3510 -0.1480 -0.9246
vn -0.0286 0.9970 -0.0719
vn -0.1498 0.9887 0.0082
vn -0.0276 0.9995 -0.0162
vn -0.1644 0.9855 0.0424
vn -0.1800 0.9834 0.0229
vn -0.1098 0.9925 0.0542
vn -0.1966 0.9770 0.0825
vn -0.0306 0.9994 0.0190
vn -0.1029 0.9906 0.0903
vn 0.1247 0.9917 -0.0318
vn 0.0515 0.9981 0.0346
vn 0.1462 0.9881 0.0473
vn 0.1511 0.9880 0.0307
vn 0.1003 0.9931 0.0610
vn -0.0911 0.9930 0.0756
vn 0.1355 0.9886 0.0659
vn 0.1023 0.9944 0.0258
vn 0.0730 0.9970 0.0248
vn -0.0569 0.9969 0.0551
vn -0.0345 0.9994 -0.0015
vn -0.0472 0.9982 -0.0377
vn -0.0326 0.9983 0.0483
vn -0.0423 0.9984 -0.0387
vn -0.0843 0.9959 0.0336
vn -0.0628 0.9968 0.0502
vn -0.1038 0.9946 0.0004
vn -0.1478 0.9832 0.1069
vn -0.1546 0.9839 0.0893
vn -0.1948 0.9757 0.1001
vn -0.1703 0.9766 0.1314
vn -0.1694 0.9788 0.1148
vn -0.1772 0.9816 0.0708
vn -0.0042 0.9998 0.0209
vn -0.0267 0.9991 0.0327
vn -0.0832 0.9923 0.0923
vn -0.1166 0.9866 0.1138
vn 0.0408 0.9992 -0.0045
vn 0.0320 0.9994 0.0121
vn 0.0124 0.9999 0.0014
vn 0.0192 0.9976 0.0659
vn -0.1263 0.9860 0.1088
vn 0.0300 0.9946 0.0990
vn -0.1087 0.9930 0.0454
vn -0.0013 0.9974 0.0718
vn -0.0452 0.9977 0.0502
vn -0.0159 0.9926 0.1205
vn -0.0589 0.9966 0.0580
vn -0.0403 0.9879 0.1498
vn -0.0404 0.8927 0.4489
vn -0.0579 0.9919 0.1127
vn -0.0794 0.9958 0.0463
vn -0.0355 0.9964 0.0776
vn -0.0482 0.9952 0.0854
vn -0.1195 0.9870 0.1079
vn -0.0003 0.9983 0.0591
vn -0.1937 0.9785 0.0708
vn 0.0114 0.9999 0.0063
vn -0.1381 0.9903 0.0121
vn -0.0081 0.9999 0.0102
vn -0.0491 0.9988 -0.0045
vn -0.0609 0.9974 0.0376
vn -0.0863 0.9923 0.0893
vn -0.3090 0.0435 -0.9501
vn -0.3049 0.0718 -0.9497
vn -0.2954 0.0132 -0.9553
vn -0.2758 0.1315 -0.9522
vn -0.3373 0.0015 -0.9414
vn -0.2826 0.4147 -0.8650
vn -0.3412 0.0718 -0.9372
vn -0.3391 0.1402 -0.9302
vn -0.2583 0.7998 -0.5419
vn -0.3138 0.4225 -0.8503
vn -0.1547 0.9735 -0.1686
vn -0.1243 0.9898 -0.0699
vn -0.1449 0.9774 -0.1539
vn -0.2357 0.8140 -0.5309
vn -0.1585 0.9870 -0.0260
vn -0.1986 0.9782 -0.0611
vn -0.0716 0.9960 0.0541
vn -0.1674 0.9845 0.0522
vn -0.1741 0.9702 -0.1685
vn -0.2446 0.9670 -0.0719
vn -0.2288 0.8278 -0.5123
vn -0.0736 0.9881 0.1352
vn -0.0648 0.9942 0.0864
vn -0.1214 0.9731 0.1957
vn -0.0511 0.9945 0.0913
vn -0.0970 0.9845 0.1460
vn -0.1419 0.9841 0.1069
vn -0.3177 0.9480 0.0199
vn -0.2123 0.9726 0.0952
vn -0.4231 0.9048 0.0483
vn -0.3989 0.9159 0.0454
vn -0.2552 0.9634 0.0815
vn -0.1459 0.9857 0.0844
vn -0.4421 0.8958 0.0454
vn -0.2767 0.9510 0.1382
vn -0.1058 0.9885 0.1079
vn -0.4319 0.9019 -0.0025
vn -0.2867 0.9574 0.0356
vn -0.1087 0.9907 0.0824
vn -0.1575 0.9840 0.0834
vn -0.1820 0.9803 -0.0768
vn -0.0883 0.9954 0.0385
vn -0.4470 0.8939 -0.0328
vn -0.3050 0.9519 0.0307
vn -0.4487 0.8935 -0.0152
vn -0.2260 0.9550 -0.1921
vn -0.2523 0.9587 0.1313
vn -0.0394 0.9726 0.2290
vn -0.0618 0.9705 0.2329
vn -0.0140 0.9659 0.2584
vn -0.2778 0.9589 0.0581
vn -0.0306 0.9626 0.2690
vn -0.4373 0.8979 -0.0504
vn -0.1341 0.9785 0.1567
vn -0.3110 0.9503 -0.0133
vn -0.4527 0.8916 0.0082
vn -0.1869 0.9822 -0.0181
vn -0.1019 0.9929 -0.0621
vn -0.2483 0.9497 -0.1910
vn -0.2035 0.9667 -0.1549
vn -0.2523 0.8327 -0.4928
vn -0.3160 0.8244 -0.4697
vn -0.1155 0.9870 -0.1119
vn -0.3450 0.8238 -0.4498
vn -0.4193 0.4264 -0.8015
vn -0.3003 0.8584 -0.4158
vn -0.3256 0.4382 -0.8378
vn -0.2680 0.4616 -0.8456
vn -0.3011 0.4488 -0.8414
vn -0.3364 0.1676 -0.9267
vn -0.2631 0.2106 -0.9415
vn -0.3031 0.2184 -0.9276
vn -0.3754 0.0757 -0.9237
vn -0.3070 0.1197 -0.9441
vn -0.3119 0.1431 -0.9393
vn -0.3804 0.1793 -0.9073
vn -0.3255 0.1402 -0.9351
vn -0.3031 -0.0181 -0.9528
vn -0.2613 -0.0083 -0.9652
vn -0.3043 0.0171 -0.9524
vn -0.2427 -0.1070 -0.9642
vn -0.3949 0.0044 -0.9187
vn -0.2044 -0.1137 -0.9723
vn -0.3755 -0.1197 -0.9191
vn -0.3353 -0.1137 -0.9352
vn -0.2994 -0.1197 -0.9466
vn -0.2181 -0.0727 -0.9732
vn -0.1644 -0.0649 -0.9843
vn -0.1654 -0.0053 -0.9862
vn -0.1771 -0.0845 -0.9806
vn -0.1146 -0.0571 -0.9918
vn -0.2005 -0.0815 -0.9763
vn -0.2367 0.0005 -0.9716
vn -0.1868 -0.0678 -0.9800
vn -0.1839 -0.0971 -0.9781
vn -0.0961 -0.4157 -0.9044
vn -0.1009 -0.4262 -0.8990
vn -0.0022 -0.8410 -0.5410
vn -0.0735 -0.4536 -0.8882
vn -0.0003 -0.8417 -0.5399
vn 0.0124 -0.8347 -0.5505
vn -0.0023 -0.8394 -0.5436
vn 0.0662 -0.9894 -0.1296
vn 0.0886 -0.9881 -0.1256
vn 0.0573 -0.9867 -0.1519
vn 0.0701 -0.9825 -0.1725
vn 0.0408 -0.8260 -0.5622
vn 0.1209 -0.9926 0.0141
vn -0.0266 -0.4712 -0.8817
vn 0.1062 -0.9766 -0.1872
vn 0.0711 -0.8244 -0.5616
vn -0.5150 0.0083 -0.8571
vn -0.9784 0.0005 -0.2068
vn -0.4624 0.0396 -0.8858
vn -0.9631 -0.0610 -0.2623
vn 0.1208 0.0073 -0.9926
vn 0.1198 0.0748 -0.9900
vn -0.3626 0.0542 -0.9304
vn -0.9276 -0.0581 -0.3690
vn -0.8930 -0.0151 -0.4499
vn 0.1121 0.0826 -0.9903
vn -0.2945 0.0240 -0.9554
vn -0.8880 0.0161 -0.4596
vn 0.1150 0.0425 -0.9925
vn -0.2982 -0.0298 -0.9540
vn -0.9087 0.0366 -0.4158
vn -0.3646 -0.0551 -0.9295
vn -0.9259 0.0903 -0.3668
vn 0.1316 -0.0386 -0.9905
vn -0.4234 0.0904 -0.9014
vn -0.9356 0.2097 -0.2840
vn 0.1277 -0.0972 -0.9870
vn 0.1365 0.0845 -0.9870
vn -0.4435 0.4555 -0.7719
vn -0.4372 0.7864 -0.4365
vn 0.1747 0.4970 -0.8500
vn 0.2068 0.5055 -0.8377
vn -0.4615 0.8810 -0.1041
vn -0.9459 0.3229 0.0326
vn 0.2045 0.8433 -0.4971
vn -0.5268 0.8494 0.0297
vn -0.9538 0.2751 0.1206
vn 0.1786 0.9622 -0.2058
vn 0.2557 0.8505 -0.4597
vn 0.0877 0.9884 -0.1237
vn -0.6089 0.7908 0.0620
vn -0.9601 0.2528 0.1197
vn -0.0198 0.9979 -0.0612
vn 0.2792 0.9327 -0.2283
vn 0.3055 0.9355 -0.1774
vn -0.1186 0.9896 0.0815
vn -0.6535 0.7279 0.2074
vn -0.9337 0.3023 0.1918
vn -0.6341 0.7310 0.2524
vn -0.8748 0.4295 0.2242
vn -0.8774 0.4792 -0.0220
vn -0.6846 0.7268 -0.0563
vn -0.1605 0.9751 0.1527
vn -0.6965 0.6763 -0.2398
vn -0.9333 0.3181 -0.1667
vn -0.0228 0.9996 0.0190
vn -0.1048 0.9910 -0.0836
vn 0.4626 0.8844 0.0620
vn 0.3689 0.9294 -0.0142
vn 0.3377 0.9372 -0.0875
vn 0.3631 0.9314 0.0258
vn 0.3015 0.9528 -0.0367
vn 0.2116 0.9732 -0.0904
vn 0.0378 0.9992 0.0092
vn 0.1062 0.9803 -0.1666
vn 0.0466 0.9987 -0.0211
vn 0.0388 0.9950 -0.0924
vn 0.0290 0.8841 -0.4663
vn 0.0026 0.8997 -0.4365
vn -0.0101 0.5545 -0.8321
vn -0.0052 0.9044 -0.4266
vn -0.0091 0.9963 -0.0856
vn -0.0306 0.9985 -0.0445
vn -0.0237 0.5562 -0.8307
vn -0.0189 0.1822 -0.9831
vn -0.0101 0.5534 -0.8328
vn 0.1277 0.1012 -0.9866
vn -0.0120 0.1695 -0.9854
vn -0.0326 -0.0024 -0.9995
vn 0.0466 -0.0610 -0.9970
vn 0.0114 -0.0180 -0.9998
vn -0.0374 -0.0298 -0.9989
vn 0.0173 -0.0024 -0.9998
vn 0.0036 0.1353 -0.9908
vn 0.0232 -0.0327 -0.9992
vn -0.0081 0.0005 -1.0000
vn 0.0232 0.0377 -0.9990
vn 0.0593 0.0425 -0.9973
vn 0.0163 0.0123 -0.9998
vn 0.1189 0.0269 -0.9925
vn 0.1784 -0.0092 -0.9839
vn 0.0241 -0.0190 -0.9995
vn 0.2127 -0.1773 -0.9609
vn 0.0417 -0.0503 -0.9979
vn -0.1351 0.0044 -0.9908
vn -0.1742 -0.0503 -0.9834
vn -0.0159 0.0054 -0.9999
vn 0.0525 0.0562 -0.9970
vn -0.0169 -0.0044 -0.9998
vn -0.0355 -0.0151 -0.9993
vn -0.0169 0.1402 -0.9900
vn -0.0433 0.1236 -0.9914
vn -0.0472 0.4840 -0.8738
vn -0.0491 0.1245 -0.9910
vn -0.0423 0.4822 -0.8750
vn -0.0432 0.8560 -0.5152
vn -0.0521 0.4801 -0.8757
vn -0.0472 0.9920 -0.1168
vn -0.0628 0.9862 -0.1530
vn -0.0413 0.8528 -0.5206
vn -0.0404 0.8513 -0.5232
vn -0.0413 0.9811 -0.1891
vn -0.1097 0.9937 0.0248
vn -0.1391 0.9896 0.0356
vn -0.0862 0.9959 -0.0289
vn -0.0578 0.8503 -0.5231
vn -0.0589 0.4765 -0.8772
vn -0.0345 0.9804 -0.1940
vn -0.0658 0.8410 -0.5371
vn -0.0052 0.0083 -1.0000
vn -0.0032 -0.0073 -1.0000
vn 0.0143 -0.0181 -0.9997
vn 0.0232 -0.0356 -0.9991
vn 0.0212 -0.0474 -0.9987
vn 0.0466 -0.0258 -0.9986
vn 0.0320 -0.0317 -0.9990
vn 0.0153 0.1139 -0.9934
vn 0.0026 0.5446 -0.8387
vn 0.0290 0.1002 -0.9945
vn -0.0140 0.8992 -0.4372
vn 0.0104 0.5272 -0.8497
vn 0.0182 0.0982 -0.9950
vn -0.0384 0.9929 -0.1129
vn -0.0180 0.8879 -0.4598
vn 0.0134 0.5068 -0.8620
vn -0.0306 0.9912 -0.1285
vn -0.0384 0.9983 -0.0435
vn -0.0374 0.9991 0.0190
vn 0.0398 0.9963 0.0767
vn -0.0335 0.9966 0.0756
vn 0.3456 0.9346 0.0835
vn 0.0183 0.9975 0.0678
vn 0.2958 0.9553 0.0024
vn 0.4756 0.8781 0.0512
vn 0.4285 0.9031 0.0297
vn 0.2507 0.9665 -0.0543
vn 0.3699 0.9196 0.1323
vn 0.0436 0.9959 0.0796
vn -0.6449 0.7574 -0.1022
vn 0.1912 0.9694 0.1538
vn -0.5318 0.8466 0.0219
vn -0.9406 0.3326 -0.0679
vn -0.9234 0.3835 0.0190
vn -0.4203 0.8962 0.1420
vn -0.9112 0.3690 0.1832
vn 0.2927 0.9314 0.2163
vn -0.3734 0.8113 0.4498
vn 0.3222 0.8215 0.4705
vn -0.4134 0.4967 0.7632
vt 0.153624 0.186321
vt 0.146045 0.203757
vt 0.141096 0.190301
vt 0.131904 0.208267
vt 0.150323 0.175662
vt 0.165286 0.182796
vt 0.162617 0.172442
vt 0.127710 0.194509
vt 0.117614 0.212314
vt 0.113715 0.198409
vt 0.137592 0.179199
vt 0.124216 0.182855
vt 0.110398 0.186471
vt 0.147297 0.164639
vt 0.160049 0.161559
vt 0.144472 0.153290
vt 0.134353 0.167899
vt 0.120894 0.171224
vt 0.107050 0.174718
vt 0.117817 0.159680
vt 0.131291 0.156423
vt 0.128539 0.144858
vt 0.062476 0.109084
vt 0.076466 0.106301
vt 0.065072 0.121297
vt 0.074000 0.094070
vt 0.059856 0.096698
vt 0.071176 0.079913
vt 0.056936 0.082634
vt 0.045557 0.099701
vt 0.042473 0.085536
vt 0.048321 0.112001
vt 0.051003 0.124294
vt 0.053498 0.136599
vt 0.067617 0.133586
vt 0.031319 0.102788
vt 0.028131 0.088454
vt 0.034098 0.115071
vt 0.036846 0.127349
vt 0.039424 0.139521
vt 0.017186 0.105817
vt 0.013715 0.091733
vt 0.002834 0.108554
vt 0.000000 0.094773
vt 0.005588 0.121050
vt 0.019927 0.118036
vt 0.008316 0.133595
vt 0.022724 0.130430
vt 0.011193 0.146095
vt 0.025424 0.142666
vt 0.014115 0.158378
vt 0.028164 0.154609
vt 0.017096 0.170660
vt 0.042028 0.151469
vt 0.031021 0.166665
vt 0.020203 0.183119
vt 0.056041 0.148792
vt 0.044862 0.163486
vt 0.034190 0.179185
vt 0.023305 0.195674
vt 0.070225 0.145778
vt 0.081699 0.130401
vt 0.058883 0.160759
vt 0.048046 0.175845
vt 0.037227 0.191934
vt 0.026290 0.208148
vt 0.084372 0.142408
vt 0.095606 0.127510
vt 0.073089 0.157641
vt 0.062060 0.172755
vt 0.039890 0.204492
vt 0.051132 0.188350
vt 0.029393 0.220609
vt 0.043006 0.216457
vt 0.032945 0.234263
vt 0.046207 0.230458
vt 0.053956 0.200631
vt 0.056967 0.212744
vt 0.060409 0.226842
vt 0.065182 0.184813
vt 0.068217 0.196994
vt 0.071202 0.209212
vt 0.074626 0.223349
vt 0.076172 0.169603
vt 0.079165 0.181508
vt 0.082283 0.193597
vt 0.085465 0.205735
vt 0.089040 0.219793
vt 0.087222 0.154409
vt 0.090125 0.166206
vt 0.099549 0.202143
vt 0.103302 0.216197
vt 0.096314 0.190099
vt 0.093160 0.178162
vt 0.103930 0.163055
vt 0.101181 0.151198
vt 0.098383 0.139349
vt 0.109637 0.124572
vt 0.112289 0.136323
vt 0.123485 0.121533
vt 0.115037 0.148003
vt 0.126075 0.133207
vt 0.139312 0.130237
vt 0.141776 0.141771
vt 0.136884 0.118601
vt 0.134397 0.106966
vt 0.150245 0.115676
vt 0.152665 0.127290
vt 0.166099 0.124474
vt 0.155083 0.138835
vt 0.168394 0.136046
vt 0.180252 0.133681
vt 0.157534 0.150303
vt 0.170639 0.147493
vt 0.182343 0.145207
vt 0.150599 0.811233
vt 0.165069 0.824214
vt 0.150983 0.824542
vt 0.161829 0.838903
vt 0.151209 0.838803
vt 0.151453 0.848943
vt 0.136487 0.838665
vt 0.137093 0.852566
vt 0.121655 0.851656
vt 0.136113 0.824482
vt 0.135756 0.811211
vt 0.121408 0.838036
vt 0.120712 0.824308
vt 0.120458 0.811182
vt 0.106137 0.838192
vt 0.106539 0.852211
vt 0.105621 0.824250
vt 0.091103 0.838557
vt 0.091323 0.853272
vt 0.076146 0.853362
vt 0.105489 0.811386
vt 0.105662 0.797843
vt 0.090619 0.824216
vt 0.075952 0.838628
vt 0.060973 0.853379
vt 0.090408 0.811291
vt 0.075709 0.824137
vt 0.060873 0.838695
vt 0.045771 0.853336
vt 0.075591 0.811203
vt 0.090826 0.798001
vt 0.091110 0.784387
vt 0.105861 0.784287
vt 0.060806 0.824034
vt 0.045865 0.838476
vt 0.030728 0.838421
vt 0.030556 0.853262
vt 0.045896 0.823794
vt 0.015854 0.849207
vt 0.060806 0.810935
vt 0.015961 0.838418
vt 0.005171 0.838288
vt 0.030863 0.823528
vt 0.016017 0.823515
vt 0.001256 0.823480
vt 0.001221 0.810214
vt 0.015970 0.810344
vt 0.045783 0.810605
vt 0.030691 0.810310
vt 0.015150 0.689210
vt 0.004302 0.689000
vt 0.015145 0.678405
vt 0.029893 0.689366
vt 0.029913 0.674623
vt 0.014939 0.704071
vt 0.000168 0.703906
vt 0.045037 0.675006
vt 0.045016 0.689787
vt 0.060259 0.675427
vt 0.029756 0.704223
vt 0.014799 0.717445
vt 0.000000 0.717636
vt 0.014854 0.730833
vt 0.000039 0.731087
vt 0.000905 0.744121
vt 0.029798 0.717541
vt 0.015208 0.743843
vt 0.001136 0.756767
vt 0.030020 0.730829
vt 0.044999 0.704560
vt 0.045077 0.717820
vt 0.015283 0.757168
vt 0.002104 0.770739
vt 0.030195 0.744088
vt 0.045360 0.731145
vt 0.060232 0.705067
vt 0.060310 0.718269
vt 0.060184 0.690247
vt 0.075401 0.675632
vt 0.075383 0.690510
vt 0.090597 0.675927
vt 0.075492 0.705315
vt 0.090554 0.690750
vt 0.105594 0.676356
vt 0.090605 0.705285
vt 0.105673 0.690762
vt 0.120544 0.676491
vt 0.105810 0.705141
vt 0.120657 0.691069
vt 0.135643 0.676402
vt 0.135679 0.691532
vt 0.150363 0.680529
vt 0.120915 0.705393
vt 0.150394 0.691541
vt 0.161197 0.691401
vt 0.135773 0.706106
vt 0.150418 0.706374
vt 0.165069 0.706099
vt 0.164886 0.719096
vt 0.120630 0.718619
vt 0.135742 0.719016
vt 0.150304 0.719329
vt 0.164832 0.732178
vt 0.135457 0.732169
vt 0.150153 0.732321
vt 0.164775 0.745367
vt 0.150092 0.745485
vt 0.164667 0.758372
vt 0.150074 0.758593
vt 0.164676 0.771249
vt 0.135280 0.745311
vt 0.150165 0.771692
vt 0.164795 0.784754
vt 0.135293 0.758448
vt 0.135343 0.771554
vt 0.119744 0.745061
vt 0.120001 0.758126
vt 0.120305 0.771174
vt 0.135227 0.784745
vt 0.120456 0.784419
vt 0.150175 0.784791
vt 0.120353 0.797845
vt 0.150321 0.798041
vt 0.135410 0.797968
vt 0.164843 0.798025
vt 0.164889 0.811189
vt 0.015721 0.797091
vt 0.001081 0.797026
vt 0.001918 0.783774
vt 0.060894 0.797568
vt 0.045688 0.797350
vt 0.030526 0.797141
vt 0.015564 0.783839
vt 0.030446 0.783903
vt 0.015295 0.770544
vt 0.045681 0.783939
vt 0.030319 0.770624
vt 0.030356 0.757353
vt 0.045625 0.744341
vt 0.045771 0.757453
vt 0.045836 0.770621
vt 0.061091 0.784024
vt 0.060489 0.731529
vt 0.060755 0.744651
vt 0.060944 0.757636
vt 0.061084 0.770682
vt 0.075225 0.718645
vt 0.075144 0.731963
vt 0.075239 0.744858
vt 0.089596 0.732044
vt 0.090095 0.718773
vt 0.075692 0.757832
vt 0.089579 0.744891
vt 0.105225 0.718575
vt 0.104519 0.731957
vt 0.120003 0.731967
vt 0.104342 0.744941
vt 0.104832 0.757841
vt 0.090408 0.757836
vt 0.105463 0.770936
vt 0.090873 0.770978
vt 0.075966 0.770759
vt 0.076139 0.784232
vt 0.075882 0.797891
vt 0.207030 0.066991
vt 0.194091 0.069286
vt 0.191399 0.054874
vt 0.178015 0.057620
vt 0.221715 0.077296
vt 0.208972 0.079425
vt 0.236182 0.087759
vt 0.223556 0.089766
vt 0.250369 0.098250
vt 0.237867 0.100201
vt 0.181136 0.071864
vt 0.164849 0.060657
vt 0.196327 0.081688
vt 0.210987 0.091819
vt 0.225360 0.102189
vt 0.168327 0.074688
vt 0.151795 0.064069
vt 0.183652 0.084042
vt 0.198445 0.093854
vt 0.212909 0.104110
vt 0.155964 0.077657
vt 0.138573 0.068261
vt 0.171100 0.086628
vt 0.185946 0.096105
vt 0.142742 0.080843
vt 0.128190 0.070442
vt 0.158752 0.089330
vt 0.173479 0.098543
vt 0.129719 0.083776
vt 0.114260 0.072297
vt 0.145314 0.092387
vt 0.161278 0.101061
vt 0.188182 0.108075
vt 0.175837 0.110338
vt 0.200531 0.106041
vt 0.190281 0.119914
vt 0.202508 0.118058
vt 0.163762 0.112805
vt 0.178058 0.122049
vt 0.147804 0.104015
vt 0.132001 0.095312
vt 0.118535 0.098080
vt 0.116279 0.086470
vt 0.120839 0.109835
vt 0.102252 0.088809
vt 0.099721 0.074578
vt 0.104574 0.100723
vt 0.107027 0.112700
vt 0.088111 0.091307
vt 0.085400 0.077194
vt 0.090516 0.103454
vt 0.093054 0.115523
vt 0.079089 0.118369
vt 0.994754 0.073456
vt 0.985749 0.072402
vt 0.995808 0.060610
vt 0.972386 0.083776
vt 0.957379 0.071089
vt 0.973913 0.070823
vt 0.984414 0.085338
vt 0.993502 0.086414
vt 0.956051 0.083258
vt 0.939022 0.080270
vt 0.938211 0.093085
vt 0.970894 0.096770
vt 0.983231 0.098529
vt 0.992641 0.099648
vt 0.991046 0.112158
vt 0.955069 0.095335
vt 0.937333 0.106008
vt 0.921667 0.104344
vt 0.953960 0.107458
vt 0.969441 0.109633
vt 0.981735 0.111118
vt 0.989488 0.124778
vt 0.952652 0.119590
vt 0.968047 0.122450
vt 0.980269 0.123834
vt 0.987854 0.137569
vt 0.978862 0.136510
vt 0.986157 0.150156
vt 0.951456 0.131655
vt 0.977212 0.148937
vt 0.966722 0.135165
vt 0.983942 0.162413
vt 0.936087 0.119085
vt 0.975184 0.161348
vt 0.981934 0.176772
vt 0.965356 0.147561
vt 0.950365 0.143712
vt 0.934827 0.132088
vt 0.973227 0.176076
vt 0.981382 0.191862
vt 0.964163 0.160345
vt 0.949500 0.156627
vt 0.933725 0.145129
vt 0.948314 0.173194
vt 0.963013 0.175522
vt 0.972018 0.191625
vt 0.961898 0.191048
vt 0.971884 0.207031
vt 0.981075 0.207053
vt 0.960762 0.206587
vt 0.946812 0.190661
vt 0.782834 0.517911
vt 0.795128 0.516924
vt 0.796385 0.532301
vt 0.808750 0.531311
vt 0.797705 0.547506
vt 0.810164 0.546543
vt 0.799212 0.562722
vt 0.781664 0.502309
vt 0.769225 0.503422
vt 0.807360 0.515970
vt 0.793814 0.501398
vt 0.768151 0.487740
vt 0.821069 0.530433
vt 0.819446 0.515228
vt 0.836732 0.529003
vt 0.822619 0.545618
vt 0.811684 0.561697
vt 0.800798 0.577757
vt 0.788232 0.578836
vt 0.789612 0.593839
vt 0.802247 0.592713
vt 0.803632 0.607648
vt 0.813304 0.576765
vt 0.814914 0.591792
vt 0.816372 0.606677
vt 0.824234 0.560753
vt 0.825883 0.575750
vt 0.827524 0.590742
vt 0.838242 0.544190
vt 0.839907 0.559308
vt 0.841561 0.574322
vt 0.829141 0.605628
vt 0.817731 0.621510
vt 0.830623 0.620528
vt 0.844781 0.604112
vt 0.846308 0.618973
vt 0.843254 0.589252
vt 0.860539 0.602590
vt 0.862101 0.617477
vt 0.859003 0.587803
vt 0.857203 0.573000
vt 0.855599 0.558006
vt 0.876325 0.601281
vt 0.877874 0.616020
vt 0.874507 0.586631
vt 0.872679 0.571808
vt 0.871233 0.556777
vt 0.892131 0.599858
vt 0.893749 0.614645
vt 0.890401 0.585127
vt 0.888714 0.570311
vt 0.887197 0.555319
vt 0.194714 0.496961
vt 0.193050 0.510677
vt 0.181063 0.508680
vt 0.137971 0.513886
vt 0.155605 0.503079
vt 0.152564 0.517168
vt 0.169190 0.506387
vt 0.135238 0.528940
vt 0.166720 0.520212
vt 0.149824 0.531648
vt 0.132734 0.543776
vt 0.179105 0.522524
vt 0.164271 0.534267
vt 0.191291 0.524541
vt 0.147436 0.546139
vt 0.130372 0.558570
vt 0.176879 0.536407
vt 0.161968 0.548340
vt 0.145189 0.560575
vt 0.128311 0.573439
vt 0.189307 0.538395
vt 0.174683 0.550335
vt 0.159678 0.562459
vt 0.143039 0.574883
vt 0.127081 0.588477
vt 0.203577 0.526269
vt 0.205177 0.512298
vt 0.215898 0.527852
vt 0.141372 0.588844
vt 0.129209 0.602433
vt 0.157264 0.576486
vt 0.139393 0.601615
vt 0.135595 0.611104
vt 0.148205 0.617285
vt 0.155049 0.590203
vt 0.152139 0.603517
vt 0.161498 0.620493
vt 0.172381 0.564263
vt 0.169971 0.578270
vt 0.167426 0.592187
vt 0.164649 0.606120
vt 0.174894 0.623098
vt 0.187194 0.552138
vt 0.185129 0.566032
vt 0.182784 0.580158
vt 0.199683 0.553889
vt 0.201682 0.540070
vt 0.214113 0.541845
vt 0.228474 0.529283
vt 0.226731 0.543332
vt 0.212130 0.555732
vt 0.224937 0.557530
vt 0.197723 0.567891
vt 0.210443 0.569912
vt 0.195670 0.582023
vt 0.193462 0.596682
vt 0.223376 0.571915
vt 0.208668 0.584261
vt 0.206748 0.598732
vt 0.221791 0.586440
vt 0.236315 0.573821
vt 0.237760 0.559248
vt 0.249139 0.575572
vt 0.234828 0.588484
vt 0.220061 0.601034
vt 0.247714 0.590154
vt 0.233253 0.603151
vt 0.261809 0.577051
vt 0.263408 0.562636
vt 0.246293 0.604854
vt 0.260486 0.591604
vt 0.274417 0.578472
vt 0.258945 0.606280
vt 0.275964 0.563962
vt 0.277328 0.549532
vt 0.273109 0.592991
vt 0.287037 0.579735
vt 0.288630 0.565561
vt 0.290001 0.551121
vt 0.291355 0.536958
vt 0.301185 0.566777
vt 0.302696 0.552429
vt 0.304056 0.538138
vt 0.315261 0.553739
vt 0.316680 0.539283
vt 0.328065 0.554949
vt 0.313764 0.568150
vt 0.326520 0.569488
vt 0.339475 0.570733
vt 0.299737 0.581046
vt 0.312315 0.582534
vt 0.324987 0.584020
vt 0.285742 0.594090
vt 0.298460 0.595461
vt 0.311037 0.596933
vt 0.271573 0.607403
vt 0.284223 0.608657
vt 0.296921 0.609996
vt 0.323686 0.598487
vt 0.309606 0.611485
vt 0.337947 0.585324
vt 0.322271 0.613057
vt 0.351111 0.586693
vt 0.336515 0.599945
vt 0.308141 0.626207
vt 0.295307 0.624734
vt 0.282518 0.623322
vt 0.306482 0.640984
vt 0.293447 0.639345
vt 0.319385 0.642539
vt 0.280442 0.637899
vt 0.320924 0.627737
vt 0.332358 0.644067
vt 0.269665 0.622059
vt 0.267434 0.636487
vt 0.256992 0.620756
vt 0.254521 0.635263
vt 0.244130 0.619391
vt 0.241553 0.633780
vt 0.228411 0.632201
vt 0.231149 0.617629
vt 0.215175 0.630003
vt 0.217828 0.615595
vt 0.201758 0.627946
vt 0.204403 0.613401
vt 0.188369 0.625602
vt 0.190981 0.611090
vt 0.177618 0.608662
vt 0.180237 0.594388
vt 0.946857 0.505435
vt 0.962113 0.503453
vt 0.963341 0.518685
vt 0.980963 0.502167
vt 0.982950 0.516509
vt 0.974394 0.517708
vt 0.976710 0.531958
vt 0.985683 0.530711
vt 0.987883 0.545190
vt 0.964924 0.533393
vt 0.978657 0.546365
vt 0.989816 0.559774
vt 0.966515 0.547780
vt 0.948414 0.522246
vt 0.949705 0.537117
vt 0.980503 0.560927
vt 0.991775 0.574476
vt 0.968265 0.562383
vt 0.982344 0.575486
vt 0.951195 0.550940
vt 0.970101 0.577037
vt 0.983791 0.590196
vt 0.992740 0.589448
vt 0.984583 0.604882
vt 0.993556 0.604253
vt 0.993474 0.619022
vt 0.971614 0.591800
vt 0.985302 0.619901
vt 0.994970 0.633087
vt 0.973173 0.606413
vt 0.986798 0.635022
vt 1.000000 0.646422
vt 0.991844 0.651581
vt 0.975024 0.621341
vt 0.977159 0.636635
vt 0.979689 0.654383
vt 0.963048 0.655383
vt 0.961692 0.637474
vt 0.945894 0.655083
vt 0.959880 0.621401
vt 0.944571 0.639980
vt 0.929917 0.656626
vt 0.943088 0.625518
vt 0.928510 0.641481
vt 0.914062 0.658045
vt 0.957612 0.606966
vt 0.912549 0.642989
vt 0.896715 0.644334
vt 0.898288 0.659418
vt 0.883079 0.660823
vt 0.911063 0.628009
vt 0.881193 0.645777
vt 0.867714 0.662310
vt 0.895223 0.629430
vt 0.865570 0.647272
vt 0.851771 0.663716
vt 0.879453 0.630876
vt 0.863676 0.632304
vt 0.849709 0.648751
vt 0.835374 0.665012
vt 0.833719 0.650099
vt 0.821823 0.666262
vt 0.847939 0.633798
vt 0.820502 0.651249
vt 0.808573 0.667552
vt 0.832195 0.635303
vt 0.807283 0.652435
vt 0.819150 0.636409
vt 0.795341 0.668693
vt 0.806062 0.637508
vt 0.792934 0.638670
vt 0.804877 0.622556
vt 0.794033 0.653599
vt 0.780758 0.654720
vt 0.782065 0.669773
vt 0.779787 0.639786
vt 0.767578 0.655763
vt 0.768746 0.670808
vt 0.766750 0.640879
vt 0.754645 0.656808
vt 0.755489 0.671733
vt 0.753772 0.642044
vt 0.742366 0.657300
vt 0.743014 0.672353
vt 0.729983 0.657761
vt 0.730544 0.672788
vt 0.741521 0.642390
vt 0.752964 0.627278
vt 0.765959 0.626061
vt 0.717514 0.658152
vt 0.718074 0.673196
vt 0.729243 0.642769
vt 0.740759 0.627529
vt 0.752108 0.612406
vt 0.705073 0.658586
vt 0.705586 0.673682
vt 0.716951 0.643149
vt 0.728540 0.627883
vt 0.739995 0.612647
vt 0.692517 0.659139
vt 0.693021 0.674170
vt 0.704616 0.643575
vt 0.716341 0.628232
vt 0.727855 0.612942
vt 0.680029 0.659470
vt 0.680476 0.674515
vt 0.692159 0.644040
vt 0.667661 0.659787
vt 0.667993 0.674623
vt 0.679849 0.644468
vt 0.655135 0.674393
vt 0.679704 0.629543
vt 0.654997 0.659389
vt 0.642532 0.673732
vt 0.667613 0.644948
vt 0.667596 0.630100
vt 0.654995 0.644513
vt 0.642307 0.658827
vt 0.629837 0.658245
vt 0.629821 0.673138
vt 0.642423 0.644056
vt 0.617157 0.657881
vt 0.616902 0.672584
vt 0.629997 0.643579
vt 0.603827 0.672203
vt 0.655129 0.629591
vt 0.642688 0.629195
vt 0.667621 0.615169
vt 0.655312 0.614673
vt 0.630317 0.628808
vt 0.642987 0.614261
vt 0.617936 0.628464
vt 0.679605 0.614613
vt 0.667635 0.600169
vt 0.691875 0.629030
vt 0.704164 0.628622
vt 0.691612 0.614094
vt 0.679541 0.599644
vt 0.715742 0.613281
vt 0.703645 0.613611
vt 0.691354 0.599101
vt 0.667717 0.585162
vt 0.727146 0.597986
vt 0.715209 0.598305
vt 0.703211 0.598655
vt 0.726372 0.583021
vt 0.739166 0.597715
vt 0.738145 0.582717
vt 0.751181 0.597469
vt 0.750077 0.582554
vt 0.765030 0.611170
vt 0.763987 0.596245
vt 0.778929 0.624919
vt 0.778030 0.609998
vt 0.791956 0.623787
vt 0.776880 0.594946
vt 0.790855 0.608811
vt 0.762757 0.581256
vt 0.748872 0.567719
vt 0.775589 0.579868
vt 0.761448 0.566274
vt 0.737088 0.567842
vt 0.747462 0.552651
vt 0.774156 0.564931
vt 0.760039 0.551297
vt 0.786758 0.563796
vt 0.772710 0.549836
vt 0.746475 0.537462
vt 0.758783 0.536024
vt 0.785172 0.548681
vt 0.771229 0.534638
vt 0.757754 0.520382
vt 0.784023 0.533376
vt 0.745544 0.521868
vt 0.770224 0.519099
vt 0.744675 0.505865
vt 0.756929 0.504636
vt 0.734420 0.521798
vt 0.257029 0.490166
vt 0.244784 0.488981
vt 0.245697 0.474961
vt 0.233547 0.473816
vt 0.269335 0.491409
vt 0.268489 0.505551
vt 0.280942 0.506876
vt 0.256155 0.504286
vt 0.232482 0.487754
vt 0.221428 0.472665
vt 0.243732 0.503008
vt 0.254944 0.518476
vt 0.267481 0.519848
vt 0.279863 0.521192
vt 0.292348 0.522514
vt 0.278770 0.535500
vt 0.266357 0.534133
vt 0.264791 0.548238
vt 0.253763 0.532492
vt 0.241126 0.530927
vt 0.252317 0.546693
vt 0.250628 0.561014
vt 0.242524 0.517090
vt 0.239575 0.545069
vt 0.229935 0.515440
vt 0.231236 0.501546
vt 0.217477 0.513980
vt 0.220198 0.486387
vt 0.209379 0.471488
vt 0.218888 0.500080
vt 0.208125 0.484949
vt 0.197530 0.470382
vt 0.206729 0.498528
vt 0.196202 0.483601
vt 0.186077 0.469356
vt 0.186970 0.456479
vt 0.175710 0.456144
vt 0.175283 0.468578
vt 0.162748 0.456757
vt 0.184785 0.482189
vt 0.163637 0.469116
vt 0.154029 0.472471
vt 0.173818 0.480656
vt 0.162595 0.477731
vt 0.146031 0.484613
vt 0.183009 0.495256
vt 0.171722 0.493138
vt 0.159095 0.489718
vt 0.141327 0.499084
vt 0.617499 0.643265
vt 0.605588 0.628318
vt 0.604444 0.657531
vt 0.589095 0.671656
vt 0.604973 0.642996
vt 0.590034 0.656725
vt 0.574450 0.670890
vt 0.590784 0.641930
vt 0.575494 0.655832
vt 0.561097 0.654735
vt 0.559951 0.669835
vt 0.576470 0.640834
vt 0.591500 0.627103
vt 0.546783 0.653687
vt 0.545507 0.668647
vt 0.562256 0.639746
vt 0.577469 0.625935
vt 0.532494 0.652592
vt 0.531122 0.667513
vt 0.548084 0.638741
vt 0.518420 0.651453
vt 0.516786 0.666243
vt 0.533926 0.637800
vt 0.549388 0.623941
vt 0.505398 0.650042
vt 0.503495 0.664890
vt 0.519944 0.636877
vt 0.535418 0.623025
vt 0.521460 0.622208
vt 0.506907 0.635232
vt 0.834360 0.028451
vt 0.852214 0.015823
vt 0.850786 0.030725
vt 0.835870 0.013469
vt 0.822338 0.012189
vt 0.868120 0.017871
vt 0.820825 0.027223
vt 0.809072 0.011029
vt 0.832834 0.041361
vt 0.849131 0.043575
vt 0.866708 0.032801
vt 0.883474 0.019619
vt 0.881868 0.034425
vt 0.897195 0.036089
vt 0.880307 0.047274
vt 0.895611 0.049021
vt 0.819527 0.040206
vt 0.831170 0.054017
vt 0.818160 0.053009
vt 0.807666 0.026073
vt 0.806449 0.039097
vt 0.805230 0.052063
vt 0.795842 0.009800
vt 0.793392 0.037927
vt 0.792350 0.050987
vt 0.794525 0.024849
vt 0.782577 0.008503
vt 0.780302 0.036690
vt 0.781377 0.023592
vt 0.768189 0.022281
vt 0.769303 0.007140
vt 0.767278 0.035417
vt 0.779350 0.049719
vt 0.791203 0.063999
vt 0.766340 0.048484
vt 0.778284 0.062783
vt 0.777173 0.075970
vt 0.765364 0.061588
vt 0.753420 0.047201
vt 0.752469 0.060347
vt 0.764376 0.074799
vt 0.751572 0.073513
vt 0.754296 0.034151
vt 0.741250 0.046964
vt 0.755177 0.021007
vt 0.756087 0.005872
vt 0.743524 0.005618
vt 0.742771 0.020777
vt 0.731014 0.005299
vt 0.742015 0.033859
vt 0.730322 0.020407
vt 0.718506 0.004896
vt 0.717867 0.019975
vt 0.729648 0.033535
vt 0.717283 0.033116
vt 0.728992 0.046686
vt 0.740381 0.060116
vt 0.716800 0.046345
vt 0.704931 0.032624
vt 0.704542 0.045779
vt 0.728269 0.059866
vt 0.716169 0.059473
vt 0.704069 0.059022
vt 0.715590 0.072695
vt 0.727613 0.073001
vt 0.726875 0.086289
vt 0.739542 0.073317
vt 0.738770 0.086550
vt 0.737972 0.099871
vt 0.750638 0.086776
vt 0.749741 0.100055
vt 0.748799 0.113469
vt 0.763457 0.088025
vt 0.762460 0.101276
vt 0.761378 0.114673
vt 0.776162 0.089253
vt 0.788863 0.090317
vt 0.774949 0.102498
vt 0.773966 0.115897
vt 0.787736 0.103574
vt 0.821344 0.146626
vt 0.838795 0.135257
vt 0.837562 0.148557
vt 0.819896 0.162257
vt 0.822690 0.133245
vt 0.854866 0.137084
vt 0.810257 0.132293
vt 0.840075 0.121843
vt 0.808954 0.145758
vt 0.811642 0.118955
vt 0.855995 0.123765
vt 0.824150 0.119857
vt 0.857272 0.110584
vt 0.841392 0.108608
vt 0.871899 0.125589
vt 0.873119 0.112400
vt 0.858540 0.097460
vt 0.874309 0.099252
vt 0.888801 0.114078
vt 0.875708 0.086161
vt 0.870682 0.138840
vt 0.842713 0.095434
vt 0.853672 0.150353
vt 0.886470 0.140442
vt 0.836179 0.164119
vt 0.869556 0.152054
vt 0.852385 0.165789
vt 0.868410 0.167241
vt 0.818451 0.178186
vt 0.834851 0.179869
vt 0.851129 0.181391
vt 0.817002 0.194077
vt 0.885578 0.153483
vt 0.806196 0.177320
vt 0.807543 0.161435
vt 0.793930 0.176399
vt 0.796545 0.144838
vt 0.795215 0.160550
vt 0.781606 0.175397
vt 0.797815 0.131316
vt 0.782881 0.159601
vt 0.785331 0.130350
vt 0.799135 0.117939
vt 0.784122 0.143904
vt 0.786588 0.116922
vt 0.800388 0.104707
vt 0.812920 0.105745
vt 0.825488 0.106664
vt 0.801525 0.091433
vt 0.814170 0.092415
vt 0.826823 0.093381
vt 0.844065 0.082124
vt 0.802779 0.078096
vt 0.815489 0.078990
vt 0.828209 0.079949
vt 0.859941 0.084313
vt 0.790066 0.077088
vt 0.803986 0.064938
vt 0.816795 0.065764
vt 0.829652 0.066746
vt 0.845510 0.068958
vt 0.861324 0.071238
vt 0.847167 0.056185
vt 0.862980 0.058397
vt 0.877094 0.073144
vt 0.878554 0.060212
vt 0.892790 0.074965
vt 0.864898 0.045593
vt 0.894113 0.061924
vt 0.891490 0.087942
vt 0.889993 0.100938
vt 0.905823 0.102653
vt 0.907177 0.089538
vt 0.908487 0.076573
vt 0.909988 0.063635
vt 0.923673 0.078534
vt 0.922696 0.091354
vt 0.925164 0.065494
vt 0.911418 0.050678
vt 0.926977 0.052362
vt 0.940468 0.067248
vt 0.912919 0.037702
vt 0.898668 0.021122
vt 0.914460 0.022587
vt 0.928751 0.039277
vt 0.930301 0.024242
vt 0.942565 0.054070
vt 0.944701 0.040873
vt 0.946258 0.025708
vt 0.963112 0.028505
vt 0.961326 0.045512
vt 0.959211 0.058822
vt 0.977178 0.044665
vt 0.979773 0.027302
vt 0.991668 0.029527
vt 0.975414 0.058062
vt 0.987803 0.046315
vt 1.000000 0.033696
vt 0.996541 0.047986
vt 0.986759 0.059611
vt 0.467394 0.630567
vt 0.452634 0.643889
vt 0.454203 0.628990
vt 0.465850 0.645471
vt 0.463825 0.660242
vt 0.450607 0.658699
vt 0.439447 0.642313
vt 0.437420 0.657108
vt 0.455622 0.614101
vt 0.440994 0.627410
vt 0.426312 0.640614
vt 0.424399 0.655391
vt 0.411415 0.653722
vt 0.413264 0.638842
vt 0.398545 0.651908
vt 0.427830 0.625676
vt 0.400271 0.637052
vt 0.442439 0.612516
vt 0.414819 0.623820
vt 0.385437 0.650228
vt 0.429294 0.610711
vt 0.457031 0.599227
vt 0.470258 0.600812
vt 0.471739 0.585886
vt 0.443836 0.597598
vt 0.458418 0.584271
vt 0.473012 0.570982
vt 0.486342 0.572621
vt 0.444987 0.582659
vt 0.430569 0.595821
vt 0.416250 0.608898
vt 0.459598 0.569424
vt 0.401807 0.622132
vt 0.387075 0.635435
vt 0.373673 0.634015
vt 0.372111 0.648744
vt 0.388558 0.620599
vt 0.403141 0.607096
vt 0.360362 0.632485
vt 0.417329 0.593855
vt 0.358756 0.647287
vt 0.375165 0.619065
vt 0.389959 0.605441
vt 0.404286 0.592058
vt 0.431616 0.580855
vt 0.418399 0.578930
vt 0.446187 0.567784
vt 0.391163 0.590612
vt 0.432728 0.566031
vt 0.405279 0.577217
vt 0.392303 0.575895
vt 0.406438 0.562576
vt 0.419366 0.564166
vt 0.377859 0.589289
vt 0.376607 0.604093
vt 0.364435 0.588016
vt 0.379087 0.574572
vt 0.393495 0.561271
vt 0.361688 0.617610
vt 0.363026 0.602771
vt 0.347037 0.630815
vt 0.345538 0.645632
vt 0.348322 0.616088
vt 0.333895 0.629263
vt 0.335159 0.614582
vt 0.349652 0.601363
vt 0.492219 0.648516
vt 0.490190 0.663270
vt 0.479012 0.646962
vt 0.476975 0.661777
vt 0.493780 0.633629
vt 0.508337 0.620540
vt 0.522993 0.607415
vt 0.536851 0.608205
vt 0.480594 0.632062
vt 0.495202 0.618858
vt 0.509845 0.605655
vt 0.482051 0.617268
vt 0.496664 0.603988
vt 0.524570 0.592559
vt 0.511395 0.590834
vt 0.483517 0.602350
vt 0.538334 0.593359
vt 0.498175 0.589152
vt 0.526124 0.577716
vt 0.468810 0.615712
vt 0.484957 0.587501
vt 0.365861 0.573298
vt 0.352574 0.571993
vt 0.354087 0.557341
vt 0.367281 0.558639
vt 0.380414 0.560005
vt 0.394871 0.546581
vt 0.381716 0.545256
vt 0.396180 0.531746
vt 0.407862 0.548007
vt 0.409333 0.533201
vt 0.410613 0.518092
vt 0.420802 0.549633
vt 0.422327 0.534727
vt 0.434022 0.551277
vt 0.435430 0.536368
vt 0.423761 0.519556
vt 0.411611 0.503048
vt 0.398320 0.501709
vt 0.447339 0.552918
vt 0.448617 0.537952
vt 0.436829 0.521237
vt 0.424844 0.504470
vt 0.460695 0.554549
vt 0.462008 0.539531
vt 0.450035 0.522844
vt 0.438066 0.506028
vt 0.474233 0.556073
vt 0.475498 0.541055
vt 0.463387 0.524414
vt 0.451291 0.507652
vt 0.487685 0.557625
vt 0.488966 0.542623
vt 0.476834 0.525876
vt 0.464609 0.509144
vt 0.452227 0.492116
vt 0.490271 0.527453
vt 0.477986 0.510673
vt 0.465609 0.493659
vt 0.171449 0.334562
vt 0.161985 0.330067
vt 0.171603 0.325715
vt 0.182788 0.336252
vt 0.168784 0.346624
vt 0.155272 0.343258
vt 0.193780 0.323984
vt 0.193479 0.336553
vt 0.204802 0.323860
vt 0.181484 0.348620
vt 0.166419 0.358271
vt 0.152413 0.355995
vt 0.179896 0.359990
vt 0.192544 0.349379
vt 0.204667 0.336666
vt 0.216335 0.323799
vt 0.216303 0.336832
vt 0.204053 0.349841
vt 0.215793 0.350290
vt 0.191541 0.360968
vt 0.203241 0.361686
vt 0.215053 0.362267
vt 0.190580 0.372723
vt 0.202497 0.373547
vt 0.214414 0.374229
vt 0.226338 0.374849
vt 0.189664 0.384738
vt 0.178603 0.371805
vt 0.177602 0.383832
vt 0.164751 0.370483
vt 0.150343 0.368831
vt 0.163523 0.382813
vt 0.148826 0.381857
vt 0.176736 0.396118
vt 0.162461 0.395379
vt 0.147695 0.394818
vt 0.161750 0.407947
vt 0.146973 0.407584
vt 0.176103 0.408453
vt 0.161390 0.420503
vt 0.146699 0.420319
vt 0.188906 0.396833
vt 0.161395 0.432949
vt 0.146777 0.433180
vt 0.175709 0.420746
vt 0.188281 0.409038
vt 0.200467 0.409596
vt 0.187849 0.421186
vt 0.175480 0.432887
vt 0.161807 0.445081
vt 0.147437 0.446047
vt 0.148771 0.458823
vt 0.175564 0.444726
vt 0.187500 0.433149
vt 0.200012 0.421679
vt 0.187350 0.444977
vt 0.199584 0.433655
vt 0.199151 0.445540
vt 0.211994 0.422305
vt 0.211498 0.434245
vt 0.212561 0.410262
vt 0.224118 0.423023
vt 0.224693 0.410919
vt 0.213095 0.398183
vt 0.225216 0.398820
vt 0.201073 0.397507
vt 0.201788 0.385523
vt 0.213755 0.386181
vt 0.225851 0.386792
vt 0.238385 0.375468
vt 0.237822 0.387428
vt 0.250338 0.376025
vt 0.237337 0.399460
vt 0.250125 0.387944
vt 0.262486 0.376506
vt 0.249608 0.400056
vt 0.236895 0.411621
vt 0.262311 0.388688
vt 0.274509 0.389184
vt 0.261893 0.400802
vt 0.249162 0.412325
vt 0.236330 0.423777
vt 0.223550 0.435115
vt 0.248622 0.424532
vt 0.211070 0.446217
vt 0.235715 0.435863
vt 0.223020 0.447072
vt 0.198546 0.457158
vt 0.210408 0.458021
vt 0.235119 0.447941
vt 0.222393 0.458987
vt 0.248004 0.436699
vt 0.679411 0.584652
vt 0.691087 0.584095
vt 0.679323 0.569546
vt 0.690857 0.569019
vt 0.702375 0.568554
vt 0.701862 0.553386
vt 0.713187 0.553139
vt 0.667788 0.570043
vt 0.655798 0.584717
vt 0.679314 0.554323
vt 0.667818 0.554810
vt 0.656074 0.569596
vt 0.668069 0.539508
vt 0.690679 0.553778
vt 0.679179 0.538897
vt 0.690334 0.538367
vt 0.701673 0.538068
vt 0.712738 0.537793
vt 0.723888 0.537569
vt 0.712305 0.522021
vt 0.701350 0.522317
vt 0.700983 0.506299
vt 0.690045 0.522702
vt 0.689664 0.506715
vt 0.689064 0.490705
vt 0.678869 0.523125
vt 0.678606 0.507336
vt 0.678103 0.491334
vt 0.677526 0.477461
vt 0.688515 0.476779
vt 0.676789 0.463452
vt 0.667912 0.523841
vt 0.667568 0.508001
vt 0.667125 0.492104
vt 0.656584 0.507522
vt 0.656853 0.523256
vt 0.666526 0.478152
vt 0.656176 0.491695
vt 0.645528 0.507213
vt 0.665761 0.464138
vt 0.533095 0.022497
vt 0.519059 0.023872
vt 0.517356 0.008872
vt 0.531611 0.007580
vt 0.547316 0.021100
vt 0.504197 0.011164
vt 0.548564 0.034113
vt 0.562649 0.032824
vt 0.563729 0.045902
vt 0.534471 0.035494
vt 0.549731 0.047177
vt 0.564751 0.059030
vt 0.550811 0.060327
vt 0.535792 0.048521
vt 0.536979 0.061593
vt 0.520393 0.036759
vt 0.521823 0.049698
vt 0.523164 0.062749
vt 0.508634 0.051993
vt 0.507234 0.039004
vt 0.494050 0.041224
vt 0.492757 0.028328
vt 0.505978 0.026120
vt 0.491005 0.013472
vt 0.304675 0.129107
vt 0.318473 0.140313
vt 0.305800 0.141631
vt 0.303653 0.116630
vt 0.289781 0.105520
vt 0.302657 0.104087
vt 0.288510 0.092994
vt 0.301417 0.091470
vt 0.317357 0.127745
vt 0.316334 0.115215
vt 0.315364 0.102573
vt 0.314198 0.089936
vt 0.328046 0.101016
vt 0.326862 0.088414
vt 0.329036 0.113673
vt 0.330095 0.126290
vt 0.331173 0.138858
vt 0.340818 0.099476
vt 0.339578 0.086807
vt 0.341944 0.112153
vt 0.343015 0.124847
vt 0.343906 0.137496
vt 0.353910 0.097977
vt 0.352624 0.085304
vt 0.355055 0.110692
vt 0.356035 0.123410
vt 0.356865 0.136100
vt 0.367047 0.096496
vt 0.365693 0.083722
vt 0.368189 0.109228
vt 0.369063 0.122015
vt 0.369857 0.134779
vt 0.381119 0.107904
vt 0.370630 0.147577
vt 0.379983 0.095121
vt 0.378731 0.082335
vt 0.377487 0.069443
vt 0.392868 0.093709
vt 0.391750 0.080813
vt 0.390613 0.067917
vt 0.404716 0.079364
vt 0.405722 0.092305
vt 0.418843 0.090791
vt 0.393934 0.106514
vt 0.419934 0.103692
vt 0.433095 0.102240
vt 0.406838 0.105139
vt 0.434165 0.115204
vt 0.447390 0.113749
vt 0.420996 0.116552
vt 0.407866 0.117941
vt 0.394928 0.119310
vt 0.448447 0.126756
vt 0.461734 0.125112
vt 0.435221 0.128201
vt 0.421985 0.129509
vt 0.408809 0.130784
vt 0.462745 0.138193
vt 0.476077 0.136489
vt 0.449510 0.139792
vt 0.436297 0.141236
vt 0.423040 0.142556
vt 0.703585 0.072291
vt 0.691144 0.085124
vt 0.691574 0.071745
vt 0.679268 0.084132
vt 0.679542 0.070761
vt 0.691984 0.058448
vt 0.679848 0.057478
vt 0.667561 0.069588
vt 0.667690 0.056319
vt 0.655528 0.069512
vt 0.692306 0.045173
vt 0.680028 0.044276
vt 0.655503 0.056229
vt 0.643386 0.069312
vt 0.667781 0.043119
vt 0.692616 0.031961
vt 0.680295 0.031276
vt 0.705383 0.019449
vt 0.692838 0.018854
vt 0.680406 0.018175
vt 0.693382 0.003720
vt 0.706004 0.004360
vt 0.680795 0.003048
vt 0.668045 0.016925
vt 0.668282 0.002020
vt 0.655453 0.001411
vt 0.667945 0.029969
vt 0.655411 0.043028
vt 0.655474 0.029761
vt 0.655430 0.016503
vt 0.642908 0.015922
vt 0.642839 0.000770
vt 0.630059 0.000319
vt 0.643025 0.029341
vt 0.630210 0.015661
vt 0.617086 0.000000
vt 0.630455 0.029156
vt 0.643082 0.042797
vt 0.630682 0.042641
vt 0.617510 0.015388
vt 0.604002 0.000224
vt 0.617814 0.028847
vt 0.618213 0.042274
vt 0.604691 0.015370
vt 0.589341 0.001728
vt 0.605338 0.028761
vt 0.590282 0.016908
vt 0.574743 0.003272
vt 0.605905 0.042218
vt 0.591032 0.030176
vt 0.575914 0.018452
vt 0.560273 0.004757
vt 0.561607 0.019798
vt 0.545907 0.006160
vt 0.576780 0.031585
vt 0.591734 0.043540
vt 0.606619 0.055529
vt 0.577701 0.044686
vt 0.592607 0.056654
vt 0.578667 0.057839
vt 0.593420 0.069900
vt 0.607264 0.068734
vt 0.607915 0.082097
vt 0.618738 0.055659
vt 0.619225 0.068878
vt 0.619730 0.082196
vt 0.630941 0.055913
vt 0.631315 0.069080
vt 0.631711 0.082442
vt 0.643198 0.056083
vt 0.172841 0.158784
vt 0.184374 0.156676
vt 0.194185 0.143295
vt 0.192280 0.131646
vt 0.175028 0.169789
vt 0.204364 0.129876
vt 0.206123 0.141581
vt 0.216514 0.128199
vt 0.196009 0.154875
vt 0.186215 0.167903
vt 0.218147 0.139985
vt 0.214765 0.116276
vt 0.230249 0.138337
vt 0.219677 0.151642
vt 0.227083 0.114422
vt 0.228721 0.126469
vt 0.242463 0.136663
vt 0.239494 0.112526
vt 0.241027 0.124671
vt 0.251898 0.110597
vt 0.253293 0.122838
vt 0.254669 0.134959
vt 0.264293 0.108754
vt 0.262877 0.096362
vt 0.265610 0.121086
vt 0.266947 0.133363
vt 0.276940 0.107091
vt 0.275558 0.094641
vt 0.278215 0.119495
vt 0.279487 0.131903
vt 0.268181 0.145542
vt 0.290895 0.118032
vt 0.292011 0.130499
vt 0.280683 0.144230
vt 0.293234 0.142954
vt 0.294434 0.155381
vt 0.610731 0.136300
vt 0.621400 0.122803
vt 0.622003 0.136381
vt 0.632774 0.122957
vt 0.610029 0.122563
vt 0.596551 0.123726
vt 0.632436 0.109296
vt 0.643894 0.109483
vt 0.620835 0.109228
vt 0.595752 0.110126
vt 0.582248 0.111221
vt 0.609340 0.109017
vt 0.594933 0.096640
vt 0.581270 0.097857
vt 0.594141 0.083251
vt 0.608649 0.095560
vt 0.620340 0.095676
vt 0.632152 0.095856
vt 0.579551 0.071056
vt 0.643950 0.096123
vt 0.655224 0.109596
vt 0.643580 0.082709
vt 0.655510 0.096292
vt 0.666486 0.109774
vt 0.655532 0.082878
vt 0.667051 0.096319
vt 0.667398 0.082947
vt 0.678745 0.097581
vt 0.678010 0.111044
vt 0.690541 0.098592
vt 0.689663 0.112071
vt 0.701519 0.112495
vt 0.700625 0.126104
vt 0.712532 0.126374
vt 0.702357 0.099035
vt 0.713392 0.112864
vt 0.724445 0.126595
vt 0.714294 0.099265
vt 0.725344 0.113031
vt 0.736202 0.126784
vt 0.737135 0.113262
vt 0.747822 0.126961
vt 0.726132 0.099591
vt 0.703132 0.085544
vt 0.714959 0.085938
vt 0.491467 0.512164
vt 0.438878 0.490595
vt 0.479056 0.495214
vt 0.425571 0.489063
vt 0.412342 0.487731
vt 0.439647 0.475311
vt 0.503749 0.529095
vt 0.502363 0.544242
vt 0.505000 0.513775
vt 0.501048 0.559284
vt 0.517230 0.530850
vt 0.515816 0.545991
vt 0.499622 0.574257
vt 0.514389 0.560940
vt 0.512903 0.575930
vt 0.527732 0.562873
vt 0.529205 0.547812
vt 0.530628 0.532601
vt 0.542629 0.548441
vt 0.541300 0.563461
vt 0.539834 0.578429
vt 0.554827 0.564264
vt 0.553487 0.579270
vt 0.552105 0.594181
vt 0.556035 0.549117
vt 0.568385 0.565159
vt 0.567173 0.580177
vt 0.550727 0.609121
vt 0.565893 0.595066
vt 0.581956 0.566223
vt 0.564655 0.609970
vt 0.580767 0.581124
vt 0.579643 0.596054
vt 0.563422 0.624849
vt 0.578538 0.610994
vt 0.592418 0.612177
vt 0.593415 0.597223
vt 0.594491 0.582271
vt 0.606294 0.613413
vt 0.607129 0.598486
vt 0.618564 0.613615
vt 0.608042 0.583516
vt 0.619298 0.598723
vt 0.630748 0.613906
vt 0.631364 0.598929
vt 0.620047 0.583699
vt 0.609005 0.568583
vt 0.631962 0.583922
vt 0.620800 0.568651
vt 0.595525 0.567375
vt 0.609899 0.553406
vt 0.596446 0.552338
vt 0.582952 0.551178
vt 0.621576 0.553506
vt 0.632580 0.568873
vt 0.569491 0.550051
vt 0.644341 0.569193
vt 0.633175 0.553701
vt 0.557242 0.533964
vt 0.622223 0.538136
vt 0.570644 0.534899
vt 0.584024 0.535938
vt 0.543914 0.533233
vt 0.597421 0.536986
vt 0.610801 0.538095
vt 0.531980 0.517429
vt 0.584969 0.520522
vt 0.598213 0.521532
vt 0.611536 0.522696
vt 0.571698 0.519424
vt 0.572603 0.503837
vt 0.585460 0.504434
vt 0.598875 0.505925
vt 0.558362 0.518539
vt 0.559352 0.503104
vt 0.545139 0.517939
vt 0.546293 0.502504
vt 0.533291 0.502024
vt 0.519667 0.500225
vt 0.534480 0.486570
vt 0.547337 0.486965
vt 0.518549 0.515552
vt 0.506084 0.498425
vt 0.520766 0.484775
vt 0.535357 0.473042
vt 0.492540 0.496780
vt 0.507167 0.483007
vt 0.493565 0.481327
vt 0.521621 0.471257
vt 0.507995 0.469511
vt 0.480102 0.479729
vt 0.494476 0.467852
vt 0.466618 0.478213
vt 0.480942 0.466305
vt 0.453101 0.476739
vt 0.467492 0.464830
vt 0.453947 0.463421
vt 0.481823 0.452833
vt 0.495262 0.454317
vt 0.468336 0.451432
vt 0.508736 0.455952
vt 0.477085 0.149682
vt 0.490504 0.147890
vt 0.463693 0.151359
vt 0.450381 0.152938
vt 0.437226 0.154354
vt 0.478140 0.165104
vt 0.491641 0.163441
vt 0.464727 0.166747
vt 0.451339 0.168353
vt 0.438041 0.169682
vt 0.478945 0.180513
vt 0.492574 0.178901
vt 0.465451 0.182076
vt 0.452053 0.183523
vt 0.438691 0.184870
vt 0.479791 0.195975
vt 0.493493 0.194452
vt 0.466251 0.197441
vt 0.452722 0.198823
vt 0.439368 0.200177
vt 0.480615 0.211744
vt 0.466897 0.212998
vt 0.494372 0.210406
vt 0.453304 0.214276
vt 0.481227 0.227476
vt 0.495149 0.226313
vt 0.439851 0.215526
vt 0.467379 0.228671
vt 0.453668 0.229794
vt 0.426452 0.216523
vt 0.440112 0.230863
vt 0.426029 0.201338
vt 0.426524 0.231706
vt 0.425418 0.186118
vt 0.413059 0.217495
vt 0.412816 0.202414
vt 0.424880 0.170888
vt 0.412263 0.187312
vt 0.424047 0.155624
vt 0.411723 0.172118
vt 0.409838 0.143706
vt 0.410845 0.156817
vt 0.395749 0.132124
vt 0.396676 0.144990
vt 0.382018 0.120652
vt 0.382823 0.133507
vt 0.383600 0.146321
vt 0.397636 0.157959
vt 0.384512 0.159196
vt 0.398535 0.173236
vt 0.385399 0.174195
vt 0.371513 0.160355
vt 0.372424 0.175293
vt 0.357716 0.148812
vt 0.344933 0.150088
vt 0.358658 0.161536
vt 0.359553 0.176277
vt 0.332214 0.151434
vt 0.345919 0.162739
vt 0.346804 0.177388
vt 0.319609 0.152801
vt 0.333271 0.164039
vt 0.334194 0.178656
vt 0.306955 0.154088
vt 0.320622 0.165314
vt 0.321586 0.179767
vt 0.308030 0.166569
vt 0.274947 0.254054
vt 0.287099 0.267696
vt 0.275093 0.268105
vt 0.286939 0.281884
vt 0.310780 0.309952
vt 0.298824 0.295747
vt 0.310947 0.295529
vt 0.323131 0.309744
vt 0.286794 0.296048
vt 0.323208 0.324243
vt 0.335793 0.324033
vt 0.298691 0.310066
vt 0.310854 0.324342
vt 0.275166 0.282165
vt 0.286768 0.310243
vt 0.298705 0.324374
vt 0.274922 0.296266
vt 0.286697 0.324431
vt 0.263102 0.268573
vt 0.274899 0.310360
vt 0.263124 0.282595
vt 0.263197 0.296505
vt 0.262899 0.254563
vt 0.251191 0.268917
vt 0.251345 0.282837
vt 0.262551 0.240634
vt 0.274689 0.240033
vt 0.250943 0.255042
vt 0.250577 0.241213
vt 0.262074 0.226744
vt 0.250057 0.227399
vt 0.274220 0.226082
vt 0.286859 0.239423
vt 0.286357 0.225405
vt 0.299036 0.238848
vt 0.273571 0.212151
vt 0.298523 0.224681
vt 0.311307 0.238106
vt 0.285724 0.211351
vt 0.298005 0.210545
vt 0.310762 0.223934
vt 0.323614 0.237520
vt 0.310331 0.209626
vt 0.309744 0.195328
vt 0.323128 0.223166
vt 0.336310 0.236867
vt 0.322741 0.208744
vt 0.335799 0.222384
vt 0.348612 0.221534
vt 0.335282 0.207828
vt 0.297392 0.196418
vt 0.309046 0.181001
vt 0.285066 0.197380
vt 0.296607 0.182079
vt 0.295528 0.167747
vt 0.284252 0.183114
vt 0.272811 0.198227
vt 0.261462 0.212884
vt 0.281843 0.156489
vt 0.283167 0.168826
vt 0.269436 0.157715
vt 0.271934 0.184088
vt 0.270713 0.169948
vt 0.257194 0.159024
vt 0.260681 0.199031
vt 0.258400 0.171132
vt 0.259682 0.185098
vt 0.249397 0.213637
vt 0.248580 0.199860
vt 0.247540 0.186070
vt 0.238079 0.228023
vt 0.237424 0.214342
vt 0.236659 0.200738
vt 0.238635 0.241731
vt 0.226256 0.228566
vt 0.225547 0.215025
vt 0.239052 0.255455
vt 0.226797 0.242189
vt 0.214388 0.229041
vt 0.239317 0.269247
vt 0.227190 0.255864
vt 0.214822 0.242599
vt 0.202599 0.229398
vt 0.213762 0.215639
vt 0.224706 0.201610
vt 0.235588 0.187146
vt 0.246313 0.172326
vt 0.245088 0.160337
vt 0.234302 0.173597
vt 0.223654 0.188264
vt 0.212933 0.202454
vt 0.222370 0.174904
vt 0.255964 0.146956
vt 0.243843 0.148427
vt 0.233034 0.161802
vt 0.231691 0.150072
vt 0.221058 0.163275
vt 0.210620 0.176266
vt 0.209255 0.164757
vt 0.207764 0.153221
vt 0.197629 0.166270
vt 0.211919 0.189351
vt 0.199012 0.177632
vt 0.200377 0.190441
vt 0.201464 0.203247
vt 0.202179 0.216164
vt 0.187868 0.178931
vt 0.189355 0.191382
vt 0.190312 0.203744
vt 0.190737 0.216409
vt 0.190835 0.229504
vt 0.179548 0.216140
vt 0.179120 0.229203
vt 0.179581 0.203865
vt 0.178778 0.192092
vt 0.166721 0.214639
vt 0.167949 0.202536
vt 0.177077 0.180358
vt 0.167625 0.194040
vt 0.159073 0.198376
vt 0.152723 0.211199
vt 0.150678 0.226522
vt 0.165388 0.228184
vt 0.149784 0.241918
vt 0.164669 0.242549
vt 0.149767 0.257220
vt 0.178813 0.242944
vt 0.164627 0.257151
vt 0.150265 0.272322
vt 0.165087 0.271721
vt 0.151355 0.287545
vt 0.178935 0.256998
vt 0.190923 0.243063
vt 0.166045 0.286206
vt 0.153209 0.302443
vt 0.179392 0.271154
vt 0.202901 0.242917
vt 0.191135 0.256841
vt 0.191547 0.270727
vt 0.215180 0.256260
vt 0.203234 0.256591
vt 0.203596 0.270327
vt 0.215513 0.269979
vt 0.227523 0.269591
vt 0.239512 0.283059
vt 0.227779 0.283311
vt 0.215822 0.283576
vt 0.203955 0.283991
vt 0.251424 0.296695
vt 0.239551 0.296804
vt 0.227946 0.296952
vt 0.216106 0.297169
vt 0.263182 0.310399
vt 0.251462 0.310477
vt 0.239673 0.310523
vt 0.227944 0.310554
vt 0.274892 0.324308
vt 0.263081 0.324262
vt 0.251313 0.324285
vt 0.239514 0.324204
vt 0.251097 0.338016
vt 0.286759 0.338499
vt 0.274866 0.338263
vt 0.263005 0.338106
vt 0.298802 0.338548
vt 0.274889 0.352336
vt 0.311026 0.338565
vt 0.286953 0.352565
vt 0.299014 0.352805
vt 0.262870 0.352083
vt 0.274829 0.364572
vt 0.286989 0.364971
vt 0.250890 0.351838
vt 0.262671 0.364280
vt 0.250604 0.363922
vt 0.239006 0.351527
vt 0.238680 0.363450
vt 0.239304 0.337828
vt 0.227962 0.323988
vt 0.226825 0.362902
vt 0.227427 0.350888
vt 0.227858 0.337333
vt 0.216207 0.310647
vt 0.204332 0.297477
vt 0.204585 0.310840
vt 0.192078 0.284513
vt 0.192698 0.298058
vt 0.180134 0.285177
vt 0.167443 0.300330
vt 0.155882 0.316999
vt 0.181071 0.298853
vt 0.169631 0.313728
vt 0.193424 0.311295
vt 0.182520 0.311904
vt 0.183054 0.324197
vt 0.584092 0.138485
vt 0.569701 0.125908
vt 0.583139 0.124820
vt 0.575440 0.220532
vt 0.561940 0.204599
vt 0.574732 0.203994
vt 0.588219 0.219929
vt 0.568788 0.112459
vt 0.576021 0.237198
vt 0.588762 0.236554
vt 0.562687 0.221080
vt 0.563423 0.237672
vt 0.549191 0.205185
vt 0.561169 0.188384
vt 0.576585 0.253858
vt 0.548306 0.188956
vt 0.560046 0.172345
vt 0.549990 0.221553
vt 0.536391 0.205735
vt 0.550781 0.237907
vt 0.547172 0.172920
vt 0.558727 0.156150
vt 0.535424 0.189592
vt 0.545672 0.156955
vt 0.557551 0.140351
vt 0.534257 0.173374
vt 0.521321 0.191320
vt 0.544292 0.141106
vt 0.532708 0.157449
vt 0.556383 0.126994
vt 0.543066 0.127751
vt 0.555268 0.113623
vt 0.531100 0.141960
vt 0.520194 0.175352
vt 0.518972 0.159683
vt 0.507328 0.192928
vt 0.506349 0.177185
vt 0.505264 0.161668
vt 0.517557 0.144012
vt 0.516403 0.130627
vt 0.529834 0.128547
vt 0.528501 0.115182
vt 0.515381 0.117339
vt 0.541877 0.114454
vt 0.540477 0.101159
vt 0.513996 0.104363
vt 0.527151 0.102046
vt 0.539342 0.087864
vt 0.554054 0.100306
vt 0.567631 0.099046
vt 0.552933 0.086823
vt 0.525845 0.088973
vt 0.566671 0.085582
vt 0.512743 0.091272
vt 0.580416 0.084434
vt 0.551897 0.073530
vt 0.565717 0.072275
vt 0.538201 0.074731
vt 0.524510 0.075844
vt 0.511379 0.078180
vt 0.509968 0.065082
vt 0.498274 0.080399
vt 0.496824 0.067279
vt 0.499638 0.093552
vt 0.495423 0.054170
vt 0.500811 0.106667
vt 0.485076 0.082495
vt 0.502029 0.119551
vt 0.486407 0.095633
vt 0.487535 0.108624
vt 0.502928 0.132676
vt 0.488513 0.121626
vt 0.504018 0.146016
vt 0.489522 0.134665
vt 0.475119 0.123447
vt 0.474164 0.110427
vt 0.473017 0.097452
vt 0.460725 0.112123
vt 0.471754 0.084388
vt 0.459601 0.099171
vt 0.458399 0.086177
vt 0.470398 0.071285
vt 0.457138 0.073149
vt 0.483647 0.069373
vt 0.482272 0.056287
vt 0.469087 0.058255
vt 0.455904 0.060120
vt 0.442780 0.061944
vt 0.480920 0.043324
vt 0.467836 0.045340
vt 0.454642 0.047195
vt 0.441492 0.049032
vt 0.466515 0.032446
vt 0.479601 0.030459
vt 0.464878 0.017672
vt 0.451753 0.019586
vt 0.477921 0.015659
vt 0.453361 0.034370
vt 0.438669 0.021449
vt 0.440215 0.036209
vt 0.425714 0.023084
vt 0.427237 0.037771
vt 0.412771 0.024452
vt 0.428477 0.050596
vt 0.414380 0.039202
vt 0.399912 0.025846
vt 0.401521 0.040598
vt 0.386835 0.027406
vt 0.415576 0.052025
vt 0.429685 0.063490
vt 0.388432 0.042093
vt 0.443994 0.074872
vt 0.373595 0.028979
vt 0.445162 0.087815
vt 0.430847 0.076390
vt 0.446302 0.100766
vt 0.416698 0.064921
vt 0.431980 0.089307
vt 0.417773 0.077839
vt 0.403691 0.066366
vt 0.402627 0.053468
vt 0.389522 0.054981
vt 0.375179 0.043668
vt 0.360334 0.030638
vt 0.376313 0.056493
vt 0.361929 0.045295
vt 0.347215 0.032192
vt 0.348794 0.046847
vt 0.363114 0.058026
vt 0.334094 0.033738
vt 0.335780 0.048567
vt 0.321220 0.035505
vt 0.349979 0.059597
vt 0.364361 0.070914
vt 0.322902 0.050186
vt 0.308397 0.037077
vt 0.336903 0.061384
vt 0.351226 0.072479
vt 0.309940 0.051729
vt 0.295464 0.038564
vt 0.324097 0.063018
vt 0.338249 0.074086
vt 0.297026 0.053211
vt 0.282607 0.040315
vt 0.311290 0.064532
vt 0.325626 0.075756
vt 0.312848 0.077277
vt 0.298412 0.066035
vt 0.284085 0.054953
vt 0.269792 0.042237
vt 0.271285 0.056869
vt 0.257057 0.044139
vt 0.285478 0.067694
vt 0.299984 0.078786
vt 0.258490 0.058706
vt 0.244251 0.046094
vt 0.272556 0.069537
vt 0.287074 0.080352
vt 0.245715 0.060678
vt 0.231229 0.048132
vt 0.259857 0.071355
vt 0.274087 0.082104
vt 0.232894 0.062719
vt 0.218042 0.050274
vt 0.247192 0.073295
vt 0.261443 0.083917
vt 0.219984 0.064803
vt 0.204728 0.052477
vt 0.234468 0.075249
vt 0.248800 0.085781
vt 0.415037 0.406895
vt 0.428455 0.394403
vt 0.428384 0.407815
vt 0.441865 0.395310
vt 0.401554 0.419291
vt 0.414825 0.420141
vt 0.388115 0.431599
vt 0.401312 0.432412
vt 0.387759 0.444573
vt 0.374641 0.443808
vt 0.414578 0.433336
vt 0.428181 0.421096
vt 0.441826 0.408786
vt 0.400953 0.445457
vt 0.374098 0.456720
vt 0.387184 0.457545
vt 0.361054 0.455963
vt 0.361641 0.443129
vt 0.373512 0.469595
vt 0.348091 0.455257
vt 0.348653 0.442489
vt 0.360479 0.468789
vt 0.335188 0.454544
vt 0.335784 0.441879
vt 0.322441 0.453831
vt 0.347467 0.468009
vt 0.334525 0.467229
vt 0.321744 0.466427
vt 0.309739 0.453062
vt 0.346790 0.482631
vt 0.309038 0.465594
vt 0.297165 0.452286
vt 0.333833 0.481738
vt 0.321021 0.480882
vt 0.296459 0.464775
vt 0.284606 0.451485
vt 0.308248 0.480011
vt 0.283850 0.463947
vt 0.272146 0.450634
vt 0.295601 0.479117
vt 0.320157 0.495513
vt 0.307303 0.494545
vt 0.333025 0.496469
vt 0.319086 0.510138
vt 0.345999 0.497447
vt 0.331999 0.511150
vt 0.344995 0.512175
vt 0.359006 0.498431
vt 0.358015 0.513227
vt 0.359823 0.483568
vt 0.372831 0.484381
vt 0.371977 0.499363
vt 0.370930 0.514184
vt 0.369814 0.528825
vt 0.385070 0.500540
vt 0.385893 0.485334
vt 0.384077 0.515371
vt 0.382955 0.530392
vt 0.397330 0.516811
vt 0.356779 0.527956
vt 0.343778 0.526881
vt 0.368543 0.543857
vt 0.355551 0.542672
vt 0.330802 0.525780
vt 0.342519 0.541524
vt 0.317890 0.524711
vt 0.329527 0.540391
vt 0.341020 0.556157
vt 0.306271 0.509135
vt 0.305109 0.523681
vt 0.294558 0.493589
vt 0.293529 0.508084
vt 0.282884 0.478212
vt 0.281895 0.492567
vt 0.271376 0.462977
vt 0.270367 0.477227
vt 0.258943 0.462000
vt 0.259734 0.449737
vt 0.246624 0.460999
vt 0.257948 0.476076
vt 0.676948 0.138420
vt 0.665889 0.152801
vt 0.665706 0.136963
vt 0.677333 0.124787
vt 0.655449 0.168780
vt 0.666048 0.168734
vt 0.655179 0.152615
vt 0.655422 0.185363
vt 0.665874 0.185220
vt 0.677054 0.186146
vt 0.665642 0.201832
vt 0.676663 0.202524
vt 0.665241 0.218514
vt 0.655246 0.201950
vt 0.654986 0.218656
vt 0.644858 0.185355
vt 0.644842 0.201998
vt 0.644752 0.218691
vt 0.644835 0.168748
vt 0.634388 0.185311
vt 0.634419 0.218684
vt 0.634510 0.235553
vt 0.624359 0.235535
vt 0.634389 0.201964
vt 0.624128 0.218591
vt 0.614350 0.235367
vt 0.623922 0.201863
vt 0.613886 0.218490
vt 0.601036 0.219279
vt 0.623688 0.185208
vt 0.613475 0.201761
vt 0.600476 0.202580
vt 0.612962 0.185121
vt 0.634188 0.168721
vt 0.623406 0.168652
vt 0.644419 0.152510
vt 0.633650 0.152426
vt 0.654820 0.136838
vt 0.643974 0.136671
vt 0.665878 0.123334
vt 0.654875 0.123093
vt 0.643783 0.122997
vt 0.633115 0.136554
vt 0.622688 0.152434
vt 0.612461 0.168570
vt 0.611782 0.152270
vt 0.599829 0.186065
vt 0.599197 0.169678
vt 0.587573 0.203376
vt 0.598487 0.153433
vt 0.586843 0.186934
vt 0.586092 0.170609
vt 0.573918 0.187696
vt 0.585238 0.154448
vt 0.572990 0.171443
vt 0.597496 0.137419
vt 0.572022 0.155405
vt 0.570862 0.139513
vt 0.495900 0.440743
vt 0.482450 0.439286
vt 0.522331 0.457644
vt 0.509372 0.442339
vt 0.523006 0.443945
vt 0.536015 0.459447
vt 0.536820 0.445626
vt 0.523562 0.429979
vt 0.537418 0.431659
vt 0.549239 0.445882
vt 0.548098 0.473436
vt 0.548674 0.459795
vt 0.549756 0.431923
vt 0.561343 0.460247
vt 0.538018 0.417572
vt 0.550181 0.417765
vt 0.560816 0.473940
vt 0.573554 0.474570
vt 0.560200 0.487531
vt 0.573201 0.488218
vt 0.586312 0.475409
vt 0.585967 0.488966
vt 0.599362 0.476480
vt 0.599302 0.490159
vt 0.612539 0.477635
vt 0.612466 0.491397
vt 0.623406 0.491212
vt 0.612185 0.507038
vt 0.623210 0.507050
vt 0.622755 0.522696
vt 0.634311 0.507131
vt 0.634302 0.491252
vt 0.634091 0.522777
vt 0.645587 0.522938
vt 0.633691 0.538304
vt 0.645344 0.538561
vt 0.656776 0.538945
vt 0.656349 0.554343
vt 0.644749 0.553999
vt 0.643856 0.584246
vt 0.643407 0.599294
vt 0.655533 0.599726
vt 0.322178 0.194259
vt 0.334740 0.193172
vt 0.347444 0.192188
vt 0.360311 0.191208
vt 0.348091 0.206843
vt 0.373175 0.190261
vt 0.360942 0.206011
vt 0.386100 0.189310
vt 0.373753 0.205130
vt 0.361360 0.220792
vt 0.386701 0.204274
vt 0.399165 0.188370
vt 0.399762 0.203422
vt 0.374095 0.219998
vt 0.387061 0.219218
vt 0.400172 0.218463
vt 0.413304 0.232541
vt 0.400395 0.233415
vt 0.387249 0.234056
vt 0.413170 0.247738
vt 0.400361 0.248377
vt 0.374466 0.234752
vt 0.387432 0.248939
vt 0.413112 0.262878
vt 0.400338 0.263301
vt 0.387356 0.263616
vt 0.374595 0.249431
vt 0.361776 0.235409
vt 0.349107 0.236175
vt 0.362081 0.249979
vt 0.374621 0.264187
vt 0.387236 0.278577
vt 0.349441 0.250637
vt 0.362027 0.264644
vt 0.374552 0.278973
vt 0.349270 0.265124
vt 0.399968 0.278192
vt 0.361799 0.279384
vt 0.412928 0.278018
vt 0.400087 0.293282
vt 0.412978 0.293193
vt 0.387360 0.293661
vt 0.374570 0.293883
vt 0.361703 0.294113
vt 0.400356 0.308457
vt 0.387470 0.308605
vt 0.374522 0.308757
vt 0.349020 0.279726
vt 0.413293 0.308380
vt 0.400533 0.323426
vt 0.413657 0.323475
vt 0.387607 0.323510
vt 0.414085 0.338567
vt 0.400928 0.338420
vt 0.374570 0.323540
vt 0.387932 0.338391
vt 0.427437 0.338941
vt 0.388240 0.353097
vt 0.401338 0.353274
vt 0.414521 0.353671
vt 0.388423 0.366176
vt 0.401536 0.366384
vt 0.414814 0.366832
vt 0.401775 0.379655
vt 0.427877 0.354218
vt 0.428209 0.367496
vt 0.426933 0.323608
vt 0.426541 0.308385
vt 0.440471 0.323512
vt 0.440970 0.339128
vt 0.441426 0.354595
vt 0.426269 0.293105
vt 0.440092 0.308164
vt 0.454230 0.323437
vt 0.454691 0.339117
vt 0.426204 0.277780
vt 0.439876 0.292673
vt 0.453879 0.307963
vt 0.468130 0.323388
vt 0.426269 0.262277
vt 0.439744 0.277165
vt 0.453656 0.292325
vt 0.426460 0.246813
vt 0.439799 0.261655
vt 0.440161 0.246154
vt 0.453545 0.276688
vt 0.453529 0.260973
vt 0.453781 0.245286
vt 0.467571 0.244372
vt 0.467632 0.260094
vt 0.467673 0.276059
vt 0.467752 0.292016
vt 0.481589 0.243317
vt 0.481838 0.259222
vt 0.481975 0.275385
vt 0.482060 0.291546
vt 0.495647 0.242178
vt 0.496112 0.258301
vt 0.496378 0.274596
vt 0.496484 0.290929
vt 0.777786 0.239752
vt 0.790639 0.224406
vt 0.789668 0.240628
vt 0.776782 0.256312
vt 0.803711 0.209283
vt 0.791561 0.208331
vt 0.778651 0.223495
vt 0.765674 0.239047
vt 0.804895 0.193263
vt 0.792757 0.192357
vt 0.779506 0.207417
vt 0.780450 0.191387
vt 0.766521 0.222694
vt 0.767285 0.206517
vt 0.768333 0.190379
vt 0.769359 0.174344
vt 0.755085 0.205575
vt 0.770483 0.158501
vt 0.756052 0.189350
vt 0.757092 0.173303
vt 0.771831 0.142820
vt 0.758133 0.157412
vt 0.772976 0.129309
vt 0.759278 0.141665
vt 0.760389 0.128169
vt 0.745709 0.156200
vt 0.744712 0.172110
vt 0.743704 0.188313
vt 0.746866 0.140458
vt 0.742811 0.204588
vt 0.733405 0.172100
vt 0.732586 0.188255
vt 0.741992 0.220944
vt 0.731832 0.204518
vt 0.754310 0.221838
vt 0.722174 0.171925
vt 0.753504 0.238274
vt 0.741089 0.237466
vt 0.730936 0.220964
vt 0.721478 0.188092
vt 0.720752 0.204380
vt 0.710290 0.187836
vt 0.720030 0.220877
vt 0.730165 0.237568
vt 0.737431 0.360312
vt 0.749971 0.375054
vt 0.737678 0.375701
vt 0.749661 0.359959
vt 0.737373 0.342232
vt 0.727016 0.375429
vt 0.727163 0.390294
vt 0.726852 0.360137
vt 0.716645 0.390162
vt 0.716890 0.404737
vt 0.716424 0.375206
vt 0.706035 0.390026
vt 0.717507 0.419439
vt 0.706208 0.404667
vt 0.706721 0.419301
vt 0.707652 0.433829
vt 0.718491 0.433960
vt 0.695628 0.404974
vt 0.695413 0.390309
vt 0.695960 0.419467
vt 0.684835 0.390741
vt 0.708626 0.448140
vt 0.719358 0.448053
vt 0.685054 0.405456
vt 0.697063 0.434029
vt 0.709457 0.462103
vt 0.685457 0.420014
vt 0.720229 0.461870
vt 0.697881 0.448232
vt 0.686213 0.434286
vt 0.698635 0.462298
vt 0.686820 0.448596
vt 0.675280 0.434916
vt 0.699469 0.476231
vt 0.687821 0.462755
vt 0.676057 0.449257
vt 0.710304 0.475947
vt 0.721122 0.475807
vt 0.711180 0.489880
vt 0.721986 0.489840
vt 0.700280 0.490206
vt 0.711868 0.506002
vt 0.722701 0.505857
vt 0.723274 0.521815
vt 0.735157 0.537485
vt 0.736018 0.552843
vt 0.724478 0.552917
vt 0.725450 0.568003
vt 0.713862 0.568279
vt 0.714496 0.583289
vt 0.702812 0.583628
vt 0.324098 0.378208
vt 0.336492 0.365682
vt 0.336790 0.378359
vt 0.349366 0.365842
vt 0.324198 0.390819
vt 0.311667 0.390476
vt 0.311416 0.402979
vt 0.349599 0.378526
vt 0.362270 0.365859
vt 0.362509 0.378762
vt 0.336829 0.391003
vt 0.324007 0.403385
vt 0.311172 0.415548
vt 0.349645 0.391289
vt 0.336676 0.403701
vt 0.323717 0.416016
vt 0.362580 0.391639
vt 0.375545 0.391970
vt 0.349528 0.404070
vt 0.336472 0.416462
vt 0.310811 0.428053
vt 0.298276 0.427450
vt 0.323455 0.428672
vt 0.297737 0.439872
vt 0.285206 0.439167
vt 0.310332 0.440587
vt 0.323007 0.441262
vt 0.336191 0.429186
vt 0.349328 0.416876
vt 0.349041 0.429688
vt 0.362473 0.404465
vt 0.362288 0.417363
vt 0.375449 0.404941
vt 0.388661 0.392337
vt 0.388574 0.405470
vt 0.401859 0.392860
vt 0.375260 0.417912
vt 0.362017 0.430250
vt 0.401770 0.406112
vt 0.415110 0.393556
vt 0.388368 0.418559
vt 0.375014 0.430876
vt 0.929450 0.203535
vt 0.930605 0.188297
vt 0.931646 0.173154
vt 0.913742 0.201878
vt 0.912578 0.217081
vt 0.914769 0.186808
vt 0.932766 0.158155
vt 0.915839 0.171746
vt 0.917069 0.156746
vt 0.918073 0.143567
vt 0.900149 0.170263
vt 0.901346 0.155190
vt 0.919192 0.130449
vt 0.902352 0.142057
vt 0.884281 0.168885
vt 0.920472 0.117396
vt 0.903345 0.128894
vt 0.904486 0.115754
vt 0.887628 0.127217
vt 0.867271 0.182690
vt 0.883297 0.184007
vt 0.866051 0.198037
vt 0.899011 0.185446
vt 0.882140 0.199100
vt 0.898011 0.200347
vt 0.896886 0.215589
vt 0.880950 0.214460
vt 0.895768 0.231237
vt 0.911556 0.232544
vt 0.894746 0.247164
vt 0.910585 0.248190
vt 0.879805 0.230257
vt 0.864833 0.213632
vt 0.893913 0.262979
vt 0.909818 0.263783
vt 0.878757 0.246276
vt 0.863663 0.229515
vt 0.849814 0.196970
vt 0.848547 0.212754
vt 0.833443 0.195650
vt 0.832149 0.211542
vt 0.815622 0.210108
vt 0.814367 0.226166
vt 0.830944 0.227528
vt 0.847355 0.228674
vt 0.813286 0.242280
vt 0.862608 0.245522
vt 0.829827 0.243569
vt 0.846270 0.244633
vt 0.877882 0.262218
vt 0.861667 0.261474
vt 0.828853 0.259704
vt 0.812222 0.258598
vt 0.845342 0.260594
vt 0.827990 0.275932
vt 0.844570 0.276696
vt 0.234457 0.459994
vt 0.247383 0.448849
vt 0.260356 0.437486
vt 0.260933 0.425282
vt 0.261456 0.413030
vt 0.274173 0.401457
vt 0.273765 0.413761
vt 0.273259 0.426024
vt 0.286528 0.402064
vt 0.272774 0.438306
vt 0.286166 0.414370
vt 0.285733 0.426768
vt 0.286793 0.389682
vt 0.298922 0.402511
vt 0.298639 0.414991
vt 0.299091 0.390041
vt 0.299269 0.377699
vt 0.311587 0.377977
vt 0.286977 0.377324
vt 0.299169 0.365302
vt 0.274751 0.376896
vt 0.311207 0.352892
vt 0.311388 0.365490
vt 0.323386 0.338511
vt 0.323627 0.352984
vt 0.335976 0.338466
vt 0.348778 0.338463
vt 0.336250 0.353025
vt 0.349072 0.353046
vt 0.323796 0.365488
vt 0.413024 0.472626
vt 0.413672 0.459549
vt 0.426944 0.460729
vt 0.427541 0.447539
vt 0.426314 0.473908
vt 0.440398 0.462032
vt 0.441070 0.448779
vt 0.441566 0.435487
vt 0.454739 0.450085
vt 0.455266 0.436701
vt 0.455467 0.423255
vt 0.468931 0.437977
vt 0.469126 0.424431
vt 0.469108 0.410840
vt 0.482715 0.425670
vt 0.482796 0.411982
vt 0.482809 0.398155
vt 0.496528 0.399222
vt 0.496341 0.413145
vt 0.510458 0.400406
vt 0.496248 0.426976
vt 0.510171 0.414416
vt 0.885782 0.540156
vt 0.904875 0.568778
vt 0.906658 0.583537
vt 0.908250 0.598311
vt 0.903193 0.553884
vt 0.901569 0.538916
vt 0.909515 0.613101
vt 0.924048 0.596769
vt 0.925583 0.611772
vt 0.927071 0.626581
vt 0.941174 0.611140
vt 0.939030 0.595793
vt 0.955702 0.592790
vt 0.938002 0.580548
vt 0.954445 0.578483
vt 0.952841 0.564728
vt 0.936483 0.565961
vt 0.922671 0.582160
vt 0.920819 0.567423
vt 0.934554 0.551188
vt 0.918965 0.552595
vt 0.932999 0.536272
vt 0.917308 0.537574
vt 0.931603 0.521271
vt 0.930009 0.505040
vt 0.915797 0.522516
vt 0.945612 0.487909
vt 0.899975 0.523780
vt 0.914317 0.506355
vt 0.928720 0.490018
vt 0.913007 0.491209
vt 0.927674 0.474960
vt 0.944098 0.471186
vt 0.911694 0.476155
vt 0.897148 0.492406
vt 0.926419 0.462321
vt 0.942896 0.458259
vt 0.925614 0.449381
vt 0.910324 0.463219
vt 0.895783 0.477151
vt 0.909179 0.450110
vt 0.908492 0.436889
vt 0.894437 0.463982
vt 0.893272 0.450992
vt 0.881304 0.493567
vt 0.879931 0.478342
vt 0.878495 0.465087
vt 0.865588 0.494763
vt 0.898425 0.507606
vt 0.882628 0.508753
vt 0.884208 0.524983
vt 0.869872 0.541509
vt 0.868499 0.526254
vt 0.854087 0.542815
vt 0.852540 0.527664
vt 0.866946 0.509883
vt 0.851139 0.512213
vt 0.835198 0.513580
vt 0.849657 0.496655
vt 0.833797 0.498202
vt 0.818024 0.499877
vt 0.805941 0.500497
vt 0.816627 0.484390
vt 0.832464 0.482740
vt 0.804584 0.485035
vt 0.815464 0.470953
vt 0.848158 0.481198
vt 0.831383 0.469366
vt 0.864096 0.479561
vt 0.847251 0.467785
vt 0.863034 0.466452
vt 0.846242 0.454377
vt 0.861986 0.453164
vt 0.877627 0.451918
vt 0.845406 0.441051
vt 0.861226 0.439871
vt 0.876925 0.438767
vt 0.892653 0.437807
vt 0.892255 0.424484
vt 0.907787 0.423451
vt 0.892039 0.411081
vt 0.876446 0.425398
vt 0.876145 0.411837
vt 0.875894 0.398212
vt 0.860587 0.426409
vt 0.860111 0.412775
vt 0.859732 0.399121
vt 0.859480 0.385303
vt 0.875738 0.384595
vt 0.859372 0.371428
vt 0.844679 0.427471
vt 0.844050 0.413778
vt 0.842958 0.372023
vt 0.843533 0.399986
vt 0.843175 0.386049
vt 0.842835 0.357999
vt 0.827173 0.401033
vt 0.826653 0.386964
vt 0.826310 0.372847
vt 0.826163 0.358564
vt 0.826257 0.341959
vt 0.843002 0.341733
vt 0.826518 0.325322
vt 0.809182 0.342200
vt 0.809200 0.325155
vt 0.809626 0.308242
vt 0.826817 0.308731
vt 0.809311 0.359217
vt 0.809498 0.373684
vt 0.810320 0.291486
vt 0.827320 0.292280
vt 0.809977 0.388020
vt 0.797764 0.373786
vt 0.811184 0.275024
vt 0.798223 0.388155
vt 0.800468 0.257856
vt 0.799384 0.274468
vt 0.798549 0.291177
vt 0.788650 0.257081
vt 0.801407 0.241467
vt 0.787575 0.273864
vt 0.802501 0.225294
vt 0.655795 0.477787
vt 0.645317 0.491366
vt 0.665115 0.450014
vt 0.655182 0.463895
vt 0.644933 0.477561
vt 0.664545 0.435786
vt 0.654539 0.449733
vt 0.644537 0.463684
vt 0.634187 0.477475
vt 0.644113 0.449644
vt 0.654109 0.435505
vt 0.663856 0.421215
vt 0.633933 0.463598
vt 0.623292 0.477450
vt 0.674733 0.420517
vt 0.674353 0.405854
vt 0.663502 0.406475
vt 0.653671 0.420983
vt 0.674068 0.390955
vt 0.663293 0.391535
vt 0.653420 0.406176
vt 0.643803 0.435397
vt 0.643328 0.406040
vt 0.653371 0.391221
vt 0.643380 0.420836
vt 0.663182 0.376305
vt 0.643445 0.391041
vt 0.673941 0.375796
vt 0.509778 0.241076
vt 0.510291 0.257194
vt 0.510727 0.273625
vt 0.510951 0.290285
vt 0.510916 0.306825
vt 0.496441 0.307231
vt 0.482080 0.307512
vt 0.467872 0.307754
vt 0.482141 0.323407
vt 0.496373 0.323468
vt 0.510794 0.323499
vt 0.496491 0.339893
vt 0.468535 0.339203
vt 0.482442 0.339453
vt 0.455078 0.354974
vt 0.468861 0.355295
vt 0.482715 0.355824
vt 0.441709 0.368163
vt 0.455336 0.368735
vt 0.468978 0.369408
vt 0.496717 0.356458
vt 0.441833 0.381761
vt 0.482799 0.370053
vt 0.455398 0.382610
vt 0.469093 0.383336
vt 0.428396 0.380939
vt 0.415043 0.380165
vt 0.388599 0.379275
vt 0.375549 0.379007
vt 0.375379 0.366029
vt 0.375249 0.353096
vt 0.374889 0.338409
vt 0.362130 0.353079
vt 0.361822 0.338400
vt 0.361513 0.323637
vt 0.361529 0.308941
vt 0.348731 0.294480
vt 0.348606 0.309139
vt 0.348617 0.323850
vt 0.335911 0.294932
vt 0.336267 0.280298
vt 0.335734 0.309457
vt 0.336523 0.265642
vt 0.323590 0.280770
vt 0.323304 0.295263
vt 0.323716 0.266175
vt 0.336590 0.251159
vt 0.323889 0.251728
vt 0.311434 0.252341
vt 0.311318 0.266780
vt 0.311167 0.281206
vt 0.299129 0.252981
vt 0.299134 0.267233
vt 0.298991 0.281571
vt 0.287100 0.253540
vt 0.552871 0.305805
vt 0.540238 0.288566
vt 0.552493 0.288590
vt 0.539660 0.271652
vt 0.565154 0.305761
vt 0.540623 0.305744
vt 0.552061 0.271618
vt 0.525157 0.272707
vt 0.564882 0.288551
vt 0.565333 0.323219
vt 0.525508 0.289519
vt 0.524645 0.256071
vt 0.525614 0.306426
vt 0.539044 0.254826
vt 0.523991 0.239696
vt 0.525584 0.323573
vt 0.540741 0.323437
vt 0.525409 0.340987
vt 0.553061 0.323416
vt 0.540546 0.341434
vt 0.552726 0.341357
vt 0.565011 0.341180
vt 0.525460 0.357878
vt 0.540239 0.358868
vt 0.552319 0.358870
vt 0.525313 0.372711
vt 0.539723 0.373726
vt 0.551866 0.373466
vt 0.510953 0.371678
vt 0.510954 0.357121
vt 0.510768 0.340390
vt 0.496770 0.370850
vt 0.482857 0.384192
vt 0.496742 0.385150
vt 0.510757 0.386180
vt 0.524931 0.387253
vt 0.469077 0.397200
vt 0.539167 0.388616
vt 0.455421 0.396269
vt 0.455473 0.409805
vt 0.441763 0.422154
vt 0.427928 0.434336
vt 0.414198 0.446441
vt 0.400405 0.458486
vt 0.386598 0.470463
vt 0.399812 0.471496
vt 0.399099 0.486600
vt 0.653333 0.375967
vt 0.663024 0.360722
vt 0.684615 0.375586
vt 0.673943 0.360357
vt 0.695269 0.375396
vt 0.684679 0.360229
vt 0.663169 0.342298
vt 0.705877 0.375319
vt 0.695073 0.360063
vt 0.716257 0.360083
vt 0.705685 0.360088
vt 0.726789 0.342188
vt 0.716204 0.342137
vt 0.705621 0.342172
vt 0.695060 0.342084
vt 0.726927 0.324097
vt 0.684695 0.342133
vt 0.716336 0.324111
vt 0.737528 0.324047
vt 0.705792 0.324116
vt 0.674113 0.342201
vt 0.695230 0.324157
vt 0.684842 0.324059
vt 0.674199 0.323967
vt 0.663240 0.323788
vt 0.663473 0.305318
vt 0.674291 0.305743
vt 0.685009 0.306022
vt 0.695527 0.306193
vt 0.695916 0.288566
vt 0.706156 0.306224
vt 0.685437 0.288268
vt 0.674673 0.287879
vt 0.716720 0.306245
vt 0.706647 0.288626
vt 0.727344 0.306181
vt 0.717300 0.288626
vt 0.696433 0.271288
vt 0.707320 0.271299
vt 0.685705 0.270897
vt 0.674966 0.270440
vt 0.675359 0.253163
vt 0.664167 0.269848
vt 0.686161 0.253669
vt 0.697068 0.254008
vt 0.686638 0.236557
vt 0.697568 0.236944
vt 0.707882 0.254218
vt 0.708445 0.237343
vt 0.709092 0.220655
vt 0.719328 0.237572
vt 0.698155 0.220257
vt 0.698746 0.203733
vt 0.718643 0.254328
vt 0.729501 0.254293
vt 0.687147 0.219798
vt 0.717991 0.271324
vt 0.728667 0.271288
vt 0.739298 0.271087
vt 0.727904 0.288632
vt 0.738514 0.288427
vt 0.751542 0.271867
vt 0.737943 0.306001
vt 0.750712 0.289072
vt 0.763699 0.272564
vt 0.750132 0.306534
vt 0.749918 0.324286
vt 0.762245 0.306963
vt 0.762798 0.289730
vt 0.774760 0.290308
vt 0.509841 0.428383
vt 0.524067 0.415856
vt 0.524416 0.401708
vt 0.538476 0.403066
vt 0.550503 0.403363
vt 0.562930 0.403481
vt 0.551194 0.388547
vt 0.563300 0.388574
vt 0.575677 0.388957
vt 0.563910 0.373732
vt 0.576317 0.373795
vt 0.588899 0.374298
vt 0.576961 0.358923
vt 0.564542 0.358929
vt 0.577466 0.341233
vt 0.577495 0.323058
vt 0.589851 0.323178
vt 0.577433 0.305611
vt 0.589831 0.305495
vt 0.577273 0.288308
vt 0.589801 0.288037
vt 0.576957 0.270897
vt 0.589562 0.270629
vt 0.564587 0.271281
vt 0.589194 0.253400
vt 0.564061 0.254301
vt 0.551485 0.254523
vt 0.601524 0.235995
vt 0.601943 0.252849
vt 0.538248 0.238322
vt 0.537370 0.221997
vt 0.523172 0.223518
vt 0.522205 0.207408
vt 0.508210 0.208885
vt 0.509104 0.224975
vt 0.762076 0.374626
vt 0.774452 0.388864
vt 0.762463 0.389421
vt 0.786903 0.402731
vt 0.774914 0.403295
vt 0.798764 0.402420
vt 0.787645 0.416938
vt 0.810600 0.402153
vt 0.799580 0.416555
vt 0.827781 0.414924
vt 0.811366 0.416174
vt 0.828561 0.428643
vt 0.829382 0.442271
vt 0.812268 0.430018
vt 0.800389 0.430479
vt 0.830382 0.455806
vt 0.813281 0.443754
vt 0.814289 0.457382
vt 0.801326 0.444259
vt 0.802290 0.457927
vt 0.803473 0.471525
vt 0.792537 0.485825
vt 0.791393 0.472274
vt 0.790277 0.458605
vt 0.780453 0.486691
vt 0.779384 0.473074
vt 0.789341 0.444871
vt 0.778284 0.459349
vt 0.788433 0.430993
vt 0.777369 0.445567
vt 0.776449 0.431612
vt 0.775666 0.417506
vt 0.763013 0.403889
vt 0.763678 0.418166
vt 0.764452 0.432300
vt 0.765325 0.446335
vt 0.750379 0.389967
vt 0.750821 0.404568
vt 0.751536 0.418901
vt 0.752347 0.433164
vt 0.766176 0.460130
vt 0.753182 0.447233
vt 0.767136 0.473937
vt 0.754017 0.461187
vt 0.755056 0.475007
vt 0.756051 0.488800
vt 0.742950 0.475948
vt 0.743828 0.489954
vt 0.733653 0.505864
vt 0.732752 0.489899
vt 0.741820 0.462030
vt 0.732014 0.475852
vt 0.740948 0.448196
vt 0.730923 0.461939
vt 0.740059 0.433989
vt 0.730064 0.448065
vt 0.739236 0.419668
vt 0.729291 0.433874
vt 0.738592 0.405335
vt 0.728386 0.419441
vt 0.738057 0.390738
vt 0.727768 0.404986
vt 0.663846 0.287360
vt 0.654115 0.287568
vt 0.654323 0.269980
vt 0.653800 0.305453
vt 0.644481 0.270032
vt 0.653572 0.323689
vt 0.644261 0.287637
vt 0.644103 0.305426
vt 0.653397 0.342149
vt 0.643943 0.323555
vt 0.653320 0.360456
vt 0.643537 0.375801
vt 0.643682 0.360278
vt 0.643851 0.341979
vt 0.633458 0.390877
vt 0.633703 0.375677
vt 0.633215 0.406003
vt 0.623448 0.390943
vt 0.634087 0.360095
vt 0.623892 0.375634
vt 0.634363 0.341791
vt 0.633245 0.420825
vt 0.623114 0.406024
vt 0.633360 0.435287
vt 0.622968 0.420800
vt 0.623031 0.435317
vt 0.633632 0.449583
vt 0.623198 0.463661
vt 0.623135 0.449572
vt 0.612558 0.463749
vt 0.612648 0.449785
vt 0.612760 0.435519
vt 0.612836 0.420962
vt 0.599653 0.448820
vt 0.599542 0.462785
vt 0.613222 0.406136
vt 0.599819 0.434578
vt 0.600045 0.420100
vt 0.613651 0.391063
vt 0.600459 0.405336
vt 0.614193 0.375758
vt 0.600992 0.390209
vt 0.587365 0.419366
vt 0.587780 0.404637
vt 0.587097 0.433767
vt 0.624303 0.360104
vt 0.586863 0.447931
vt 0.586559 0.461810
vt 0.574240 0.447082
vt 0.573917 0.460902
vt 0.574553 0.433026
vt 0.561763 0.446423
vt 0.574865 0.418723
vt 0.562168 0.432385
vt 0.562517 0.418058
vt 0.575213 0.404072
vt 0.588297 0.389540
vt 0.601450 0.374995
vt 0.614583 0.360222
vt 0.601891 0.359578
vt 0.624725 0.341770
vt 0.615086 0.341843
vt 0.589310 0.359099
vt 0.602271 0.341577
vt 0.602471 0.323151
vt 0.589850 0.341201
vt 0.615281 0.323177
vt 0.624896 0.323288
vt 0.634460 0.323349
vt 0.634543 0.305315
vt 0.624876 0.305076
vt 0.615212 0.304878
vt 0.634590 0.287472
vt 0.624817 0.287319
vt 0.615089 0.287095
vt 0.602463 0.305186
vt 0.602457 0.287582
vt 0.602220 0.270110
vt 0.614940 0.269564
vt 0.624800 0.269732
vt 0.624629 0.252617
vt 0.634623 0.269923
vt 0.614737 0.252326
vt 0.634467 0.252695
vt 0.644498 0.252596
vt 0.644697 0.235537
vt 0.654473 0.252583
vt 0.654771 0.235469
vt 0.664465 0.252428
vt 0.675774 0.236040
vt 0.664850 0.235356
vt 0.676181 0.219214
vt 0.687701 0.203232
vt 0.699093 0.187438
vt 0.688144 0.186893
vt 0.710759 0.171675
vt 0.699426 0.171321
vt 0.722798 0.155971
vt 0.688345 0.170681
vt 0.711223 0.155648
vt 0.699628 0.155389
vt 0.734333 0.156154
vt 0.723639 0.140163
vt 0.735354 0.140288
vt 0.711790 0.139987
vt 0.700051 0.139671
vt 0.688331 0.155023
vt 0.689064 0.125764
vt 0.677276 0.169964
vt 0.688519 0.139354
vt 0.676985 0.154096
vt 0.971692 0.221793
vt 0.981215 0.221960
vt 0.971148 0.236303
vt 0.980954 0.236733
vt 0.959810 0.221237
vt 0.959247 0.235685
vt 0.970701 0.251062
vt 0.980655 0.251546
vt 0.979972 0.266646
vt 0.958567 0.250553
vt 0.970114 0.266029
vt 0.979185 0.281780
vt 0.957773 0.265627
vt 0.969384 0.281442
vt 0.978011 0.296951
vt 0.968503 0.296326
vt 0.976234 0.311941
vt 0.957125 0.280813
vt 0.967203 0.311344
vt 0.975215 0.327209
vt 0.956565 0.295660
vt 0.956093 0.310691
vt 0.965959 0.326661
vt 0.965541 0.342211
vt 0.974245 0.342183
vt 0.955885 0.326644
vt 0.940745 0.325553
vt 0.966002 0.357428
vt 0.974842 0.357026
vt 0.955387 0.342443
vt 0.966465 0.370499
vt 0.975546 0.370166
vt 0.955184 0.357756
vt 0.940633 0.343304
vt 0.954939 0.370665
vt 0.966606 0.382861
vt 0.975585 0.383134
vt 0.955073 0.383107
vt 0.940341 0.360193
vt 0.939987 0.373423
vt 0.955579 0.395235
vt 0.967050 0.394688
vt 0.975522 0.395776
vt 0.966011 0.407811
vt 0.974772 0.407959
vt 0.974326 0.421609
vt 0.965267 0.422180
vt 0.976362 0.434124
vt 0.954045 0.408130
vt 0.968304 0.435349
vt 0.978282 0.446790
vt 0.951807 0.422235
vt 0.956309 0.434842
vt 0.936766 0.409558
vt 0.940114 0.397161
vt 0.939991 0.385500
vt 0.923758 0.396692
vt 0.923348 0.383616
vt 0.923797 0.370272
vt 0.907860 0.383766
vt 0.924059 0.356985
vt 0.907988 0.370384
vt 0.908123 0.356985
vt 0.924217 0.341633
vt 0.908246 0.341446
vt 0.924381 0.326167
vt 0.892150 0.341363
vt 0.892015 0.357040
vt 0.891921 0.370531
vt 0.908323 0.325843
vt 0.924431 0.310622
vt 0.892283 0.325603
vt 0.940985 0.308305
vt 0.908428 0.310214
vt 0.924606 0.295117
vt 0.941170 0.293005
vt 0.941551 0.278874
vt 0.925016 0.279836
vt 0.908771 0.294703
vt 0.892411 0.309841
vt 0.909240 0.279212
vt 0.925636 0.264488
vt 0.942060 0.264633
vt 0.942745 0.250481
vt 0.926315 0.249172
vt 0.943536 0.236281
vt 0.944396 0.222409
vt 0.927162 0.233869
vt 0.945604 0.207531
vt 0.928204 0.218659
vt 0.709752 0.204115
vt 0.740250 0.254124
vt 0.752564 0.254950
vt 0.764720 0.255603
vt 0.775682 0.273220
vt 0.786705 0.290754
vt 0.797921 0.307976
vt 0.786135 0.307678
vt 0.797537 0.324982
vt 0.774251 0.307383
vt 0.785801 0.324858
vt 0.797467 0.342088
vt 0.773947 0.324663
vt 0.797580 0.359237
vt 0.785772 0.359270
vt 0.785710 0.342084
vt 0.773851 0.342100
vt 0.773920 0.359437
vt 0.785914 0.373947
vt 0.786340 0.388464
vt 0.774063 0.374250
vt 0.761786 0.342122
vt 0.762001 0.324475
vt 0.761786 0.359672
vt 0.749696 0.342125
vt 0.860983 0.277352
vt 0.844011 0.292774
vt 0.877240 0.277949
vt 0.860427 0.293265
vt 0.876687 0.293713
vt 0.893327 0.278591
vt 0.892814 0.294187
vt 0.876317 0.309536
vt 0.876103 0.325521
vt 0.860062 0.309291
vt 0.875896 0.341409
vt 0.859782 0.325461
vt 0.843594 0.309016
vt 0.875736 0.357241
vt 0.859512 0.341563
vt 0.843308 0.325423
vt 0.859368 0.357569
vt 0.875698 0.370877
vt 0.891707 0.384119
vt 0.907938 0.397140
vt 0.891932 0.397635
vt 0.922620 0.409878
vt 0.907352 0.410216
vt 0.923151 0.422698
vt 0.936747 0.422229
vt 0.940876 0.434205
vt 0.924967 0.435903
vt 0.942254 0.446504
vt 0.957713 0.447243
vt 0.969586 0.447624
vt 0.958374 0.459800
vt 0.970490 0.459534
vt 0.979426 0.459407
vt 0.979654 0.472196
vt 0.970712 0.472284
vt 0.980358 0.487267
vt 0.959326 0.472644
vt 0.971138 0.487624
vt 0.960667 0.487995
vt 0.972434 0.502994
s 1
f 1/1/1 2/2/2 3/3/3
f 4/4/4 3/3/3 2/2/2
f 3/3/3 5/5/5 1/1/1
f 5/5/5 6/6/6 1/1/1
f 6/6/6 5/5/5 7/7/7
f 3/3/3 4/4/4 8/8/8
f 9/9/9 8/8/8 4/4/4
f 8/8/8 9/9/9 10/10/10
f 8/8/8 11/11/11 3/3/3
f 11/11/11 5/5/5 3/3/3
f 10/10/10 12/12/12 8/8/8
f 12/12/12 11/11/11 8/8/8
f 13/13/13 12/12/12 10/10/10
f 11/11/11 14/14/14 5/5/5
f 14/14/14 7/7/7 5/5/5
f 7/7/7 14/14/14 15/15/15
f 16/16/16 15/15/15 14/14/14
f 17/17/17 14/14/14 11/11/11
f 17/17/17 16/16/16 14/14/14
f 12/12/12 17/17/17 11/11/11
f 13/13/13 18/18/18 12/12/12
f 18/18/18 17/17/17 12/12/12
f 19/19/19 18/18/18 13/13/13
f 19/19/19 20/20/20 18/18/18
f 18/18/18 21/21/21 17/17/17
f 21/21/21 16/16/16 17/17/17
f 20/20/20 21/21/21 18/18/18
f 22/22/22 16/16/16 21/21/21
f 20/20/20 22/22/22 21/21/21
f 23/23/23 24/24/24 25/25/25
f 23/23/23 26/26/26 24/24/24
f 26/26/26 23/23/23 27/27/27
f 27/27/27 28/28/28 26/26/26
f 28/28/28 27/27/27 29/29/29
f 30/30/30 29/29/29 27/27/27
f 29/29/29 30/30/30 31/31/31
f 32/32/32 27/27/27 23/23/23
f 27/27/27 32/32/32 30/30/30
f 33/33/33 23/23/23 25/25/25
f 32/32/32 23/23/23 33/33/33
f 33/33/33 25/25/25 34/34/34
f 34/34/34 25/25/25 35/35/35
f 36/36/36 31/31/31 30/30/30
f 31/31/31 36/36/36 37/37/37
f 38/38/38 30/30/30 32/32/32
f 36/36/36 30/30/30 38/38/38
f 39/39/39 32/32/32 33/33/33
f 38/38/38 32/32/32 39/39/39
f 40/40/40 33/33/33 34/34/34
f 39/39/39 33/33/33 40/40/40
f 41/41/41 37/37/37 36/36/36
f 37/37/37 41/41/41 42/42/42
f 43/43/43 42/42/42 41/41/41
f 42/42/42 43/43/43 44/44/44
f 45/45/45 43/43/43 41/41/41
f 41/41/41 36/36/36 46/46/46
f 41/41/41 46/46/46 45/45/45
f 46/46/46 36/36/36 38/38/38
f 47/47/47 45/45/45 46/46/46
f 46/46/46 38/38/38 48/48/48
f 46/46/46 48/48/48 47/47/47
f 48/48/48 38/38/38 39/39/39
f 49/49/49 47/47/47 48/48/48
f 48/48/48 39/39/39 50/50/50
f 48/48/48 50/50/50 49/49/49
f 50/50/50 39/39/39 40/40/40
f 51/51/51 49/49/49 50/50/50
f 50/50/50 52/52/52 51/51/51
f 50/50/50 40/40/40 52/52/52
f 53/53/53 51/51/51 52/52/52
f 52/52/52 40/40/40 54/54/54
f 52/52/52 55/55/55 53/53/53
f 52/52/52 54/54/54 55/55/55
f 40/40/40 34/34/34 54/54/54
f 56/56/56 53/53/53 55/55/55
f 54/54/54 34/34/34 57/57/57
f 34/34/34 35/35/35 57/57/57
f 55/55/55 54/54/54 58/58/58
f 54/54/54 57/57/57 58/58/58
f 56/56/56 55/55/55 59/59/59
f 55/55/55 58/58/58 59/59/59
f 60/60/60 56/56/56 59/59/59
f 57/57/57 35/35/35 61/61/61
f 35/35/35 62/62/62 61/61/61
f 58/58/58 57/57/57 63/63/63
f 57/57/57 61/61/61 63/63/63
f 59/59/59 58/58/58 64/64/64
f 58/58/58 63/63/63 64/64/64
f 59/59/59 65/65/65 60/60/60
f 59/59/59 64/64/64 65/65/65
f 66/66/66 60/60/60 65/65/65
f 61/61/61 62/62/62 67/67/67
f 62/62/62 68/68/68 67/67/67
f 63/63/63 61/61/61 69/69/69
f 61/61/61 67/67/67 69/69/69
f 63/63/63 69/69/69 70/70/70
f 64/64/64 63/63/63 70/70/70
f 65/65/65 71/71/71 66/66/66
f 65/65/65 64/64/64 72/72/72
f 64/64/64 70/70/70 72/72/72
f 65/65/65 72/72/72 71/71/71
f 73/73/73 66/66/66 71/71/71
f 71/71/71 74/74/74 73/73/73
f 75/75/75 73/73/73 74/74/74
f 75/75/75 74/74/74 76/76/76
f 71/71/71 77/77/77 74/74/74
f 71/71/71 72/72/72 77/77/77
f 78/78/78 76/76/76 74/74/74
f 74/74/74 77/77/77 78/78/78
f 76/76/76 78/78/78 79/79/79
f 72/72/72 80/80/80 77/77/77
f 72/72/72 70/70/70 80/80/80
f 77/77/77 81/81/81 78/78/78
f 77/77/77 80/80/80 81/81/81
f 82/82/82 79/79/79 78/78/78
f 78/78/78 81/81/81 82/82/82
f 79/79/79 82/82/82 83/83/83
f 70/70/70 84/84/84 80/80/80
f 70/70/70 69/69/69 84/84/84
f 80/80/80 85/85/85 81/81/81
f 80/80/80 84/84/84 85/85/85
f 81/81/81 86/86/86 82/82/82
f 81/81/81 85/85/85 86/86/86
f 87/87/87 83/83/83 82/82/82
f 82/82/82 86/86/86 87/87/87
f 83/83/83 87/87/87 88/88/88
f 69/69/69 89/89/89 84/84/84
f 69/69/69 67/67/67 89/89/89
f 84/84/84 90/90/90 85/85/85
f 84/84/84 89/89/89 90/90/90
f 91/91/91 88/88/88 87/87/87
f 88/88/88 91/91/91 92/92/92
f 87/87/87 93/93/93 91/91/91
f 86/86/86 93/93/93 87/87/87
f 85/85/85 94/94/94 86/86/86
f 86/86/86 94/94/94 93/93/93
f 85/85/85 90/90/90 94/94/94
f 10/10/10 92/92/92 91/91/91
f 92/92/92 10/10/10 9/9/9
f 93/93/93 13/13/13 91/91/91
f 91/91/91 13/13/13 10/10/10
f 94/94/94 19/19/19 93/93/93
f 93/93/93 19/19/19 13/13/13
f 90/90/90 95/95/95 94/94/94
f 94/94/94 95/95/95 19/19/19
f 90/90/90 96/96/96 95/95/95
f 89/89/89 96/96/96 90/90/90
f 95/95/95 20/20/20 19/19/19
f 89/89/89 97/97/97 96/96/96
f 67/67/67 97/97/97 89/89/89
f 67/67/67 68/68/68 97/97/97
f 68/68/68 98/98/98 97/97/97
f 97/97/97 98/98/98 99/99/99
f 97/97/97 99/99/99 96/96/96
f 98/98/98 100/100/100 99/99/99
f 96/96/96 101/101/101 95/95/95
f 96/96/96 99/99/99 101/101/101
f 95/95/95 101/101/101 20/20/20
f 99/99/99 100/100/100 102/102/102
f 99/99/99 102/102/102 101/101/101
f 101/101/101 102/102/102 22/22/22
f 101/101/101 22/22/22 20/20/20
f 100/100/100 103/103/103 102/102/102
f 102/102/102 104/104/104 22/22/22
f 104/104/104 102/102/102 103/103/103
f 103/103/103 100/100/100 105/105/105
f 100/100/100 106/106/106 105/105/105
f 106/106/106 107/107/107 105/105/105
f 108/108/108 105/105/105 107/107/107
f 105/105/105 108/108/108 103/103/103
f 107/107/107 109/109/109 108/108/108
f 103/103/103 110/110/110 104/104/104
f 110/110/110 103/103/103 108/108/108
f 111/111/111 108/108/108 109/109/109
f 108/108/108 111/111/111 110/110/110
f 109/109/109 112/112/112 111/111/111
f 113/113/113 104/104/104 110/110/110
f 114/114/114 110/110/110 111/111/111
f 110/110/110 114/114/114 113/113/113
f 115/115/115 111/111/111 112/112/112
f 111/111/111 115/115/115 114/114/114
f 104/104/104 113/113/113 16/16/16
f 16/16/16 22/22/22 104/104/104
f 116/116/116 117/117/117 118/118/118
f 119/119/119 118/118/118 117/117/117
f 118/118/118 119/119/119 120/120/120
f 119/119/119 121/121/121 120/120/120
f 121/121/121 122/122/122 120/120/120
f 122/122/122 118/118/118 120/120/120
f 122/122/122 121/121/121 123/123/123
f 124/124/124 122/122/122 123/123/123
f 125/125/125 116/116/116 118/118/118
f 118/118/118 122/122/122 125/125/125
f 116/116/116 125/125/125 126/126/126
f 122/122/122 124/124/124 127/127/127
f 127/127/127 125/125/125 122/122/122
f 128/128/128 126/126/126 125/125/125
f 125/125/125 127/127/127 128/128/128
f 126/126/126 128/128/128 129/129/129
f 124/124/124 130/130/130 127/127/127
f 130/130/130 128/128/128 127/127/127
f 130/130/130 124/124/124 131/131/131
f 132/132/132 129/129/129 128/128/128
f 128/128/128 130/130/130 132/132/132
f 131/131/131 133/133/133 130/130/130
f 133/133/133 132/132/132 130/130/130
f 133/133/133 131/131/131 134/134/134
f 135/135/135 133/133/133 134/134/134
f 129/129/129 132/132/132 136/136/136
f 137/137/137 129/129/129 136/136/136
f 132/132/132 133/133/133 138/138/138
f 138/138/138 136/136/136 132/132/132
f 133/133/133 135/135/135 139/139/139
f 139/139/139 138/138/138 133/133/133
f 140/140/140 139/139/139 135/135/135
f 136/136/136 138/138/138 141/141/141
f 141/141/141 137/137/137 136/136/136
f 138/138/138 139/139/139 142/142/142
f 142/142/142 141/141/141 138/138/138
f 139/139/139 140/140/140 143/143/143
f 143/143/143 142/142/142 139/139/139
f 144/144/144 143/143/143 140/140/140
f 141/141/141 142/142/142 145/145/145
f 137/137/137 141/141/141 146/146/146
f 145/145/145 146/146/146 141/141/141
f 147/147/147 137/137/137 146/146/146
f 137/137/137 147/147/147 148/148/148
f 142/142/142 143/143/143 149/149/149
f 149/149/149 145/145/145 142/142/142
f 143/143/143 144/144/144 150/150/150
f 150/150/150 149/149/149 143/143/143
f 144/144/144 151/151/151 150/150/150
f 151/151/151 144/144/144 152/152/152
f 149/149/149 150/150/150 153/153/153
f 151/151/151 153/153/153 150/150/150
f 154/154/154 151/151/151 152/152/152
f 153/153/153 155/155/155 149/149/149
f 145/145/145 149/149/149 155/155/155
f 151/151/151 154/154/154 156/156/156
f 154/154/154 157/157/157 156/156/156
f 153/153/153 151/151/151 158/158/158
f 156/156/156 158/158/158 151/151/151
f 157/157/157 159/159/159 156/156/156
f 158/158/158 156/156/156 159/159/159
f 159/159/159 157/157/157 160/160/160
f 161/161/161 159/159/159 160/160/160
f 162/162/162 158/158/158 159/159/159
f 159/159/159 161/161/161 162/162/162
f 158/158/158 163/163/163 153/153/153
f 155/155/155 153/153/153 163/163/163
f 158/158/158 162/162/162 164/164/164
f 163/163/163 158/158/158 164/164/164
f 165/165/165 166/166/166 167/167/167
f 167/167/167 168/168/168 165/165/165
f 168/168/168 167/167/167 169/169/169
f 170/170/170 166/166/166 165/165/165
f 168/168/168 170/170/170 165/165/165
f 166/166/166 170/170/170 171/171/171
f 172/172/172 168/168/168 169/169/169
f 168/168/168 172/172/172 173/173/173
f 174/174/174 173/173/173 172/172/172
f 170/170/170 168/168/168 175/175/175
f 173/173/173 175/175/175 168/168/168
f 176/176/176 171/171/171 170/170/170
f 175/175/175 176/176/176 170/170/170
f 171/171/171 176/176/176 177/177/177
f 178/178/178 177/177/177 176/176/176
f 177/177/177 178/178/178 179/179/179
f 178/178/178 180/180/180 179/179/179
f 181/181/181 178/178/178 176/176/176
f 176/176/176 175/175/175 181/181/181
f 180/180/180 178/178/178 182/182/182
f 182/182/182 183/183/183 180/180/180
f 178/178/178 181/181/181 184/184/184
f 184/184/184 182/182/182 178/178/178
f 185/185/185 181/181/181 175/175/175
f 175/175/175 173/173/173 185/185/185
f 186/186/186 184/184/184 181/181/181
f 181/181/181 185/185/185 186/186/186
f 183/183/183 182/182/182 187/187/187
f 187/187/187 188/188/188 183/183/183
f 182/182/182 184/184/184 189/189/189
f 189/189/189 187/187/187 182/182/182
f 184/184/184 186/186/186 190/190/190
f 190/190/190 189/189/189 184/184/184
f 191/191/191 186/186/186 185/185/185
f 192/192/192 190/190/190 186/186/186
f 186/186/186 191/191/191 192/192/192
f 193/193/193 185/185/185 173/173/173
f 185/185/185 193/193/193 191/191/191
f 173/173/173 174/174/174 193/193/193
f 194/194/194 193/193/193 174/174/174
f 193/193/193 194/194/194 195/195/195
f 195/195/195 191/191/191 193/193/193
f 196/196/196 195/195/195 194/194/194
f 197/197/197 192/192/192 191/191/191
f 191/191/191 195/195/195 197/197/197
f 195/195/195 196/196/196 198/198/198
f 199/199/199 198/198/198 196/196/196
f 195/195/195 200/200/200 197/197/197
f 200/200/200 195/195/195 198/198/198
f 198/198/198 199/199/199 201/201/201
f 202/202/202 201/201/201 199/199/199
f 198/198/198 203/203/203 200/200/200
f 203/203/203 198/198/198 201/201/201
f 201/201/201 202/202/202 204/204/204
f 204/204/204 203/203/203 201/201/201
f 205/205/205 204/204/204 202/202/202
f 204/204/204 205/205/205 206/206/206
f 207/207/207 206/206/206 205/205/205
f 203/203/203 204/204/204 208/208/208
f 206/206/206 208/208/208 204/204/204
f 206/206/206 207/207/207 209/209/209
f 210/210/210 209/209/209 207/207/207
f 208/208/208 206/206/206 211/211/211
f 209/209/209 211/211/211 206/206/206
f 210/210/210 212/212/212 209/209/209
f 211/211/211 209/209/209 212/212/212
f 212/212/212 210/210/210 213/213/213
f 214/214/214 212/212/212 213/213/213
f 211/211/211 215/215/215 208/208/208
f 215/215/215 203/203/203 208/208/208
f 212/212/212 216/216/216 211/211/211
f 215/215/215 211/211/211 216/216/216
f 212/212/212 214/214/214 217/217/217
f 216/216/216 212/212/212 217/217/217
f 218/218/218 217/217/217 214/214/214
f 219/219/219 215/215/215 216/216/216
f 217/217/217 219/219/219 216/216/216
f 217/217/217 218/218/218 220/220/220
f 219/219/219 217/217/217 220/220/220
f 221/221/221 220/220/220 218/218/218
f 220/220/220 221/221/221 222/222/222
f 222/222/222 219/219/219 220/220/220
f 223/223/223 222/222/222 221/221/221
f 222/222/222 223/223/223 224/224/224
f 225/225/225 224/224/224 223/223/223
f 219/219/219 222/222/222 226/226/226
f 224/224/224 226/226/226 222/222/222
f 224/224/224 225/225/225 227/227/227
f 228/228/228 227/227/227 225/225/225
f 226/226/226 224/224/224 229/229/229
f 230/230/230 224/224/224 227/227/227
f 224/224/224 230/230/230 229/229/229
f 231/231/231 219/219/219 226/226/226
f 232/232/232 226/226/226 229/229/229
f 226/226/226 232/232/232 231/231/231
f 233/233/233 229/229/229 230/230/230
f 229/229/229 233/233/233 232/232/232
f 227/227/227 234/234/234 230/230/230
f 230/230/230 235/235/235 233/233/233
f 235/235/235 230/230/230 234/234/234
f 234/234/234 227/227/227 236/236/236
f 227/227/227 228/228/228 236/236/236
f 234/234/234 237/237/237 235/235/235
f 148/148/148 233/233/233 235/235/235
f 237/237/237 148/148/148 235/235/235
f 228/228/228 238/238/238 236/236/236
f 236/236/236 239/239/239 234/234/234
f 237/237/237 234/234/234 239/239/239
f 239/239/239 236/236/236 238/238/238
f 238/238/238 228/228/228 240/240/240
f 239/239/239 129/129/129 237/237/237
f 240/240/240 116/116/116 238/238/238
f 116/116/116 240/240/240 241/241/241
f 238/238/238 126/126/126 239/239/239
f 126/126/126 238/238/238 116/116/116
f 129/129/129 239/239/239 126/126/126
f 117/117/117 116/116/116 241/241/241
f 129/129/129 137/137/137 237/237/237
f 148/148/148 237/237/237 137/137/137
f 161/161/161 242/242/242 162/162/162
f 242/242/242 164/164/164 162/162/162
f 242/242/242 161/161/161 243/243/243
f 244/244/244 242/242/242 243/243/243
f 163/163/163 245/245/245 155/155/155
f 245/245/245 145/145/145 155/155/155
f 164/164/164 246/246/246 163/163/163
f 245/245/245 163/163/163 246/246/246
f 164/164/164 242/242/242 247/247/247
f 246/246/246 164/164/164 247/247/247
f 242/242/242 244/244/244 248/248/248
f 248/248/248 247/247/247 242/242/242
f 188/188/188 248/248/248 244/244/244
f 249/249/249 246/246/246 247/247/247
f 247/247/247 248/248/248 249/249/249
f 248/248/248 188/188/188 250/250/250
f 250/250/250 249/249/249 248/248/248
f 188/188/188 187/187/187 250/250/250
f 246/246/246 249/249/249 251/251/251
f 251/251/251 245/245/245 246/246/246
f 249/249/249 250/250/250 252/252/252
f 252/252/252 251/251/251 249/249/249
f 253/253/253 250/250/250 187/187/187
f 250/250/250 253/253/253 252/252/252
f 187/187/187 189/189/189 253/253/253
f 254/254/254 253/253/253 189/189/189
f 189/189/189 190/190/190 254/254/254
f 255/255/255 252/252/252 253/253/253
f 253/253/253 254/254/254 255/255/255
f 251/251/251 252/252/252 256/256/256
f 252/252/252 255/255/255 256/256/256
f 256/256/256 257/257/257 251/251/251
f 245/245/245 251/251/251 257/257/257
f 258/258/258 254/254/254 190/190/190
f 190/190/190 192/192/192 258/258/258
f 259/259/259 255/255/255 254/254/254
f 254/254/254 258/258/258 259/259/259
f 260/260/260 256/256/256 255/255/255
f 255/255/255 259/259/259 260/260/260
f 256/256/256 260/260/260 261/261/261
f 257/257/257 256/256/256 261/261/261
f 262/262/262 258/258/258 192/192/192
f 192/192/192 197/197/197 262/262/262
f 263/263/263 259/259/259 258/258/258
f 258/258/258 262/262/262 263/263/263
f 264/264/264 260/260/260 259/259/259
f 259/259/259 263/263/263 264/264/264
f 262/262/262 265/265/265 263/263/263
f 265/265/265 264/264/264 263/263/263
f 197/197/197 266/266/266 262/262/262
f 265/265/265 262/262/262 266/266/266
f 266/266/266 197/197/197 200/200/200
f 260/260/260 264/264/264 267/267/267
f 267/267/267 261/261/261 260/260/260
f 264/264/264 265/265/265 268/268/268
f 268/268/268 267/267/267 264/264/264
f 200/200/200 269/269/269 266/266/266
f 269/269/269 200/200/200 203/203/203
f 203/203/203 215/215/215 269/269/269
f 270/270/270 266/266/266 269/269/269
f 266/266/266 270/270/270 265/265/265
f 271/271/271 269/269/269 215/215/215
f 269/269/269 271/271/271 270/270/270
f 215/215/215 219/219/219 271/271/271
f 219/219/219 231/231/231 271/271/271
f 231/231/231 270/270/270 271/271/271
f 272/272/272 265/265/265 270/270/270
f 270/270/270 231/231/231 272/272/272
f 265/265/265 272/272/272 268/268/268
f 231/231/231 273/273/273 272/272/272
f 273/273/273 231/231/231 232/232/232
f 272/272/272 274/274/274 268/268/268
f 274/274/274 272/272/272 273/273/273
f 267/267/267 268/268/268 274/274/274
f 232/232/232 275/275/275 273/273/273
f 275/275/275 232/232/232 233/233/233
f 233/233/233 148/148/148 275/275/275
f 147/147/147 275/275/275 148/148/148
f 276/276/276 273/273/273 275/275/275
f 275/275/275 147/147/147 276/276/276
f 273/273/273 276/276/276 274/274/274
f 274/274/274 277/277/277 267/267/267
f 277/277/277 274/274/274 276/276/276
f 261/261/261 267/267/267 277/277/277
f 277/277/277 257/257/257 261/261/261
f 276/276/276 278/278/278 277/277/277
f 257/257/257 277/277/277 278/278/278
f 278/278/278 276/276/276 147/147/147
f 279/279/279 257/257/257 278/278/278
f 147/147/147 279/279/279 278/278/278
f 257/257/257 279/279/279 245/245/245
f 279/279/279 147/147/147 146/146/146
f 145/145/145 245/245/245 279/279/279
f 146/146/146 145/145/145 279/279/279
f 280/280/280 281/281/281 282/282/282
f 282/282/282 281/281/281 283/283/283
f 280/280/280 284/284/284 285/285/285
f 285/285/285 281/281/281 280/280/280
f 284/284/284 286/286/286 287/287/287
f 287/287/287 285/285/285 284/284/284
f 286/286/286 288/288/288 289/289/289
f 289/289/289 287/287/287 286/286/286
f 281/281/281 290/290/290 283/283/283
f 283/283/283 290/290/290 291/291/291
f 281/281/281 285/285/285 292/292/292
f 292/292/292 290/290/290 281/281/281
f 285/285/285 287/287/287 293/293/293
f 293/293/293 292/292/292 285/285/285
f 287/287/287 289/289/289 294/294/294
f 294/294/294 293/293/293 287/287/287
f 290/290/290 295/295/295 291/291/291
f 291/291/291 295/295/295 296/296/296
f 290/290/290 292/292/292 297/297/297
f 297/297/297 295/295/295 290/290/290
f 292/292/292 293/293/293 298/298/298
f 298/298/298 297/297/297 292/292/292
f 293/293/293 294/294/294 299/299/299
f 299/299/299 298/298/298 293/293/293
f 295/295/295 300/300/300 296/296/296
f 296/296/296 300/300/300 301/301/301
f 295/295/295 297/297/297 302/302/302
f 302/302/302 300/300/300 295/295/295
f 297/297/297 298/298/298 303/303/303
f 303/303/303 302/302/302 297/297/297
f 300/300/300 304/304/304 301/301/301
f 304/304/304 305/305/305 301/301/301
f 300/300/300 302/302/302 306/306/306
f 306/306/306 304/304/304 300/300/300
f 302/302/302 303/303/303 307/307/307
f 307/307/307 306/306/306 302/302/302
f 305/305/305 304/304/304 308/308/308
f 308/308/308 309/309/309 305/305/305
f 304/304/304 306/306/306 310/310/310
f 310/310/310 308/308/308 304/304/304
f 306/306/306 307/307/307 311/311/311
f 311/311/311 310/310/310 306/306/306
f 312/312/312 307/307/307 303/303/303
f 313/313/313 311/311/311 307/307/307
f 307/307/307 312/312/312 313/313/313
f 303/303/303 314/314/314 312/312/312
f 314/314/314 303/303/303 298/298/298
f 315/315/315 313/313/313 312/312/312
f 314/314/314 315/315/315 312/312/312
f 298/298/298 299/299/299 314/314/314
f 299/299/299 316/316/316 314/314/314
f 315/315/315 314/314/314 316/316/316
f 311/311/311 313/313/313 317/317/317
f 313/313/313 315/315/315 318/318/318
f 318/318/318 317/317/317 313/313/313
f 317/317/317 319/319/319 311/311/311
f 310/310/310 311/311/311 319/319/319
f 317/317/317 318/318/318 109/109/109
f 315/315/315 112/112/112 318/318/318
f 112/112/112 109/109/109 318/318/318
f 109/109/109 107/107/107 317/317/317
f 319/319/319 317/317/317 107/107/107
f 319/319/319 320/320/320 310/310/310
f 308/308/308 310/310/310 320/320/320
f 107/107/107 106/106/106 319/319/319
f 320/320/320 319/319/319 106/106/106
f 321/321/321 308/308/308 320/320/320
f 106/106/106 321/321/321 320/320/320
f 322/322/322 308/308/308 321/321/321
f 309/309/309 308/308/308 322/322/322
f 321/321/321 106/106/106 323/323/323
f 324/324/324 309/309/309 322/322/322
f 309/309/309 324/324/324 325/325/325
f 326/326/326 322/322/322 321/321/321
f 322/322/322 326/326/326 324/324/324
f 327/327/327 321/321/321 323/323/323
f 326/326/326 321/321/321 327/327/327
f 323/323/323 106/106/106 100/100/100
f 328/328/328 325/325/325 324/324/324
f 325/325/325 328/328/328 329/329/329
f 330/330/330 324/324/324 326/326/326
f 324/324/324 330/330/330 328/328/328
f 26/26/26 329/329/329 328/328/328
f 330/330/330 26/26/26 328/328/328
f 329/329/329 26/26/26 28/28/28
f 330/330/330 326/326/326 331/331/331
f 331/331/331 326/326/326 327/327/327
f 327/327/327 323/323/323 98/98/98
f 98/98/98 323/323/323 100/100/100
f 331/331/331 327/327/327 68/68/68
f 68/68/68 327/327/327 98/98/98
f 332/332/332 330/330/330 331/331/331
f 62/62/62 331/331/331 68/68/68
f 332/332/332 331/331/331 62/62/62
f 330/330/330 332/332/332 24/24/24
f 26/26/26 330/330/330 24/24/24
f 35/35/35 332/332/332 62/62/62
f 25/25/25 24/24/24 332/332/332
f 25/25/25 332/332/332 35/35/35
f 333/333/333 334/334/334 335/335/335
f 336/336/336 337/337/337 338/338/338
f 334/334/334 336/336/336 338/338/338
f 333/333/333 339/339/339 334/334/334
f 336/336/336 334/334/334 339/339/339
f 340/340/340 339/339/339 333/333/333
f 337/337/337 336/336/336 341/341/341
f 341/341/341 342/342/342 337/337/337
f 343/343/343 342/342/342 341/341/341
f 344/344/344 341/341/341 336/336/336
f 339/339/339 344/344/344 336/336/336
f 340/340/340 345/345/345 339/339/339
f 344/344/344 339/339/339 345/345/345
f 346/346/346 345/345/345 340/340/340
f 347/347/347 345/345/345 346/346/346
f 348/348/348 343/343/343 341/341/341
f 341/341/341 344/344/344 348/348/348
f 349/349/349 343/343/343 348/348/348
f 350/350/350 343/343/343 349/349/349
f 344/344/344 351/351/351 348/348/348
f 351/351/351 349/349/349 348/348/348
f 345/345/345 352/352/352 344/344/344
f 351/351/351 344/344/344 352/352/352
f 345/345/345 347/347/347 353/353/353
f 352/352/352 345/345/345 353/353/353
f 354/354/354 353/353/353 347/347/347
f 352/352/352 355/355/355 351/351/351
f 355/355/355 349/349/349 351/351/351
f 353/353/353 356/356/356 352/352/352
f 355/355/355 352/352/352 356/356/356
f 353/353/353 354/354/354 357/357/357
f 356/356/356 353/353/353 357/357/357
f 358/358/218 357/357/357 354/354/354
f 357/357/357 358/358/218 359/359/358
f 359/359/358 356/356/356 357/357/357
f 360/360/359 359/359/358 358/358/218
f 356/356/356 361/361/360 355/355/355
f 359/359/358 360/360/359 362/362/361
f 356/356/356 359/359/358 363/363/362
f 362/362/361 363/363/362 359/359/358
f 361/361/360 356/356/356 363/363/362
f 364/364/363 362/362/361 360/360/359
f 361/361/360 365/365/364 355/355/355
f 349/349/349 355/355/355 365/365/364
f 362/362/361 364/364/363 366/366/365
f 367/367/366 366/366/365 364/364/363
f 363/363/362 362/362/361 368/368/367
f 366/366/365 368/368/367 362/362/361
f 363/363/362 369/369/368 361/361/360
f 369/369/368 363/363/362 368/368/367
f 369/369/368 370/370/369 361/361/360
f 365/365/364 361/361/360 370/370/369
f 366/366/365 367/367/366 371/371/370
f 372/372/207 371/371/370 367/367/366
f 368/368/367 366/366/365 373/373/371
f 371/371/370 373/373/371 366/366/365
f 368/368/367 374/374/372 369/369/368
f 374/374/372 368/368/367 373/373/371
f 374/374/372 375/375/373 369/369/368
f 370/370/369 369/369/368 375/375/373
f 373/373/371 376/376/374 374/374/372
f 377/377/375 373/373/371 371/371/370
f 376/376/374 373/373/371 377/377/375
f 378/378/376 377/377/375 371/371/370
f 371/371/370 372/372/207 378/378/376
f 379/379/377 377/377/375 378/378/376
f 380/380/378 378/378/376 372/372/207
f 380/380/378 372/372/207 381/381/379
f 378/378/376 382/382/380 379/379/377
f 382/382/380 378/378/376 380/380/378
f 383/383/381 377/377/375 379/379/377
f 377/377/375 383/383/381 376/376/374
f 382/382/380 383/383/381 379/379/377
f 384/384/382 385/385/383 386/386/384
f 386/386/384 387/387/385 388/388/386
f 385/385/383 387/387/385 386/386/384
f 388/388/386 389/389/387 390/390/388
f 387/387/385 389/389/387 388/388/386
f 391/391/389 385/385/383 384/384/382
f 384/384/382 392/392/390 391/391/389
f 385/385/383 393/393/391 387/387/385
f 385/385/383 391/391/389 394/394/392
f 394/394/392 393/393/391 385/385/383
f 395/395/393 391/391/389 392/392/390
f 387/387/385 396/396/394 389/389/387
f 397/397/395 387/387/385 393/393/391
f 387/387/385 397/397/395 396/396/394
f 397/397/395 398/398/396 396/396/394
f 396/396/394 399/399/397 389/389/387
f 396/396/394 398/398/396 399/399/397
f 389/389/387 399/399/397 400/400/398
f 389/389/387 400/400/398 390/390/388
f 390/390/388 400/400/398 401/401/399
f 390/390/388 401/401/399 402/402/400
f 402/402/400 401/401/399 403/403/401
f 401/401/399 404/404/402 403/403/401
f 405/405/403 403/403/401 404/404/402
f 400/400/398 406/406/404 401/401/399
f 401/401/399 406/406/404 404/404/402
f 404/404/402 407/407/405 405/405/403
f 406/406/404 407/407/405 404/404/402
f 407/407/405 408/408/406 405/405/403
f 400/400/398 409/409/407 406/406/404
f 399/399/397 409/409/407 400/400/398
f 406/406/404 410/410/408 407/407/405
f 409/409/407 410/410/408 406/406/404
f 407/407/405 411/411/409 408/408/406
f 410/410/408 411/411/409 407/407/405
f 399/399/397 412/412/410 409/409/407
f 409/409/407 413/413/411 410/410/408
f 412/412/410 413/413/411 409/409/407
f 398/398/396 412/412/410 399/399/397
f 413/413/411 414/414/412 410/410/408
f 410/410/408 414/414/412 411/411/409
f 411/411/409 415/415/413 408/408/406
f 408/408/406 415/415/413 416/416/414
f 415/415/413 417/417/415 416/416/414
f 415/415/413 418/418/416 417/417/415
f 411/411/409 418/418/416 415/415/413
f 418/418/416 419/419/417 417/417/415
f 414/414/412 420/420/418 411/411/409
f 418/418/416 411/411/409 420/420/418
f 418/418/416 421/421/419 419/419/417
f 421/421/419 422/422/420 419/419/417
f 420/420/418 423/423/421 418/418/416
f 423/423/421 421/421/419 418/418/416
f 414/414/412 424/424/422 420/420/418
f 424/424/422 423/423/421 420/420/418
f 425/425/423 424/424/422 414/414/412
f 413/413/411 425/425/423 414/414/412
f 421/421/419 426/426/424 422/422/420
f 426/426/424 427/427/425 422/422/420
f 423/423/421 428/428/426 421/421/419
f 428/428/426 426/426/424 421/421/419
f 424/424/422 429/429/427 423/423/421
f 429/429/427 428/428/426 423/423/421
f 425/425/423 430/430/428 424/424/422
f 430/430/428 429/429/427 424/424/422
f 426/426/424 431/431/429 427/427/425
f 431/431/429 432/432/430 427/427/425
f 428/428/426 433/433/431 426/426/424
f 433/433/431 431/431/429 426/426/424
f 429/429/427 434/434/432 428/428/426
f 434/434/432 433/433/431 428/428/426
f 430/430/428 435/435/433 429/429/427
f 435/435/433 434/434/432 429/429/427
f 436/436/434 437/437/435 438/438/436
f 439/439/437 440/440/438 441/441/439
f 442/442/440 441/441/439 440/440/438
f 441/441/439 443/443/441 439/439/437
f 438/438/436 444/444/442 442/442/440
f 442/442/440 444/444/442 441/441/439
f 443/443/441 441/441/439 445/445/443
f 444/444/442 445/445/443 441/441/439
f 445/445/443 446/446/444 443/443/441
f 438/438/436 447/447/445 444/444/442
f 437/437/435 447/447/445 438/438/436
f 444/444/442 448/448/446 445/445/443
f 437/437/435 449/449/447 447/447/445
f 446/446/444 445/445/443 450/450/448
f 448/448/446 450/450/448 445/445/443
f 450/450/448 451/451/449 446/446/444
f 444/444/442 452/452/450 448/448/446
f 452/452/450 444/444/442 447/447/445
f 450/450/448 448/448/446 453/453/451
f 452/452/450 453/453/451 448/448/446
f 451/451/449 450/450/448 454/454/452
f 453/453/451 454/454/452 450/450/448
f 454/454/452 455/455/453 451/451/449
f 447/447/445 456/456/454 452/452/450
f 456/456/454 447/447/445 449/449/447
f 452/452/450 457/457/455 453/453/451
f 456/456/454 457/457/455 452/452/450
f 453/453/451 458/458/456 454/454/452
f 457/457/455 458/458/456 453/453/451
f 455/455/453 454/454/452 459/459/457
f 458/458/456 459/459/457 454/454/452
f 459/459/457 460/460/458 455/455/453
f 461/461/459 456/456/454 449/449/447
f 437/437/435 461/461/459 449/449/447
f 461/461/459 437/437/435 462/462/460
f 462/462/460 463/463/461 461/461/459
f 460/460/458 459/459/457 464/464/462
f 464/464/462 465/465/305 460/460/458
f 466/466/463 464/464/462 459/459/457
f 458/458/456 466/466/463 459/459/457
f 465/465/305 464/464/462 467/467/464
f 467/467/464 468/468/465 465/465/305
f 467/467/464 469/469/296 468/468/465
f 470/470/466 467/467/464 464/464/462
f 466/466/463 470/470/466 464/464/462
f 469/469/296 467/467/464 471/471/467
f 470/470/466 471/471/467 467/467/464
f 472/472/468 469/469/296 471/471/467
f 473/473/469 466/466/463 458/458/456
f 457/457/455 473/473/469 458/458/456
f 474/474/470 470/470/466 466/466/463
f 473/473/469 474/474/470 466/466/463
f 475/475/471 471/471/467 470/470/466
f 474/474/470 475/475/471 470/470/466
f 476/476/472 472/472/468 471/471/467
f 471/471/467 475/475/471 476/476/472
f 477/477/473 472/472/468 476/476/472
f 478/478/474 473/473/469 457/457/455
f 456/456/454 478/478/474 457/457/455
f 479/479/475 474/474/470 473/473/469
f 478/478/474 479/479/475 473/473/469
f 479/479/475 480/480/476 474/474/470
f 480/480/476 475/475/471 474/474/470
f 481/481/477 479/479/475 478/478/474
f 482/482/478 478/478/474 456/456/454
f 482/482/478 481/481/477 478/478/474
f 461/461/459 482/482/478 456/456/454
f 463/463/461 482/482/478 461/461/459
f 463/463/461 483/483/479 482/482/478
f 483/483/479 481/481/477 482/482/478
f 484/484/480 483/483/479 463/463/461
f 484/484/480 485/485/481 483/483/479
f 485/485/481 486/486/482 483/483/479
f 483/483/479 486/486/482 481/481/477
f 487/487/483 486/486/482 485/485/481
f 481/481/477 488/488/484 479/479/475
f 486/486/482 488/488/484 481/481/477
f 488/488/484 480/480/476 479/479/475
f 487/487/483 489/489/485 486/486/482
f 486/486/482 489/489/485 488/488/484
f 488/488/484 490/490/486 480/480/476
f 489/489/485 490/490/486 488/488/484
f 491/491/487 480/480/476 490/490/486
f 487/487/483 492/492/488 489/489/485
f 489/489/485 493/493/489 490/490/486
f 492/492/488 493/493/489 489/489/485
f 494/494/490 490/490/486 493/493/489
f 490/490/486 494/494/490 491/491/487
f 492/492/488 495/495/491 493/493/489
f 495/495/491 494/494/490 493/493/489
f 487/487/483 496/496/492 492/492/488
f 496/496/492 495/495/491 492/492/488
f 496/496/492 487/487/483 497/497/493
f 497/497/493 498/498/494 496/496/492
f 496/496/492 499/499/495 495/495/491
f 498/498/494 499/499/495 496/496/492
f 495/495/491 500/500/496 494/494/490
f 499/499/495 500/500/496 495/495/491
f 498/498/494 501/501/497 499/499/495
f 499/499/495 502/502/498 500/500/496
f 501/501/497 502/502/498 499/499/495
f 503/503/499 501/501/497 498/498/494
f 504/504/500 503/503/499 498/498/494
f 501/501/497 505/505/501 502/502/498
f 503/503/499 506/506/502 501/501/497
f 506/506/502 505/505/501 501/501/497
f 507/507/503 506/506/502 503/503/499
f 504/504/500 507/507/503 503/503/499
f 506/506/502 508/508/504 505/505/501
f 507/507/503 504/504/500 509/509/505
f 510/510/506 509/509/505 504/504/500
f 507/507/503 511/511/507 506/506/502
f 511/511/507 508/508/504 506/506/502
f 509/509/505 512/512/508 507/507/503
f 512/512/508 511/511/507 507/507/503
f 510/510/506 513/513/509 509/509/505
f 512/512/508 509/509/505 513/513/509
f 513/513/509 510/510/506 514/514/510
f 514/514/510 510/510/506 515/515/511
f 516/516/512 512/512/508 513/513/509
f 514/514/510 516/516/512 513/513/509
f 515/515/511 517/517/513 514/514/510
f 516/516/512 514/514/510 517/517/513
f 517/517/513 515/515/511 518/518/514
f 518/518/514 519/519/515 517/517/513
f 519/519/515 518/518/514 520/520/516
f 520/520/516 521/521/517 519/519/515
f 522/522/518 517/517/513 519/519/515
f 517/517/513 522/522/518 516/516/512
f 523/523/519 519/519/515 521/521/517
f 519/519/515 523/523/519 522/522/518
f 521/521/517 524/524/520 523/523/519
f 522/522/518 525/525/521 516/516/512
f 516/516/512 525/525/521 512/512/508
f 523/523/519 526/526/522 522/522/518
f 522/522/518 526/526/522 525/525/521
f 523/523/519 527/527/523 526/526/522
f 524/524/520 527/527/523 523/523/519
f 525/525/521 528/528/524 512/512/508
f 512/512/508 528/528/524 511/511/507
f 526/526/522 529/529/525 525/525/521
f 525/525/521 529/529/525 528/528/524
f 527/527/523 530/530/526 526/526/522
f 526/526/522 530/530/526 529/529/525
f 528/528/524 531/531/527 511/511/507
f 511/511/507 531/531/527 508/508/504
f 529/529/525 532/532/528 528/528/524
f 528/528/524 532/532/528 531/531/527
f 530/530/526 533/533/529 529/529/525
f 529/529/525 533/533/529 532/532/528
f 527/527/523 534/534/530 530/530/526
f 530/530/526 535/535/531 533/533/529
f 534/534/530 535/535/531 530/530/526
f 536/536/532 534/534/530 527/527/523
f 524/524/520 536/536/532 527/527/523
f 534/534/530 537/537/533 535/535/531
f 524/524/520 538/538/534 536/536/532
f 536/536/532 539/539/535 534/534/530
f 539/539/535 537/537/533 534/534/530
f 538/538/534 539/539/535 536/536/532
f 537/537/533 540/540/536 535/535/531
f 535/535/531 541/541/537 533/533/529
f 541/541/537 535/535/531 540/540/536
f 542/542/538 533/533/529 541/541/537
f 533/533/529 542/542/538 532/532/528
f 540/540/536 543/543/539 541/541/537
f 543/543/539 544/544/540 541/541/537
f 541/541/537 544/544/540 542/542/538
f 545/545/541 543/543/539 540/540/536
f 544/544/540 546/546/542 542/542/538
f 545/545/541 540/540/536 547/547/543
f 540/540/536 537/537/533 547/547/543
f 548/548/544 545/545/541 547/547/543
f 542/542/538 546/546/542 549/549/545
f 549/549/545 532/532/528 542/542/538
f 546/546/542 550/550/546 549/549/545
f 532/532/528 549/549/545 531/531/527
f 549/549/545 550/550/546 551/551/547
f 551/551/547 531/531/527 549/549/545
f 550/550/546 552/552/548 551/551/547
f 531/531/527 551/551/547 508/508/504
f 551/551/547 552/552/548 553/553/549
f 553/553/549 508/508/504 551/551/547
f 552/552/548 554/554/550 553/553/549
f 508/508/504 553/553/549 505/505/501
f 555/555/551 553/553/549 554/554/550
f 556/556/552 505/505/501 553/553/549
f 553/553/549 555/555/551 556/556/552
f 505/505/501 556/556/552 502/502/498
f 557/557/553 556/556/552 555/555/551
f 558/558/554 502/502/498 556/556/552
f 556/556/552 557/557/553 558/558/554
f 502/502/498 558/558/554 500/500/496
f 559/559/555 558/558/554 557/557/553
f 560/560/556 500/500/496 558/558/554
f 558/558/554 559/559/555 560/560/556
f 500/500/496 560/560/556 494/494/490
f 561/561/557 560/560/556 559/559/555
f 562/562/558 494/494/490 560/560/556
f 560/560/556 561/561/557 562/562/558
f 494/494/490 562/562/558 491/491/487
f 477/477/473 562/562/558 561/561/557
f 562/562/558 477/477/473 563/563/559
f 563/563/559 491/491/487 562/562/558
f 477/477/473 476/476/472 563/563/559
f 491/491/487 563/563/559 564/564/560
f 476/476/472 564/564/560 563/563/559
f 480/480/476 491/491/487 564/564/560
f 564/564/560 476/476/472 475/475/471
f 480/480/476 564/564/560 475/475/471
f 565/565/561 566/566/562 567/567/563
f 568/568/564 569/569/152 570/570/565
f 571/571/566 570/570/565 569/569/152
f 569/569/152 572/572/567 571/571/566
f 573/573/568 571/571/566 572/572/567
f 570/570/565 571/571/566 574/574/569
f 567/567/563 570/570/565 574/574/569
f 571/571/566 573/573/568 575/575/570
f 576/576/571 575/575/570 573/573/568
f 574/574/569 571/571/566 577/577/572
f 571/571/566 575/575/570 577/577/572
f 574/574/569 578/578/573 567/567/563
f 565/565/561 567/567/563 578/578/573
f 577/577/572 579/579/574 574/574/569
f 578/578/573 574/574/569 579/579/574
f 575/575/570 576/576/571 580/580/575
f 581/581/576 580/580/575 576/576/571
f 577/577/572 575/575/570 582/582/577
f 575/575/570 580/580/575 582/582/577
f 580/580/575 581/581/576 583/583/578
f 582/582/577 584/584/579 577/577/572
f 579/579/574 577/577/572 584/584/579
f 582/582/577 580/580/575 585/585/580
f 580/580/575 583/583/578 585/585/580
f 586/586/581 583/583/578 581/581/576
f 586/586/581 585/585/580 583/583/578
f 581/581/576 587/587/582 586/586/581
f 588/588/583 586/586/581 587/587/582
f 587/587/582 589/589/584 588/588/583
f 590/590/585 588/588/583 589/589/584
f 588/588/583 591/591/586 586/586/581
f 585/585/580 586/586/581 591/591/586
f 588/588/583 590/590/585 592/592/587
f 593/593/588 592/592/587 590/590/585
f 591/591/586 588/588/583 594/594/589
f 592/592/587 594/594/589 588/588/583
f 592/592/587 593/593/588 595/595/590
f 596/596/591 595/595/590 593/593/588
f 595/595/590 596/596/591 597/597/592
f 598/598/593 592/592/587 595/595/590
f 594/594/589 592/592/587 598/598/593
f 599/599/594 595/595/590 597/597/592
f 598/598/593 595/595/590 599/599/594
f 599/599/594 597/597/592 600/600/595
f 601/601/596 599/599/594 600/600/595
f 599/599/594 601/601/596 602/602/597
f 602/602/597 598/598/593 599/599/594
f 603/603/598 602/602/597 601/601/596
f 594/594/589 598/598/593 604/604/599
f 598/598/593 602/602/597 604/604/599
f 602/602/597 603/603/598 605/605/600
f 606/606/601 605/605/600 603/603/598
f 602/602/597 607/607/602 604/604/599
f 607/607/602 602/602/597 605/605/600
f 605/605/600 606/606/601 608/608/603
f 608/608/603 607/607/602 605/605/600
f 609/609/604 608/608/603 606/606/601
f 610/610/605 594/594/589 604/604/599
f 608/608/603 609/609/604 611/611/606
f 591/591/586 594/594/589 610/610/605
f 609/609/604 612/612/607 611/611/606
f 613/613/608 612/612/607 609/609/604
f 614/614/609 612/612/607 613/613/608
f 612/612/607 615/615/610 611/611/606
f 615/615/610 608/608/603 611/611/606
f 612/612/607 614/614/609 616/616/611
f 617/617/612 616/616/611 614/614/609
f 616/616/611 618/618/613 612/612/607
f 615/615/610 612/612/607 618/618/613
f 616/616/611 617/617/612 619/619/614
f 620/620/615 619/619/614 617/617/612
f 618/618/613 616/616/611 621/621/616
f 619/619/614 621/621/616 616/616/611
f 432/432/430 618/618/613 621/621/616
f 432/432/430 615/615/610 618/618/613
f 621/621/616 619/619/614 622/622/617
f 619/619/614 620/620/615 623/623/618
f 623/623/618 622/622/617 619/619/614
f 624/624/619 623/623/618 620/620/615
f 427/427/425 621/621/616 622/622/617
f 427/427/425 432/432/430 621/621/616
f 623/623/618 624/624/619 625/625/620
f 626/626/621 625/625/620 624/624/619
f 622/622/617 623/623/618 627/627/622
f 625/625/620 627/627/622 623/623/618
f 422/422/420 427/427/425 622/622/617
f 422/422/420 622/622/617 627/627/622
f 625/625/620 626/626/621 628/628/623
f 629/629/624 628/628/623 626/626/621
f 627/627/622 625/625/620 630/630/625
f 628/628/623 630/630/625 625/625/620
f 628/628/623 629/629/624 631/631/626
f 419/419/417 627/627/622 630/630/625
f 419/419/417 422/422/420 627/627/622
f 630/630/625 628/628/623 632/632/627
f 631/631/626 632/632/627 628/628/623
f 633/633/628 631/631/626 629/629/624
f 417/417/415 630/630/625 632/632/627
f 417/417/415 419/419/417 630/630/625
f 632/632/627 631/631/626 634/634/629
f 416/416/414 417/417/415 632/632/627
f 416/416/414 632/632/627 634/634/629
f 635/635/630 634/634/629 631/631/626
f 636/636/631 416/416/414 634/634/629
f 636/636/631 634/634/629 635/635/630
f 631/631/626 633/633/628 637/637/632
f 635/635/630 631/631/626 637/637/632
f 633/633/628 638/638/633 637/637/632
f 639/639/634 638/638/633 633/633/628
f 640/640/635 635/635/630 637/637/632
f 640/640/635 637/637/632 638/638/633
f 639/639/634 641/641/636 638/638/633
f 642/642/637 641/641/636 639/639/634
f 643/643/638 640/640/635 638/638/633
f 643/643/638 638/638/633 641/641/636
f 642/642/637 644/644/639 641/641/636
f 645/645/640 644/644/639 642/642/637
f 646/646/641 643/643/638 641/641/636
f 646/646/641 641/641/636 644/644/639
f 645/645/640 647/647/642 644/644/639
f 647/647/642 646/646/641 644/644/639
f 648/648/643 647/647/642 645/645/640
f 648/648/643 649/649/644 647/647/642
f 650/650/645 649/649/644 648/648/643
f 646/646/641 647/647/642 651/651/646
f 649/649/644 651/651/646 647/647/642
f 652/652/647 643/643/638 646/646/641
f 652/652/647 646/646/641 651/651/646
f 643/643/638 652/652/647 653/653/648
f 653/653/648 640/640/635 643/643/638
f 650/650/645 654/654/649 649/649/644
f 655/655/650 654/654/649 650/650/645
f 651/651/646 649/649/644 656/656/651
f 654/654/649 656/656/651 649/649/644
f 657/657/652 652/652/647 651/651/646
f 657/657/652 651/651/646 656/656/651
f 658/658/653 653/653/648 652/652/647
f 658/658/653 652/652/647 657/657/652
f 655/655/650 659/659/654 654/654/649
f 660/660/655 659/659/654 655/655/650
f 656/656/651 654/654/649 661/661/656
f 659/659/654 661/661/656 654/654/649
f 662/662/657 657/657/652 656/656/651
f 662/662/657 656/656/651 661/661/656
f 663/663/658 658/658/653 657/657/652
f 663/663/658 657/657/652 662/662/657
f 660/660/655 664/664/659 659/659/654
f 665/665/660 664/664/659 660/660/655
f 661/661/656 659/659/654 666/666/661
f 664/664/659 666/666/661 659/659/654
f 667/667/662 662/662/657 661/661/656
f 667/667/662 661/661/656 666/666/661
f 668/668/663 663/663/658 662/662/657
f 668/668/663 662/662/657 667/667/662
f 665/665/660 669/669/664 664/664/659
f 670/670/665 669/669/664 665/665/660
f 666/666/661 664/664/659 671/671/666
f 669/669/664 671/671/666 664/664/659
f 670/670/665 672/672/667 669/669/664
f 673/673/668 672/672/667 670/670/665
f 671/671/666 669/669/664 674/674/669
f 672/672/667 674/674/669 669/669/664
f 675/675/670 672/672/667 673/673/668
f 676/676/671 671/671/666 674/674/669
f 672/672/667 675/675/670 677/677/672
f 678/678/673 677/677/672 675/675/670
f 674/674/669 672/672/667 679/679/674
f 677/677/672 679/679/674 672/672/667
f 680/680/675 674/674/669 679/679/674
f 674/674/669 680/680/675 676/676/671
f 679/679/674 677/677/672 681/681/676
f 680/680/675 679/679/674 681/681/676
f 677/677/672 678/678/673 682/682/677
f 682/682/677 681/681/676 677/677/672
f 678/678/673 683/683/678 682/682/677
f 684/684/679 683/683/678 678/678/673
f 681/681/676 682/682/677 685/685/680
f 683/683/678 685/685/680 682/682/677
f 684/684/679 686/686/681 683/683/678
f 687/687/682 686/686/681 684/684/679
f 685/685/680 683/683/678 688/688/683
f 686/686/681 688/688/683 683/683/678
f 689/689/684 686/686/681 687/687/682
f 690/690/685 681/681/676 685/685/680
f 680/680/675 681/681/676 690/690/685
f 690/690/685 685/685/680 691/691/686
f 691/691/686 685/685/680 688/688/683
f 692/692/687 680/680/675 690/690/685
f 692/692/687 676/676/671 680/680/675
f 693/693/688 690/690/685 691/691/686
f 692/692/687 690/690/685 693/693/688
f 691/691/686 688/688/683 694/694/689
f 693/693/688 691/691/686 695/695/690
f 695/695/690 691/691/686 694/694/689
f 688/688/683 696/696/691 694/694/689
f 676/676/671 692/692/687 697/697/692
f 698/698/693 692/692/687 693/693/688
f 698/698/693 697/697/692 692/692/687
f 697/697/692 699/699/694 676/676/671
f 671/671/666 676/676/671 699/699/694
f 699/699/694 666/666/661 671/671/666
f 666/666/661 699/699/694 700/700/695
f 700/700/695 667/667/662 666/666/661
f 699/699/694 697/697/692 701/701/696
f 701/701/696 700/700/695 699/699/694
f 697/697/692 698/698/693 702/702/697
f 702/702/697 701/701/696 697/697/692
f 703/703/698 667/667/662 700/700/695
f 703/703/698 668/668/663 667/667/662
f 700/700/695 701/701/696 704/704/699
f 704/704/699 703/703/698 700/700/695
f 701/701/696 702/702/697 705/705/700
f 705/705/700 704/704/699 701/701/696
f 706/706/701 702/702/697 698/698/693
f 707/707/702 668/668/663 703/703/698
f 708/708/703 703/703/698 704/704/699
f 708/708/703 707/707/702 703/703/698
f 709/709/704 708/708/703 704/704/699
f 704/704/699 705/705/700 709/709/704
f 710/710/705 707/707/702 708/708/703
f 707/707/702 711/711/706 668/668/663
f 711/711/706 663/663/658 668/668/663
f 712/712/707 711/711/706 707/707/702
f 710/710/705 712/712/707 707/707/702
f 711/711/706 713/713/708 663/663/658
f 713/713/708 658/658/653 663/663/658
f 712/712/707 714/714/709 711/711/706
f 714/714/709 713/713/708 711/711/706
f 713/713/708 715/715/710 658/658/653
f 653/653/648 658/658/653 715/715/710
f 714/714/709 716/716/711 713/713/708
f 715/715/710 713/713/708 716/716/711
f 715/715/710 717/717/712 653/653/648
f 640/640/635 653/653/648 717/717/712
f 717/717/712 635/635/630 640/640/635
f 717/717/712 715/715/710 718/718/713
f 716/716/711 718/718/713 715/715/710
f 635/635/630 717/717/712 719/719/714
f 718/718/713 719/719/714 717/717/712
f 719/719/714 636/636/631 635/635/630
f 718/718/713 716/716/711 720/720/715
f 719/719/714 718/718/713 721/721/716
f 720/720/715 721/721/716 718/718/713
f 721/721/716 405/405/403 719/719/714
f 405/405/403 636/636/631 719/719/714
f 721/721/716 720/720/715 403/403/401
f 403/403/401 405/405/403 721/721/716
f 722/722/717 720/720/715 716/716/711
f 716/716/711 714/714/709 722/722/717
f 402/402/400 403/403/401 720/720/715
f 405/405/403 408/408/406 636/636/631
f 408/408/406 416/416/414 636/636/631
f 723/723/718 722/722/717 714/714/709
f 723/723/718 714/714/709 712/712/707
f 720/720/715 722/722/717 724/724/719
f 724/724/719 402/402/400 720/720/715
f 722/722/717 723/723/718 725/725/720
f 725/725/720 724/724/719 722/722/717
f 726/726/721 723/723/718 712/712/707
f 726/726/721 712/712/707 710/710/705
f 727/727/722 725/725/720 723/723/718
f 727/727/722 723/723/718 726/726/721
f 724/724/719 725/725/720 728/728/723
f 725/725/720 727/727/722 729/729/724
f 729/729/724 728/728/723 725/725/720
f 728/728/723 730/730/725 724/724/719
f 730/730/725 402/402/400 724/724/719
f 728/728/723 729/729/724 731/731/726
f 731/731/726 730/730/725 728/728/723
f 732/732/727 729/729/724 727/727/722
f 733/733/728 731/731/726 729/729/724
f 729/729/724 732/732/727 733/733/728
f 730/730/725 390/390/388 402/402/400
f 730/730/725 731/731/726 734/734/729
f 734/734/729 390/390/388 730/730/725
f 731/731/726 733/733/728 735/735/730
f 735/735/730 734/734/729 731/731/726
f 736/736/731 735/735/730 733/733/728
f 734/734/729 735/735/730 737/737/732
f 738/738/733 736/736/731 733/733/728
f 738/738/733 733/733/728 732/732/727
f 736/736/731 739/739/734 735/735/730
f 739/739/734 737/737/732 735/735/730
f 740/740/735 736/736/731 738/738/733
f 741/741/736 739/739/734 736/736/731
f 736/736/731 740/740/735 741/741/736
f 742/742/737 738/738/733 732/732/727
f 742/742/737 740/740/735 738/738/733
f 737/737/732 388/388/386 734/734/729
f 390/390/388 734/734/729 388/388/386
f 739/739/734 384/384/382 737/737/732
f 388/388/386 737/737/732 386/386/384
f 384/384/382 386/386/384 737/737/732
f 392/392/390 384/384/382 739/739/734
f 739/739/734 741/741/736 392/392/390
f 743/743/738 744/744/739 745/745/740
f 745/745/740 744/744/739 746/746/741
f 747/747/742 748/748/743 743/743/738
f 749/749/744 748/748/743 747/747/742
f 743/743/738 750/750/745 744/744/739
f 748/748/743 750/750/745 743/743/738
f 744/744/739 751/751/746 746/746/741
f 746/746/741 751/751/746 752/752/747
f 750/750/745 753/753/748 744/744/739
f 744/744/739 753/753/748 751/751/746
f 748/748/743 754/754/749 750/750/745
f 749/749/744 755/755/750 748/748/743
f 748/748/743 755/755/750 754/754/749
f 749/749/744 756/756/751 755/755/750
f 749/749/744 757/757/752 756/756/751
f 515/515/511 756/756/751 757/757/752
f 757/757/752 518/518/514 515/515/511
f 758/758/753 755/755/750 756/756/751
f 756/756/751 515/515/511 758/758/753
f 755/755/750 758/758/753 759/759/754
f 759/759/754 754/754/749 755/755/750
f 515/515/511 510/510/506 758/758/753
f 758/758/753 760/760/755 759/759/754
f 758/758/753 510/510/506 760/760/755
f 754/754/749 759/759/754 761/761/756
f 760/760/755 761/761/756 759/759/754
f 754/754/749 761/761/756 762/762/757
f 761/761/756 760/760/755 763/763/758
f 763/763/758 762/762/757 761/761/756
f 760/760/755 764/764/759 763/763/758
f 754/754/749 762/762/757 765/765/760
f 750/750/745 754/754/749 765/765/760
f 750/750/745 765/765/760 753/753/748
f 762/762/757 763/763/758 766/766/761
f 764/764/759 766/766/761 763/763/758
f 760/760/755 504/504/500 764/764/759
f 510/510/506 504/504/500 760/760/755
f 766/766/761 764/764/759 497/497/493
f 498/498/494 497/497/493 764/764/759
f 504/504/500 498/498/494 764/764/759
f 766/766/761 497/497/493 487/487/483
f 766/766/761 485/485/481 762/762/757
f 766/766/761 487/487/483 485/485/481
f 762/762/757 485/485/481 484/484/480
f 762/762/757 484/484/480 765/765/760
f 765/765/760 484/484/480 767/767/762
f 753/753/748 765/765/760 767/767/762
f 767/767/762 484/484/480 463/463/461
f 753/753/748 767/767/762 768/768/763
f 753/753/748 768/768/763 751/751/746
f 768/768/763 767/767/762 769/769/764
f 767/767/762 463/463/461 769/769/764
f 751/751/746 768/768/763 770/770/765
f 751/751/746 770/770/765 752/752/747
f 752/752/747 770/770/765 771/771/766
f 768/768/763 772/772/767 770/770/765
f 768/768/763 769/769/764 772/772/767
f 770/770/765 773/773/768 771/771/766
f 770/770/765 772/772/767 773/773/768
f 771/771/766 773/773/768 774/774/769
f 772/772/767 769/769/764 462/462/460
f 463/463/461 462/462/460 769/769/764
f 772/772/767 775/775/511 773/773/768
f 772/772/767 462/462/460 775/775/511
f 773/773/768 776/776/770 774/774/769
f 773/773/768 775/775/511 776/776/770
f 774/774/769 776/776/770 777/777/771
f 778/778/772 774/774/769 777/777/771
f 777/777/771 779/779/773 778/778/772
f 775/775/511 462/462/460 437/437/435
f 779/779/773 777/777/771 780/780/774
f 780/780/774 781/781/775 779/779/773
f 776/776/770 782/782/776 777/777/771
f 777/777/771 782/782/776 780/780/774
f 775/775/511 436/436/434 776/776/770
f 776/776/770 436/436/434 782/782/776
f 775/775/511 437/437/435 436/436/434
f 781/781/775 780/780/774 783/783/777
f 784/784/778 781/781/775 783/783/777
f 782/782/776 785/785/779 780/780/774
f 785/785/779 783/783/777 780/780/774
f 783/783/777 786/786/780 784/784/778
f 783/783/777 785/785/779 786/786/780
f 786/786/780 787/787/781 784/784/778
f 782/782/776 788/788/782 785/785/779
f 436/436/434 788/788/782 782/782/776
f 785/785/779 789/789/783 786/786/780
f 788/788/782 789/789/783 785/785/779
f 787/787/781 786/786/780 790/790/784
f 789/789/783 790/790/784 786/786/780
f 790/790/784 791/791/785 787/787/781
f 791/791/785 790/790/784 440/440/438
f 789/789/783 440/440/438 790/790/784
f 440/440/438 439/439/437 791/791/785
f 788/788/782 442/442/440 789/789/783
f 440/440/438 789/789/783 442/442/440
f 436/436/434 438/438/436 788/788/782
f 788/788/782 438/438/436 442/442/440
f 792/792/786 793/793/787 696/696/691
f 696/696/691 688/688/683 792/792/786
f 688/688/683 686/686/681 792/792/786
f 794/794/788 792/792/786 686/686/681
f 686/686/681 689/689/684 794/794/788
f 795/795/789 794/794/788 689/689/684
f 792/792/786 794/794/788 796/796/790
f 793/793/787 792/792/786 796/796/790
f 794/794/788 795/795/789 797/797/791
f 797/797/791 796/796/790 794/794/788
f 798/798/792 797/797/791 795/795/789
f 796/796/790 797/797/791 799/799/793
f 793/793/787 796/796/790 799/799/793
f 797/797/791 798/798/792 800/800/794
f 800/800/794 799/799/793 797/797/791
f 798/798/792 801/801/795 800/800/794
f 798/798/792 802/802/796 801/801/795
f 799/799/793 800/800/794 803/803/797
f 801/801/795 803/803/797 800/800/794
f 793/793/787 799/799/793 804/804/798
f 804/804/798 799/799/793 803/803/797
f 802/802/796 805/805/799 801/801/795
f 802/802/796 806/806/800 805/805/799
f 803/803/797 801/801/795 807/807/801
f 805/805/799 807/807/801 801/801/795
f 804/804/798 803/803/797 808/808/802
f 808/808/802 803/803/797 807/807/801
f 806/806/800 809/809/803 805/805/799
f 806/806/800 810/810/804 809/809/803
f 807/807/801 805/805/799 811/811/805
f 809/809/803 811/811/805 805/805/799
f 810/810/804 812/812/806 809/809/803
f 810/810/804 813/813/807 812/812/806
f 811/811/805 809/809/803 814/814/808
f 812/812/806 814/814/808 809/809/803
f 815/815/809 807/807/801 811/811/805
f 812/812/806 813/813/807 816/816/810
f 813/813/807 817/817/811 816/816/810
f 814/814/808 812/812/806 818/818/812
f 816/816/810 818/818/812 812/812/806
f 819/819/813 811/811/805 814/814/808
f 811/811/805 819/819/813 815/815/809
f 820/820/814 814/814/808 818/818/812
f 814/814/808 820/820/814 819/819/813
f 818/818/812 816/816/810 821/821/815
f 820/820/814 818/818/812 821/821/815
f 822/822/816 823/823/817 824/824/818
f 823/823/817 822/822/816 825/825/819
f 822/822/816 826/826/820 825/825/819
f 827/827/821 824/824/818 823/823/817
f 828/828/822 826/826/820 822/822/816
f 828/828/822 829/829/823 826/826/820
f 824/824/818 830/830/824 822/822/816
f 830/830/824 828/828/822 822/822/816
f 830/830/824 824/824/818 831/831/825
f 832/832/826 831/831/825 824/824/818
f 824/824/818 827/827/821 832/832/826
f 833/833/827 832/832/826 827/827/821
f 832/832/826 833/833/827 834/834/828
f 834/834/828 833/833/827 835/835/829
f 836/836/830 832/832/826 834/834/828
f 837/837/831 834/834/828 835/835/829
f 834/834/828 837/837/831 836/836/830
f 828/828/822 830/830/824 838/838/832
f 839/839/833 838/838/832 830/830/824
f 838/838/832 839/839/833 840/840/834
f 838/838/832 841/841/835 828/828/822
f 841/841/835 829/829/823 828/828/822
f 840/840/834 842/842/836 838/838/832
f 841/841/835 838/838/832 842/842/836
f 842/842/836 840/840/834 843/843/837
f 841/841/835 844/844/628 829/829/823
f 843/843/837 845/845/838 842/842/836
f 845/845/838 841/841/835 842/842/836
f 845/845/838 843/843/837 846/846/839
f 847/847/840 844/844/628 841/841/835
f 841/841/835 845/845/838 847/847/840
f 847/847/840 848/848/841 844/844/628
f 846/846/839 849/849/842 845/845/838
f 849/849/842 847/847/840 845/845/838
f 850/850/843 848/848/841 847/847/840
f 847/847/840 849/849/842 850/850/843
f 851/851/844 848/848/841 850/850/843
f 848/848/841 851/851/844 852/852/845
f 853/853/846 850/850/843 849/849/842
f 850/850/843 853/853/846 851/851/844
f 849/849/842 846/846/839 854/854/847
f 855/855/848 854/854/847 846/846/839
f 849/849/842 856/856/849 853/853/846
f 856/856/849 849/849/842 854/854/847
f 854/854/847 855/855/848 857/857/850
f 855/855/848 858/858/851 857/857/850
f 854/854/847 859/859/852 856/856/849
f 859/859/852 854/854/847 857/857/850
f 860/860/853 853/853/846 856/856/849
f 861/861/854 856/856/849 859/859/852
f 856/856/849 861/861/854 860/860/853
f 857/857/850 862/862/855 859/859/852
f 862/862/855 857/857/850 858/858/851
f 859/859/852 863/863/856 861/861/854
f 863/863/856 859/859/852 862/862/855
f 853/853/846 860/860/853 864/864/857
f 864/864/857 851/851/844 853/853/846
f 861/861/854 865/865/858 860/860/853
f 851/851/844 864/864/857 866/866/859
f 866/866/859 852/852/845 851/851/844
f 852/852/845 866/866/859 867/867/640
f 866/866/859 868/868/860 867/867/640
f 869/869/861 868/868/860 866/866/859
f 864/864/857 869/869/861 866/866/859
f 869/869/861 870/870/862 868/868/860
f 860/860/853 871/871/863 864/864/857
f 869/869/861 864/864/857 871/871/863
f 871/871/863 860/860/853 865/865/858
f 872/872/864 870/870/862 869/869/861
f 871/871/863 872/872/864 869/869/861
f 872/872/864 873/873/865 870/870/862
f 874/874/866 873/873/865 872/872/864
f 872/872/864 871/871/863 875/875/867
f 875/875/867 874/874/866 872/872/864
f 865/865/858 875/875/867 871/871/863
f 874/874/866 875/875/867 876/876/868
f 875/875/867 865/865/858 877/877/869
f 877/877/869 876/876/868 875/875/867
f 878/878/870 877/877/869 865/865/858
f 865/865/858 861/861/854 878/878/870
f 863/863/856 878/878/870 861/861/854
f 876/876/868 877/877/869 879/879/871
f 879/879/871 880/880/872 876/876/868
f 880/880/872 879/879/871 881/881/873
f 882/882/874 879/879/871 877/877/869
f 877/877/869 878/878/870 882/882/874
f 883/883/875 881/881/873 879/879/871
f 879/879/871 882/882/874 883/883/875
f 881/881/873 883/883/875 884/884/876
f 885/885/877 884/884/876 883/883/875
f 883/883/875 886/886/878 885/885/877
f 886/886/878 883/883/875 882/882/874
f 887/887/879 885/885/877 886/886/878
f 888/888/880 882/882/874 878/878/870
f 882/882/874 888/888/880 886/886/878
f 878/878/870 863/863/856 888/888/880
f 886/886/878 889/889/881 887/887/879
f 889/889/881 886/886/878 888/888/880
f 890/890/882 887/887/879 889/889/881
f 891/891/883 888/888/880 863/863/856
f 888/888/880 891/891/883 889/889/881
f 862/862/855 891/891/883 863/863/856
f 889/889/881 892/892/884 890/890/882
f 892/892/884 889/889/881 891/891/883
f 893/893/885 890/890/882 892/892/884
f 891/891/883 862/862/855 894/894/886
f 894/894/886 892/892/884 891/891/883
f 858/858/851 894/894/886 862/862/855
f 895/895/887 893/893/885 892/892/884
f 892/892/884 894/894/886 895/895/887
f 893/893/885 895/895/887 896/896/888
f 894/894/886 858/858/851 897/897/889
f 897/897/889 895/895/887 894/894/886
f 858/858/851 898/898/890 897/897/889
f 899/899/891 896/896/888 895/895/887
f 895/895/887 897/897/889 899/899/891
f 898/898/890 899/899/891 897/897/889
f 896/896/888 899/899/891 900/900/892
f 899/899/891 898/898/890 901/901/893
f 901/901/893 900/900/892 899/899/891
f 902/902/894 903/903/895 904/904/896
f 904/904/896 905/905/897 902/902/894
f 903/903/895 902/902/894 906/906/898
f 907/907/899 904/904/896 903/903/895
f 902/902/894 908/908/900 906/906/898
f 906/906/898 909/909/901 903/903/895
f 908/908/900 902/902/894 910/910/902
f 905/905/897 910/910/902 902/902/894
f 911/911/903 906/906/898 908/908/900
f 903/903/895 912/912/904 907/907/899
f 912/912/904 903/903/895 909/909/901
f 909/909/901 906/906/898 913/913/905
f 906/906/898 911/911/903 913/913/905
f 909/909/901 914/914/906 912/912/904
f 913/913/905 915/915/907 909/909/901
f 914/914/906 909/909/901 915/915/907
f 916/916/908 907/907/899 912/912/904
f 917/917/909 912/912/904 914/914/906
f 912/912/904 917/917/909 916/916/908
f 915/915/907 918/918/910 914/914/906
f 914/914/906 919/919/911 917/917/909
f 919/919/911 914/914/906 918/918/910
f 919/919/911 920/920/912 917/917/909
f 920/920/912 916/916/908 917/917/909
f 918/918/910 921/921/913 919/919/911
f 907/907/899 916/916/908 922/922/914
f 918/918/910 915/915/907 923/923/915
f 922/922/914 924/924/916 907/907/899
f 904/904/896 907/907/899 924/924/916
f 916/916/908 925/925/917 922/922/914
f 924/924/916 926/926/918 904/904/896
f 924/924/916 922/922/914 927/927/919
f 925/925/917 927/927/919 922/922/914
f 927/927/919 928/928/920 924/924/916
f 926/926/918 924/924/916 928/928/920
f 905/905/897 904/904/896 926/926/918
f 928/928/920 927/927/919 929/929/921
f 926/926/918 930/930/922 905/905/897
f 928/928/920 931/931/923 926/926/918
f 930/930/922 926/926/918 931/931/923
f 931/931/923 928/928/920 932/932/924
f 929/929/921 932/932/924 928/928/920
f 931/931/923 933/933/925 930/930/922
f 934/934/926 929/929/921 927/927/919
f 927/927/919 925/925/917 934/934/926
f 935/935/927 905/905/897 930/930/922
f 933/933/925 935/935/927 930/930/922
f 905/905/897 935/935/927 936/936/928
f 936/936/928 910/910/902 905/905/897
f 937/937/929 936/936/928 935/935/927
f 936/936/928 938/938/930 910/910/902
f 936/936/928 937/937/929 939/939/931
f 939/939/931 938/938/930 936/936/928
f 940/940/932 939/939/931 937/937/929
f 941/941/933 910/910/902 938/938/930
f 910/910/902 941/941/933 908/908/900
f 942/942/934 938/938/930 939/939/931
f 939/939/931 940/940/932 942/942/934
f 938/938/930 943/943/935 941/941/933
f 944/944/936 908/908/900 941/941/933
f 938/938/930 942/942/934 945/945/937
f 943/943/935 938/938/930 945/945/937
f 908/908/900 944/944/936 911/911/903
f 941/941/933 946/946/938 944/944/936
f 946/946/938 941/941/933 943/943/935
f 947/947/939 911/911/903 944/944/936
f 901/901/893 944/944/936 946/946/938
f 944/944/936 901/901/893 947/947/939
f 943/943/935 900/900/892 946/946/938
f 900/900/892 901/901/893 946/946/938
f 911/911/903 947/947/939 948/948/940
f 948/948/940 913/913/905 911/911/903
f 898/898/890 947/947/939 901/901/893
f 913/913/905 948/948/940 949/949/941
f 915/915/907 913/913/905 949/949/941
f 949/949/941 923/923/915 915/915/907
f 950/950/942 948/948/940 947/947/939
f 947/947/939 898/898/890 950/950/942
f 951/951/943 949/949/941 948/948/940
f 948/948/940 950/950/942 951/951/943
f 923/923/915 949/949/941 952/952/944
f 949/949/941 951/951/943 952/952/944
f 952/952/944 953/953/945 923/923/915
f 954/954/946 951/951/943 950/950/942
f 955/955/947 952/952/944 951/951/943
f 951/951/943 954/954/946 955/955/947
f 952/952/944 955/955/947 956/956/948
f 953/953/945 952/952/944 956/956/948
f 957/957/949 923/923/915 953/953/945
f 923/923/915 957/957/949 918/918/910
f 921/921/913 918/918/910 957/957/949
f 950/950/942 958/958/950 954/954/946
f 958/958/950 950/950/942 898/898/890
f 855/855/848 954/954/946 958/958/950
f 898/898/890 858/858/851 958/958/950
f 858/858/851 855/855/848 958/958/950
f 959/959/951 955/955/947 954/954/946
f 954/954/946 855/855/848 959/959/951
f 955/955/947 959/959/951 960/960/952
f 960/960/952 956/956/948 955/955/947
f 846/846/839 959/959/951 855/855/848
f 843/843/837 960/960/952 959/959/951
f 959/959/951 846/846/839 843/843/837
f 960/960/952 843/843/837 840/840/834
f 956/956/948 960/960/952 961/961/953
f 840/840/834 961/961/953 960/960/952
f 962/962/954 956/956/948 961/961/953
f 956/956/948 962/962/954 953/953/945
f 961/961/953 840/840/834 839/839/833
f 963/963/955 953/953/945 962/962/954
f 953/953/945 963/963/955 957/957/949
f 961/961/953 964/964/956 962/962/954
f 964/964/956 961/961/953 839/839/833
f 962/962/954 965/965/957 963/963/955
f 965/965/957 962/962/954 964/964/956
f 966/966/958 957/957/949 963/963/955
f 965/965/957 966/966/958 963/963/955
f 957/957/949 966/966/958 921/921/913
f 830/830/824 964/964/956 839/839/833
f 831/831/825 965/965/957 964/964/956
f 964/964/956 830/830/824 831/831/825
f 966/966/958 965/965/957 967/967/959
f 968/968/960 921/921/913 966/966/958
f 967/967/959 968/968/960 966/966/958
f 969/969/961 967/967/959 965/965/957
f 965/965/957 831/831/825 969/969/961
f 967/967/959 969/969/961 836/836/830
f 831/831/825 832/832/826 969/969/961
f 832/832/826 836/836/830 969/969/961
f 836/836/830 970/970/962 967/967/959
f 968/968/960 967/967/959 970/970/962
f 970/970/962 836/836/830 837/837/831
f 921/921/913 968/968/960 971/971/963
f 972/972/964 921/921/913 971/971/963
f 921/921/913 972/972/964 919/919/911
f 920/920/912 919/919/911 972/972/964
f 971/971/963 973/973/965 972/972/964
f 973/973/965 920/920/912 972/972/964
f 968/968/960 974/974/966 971/971/963
f 973/973/965 971/971/963 974/974/966
f 970/970/962 975/975/967 968/968/960
f 974/974/966 968/968/960 975/975/967
f 975/975/967 970/970/962 976/976/968
f 837/837/831 976/976/968 970/970/962
f 977/977/969 974/974/966 975/975/967
f 976/976/968 977/977/969 975/975/967
f 978/978/970 973/973/965 974/974/966
f 974/974/966 977/977/969 978/978/970
f 977/977/969 976/976/968 979/979/971
f 342/342/342 978/978/970 977/977/969
f 979/979/971 342/342/342 977/977/969
f 980/980/972 979/979/971 976/976/968
f 976/976/968 837/837/831 980/980/972
f 973/973/965 978/978/970 350/350/350
f 979/979/971 980/980/972 981/981/973
f 835/835/829 980/980/972 837/837/831
f 342/342/342 979/979/971 982/982/974
f 981/981/973 982/982/974 979/979/971
f 978/978/970 342/342/342 343/343/343
f 343/343/343 350/350/350 978/978/970
f 983/983/975 981/981/973 980/980/972
f 980/980/972 835/835/829 983/983/975
f 835/835/829 984/984/976 983/983/975
f 983/983/975 984/984/976 985/985/977
f 835/835/829 833/833/827 984/984/976
f 983/983/975 985/985/977 986/986/978
f 981/981/973 983/983/975 986/986/978
f 986/986/978 985/985/977 987/987/979
f 986/986/978 988/988/980 981/981/973
f 982/982/974 981/981/973 988/988/980
f 986/986/978 987/987/979 989/989/981
f 988/988/980 986/986/978 989/989/981
f 989/989/981 987/987/979 990/990/982
f 989/989/981 990/990/982 991/991/983
f 988/988/980 989/989/981 992/992/984
f 992/992/984 989/989/981 991/991/983
f 982/982/974 988/988/980 993/993/985
f 993/993/985 988/988/980 992/992/984
f 337/337/337 982/982/974 993/993/985
f 342/342/342 982/982/974 337/337/337
f 992/992/984 991/991/983 994/994/986
f 994/994/986 991/991/983 995/995/987
f 996/996/988 994/994/986 995/995/987
f 997/997/989 992/992/984 994/994/986
f 992/992/984 997/997/989 993/993/985
f 994/994/986 996/996/988 998/998/990
f 998/998/990 997/997/989 994/994/986
f 999/999/991 998/998/990 996/996/988
f 998/998/990 999/999/991 1000/1000/117
f 1000/1000/117 1001/1001/992 998/998/990
f 997/997/989 998/998/990 1001/1001/992
f 335/335/335 1001/1001/992 1000/1000/117
f 338/338/338 993/993/985 997/997/989
f 1001/1001/992 338/338/338 997/997/989
f 993/993/985 338/338/338 337/337/337
f 335/335/335 334/334/334 1001/1001/992
f 338/338/338 1001/1001/992 334/334/334
f 1002/1002/993 1003/1003/994 1004/1004/995
f 1003/1003/994 1002/1002/993 1005/1005/996
f 1005/1005/996 1006/1006/997 1003/1003/994
f 1006/1006/997 1007/1007/998 1003/1003/994
f 1003/1003/994 1007/1007/998 1008/1008/999
f 1008/1008/999 1004/1004/995 1003/1003/994
f 1007/1007/998 1009/1009/1000 1008/1008/999
f 1010/1010/1001 1004/1004/995 1011/1011/1002
f 1004/1004/995 1008/1008/999 1011/1011/1002
f 1008/1008/999 1009/1009/1000 1012/1012/1003
f 1012/1012/1003 1011/1011/1002 1008/1008/999
f 1009/1009/1000 1013/1013/1004 1012/1012/1003
f 1014/1014/1005 1012/1012/1003 1013/1013/1004
f 1012/1012/1003 1014/1014/1005 1015/1015/1006
f 1016/1016/1007 1015/1015/1006 1014/1014/1005
f 1011/1011/1002 1012/1012/1003 1017/1017/1008
f 1015/1015/1006 1017/1017/1008 1012/1012/1003
f 1015/1015/1006 1016/1016/1007 1018/1018/1009
f 1019/1019/1010 1011/1011/1002 1017/1017/1008
f 1010/1010/1001 1011/1011/1002 1019/1019/1010
f 1017/1017/1008 1015/1015/1006 1020/1020/1011
f 1018/1018/1009 1020/1020/1011 1015/1015/1006
f 1021/1021/1012 1018/1018/1009 1016/1016/1007
f 1022/1022/1013 1017/1017/1008 1020/1020/1011
f 1019/1019/1010 1017/1017/1008 1022/1022/1013
f 1023/1023/1014 1010/1010/1001 1019/1019/1010
f 1024/1024/1015 1010/1010/1001 1023/1023/1014
f 1025/1025/1016 1024/1024/1015 1023/1023/1014
f 1023/1023/1014 1019/1019/1010 1026/1026/1017
f 1026/1026/1017 1019/1019/1010 1022/1022/1013
f 1025/1025/1016 1023/1023/1014 1027/1027/1018
f 1027/1027/1018 1023/1023/1014 1026/1026/1017
f 1028/1028/1019 1025/1025/1016 1027/1027/1018
f 1029/1029/1020 1025/1025/1016 1028/1028/1019
f 1027/1027/1018 1026/1026/1017 1030/1030/1021
f 1026/1026/1017 1022/1022/1013 1031/1031/1022
f 1030/1030/1021 1026/1026/1017 1031/1031/1022
f 1031/1031/1022 1022/1022/1013 1032/1032/1023
f 1022/1022/1013 1020/1020/1011 1032/1032/1023
f 1028/1028/1019 1027/1027/1018 1033/1033/1024
f 1033/1033/1024 1027/1027/1018 1030/1030/1021
f 1032/1032/1023 1020/1020/1011 1034/1034/1025
f 1020/1020/1011 1018/1018/1009 1034/1034/1025
f 1035/1035/1026 1034/1034/1025 1018/1018/1009
f 1018/1018/1009 1021/1021/1012 1035/1035/1026
f 1021/1021/1012 1036/1036/1027 1035/1035/1026
f 1021/1021/1012 1037/1037/1028 1036/1036/1027
f 1034/1034/1025 1035/1035/1026 1038/1038/1029
f 1036/1036/1027 1038/1038/1029 1035/1035/1026
f 1032/1032/1023 1034/1034/1025 1039/1039/1030
f 1039/1039/1030 1034/1034/1025 1038/1038/1029
f 1037/1037/1028 1040/1040/1031 1036/1036/1027
f 1041/1041/1032 1032/1032/1023 1039/1039/1030
f 1037/1037/1028 1042/1042/1033 1040/1040/1031
f 1031/1031/1022 1032/1032/1023 1041/1041/1032
f 1038/1038/1029 1036/1036/1027 1043/1043/1034
f 1040/1040/1031 1043/1043/1034 1036/1036/1027
f 1039/1039/1030 1038/1038/1029 1044/1044/1035
f 1044/1044/1035 1038/1038/1029 1043/1043/1034
f 1041/1041/1032 1039/1039/1030 1045/1045/1036
f 1045/1045/1036 1039/1039/1030 1044/1044/1035
f 1046/1046/1037 1031/1031/1022 1041/1041/1032
f 1030/1030/1021 1031/1031/1022 1046/1046/1037
f 1046/1046/1037 1041/1041/1032 1047/1047/1038
f 1047/1047/1038 1041/1041/1032 1045/1045/1036
f 1048/1048/1039 1030/1030/1021 1046/1046/1037
f 1033/1033/1024 1030/1030/1021 1048/1048/1039
f 1045/1045/1036 1044/1044/1035 1049/1049/1040
f 1048/1048/1039 1046/1046/1037 1050/1050/1041
f 1050/1050/1041 1046/1046/1037 1047/1047/1038
f 1047/1047/1038 1045/1045/1036 1051/1051/1042
f 1052/1052/1043 1045/1045/1036 1049/1049/1040
f 1045/1045/1036 1052/1052/1043 1051/1051/1042
f 1053/1053/1044 1047/1047/1038 1051/1051/1042
f 1053/1053/1044 1051/1051/1042 1052/1052/1043
f 1050/1050/1041 1047/1047/1038 1054/1054/1045
f 1047/1047/1038 1053/1053/1044 1054/1054/1045
f 1052/1052/1043 1049/1049/1040 1055/1055/1046
f 1044/1044/1035 1055/1055/1046 1049/1049/1040
f 1055/1055/1046 1044/1044/1035 1056/1056/1047
f 1044/1044/1035 1043/1043/1034 1056/1056/1047
f 1056/1056/1047 1057/1057/1048 1055/1055/1046
f 1052/1052/1043 1055/1055/1046 1058/1058/1049
f 1058/1058/1049 1055/1055/1046 1057/1057/1048
f 1053/1053/1044 1052/1052/1043 1059/1059/1050
f 1059/1059/1050 1052/1052/1043 1058/1058/1049
f 1056/1056/1047 1043/1043/1034 1060/1060/1051
f 1043/1043/1034 1040/1040/1031 1060/1060/1051
f 1056/1056/1047 1060/1060/1051 1061/1061/1052
f 1057/1057/1048 1056/1056/1047 1061/1061/1052
f 1062/1062/1053 1060/1060/1051 1040/1040/1031
f 1040/1040/1031 1042/1042/1033 1062/1062/1053
f 1042/1042/1033 1063/1063/1054 1062/1062/1053
f 1060/1060/1051 1062/1062/1053 1064/1064/1055
f 1061/1061/1052 1060/1060/1051 1064/1064/1055
f 1063/1063/1054 1065/1065/1056 1062/1062/1053
f 1065/1065/1056 1064/1064/1055 1062/1062/1053
f 1063/1063/1054 548/548/544 1065/1065/1056
f 548/548/544 547/547/543 1065/1065/1056
f 547/547/543 1066/1066/1057 1065/1065/1056
f 1064/1064/1055 1065/1065/1056 1066/1066/1057
f 1066/1066/1057 547/547/543 537/537/533
f 539/539/535 1066/1066/1057 537/537/533
f 1067/1067/1058 1064/1064/1055 1066/1066/1057
f 1067/1067/1058 1066/1066/1057 539/539/535
f 1061/1061/1052 1064/1064/1055 1067/1067/1058
f 816/816/810 817/817/811 1068/1068/1059
f 1068/1068/1059 821/821/815 816/816/810
f 817/817/811 1069/1069/1060 1068/1068/1059
f 1068/1068/1059 1069/1069/1060 1070/1070/1061
f 1069/1069/1060 1071/1071/1062 1070/1070/1061
f 821/821/815 1068/1068/1059 1072/1072/1063
f 1070/1070/1061 1072/1072/1063 1068/1068/1059
f 820/820/814 821/821/815 1073/1073/1064
f 1073/1073/1064 821/821/815 1072/1072/1063
f 1070/1070/1061 1071/1071/1062 1005/1005/996
f 1074/1074/1065 820/820/814 1073/1073/1064
f 1074/1074/1065 819/819/813 820/820/814
f 1071/1071/1062 1006/1006/997 1005/1005/996
f 819/819/813 1074/1074/1065 1075/1075/1066
f 1072/1072/1063 1070/1070/1061 1076/1076/1067
f 1005/1005/996 1076/1076/1067 1070/1070/1061
f 1077/1077/1068 1072/1072/1063 1076/1076/1067
f 1073/1073/1064 1072/1072/1063 1077/1077/1068
f 1076/1076/1067 1005/1005/996 1002/1002/993
f 1074/1074/1065 1073/1073/1064 1078/1078/1069
f 1078/1078/1069 1073/1073/1064 1077/1077/1068
f 1077/1077/1068 1076/1076/1067 1079/1079/1070
f 1079/1079/1070 1076/1076/1067 1002/1002/993
f 1078/1078/1069 1077/1077/1068 1080/1080/1071
f 1080/1080/1071 1077/1077/1068 1079/1079/1070
f 1074/1074/1065 1078/1078/1069 1081/1081/1072
f 1081/1081/1072 1075/1075/1066 1074/1074/1065
f 1082/1082/1073 1078/1078/1069 1080/1080/1071
f 1081/1081/1072 1078/1078/1069 1082/1082/1073
f 1080/1080/1071 1079/1079/1070 1083/1083/1074
f 1075/1075/1066 1081/1081/1072 1084/1084/1075
f 1082/1082/1073 1080/1080/1071 1085/1085/1076
f 1085/1085/1076 1080/1080/1071 1083/1083/1074
f 1086/1086/1077 1081/1081/1072 1082/1082/1073
f 1086/1086/1077 1084/1084/1075 1081/1081/1072
f 1083/1083/1074 1079/1079/1070 1087/1087/1078
f 1079/1079/1070 1002/1002/993 1087/1087/1078
f 1085/1085/1076 1083/1083/1074 1088/1088/1079
f 1083/1083/1074 1087/1087/1078 1024/1024/1015
f 1088/1088/1079 1083/1083/1074 1024/1024/1015
f 1029/1029/1020 1085/1085/1076 1088/1088/1079
f 1088/1088/1079 1024/1024/1015 1025/1025/1016
f 1029/1029/1020 1088/1088/1079 1025/1025/1016
f 1024/1024/1015 1087/1087/1078 1010/1010/1001
f 1087/1087/1078 1002/1002/993 1004/1004/995
f 1087/1087/1078 1004/1004/995 1010/1010/1001
f 1061/1061/1052 1067/1067/1058 1057/1057/1048
f 538/538/534 1067/1067/1058 539/539/535
f 1057/1057/1048 1067/1067/1058 538/538/534
f 1089/1089/1080 1057/1057/1048 538/538/534
f 1058/1058/1049 1057/1057/1048 1089/1089/1080
f 1089/1089/1080 538/538/534 1090/1090/1081
f 538/538/534 524/524/520 1090/1090/1081
f 1091/1091/1082 1090/1090/1081 524/524/520
f 1092/1092/1083 1090/1090/1081 1091/1091/1082
f 1089/1089/1080 1090/1090/1081 1092/1092/1083
f 1093/1093/1084 1089/1089/1080 1092/1092/1083
f 1093/1093/1084 1058/1058/1049 1089/1089/1080
f 1059/1059/1050 1058/1058/1049 1093/1093/1084
f 1094/1094/1085 1059/1059/1050 1093/1093/1084
f 1094/1094/1085 1093/1093/1084 1095/1095/1086
f 1096/1096/1087 1094/1094/1085 1095/1095/1086
f 1097/1097/1088 1059/1059/1050 1094/1094/1085
f 1098/1098/1089 1094/1094/1085 1096/1096/1087
f 1098/1098/1089 1097/1097/1088 1094/1094/1085
f 1097/1097/1088 1053/1053/1044 1059/1059/1050
f 1099/1099/1090 1098/1098/1089 1096/1096/1087
f 1100/1100/1091 1053/1053/1044 1097/1097/1088
f 1100/1100/1091 1054/1054/1045 1053/1053/1044
f 1101/1101/1092 1097/1097/1088 1098/1098/1089
f 1101/1101/1092 1100/1100/1091 1097/1097/1088
f 1099/1099/1090 1101/1101/1092 1098/1098/1089
f 1102/1102/1093 1054/1054/1045 1100/1100/1091
f 1102/1102/1093 1050/1050/1041 1054/1054/1045
f 1103/1103/1094 1100/1100/1091 1101/1101/1092
f 1103/1103/1094 1102/1102/1093 1100/1100/1091
f 1101/1101/1092 1099/1099/1090 1104/1104/1095
f 1104/1104/1095 1103/1103/1094 1101/1101/1092
f 1104/1104/1095 1099/1099/1090 1105/1105/1096
f 1105/1105/1096 1099/1099/1090 1106/1106/1097
f 1107/1107/1098 1050/1050/1041 1102/1102/1093
f 1048/1048/1039 1050/1050/1041 1107/1107/1098
f 1108/1108/1099 1102/1102/1093 1103/1103/1094
f 1108/1108/1099 1107/1107/1098 1102/1102/1093
f 1103/1103/1094 1104/1104/1095 1109/1109/1100
f 1109/1109/1100 1108/1108/1099 1103/1103/1094
f 1110/1110/1101 1104/1104/1095 1105/1105/1096
f 1109/1109/1100 1104/1104/1095 1110/1110/1101
f 1111/1111/1102 1048/1048/1039 1107/1107/1098
f 1033/1033/1024 1048/1048/1039 1111/1111/1102
f 1112/1112/1103 1107/1107/1098 1108/1108/1099
f 1112/1112/1103 1111/1111/1102 1107/1107/1098
f 1108/1108/1099 1109/1109/1100 1113/1113/1104
f 1113/1113/1104 1112/1112/1103 1108/1108/1099
f 1114/1114/1105 1109/1109/1100 1110/1110/1101
f 1113/1113/1104 1109/1109/1100 1114/1114/1105
f 1115/1115/1106 1033/1033/1024 1111/1111/1102
f 1115/1115/1106 1028/1028/1019 1033/1033/1024
f 1116/1116/1107 1111/1111/1102 1112/1112/1103
f 1116/1116/1107 1115/1115/1106 1111/1111/1102
f 1112/1112/1103 1113/1113/1104 1117/1117/1108
f 1117/1117/1108 1116/1116/1107 1112/1112/1103
f 1118/1118/1109 1113/1113/1104 1114/1114/1105
f 1117/1117/1108 1113/1113/1104 1118/1118/1109
f 1119/1119/1110 1028/1028/1019 1115/1115/1106
f 1119/1119/1110 1029/1029/1020 1028/1028/1019
f 1120/1120/1111 1115/1115/1106 1116/1116/1107
f 1120/1120/1111 1119/1119/1110 1115/1115/1106
f 1116/1116/1107 1117/1117/1108 1121/1121/1112
f 1121/1121/1112 1120/1120/1111 1116/1116/1107
f 1122/1122/1113 1117/1117/1108 1118/1118/1109
f 1121/1121/1112 1117/1117/1108 1122/1122/1113
f 1123/1123/1114 1122/1122/1113 1118/1118/1109
f 1120/1120/1111 1121/1121/1112 1124/1124/1115
f 1125/1125/1116 1121/1121/1112 1122/1122/1113
f 1124/1124/1115 1121/1121/1112 1125/1125/1116
f 1126/1126/1117 1125/1125/1116 1122/1122/1113
f 1122/1122/1113 1123/1123/1114 1126/1126/1117
f 1127/1127/1118 1128/1128/1119 1129/1129/1120
f 1129/1129/1120 1130/1130/1121 1127/1127/1118
f 1131/1131/1122 1128/1128/1119 1127/1127/1118
f 1130/1130/1121 1131/1131/1122 1127/1127/1118
f 1128/1128/1119 1131/1131/1122 1132/1132/1123
f 1130/1130/1121 1133/1133/1124 1134/1134/1125
f 1135/1135/1126 1134/1134/1125 1133/1133/1124
f 1131/1131/1122 1130/1130/1121 1136/1136/1127
f 1134/1134/1125 1136/1136/1127 1130/1130/1121
f 1137/1137/1128 1132/1132/1123 1131/1131/1122
f 1132/1132/1123 1137/1137/1128 1138/1138/1129
f 1139/1139/1130 1131/1131/1122 1136/1136/1127
f 1131/1131/1122 1139/1139/1130 1137/1137/1128
f 1136/1136/1127 1134/1134/1125 1140/1140/1131
f 1139/1139/1130 1136/1136/1127 1140/1140/1131
f 1134/1134/1125 1135/1135/1126 1141/1141/1132
f 1141/1141/1132 1140/1140/1131 1134/1134/1125
f 1142/1142/1133 1141/1141/1132 1135/1135/1126
f 1141/1141/1132 1142/1142/1133 1143/1143/1134
f 1143/1143/1134 1144/1144/1135 1141/1141/1132
f 1140/1140/1131 1141/1141/1132 1144/1144/1135
f 1144/1144/1135 1143/1143/1134 1145/1145/1136
f 1139/1139/1130 1140/1140/1131 1146/1146/1137
f 1146/1146/1137 1140/1140/1131 1144/1144/1135
f 1147/1147/1138 1144/1144/1135 1145/1145/1136
f 1146/1146/1137 1144/1144/1135 1147/1147/1138
f 1147/1147/1138 1145/1145/1136 1148/1148/1139
f 1149/1149/1140 1139/1139/1130 1146/1146/1137
f 1149/1149/1140 1146/1146/1137 1147/1147/1138
f 1150/1150/1141 1147/1147/1138 1148/1148/1139
f 1149/1149/1140 1147/1147/1138 1150/1150/1141
f 1150/1150/1141 1148/1148/1139 1151/1151/1142
f 1148/1148/1139 1152/1152/1143 1151/1151/1142
f 1153/1153/1144 1149/1149/1140 1150/1150/1141
f 1139/1139/1130 1149/1149/1140 1154/1154/1145
f 1154/1154/1145 1137/1137/1128 1139/1139/1130
f 1149/1149/1140 1155/1155/1146 1154/1154/1145
f 1155/1155/1146 1149/1149/1140 1153/1153/1144
f 1137/1137/1128 1154/1154/1145 1156/1156/1147
f 1155/1155/1146 1156/1156/1147 1154/1154/1145
f 1156/1156/1147 1138/1138/1129 1137/1137/1128
f 1138/1138/1129 1156/1156/1147 1157/1157/1148
f 1158/1158/1149 1157/1157/1148 1156/1156/1147
f 1156/1156/1147 1155/1155/1146 1158/1158/1149
f 1157/1157/1148 1158/1158/1149 1159/1159/1150
f 1160/1160/1151 1158/1158/1149 1155/1155/1146
f 1160/1160/1151 1155/1155/1146 1153/1153/1144
f 1161/1161/1152 1159/1159/1150 1158/1158/1149
f 1158/1158/1149 1160/1160/1151 1161/1161/1152
f 1159/1159/1150 1161/1161/1152 1162/1162/1153
f 1163/1163/1154 1162/1162/1153 1161/1161/1152
f 1162/1162/1153 1163/1163/1154 1164/1164/1155
f 1165/1165/1156 1161/1161/1152 1160/1160/1151
f 1161/1161/1152 1165/1165/1156 1163/1163/1154
f 1166/1166/1157 1164/1164/1155 1163/1163/1154
f 1163/1163/1154 1165/1165/1156 1166/1166/1157
f 1164/1164/1155 1166/1166/1157 1167/1167/1158
f 1165/1165/1156 1160/1160/1151 1168/1168/1159
f 1160/1160/1151 1153/1153/1144 1168/1168/1159
f 1169/1169/1160 1167/1167/1158 1166/1166/1157
f 1167/1167/1158 1169/1169/1160 1170/1170/1161
f 1166/1166/1157 1165/1165/1156 1171/1171/1162
f 1166/1166/1157 1171/1171/1162 1169/1169/1160
f 1165/1165/1156 1168/1168/1159 1172/1172/1163
f 1171/1171/1162 1165/1165/1156 1172/1172/1163
f 1168/1168/1159 1173/1173/1164 1172/1172/1163
f 1171/1171/1162 1172/1172/1163 1174/1174/1165
f 1173/1173/1164 1174/1174/1165 1172/1172/1163
f 1169/1169/1160 1171/1171/1162 1175/1175/1166
f 1174/1174/1165 1175/1175/1166 1171/1171/1162
f 1176/1176/1167 1170/1170/1161 1169/1169/1160
f 1169/1169/1160 1175/1175/1166 1176/1176/1167
f 1170/1170/1161 1176/1176/1167 1177/1177/1168
f 781/781/775 1177/1177/1168 1176/1176/1167
f 1177/1177/1168 781/781/775 1178/1178/1169
f 1176/1176/1167 1175/1175/1166 1179/1179/1170
f 1176/1176/1167 1179/1179/1170 781/781/775
f 1175/1175/1166 1174/1174/1165 1180/1180/1171
f 1180/1180/1171 1179/1179/1170 1175/1175/1166
f 781/781/775 784/784/778 1178/1178/1169
f 1180/1180/1171 1174/1174/1165 1181/1181/1172
f 1174/1174/1165 1173/1173/1164 1181/1181/1172
f 1179/1179/1170 1180/1180/1171 1182/1182/1173
f 781/781/775 1179/1179/1170 779/779/773
f 779/779/773 1179/1179/1170 1182/1182/1173
f 1182/1182/1173 1180/1180/1171 1183/1183/1174
f 1180/1180/1171 1181/1181/1172 1183/1183/1174
f 779/779/773 1182/1182/1173 778/778/772
f 1182/1182/1173 1183/1183/1174 1184/1184/1175
f 1184/1184/1175 778/778/772 1182/1182/1173
f 1183/1183/1174 1181/1181/1172 1185/1185/1176
f 1184/1184/1175 1183/1183/1174 1186/1186/1177
f 1183/1183/1174 1185/1185/1176 1186/1186/1177
f 1181/1181/1172 1187/1187/1178 1185/1185/1176
f 1181/1181/1172 1173/1173/1164 1187/1187/1178
f 1186/1186/1177 1185/1185/1176 1188/1188/1179
f 1185/1185/1176 1187/1187/1178 1189/1189/1180
f 1185/1185/1176 1189/1189/1180 1188/1188/1179
f 1173/1173/1164 1190/1190/1181 1187/1187/1178
f 1187/1187/1178 1191/1191/1182 1189/1189/1180
f 1187/1187/1178 1190/1190/1181 1191/1191/1182
f 1173/1173/1164 1192/1192/1183 1190/1190/1181
f 1173/1173/1164 1168/1168/1159 1192/1192/1183
f 1153/1153/1144 1192/1192/1183 1168/1168/1159
f 1192/1192/1183 1153/1153/1144 1193/1193/1184
f 1153/1153/1144 1150/1150/1141 1193/1193/1184
f 1193/1193/1184 1150/1150/1141 1151/1151/1142
f 1192/1192/1183 1193/1193/1184 1194/1194/1185
f 1193/1193/1184 1151/1151/1142 1194/1194/1185
f 1192/1192/1183 1194/1194/1185 1190/1190/1181
f 1194/1194/1185 1151/1151/1142 1152/1152/1143
f 1190/1190/1181 1194/1194/1185 1195/1195/1186
f 1194/1194/1185 1152/1152/1143 1195/1195/1186
f 1190/1190/1181 1195/1195/1186 1191/1191/1182
f 1195/1195/1186 1152/1152/1143 1196/1196/1187
f 1195/1195/1186 1196/1196/1187 1197/1197/1188
f 1191/1191/1182 1195/1195/1186 1197/1197/1188
f 1197/1197/1188 1196/1196/1187 1198/1198/1189
f 1191/1191/1182 1197/1197/1188 1199/1199/1190
f 1189/1189/1180 1191/1191/1182 1199/1199/1190
f 1197/1197/1188 1198/1198/1189 1200/1200/1191
f 1200/1200/1191 1198/1198/1189 1201/1201/1192
f 1197/1197/1188 1202/1202/1193 1199/1199/1190
f 1202/1202/1193 1197/1197/1188 1200/1200/1191
f 1189/1189/1180 1199/1199/1190 1203/1203/1194
f 1203/1203/1194 1199/1199/1190 1202/1202/1193
f 1188/1188/1179 1189/1189/1180 1203/1203/1194
f 1200/1200/1191 1201/1201/1192 1204/1204/1195
f 1202/1202/1193 1200/1200/1191 1204/1204/1195
f 1201/1201/1192 1205/1205/1196 1204/1204/1195
f 1202/1202/1193 1204/1204/1195 1206/1206/1197
f 1206/1206/1197 1204/1204/1195 1205/1205/1196
f 1203/1203/1194 1202/1202/1193 1207/1207/1198
f 1207/1207/1198 1202/1202/1193 1206/1206/1197
f 1188/1188/1179 1203/1203/1194 1208/1208/1199
f 1208/1208/1199 1203/1203/1194 1207/1207/1198
f 1209/1209/1200 1188/1188/1179 1208/1208/1199
f 1186/1186/1177 1188/1188/1179 1209/1209/1200
f 1208/1208/1199 1207/1207/1198 1210/1210/1201
f 1211/1211/1202 1186/1186/1177 1209/1209/1200
f 1184/1184/1175 1186/1186/1177 1211/1211/1202
f 1209/1209/1200 1208/1208/1199 1212/1212/1203
f 1212/1212/1203 1208/1208/1199 1210/1210/1201
f 1211/1211/1202 1209/1209/1200 1213/1213/1204
f 1213/1213/1204 1209/1209/1200 1212/1212/1203
f 1214/1214/1205 1184/1184/1175 1211/1211/1202
f 778/778/772 1184/1184/1175 1214/1214/1205
f 1215/1215/1206 1211/1211/1202 1213/1213/1204
f 1214/1214/1205 1211/1211/1202 1215/1215/1206
f 1213/1213/1204 1212/1212/1203 1216/1216/1207
f 774/774/769 778/778/772 1214/1214/1205
f 1215/1215/1206 1213/1213/1204 1217/1217/1208
f 1217/1217/1208 1213/1213/1204 1216/1216/1207
f 771/771/766 1214/1214/1205 1215/1215/1206
f 1214/1214/1205 771/771/766 774/774/769
f 752/752/747 1215/1215/1206 1217/1217/1208
f 1215/1215/1206 752/752/747 771/771/766
f 1216/1216/1207 1212/1212/1203 1218/1218/1209
f 1212/1212/1203 1210/1210/1201 1218/1218/1209
f 705/705/700 1219/1219/1210 1220/1220/1211
f 1219/1219/1210 705/705/700 702/702/697
f 702/702/697 706/706/701 1219/1219/1210
f 1221/1221/1212 1220/1220/1211 1219/1219/1210
f 1222/1222/1213 1223/1223/1214 1220/1220/1211
f 1220/1220/1211 1221/1221/1212 1222/1222/1213
f 1224/1224/1215 1225/1225/1216 1223/1223/1214
f 1224/1224/1215 1223/1223/1214 1222/1222/1213
f 1226/1226/1217 1219/1219/1210 706/706/701
f 1219/1219/1210 1226/1226/1217 1221/1221/1212
f 1226/1226/1217 706/706/701 1227/1227/1218
f 1228/1228/1219 1222/1222/1213 1221/1221/1212
f 1229/1229/1220 1221/1221/1212 1226/1226/1217
f 1221/1221/1212 1229/1229/1220 1228/1228/1219
f 1229/1229/1220 1226/1226/1217 1230/1230/1221
f 1226/1226/1217 1227/1227/1218 1230/1230/1221
f 1231/1231/1222 1228/1228/1219 1229/1229/1220
f 1222/1222/1213 1228/1228/1219 1232/1232/1223
f 1232/1232/1223 1224/1224/1215 1222/1222/1213
f 1233/1233/1224 1232/1232/1223 1228/1228/1219
f 1228/1228/1219 1231/1231/1222 1233/1233/1224
f 1234/1234/1225 1224/1224/1215 1232/1232/1223
f 1232/1232/1223 1233/1233/1224 1234/1234/1225
f 1224/1224/1215 1234/1234/1225 1235/1235/1226
f 1235/1235/1226 1225/1225/1216 1224/1224/1215
f 1225/1225/1216 1235/1235/1226 1236/1236/1227
f 1236/1236/1227 1237/1237/1228 1225/1225/1216
f 1237/1237/1228 1236/1236/1227 1238/1238/1229
f 1238/1238/1229 1236/1236/1227 1239/1239/1230
f 1236/1236/1227 1235/1235/1226 1239/1239/1230
f 1240/1240/1231 1238/1238/1229 1239/1239/1230
f 1235/1235/1226 1234/1234/1225 1241/1241/1232
f 1239/1239/1230 1235/1235/1226 1241/1241/1232
f 1239/1239/1230 1242/1242/1233 1240/1240/1231
f 1242/1242/1233 1239/1239/1230 1241/1241/1232
f 1243/1243/1234 1240/1240/1231 1242/1242/1233
f 1241/1241/1232 1234/1234/1225 1244/1244/1235
f 1234/1234/1225 1233/1233/1224 1244/1244/1235
f 1241/1241/1232 1245/1245/1236 1242/1242/1233
f 1245/1245/1236 1241/1241/1232 1244/1244/1235
f 1242/1242/1233 1246/1246/1237 1243/1243/1234
f 1246/1246/1237 1242/1242/1233 1245/1245/1236
f 1247/1247/1238 1243/1243/1234 1246/1246/1237
f 1243/1243/1234 1247/1247/1238 1248/1248/1239
f 1249/1249/1240 1248/1248/1239 1247/1247/1238
f 1244/1244/1235 1233/1233/1224 1250/1250/1241
f 1244/1244/1235 1251/1251/1242 1245/1245/1236
f 1251/1251/1242 1244/1244/1235 1250/1250/1241
f 1233/1233/1224 1231/1231/1222 1250/1250/1241
f 1252/1252/1243 1245/1245/1236 1251/1251/1242
f 1245/1245/1236 1252/1252/1243 1246/1246/1237
f 1250/1250/1241 1253/1253/1244 1251/1251/1242
f 1253/1253/1244 1252/1252/1243 1251/1251/1242
f 1250/1250/1241 1231/1231/1222 1254/1254/1245
f 1253/1253/1244 1250/1250/1241 1254/1254/1245
f 1255/1255/1246 1246/1246/1237 1252/1252/1243
f 1246/1246/1237 1255/1255/1246 1247/1247/1238
f 1252/1252/1243 1253/1253/1244 1256/1256/1247
f 1256/1256/1247 1255/1255/1246 1252/1252/1243
f 1254/1254/1245 1257/1257/1248 1253/1253/1244
f 1257/1257/1248 1256/1256/1247 1253/1253/1244
f 1258/1258/1249 1247/1247/1238 1255/1255/1246
f 1247/1247/1238 1258/1258/1249 1249/1249/1240
f 1259/1259/1250 1260/1260/1251 1261/1261/1252
f 1259/1259/1250 1261/1261/1252 1262/1262/1253
f 1263/1263/1254 1259/1259/1250 1262/1262/1253
f 1261/1261/1252 1260/1260/1251 1264/1264/1255
f 1265/1265/1256 1259/1259/1250 1263/1263/1254
f 1263/1263/1254 1266/1266/1257 1265/1265/1256
f 1267/1267/1258 1265/1265/1256 1266/1266/1257
f 1259/1259/1250 1265/1265/1256 1268/1268/1259
f 1268/1268/1259 1260/1260/1251 1259/1259/1250
f 1265/1265/1256 1267/1267/1258 1269/1269/1260
f 1269/1269/1260 1268/1268/1259 1265/1265/1256
f 1270/1270/1261 1269/1269/1260 1267/1267/1258
f 1269/1269/1260 1270/1270/1261 1271/1271/1262
f 1271/1271/1262 1272/1272/1263 1269/1269/1260
f 1268/1268/1259 1269/1269/1260 1272/1272/1263
f 1272/1272/1263 1271/1271/1262 1273/1273/1264
f 1260/1260/1251 1268/1268/1259 1274/1274/1265
f 1272/1272/1263 1274/1274/1265 1268/1268/1259
f 1273/1273/1264 1275/1275/1266 1272/1272/1263
f 1274/1274/1265 1272/1272/1263 1275/1275/1266
f 1275/1275/1266 1273/1273/1264 1276/1276/1267
f 1276/1276/1267 1277/1277/1268 1275/1275/1266
f 1278/1278/1269 1275/1275/1266 1277/1277/1268
f 1275/1275/1266 1278/1278/1269 1274/1274/1265
f 1277/1277/1268 1279/1279/1270 1278/1278/1269
f 1280/1280/1271 1278/1278/1269 1279/1279/1270
f 1281/1281/1272 1274/1274/1265 1278/1278/1269
f 1278/1278/1269 1280/1280/1271 1281/1281/1272
f 1274/1274/1265 1281/1281/1272 1260/1260/1251
f 1281/1281/1272 1280/1280/1271 1282/1282/1273
f 1260/1260/1251 1281/1281/1272 1264/1264/1255
f 1264/1264/1255 1281/1281/1272 1282/1282/1273
f 1283/1283/1274 1284/1284/1275 1285/1285/1276
f 1286/1286/1277 1287/1287/1278 1288/1288/1279
f 1289/1289/1280 1288/1288/1279 1287/1287/1278
f 1288/1288/1279 1289/1289/1280 1290/1290/1281
f 1286/1286/1277 1291/1291/1282 1283/1283/1274
f 1284/1284/1275 1283/1283/1274 1291/1291/1282
f 1288/1288/1279 1292/1292/1283 1286/1286/1277
f 1291/1291/1282 1286/1286/1277 1292/1292/1283
f 1290/1290/1281 1293/1293/1284 1288/1288/1279
f 1292/1292/1283 1288/1288/1279 1293/1293/1284
f 1293/1293/1284 1290/1290/1281 1294/1294/1285
f 1294/1294/1285 1295/1295/1286 1293/1293/1284
f 1295/1295/1286 1294/1294/1285 1296/1296/1287
f 1293/1293/1284 1297/1297/1288 1292/1292/1283
f 1297/1297/1288 1293/1293/1284 1295/1295/1286
f 1292/1292/1283 1298/1298/1289 1291/1291/1282
f 1298/1298/1289 1292/1292/1283 1297/1297/1288
f 1299/1299/1290 1291/1291/1282 1298/1298/1289
f 1291/1291/1282 1299/1299/1290 1284/1284/1275
f 1296/1296/1287 1300/1300/1291 1295/1295/1286
f 1300/1300/1291 1296/1296/1287 1301/1301/1292
f 1295/1295/1286 1302/1302/1293 1297/1297/1288
f 1302/1302/1293 1295/1295/1286 1300/1300/1291
f 1297/1297/1288 1303/1303/1294 1298/1298/1289
f 1303/1303/1294 1297/1297/1288 1302/1302/1293
f 1298/1298/1289 1304/1304/1295 1299/1299/1290
f 1304/1304/1295 1298/1298/1289 1303/1303/1294
f 1301/1301/1292 1305/1305/1296 1300/1300/1291
f 1305/1305/1296 1301/1301/1292 1306/1306/1297
f 1300/1300/1291 1307/1307/1298 1302/1302/1293
f 1307/1307/1298 1300/1300/1291 1305/1305/1296
f 1302/1302/1293 1308/1308/1299 1303/1303/1294
f 1308/1308/1299 1302/1302/1293 1307/1307/1298
f 1303/1303/1294 1309/1309/1300 1304/1304/1295
f 1309/1309/1300 1303/1303/1294 1308/1308/1299
f 1306/1306/1297 1310/1310/1301 1305/1305/1296
f 1310/1310/1301 1306/1306/1297 1311/1311/1302
f 1305/1305/1296 1312/1312/1303 1307/1307/1298
f 1312/1312/1303 1305/1305/1296 1310/1310/1301
f 1307/1307/1298 1313/1313/1304 1308/1308/1299
f 1313/1313/1304 1307/1307/1298 1312/1312/1303
f 1308/1308/1299 1314/1314/1305 1309/1309/1300
f 1314/1314/1305 1308/1308/1299 1313/1313/1304
f 1310/1310/1301 1315/1315/1306 1312/1312/1303
f 1316/1316/1307 1309/1309/1300 1314/1314/1305
f 1311/1311/1302 1317/1317/1308 1310/1310/1301
f 1315/1315/1306 1310/1310/1301 1317/1317/1308
f 1317/1317/1308 1311/1311/1302 1318/1318/1309
f 1311/1311/1302 1319/1319/1310 1318/1318/1309
f 1318/1318/1309 1320/1320/1311 1317/1317/1308
f 1320/1320/1311 1315/1315/1306 1317/1317/1308
f 1319/1319/1310 1321/1321/1312 1318/1318/1309
f 1320/1320/1311 1318/1318/1309 1321/1321/1312
f 1321/1321/1312 1319/1319/1310 1322/1322/1313
f 1322/1322/1313 1323/1323/1314 1321/1321/1312
f 1324/1324/1315 1321/1321/1312 1323/1323/1314
f 1321/1321/1312 1324/1324/1315 1320/1320/1311
f 1323/1323/1314 1325/1325/1316 1324/1324/1315
f 1315/1315/1306 1320/1320/1311 1326/1326/1317
f 1324/1324/1315 1326/1326/1317 1320/1320/1311
f 1327/1327/1318 1324/1324/1315 1325/1325/1316
f 1325/1325/1316 1328/1328/1319 1327/1327/1318
f 1326/1326/1317 1324/1324/1315 1329/1329/1320
f 1324/1324/1315 1327/1327/1318 1329/1329/1320
f 1330/1330/1321 1327/1327/1318 1328/1328/1319
f 1328/1328/1319 1331/1331/1322 1330/1330/1321
f 1332/1332/1323 1329/1329/1320 1327/1327/1318
f 1327/1327/1318 1330/1330/1321 1332/1332/1323
f 1333/1333/1324 1326/1326/1317 1329/1329/1320
f 1329/1329/1320 1332/1332/1323 1333/1333/1324
f 1326/1326/1317 1333/1333/1324 1334/1334/1325
f 1334/1334/1325 1315/1315/1306 1326/1326/1317
f 1335/1335/1326 1330/1330/1321 1331/1331/1322
f 1331/1331/1322 1336/1336/1327 1335/1335/1326
f 1337/1337/1328 1332/1332/1323 1330/1330/1321
f 1330/1330/1321 1335/1335/1326 1337/1337/1328
f 1338/1338/1329 1333/1333/1324 1332/1332/1323
f 1332/1332/1323 1337/1337/1328 1338/1338/1329
f 1339/1339/1330 1334/1334/1325 1333/1333/1324
f 1333/1333/1324 1338/1338/1329 1339/1339/1330
f 1340/1340/1331 1335/1335/1326 1336/1336/1327
f 1336/1336/1327 1341/1341/1332 1340/1340/1331
f 1342/1342/1333 1337/1337/1328 1335/1335/1326
f 1335/1335/1326 1340/1340/1331 1342/1342/1333
f 1343/1343/1334 1338/1338/1329 1337/1337/1328
f 1337/1337/1328 1342/1342/1333 1343/1343/1334
f 1344/1344/1335 1339/1339/1330 1338/1338/1329
f 1338/1338/1329 1343/1343/1334 1344/1344/1335
f 1345/1345/1336 1346/1346/1337 1347/1347/1338
f 1348/1348/1339 1347/1347/1338 1346/1346/1337
f 1347/1347/1338 1348/1348/1339 1349/1349/1340
f 1347/1347/1338 884/884/876 1345/1345/1336
f 884/884/876 885/885/877 1345/1345/1336
f 1349/1349/1340 1350/1350/1341 1347/1347/1338
f 884/884/876 1347/1347/1338 1350/1350/1341
f 1350/1350/1341 1349/1349/1340 1351/1351/1342
f 1352/1352/1343 1351/1351/1342 1349/1349/1340
f 1350/1350/1341 881/881/873 884/884/876
f 1351/1351/1342 1352/1352/1343 1353/1353/1344
f 1354/1354/1345 1353/1353/1344 1352/1352/1343
f 1351/1351/1342 1355/1355/842 1350/1350/1341
f 881/881/873 1350/1350/1341 1355/1355/842
f 1353/1353/1344 1356/1356/1346 1351/1351/1342
f 1355/1355/842 1351/1351/1342 1356/1356/1346
f 1353/1353/1344 1354/1354/1345 1357/1357/1347
f 1358/1358/1348 1357/1357/1347 1354/1354/1345
f 1356/1356/1346 1353/1353/1344 1359/1359/1349
f 1357/1357/1347 1359/1359/1349 1353/1353/1344
f 1356/1356/1346 1360/1360/1350 1355/1355/842
f 1355/1355/842 880/880/872 881/881/873
f 880/880/872 1355/1355/842 1360/1360/1350
f 1360/1360/1350 1356/1356/1346 1361/1361/1351
f 1359/1359/1349 1361/1361/1351 1356/1356/1346
f 1360/1360/1350 1362/1362/1352 880/880/872
f 1361/1361/1351 1363/1363/1353 1360/1360/1350
f 1362/1362/1352 1360/1360/1350 1363/1363/1353
f 1363/1363/1353 1361/1361/1351 1364/1364/1354
f 1363/1363/1353 1365/1365/1355 1362/1362/1352
f 1364/1364/1354 1365/1365/1355 1363/1363/1353
f 1362/1362/1352 1365/1365/1355 1366/1366/1356
f 1365/1365/1355 1364/1364/1354 1367/1367/1357
f 1362/1362/1352 1366/1366/1356 874/874/866
f 874/874/866 1366/1366/1356 873/873/865
f 1362/1362/1352 876/876/868 880/880/872
f 876/876/868 1362/1362/1352 874/874/866
f 1368/1368/1358 1367/1367/1357 1364/1364/1354
f 1367/1367/1357 1368/1368/1358 1369/1369/1359
f 1368/1368/1358 1370/1370/670 1369/1369/1359
f 1364/1364/1354 1371/1371/1360 1368/1368/1358
f 1371/1371/1360 1364/1364/1354 1361/1361/1351
f 1361/1361/1351 1359/1359/1349 1371/1371/1360
f 1372/1372/1361 1371/1371/1360 1359/1359/1349
f 1359/1359/1349 1357/1357/1347 1372/1372/1361
f 1373/1373/1362 1368/1368/1358 1371/1371/1360
f 1371/1371/1360 1372/1372/1361 1373/1373/1362
f 1374/1374/1363 1370/1370/670 1368/1368/1358
f 1368/1368/1358 1373/1373/1362 1374/1374/1363
f 1375/1375/1364 1370/1370/670 1374/1374/1363
f 1370/1370/670 1375/1375/1364 1376/1376/1365
f 1375/1375/1364 1377/1377/1366 1376/1376/1365
f 1374/1374/1363 1378/1378/1367 1375/1375/1364
f 1378/1378/1367 1374/1374/1363 1373/1373/1362
f 1379/1379/1368 1377/1377/1366 1375/1375/1364
f 1379/1379/1368 1380/1380/1369 1377/1377/1366
f 1381/1381/1370 1375/1375/1364 1378/1378/1367
f 1375/1375/1364 1381/1381/1370 1379/1379/1368
f 1373/1373/1362 1382/1382/1371 1378/1378/1367
f 1382/1382/1371 1373/1373/1362 1372/1372/1361
f 1378/1378/1367 1383/1383/1372 1381/1381/1370
f 1383/1383/1372 1378/1378/1367 1382/1382/1371
f 1384/1384/1373 1380/1380/1369 1379/1379/1368
f 1384/1384/1373 1385/1385/1374 1380/1380/1369
f 1386/1386/1375 1379/1379/1368 1381/1381/1370
f 1379/1379/1368 1386/1386/1375 1384/1384/1373
f 1387/1387/1376 1381/1381/1370 1383/1383/1372
f 1381/1381/1370 1387/1387/1376 1386/1386/1375
f 1388/1388/1377 1385/1385/1374 1384/1384/1373
f 1388/1388/1377 1389/1389/1378 1385/1385/1374
f 1390/1390/1379 1384/1384/1373 1386/1386/1375
f 1384/1384/1373 1390/1390/1379 1388/1388/1377
f 1391/1391/1380 1389/1389/1378 1388/1388/1377
f 1390/1390/1379 1391/1391/1380 1388/1388/1377
f 1391/1391/1380 1392/1392/1381 1389/1389/1378
f 1386/1386/1375 1393/1393/1382 1390/1390/1379
f 1393/1393/1382 1386/1386/1375 1387/1387/1376
f 1391/1391/1380 1390/1390/1379 1394/1394/1383
f 1393/1393/1382 1394/1394/1383 1390/1390/1379
f 1395/1395/1384 1392/1392/1381 1391/1391/1380
f 1394/1394/1383 1395/1395/1384 1391/1391/1380
f 1395/1395/1384 1396/1396/796 1392/1392/1381
f 1397/1397/1385 1396/1396/796 1395/1395/1384
f 1397/1397/1385 1398/1398/1386 1396/1396/796
f 1395/1395/1384 1394/1394/1383 1399/1399/1387
f 1399/1399/1387 1397/1397/1385 1395/1395/1384
f 1394/1394/1383 1393/1393/1382 1400/1400/1388
f 1400/1400/1388 1399/1399/1387 1394/1394/1383
f 1401/1401/1389 1400/1400/1388 1393/1393/1382
f 1387/1387/1376 1401/1401/1389 1393/1393/1382
f 1397/1397/1385 1263/1263/1254 1398/1398/1386
f 1263/1263/1254 1262/1262/1253 1398/1398/1386
f 1397/1397/1385 1399/1399/1387 1266/1266/1257
f 1266/1266/1257 1263/1263/1254 1397/1397/1385
f 1399/1399/1387 1400/1400/1388 1402/1402/1390
f 1402/1402/1390 1266/1266/1257 1399/1399/1387
f 1400/1400/1388 1401/1401/1389 1403/1403/1391
f 1403/1403/1391 1402/1402/1390 1400/1400/1388
f 1402/1402/1390 1403/1403/1391 1404/1404/1392
f 1405/1405/1393 1404/1404/1392 1403/1403/1391
f 1404/1404/1392 1267/1267/1258 1402/1402/1390
f 1266/1266/1257 1402/1402/1390 1267/1267/1258
f 1267/1267/1258 1404/1404/1392 1270/1270/1261
f 1403/1403/1391 1406/1406/1394 1405/1405/1393
f 1406/1406/1394 1403/1403/1391 1401/1401/1389
f 1407/1407/1395 1405/1405/1393 1406/1406/1394
f 1408/1408/1396 1406/1406/1394 1401/1401/1389
f 1401/1401/1389 1387/1387/1376 1408/1408/1396
f 1383/1383/1372 1408/1408/1396 1387/1387/1376
f 1409/1409/1397 1407/1407/1395 1406/1406/1394
f 1406/1406/1394 1408/1408/1396 1409/1409/1397
f 1407/1407/1395 1409/1409/1397 1410/1410/1398
f 1408/1408/1396 1383/1383/1372 1411/1411/1399
f 1411/1411/1399 1409/1409/1397 1408/1408/1396
f 1382/1382/1371 1411/1411/1399 1383/1383/1372
f 1412/1412/1400 1410/1410/1398 1409/1409/1397
f 1409/1409/1397 1411/1411/1399 1412/1412/1400
f 1410/1410/1398 1412/1412/1400 1413/1413/1401
f 1358/1358/1348 1413/1413/1401 1412/1412/1400
f 1414/1414/1402 1412/1412/1400 1411/1411/1399
f 1412/1412/1400 1414/1414/1402 1358/1358/1348
f 1411/1411/1399 1382/1382/1371 1414/1414/1402
f 1357/1357/1347 1358/1358/1348 1414/1414/1402
f 1372/1372/1361 1414/1414/1402 1382/1382/1371
f 1414/1414/1402 1372/1372/1361 1357/1357/1347
f 1415/1415/1403 113/113/113 114/114/114
f 1416/1416/1404 114/114/114 115/115/115
f 114/114/114 1416/1416/1404 1415/1415/1403
f 112/112/112 1417/1417/1405 115/115/115
f 1417/1417/1405 1416/1416/1404 115/115/115
f 1417/1417/1405 112/112/112 1418/1418/1406
f 112/112/112 315/315/315 1418/1418/1406
f 316/316/316 1418/1418/1406 315/315/315
f 113/113/113 1415/1415/1403 15/15/15
f 15/15/15 16/16/16 113/113/113
f 1416/1416/1404 1419/1419/1407 1415/1415/1403
f 1419/1419/1407 15/15/15 1415/1415/1403
f 1418/1418/1406 316/316/316 1420/1420/1408
f 1421/1421/1409 1418/1418/1406 1420/1420/1408
f 1418/1418/1406 1421/1421/1409 1417/1417/1405
f 316/316/316 1422/1422/1410 1420/1420/1408
f 1416/1416/1404 1417/1417/1405 1423/1423/1411
f 1421/1421/1409 1423/1423/1411 1417/1417/1405
f 1423/1423/1411 1424/1424/1412 1416/1416/1404
f 1419/1419/1407 1416/1416/1404 1424/1424/1412
f 1420/1420/1408 1425/1425/1413 1421/1421/1409
f 1425/1425/1413 1420/1420/1408 1422/1422/1410
f 1422/1422/1410 316/316/316 1426/1426/1414
f 316/316/316 299/299/299 1426/1426/1414
f 1422/1422/1410 1427/1427/1415 1425/1425/1413
f 1428/1428/1416 1421/1421/1409 1425/1425/1413
f 1427/1427/1415 1428/1428/1416 1425/1425/1413
f 299/299/299 1429/1429/1417 1426/1426/1414
f 1426/1426/1414 1430/1430/1418 1422/1422/1410
f 1427/1427/1415 1422/1422/1410 1430/1430/1418
f 1430/1430/1418 1426/1426/1414 1429/1429/1417
f 1429/1429/1417 299/299/299 294/294/294
f 1430/1430/1418 1431/1431/1419 1427/1427/1415
f 294/294/294 1432/1432/1420 1429/1429/1417
f 1429/1429/1417 1433/1433/1421 1430/1430/1418
f 1433/1433/1421 1429/1429/1417 1432/1432/1420
f 1431/1431/1419 1430/1430/1418 1433/1433/1421
f 1432/1432/1420 294/294/294 289/289/289
f 289/289/289 1434/1434/1422 1432/1432/1420
f 1434/1434/1422 289/289/289 288/288/288
f 1432/1432/1420 1435/1435/1423 1433/1433/1421
f 1435/1435/1423 1432/1432/1420 1434/1434/1422
f 1436/1436/1424 1433/1433/1421 1435/1435/1423
f 1433/1433/1421 1436/1436/1424 1431/1431/1419
f 288/288/288 1437/1437/1425 1434/1434/1422
f 1437/1437/1425 288/288/288 1438/1438/1426
f 1434/1434/1422 1439/1439/1427 1435/1435/1423
f 1439/1439/1427 1434/1434/1422 1437/1437/1425
f 1435/1435/1423 1440/1440/1428 1436/1436/1424
f 1440/1440/1428 1435/1435/1423 1439/1439/1427
f 1438/1438/1426 1441/1441/1429 1437/1437/1425
f 1441/1441/1429 1438/1438/1426 1442/1442/1430
f 1437/1437/1425 1443/1443/1431 1439/1439/1427
f 1443/1443/1431 1437/1437/1425 1441/1441/1429
f 1439/1439/1427 1444/1444/1432 1440/1440/1428
f 1444/1444/1432 1439/1439/1427 1443/1443/1431
f 1445/1445/1433 1436/1436/1424 1440/1440/1428
f 1442/1442/1430 1287/1287/1278 1441/1441/1429
f 1287/1287/1278 1442/1442/1430 1289/1289/1280
f 1441/1441/1429 1446/1446/1434 1443/1443/1431
f 1446/1446/1434 1441/1441/1429 1287/1287/1278
f 1443/1443/1431 1447/1447/1435 1444/1444/1432
f 1447/1447/1435 1443/1443/1431 1446/1446/1434
f 1448/1448/1436 1440/1440/1428 1444/1444/1432
f 1440/1440/1428 1448/1448/1436 1445/1445/1433
f 1449/1449/1437 1444/1444/1432 1447/1447/1435
f 1444/1444/1432 1449/1449/1437 1448/1448/1436
f 1447/1447/1435 1285/1285/1276 1449/1449/1437
f 1450/1450/1438 1448/1448/1436 1449/1449/1437
f 1285/1285/1276 1450/1450/1438 1449/1449/1437
f 1446/1446/1434 1283/1283/1274 1447/1447/1435
f 1285/1285/1276 1447/1447/1435 1283/1283/1274
f 1283/1283/1274 1446/1446/1434 1286/1286/1277
f 1287/1287/1278 1286/1286/1277 1446/1446/1434
f 1451/1451/1439 1452/1452/1440 1453/1453/1441
f 1454/1454/1442 1453/1453/1441 1452/1452/1440
f 1452/1452/1440 1451/1451/1439 1455/1455/1443
f 1451/1451/1439 1456/1456/1444 1455/1455/1443
f 1452/1452/1440 1457/1457/1445 1454/1454/1442
f 1458/1458/1446 1454/1454/1442 1457/1457/1445
f 1455/1455/1443 1459/1459/1447 1452/1452/1440
f 1457/1457/1445 1452/1452/1440 1459/1459/1447
f 1460/1460/1448 1455/1455/1443 1456/1456/1444
f 1456/1456/1444 1461/1461/1449 1460/1460/1448
f 1459/1459/1447 1455/1455/1443 1462/1462/1450
f 1455/1455/1443 1460/1460/1448 1462/1462/1450
f 1461/1461/1449 1463/1463/1451 1460/1460/1448
f 1463/1463/1451 1462/1462/1450 1460/1460/1448
f 1463/1463/1451 1461/1461/1449 1464/1464/1452
f 1464/1464/1452 1465/1465/1453 1463/1463/1451
f 1462/1462/1450 1463/1463/1451 1466/1466/1454
f 1465/1465/1453 1466/1466/1454 1463/1463/1451
f 1462/1462/1450 1467/1467/1455 1459/1459/1447
f 1467/1467/1455 1462/1462/1450 1466/1466/1454
f 1468/1468/1456 1459/1459/1447 1467/1467/1455
f 1459/1459/1447 1468/1468/1456 1457/1457/1445
f 1466/1466/1454 1410/1410/1398 1467/1467/1455
f 1466/1466/1454 1465/1465/1453 1407/1407/1395
f 1410/1410/1398 1466/1466/1454 1407/1407/1395
f 1405/1405/1393 1407/1407/1395 1465/1465/1453
f 1465/1465/1453 1469/1469/1457 1405/1405/1393
f 1404/1404/1392 1405/1405/1393 1469/1469/1457
f 1467/1467/1455 1413/1413/1401 1468/1468/1456
f 1413/1413/1401 1467/1467/1455 1410/1410/1398
f 1470/1470/1458 1457/1457/1445 1468/1468/1456
f 1457/1457/1445 1470/1470/1458 1458/1458/1446
f 1470/1470/1458 1471/1471/1459 1458/1458/1446
f 1468/1468/1456 1472/1472/1460 1470/1470/1458
f 1472/1472/1460 1468/1468/1456 1413/1413/1401
f 1471/1471/1459 1470/1470/1458 1473/1473/1461
f 1472/1472/1460 1473/1473/1461 1470/1470/1458
f 1473/1473/1461 1474/1474/1462 1471/1471/1459
f 1413/1413/1401 1358/1358/1348 1472/1472/1460
f 1473/1473/1461 1472/1472/1460 1475/1475/1463
f 1472/1472/1460 1354/1354/1345 1475/1475/1463
f 1354/1354/1345 1472/1472/1460 1358/1358/1348
f 1475/1475/1463 1476/1476/1464 1473/1473/1461
f 1474/1474/1462 1473/1473/1461 1476/1476/1464
f 1476/1476/1464 1475/1475/1463 1477/1477/1465
f 1354/1354/1345 1477/1477/1465 1475/1475/1463
f 1478/1478/1466 1474/1474/1462 1476/1476/1464
f 1474/1474/1462 1478/1478/1466 1479/1479/1467
f 1348/1348/1339 1476/1476/1464 1477/1477/1465
f 1476/1476/1464 1348/1348/1339 1478/1478/1466
f 1477/1477/1465 1354/1354/1345 1352/1352/1343
f 1480/1480/1468 1479/1479/1467 1478/1478/1466
f 1479/1479/1467 1480/1480/1468 1481/1481/1469
f 1346/1346/1337 1478/1478/1466 1348/1348/1339
f 1478/1478/1466 1346/1346/1337 1480/1480/1468
f 1477/1477/1465 1349/1349/1340 1348/1348/1339
f 1349/1349/1340 1477/1477/1465 1352/1352/1343
f 1480/1480/1468 1482/1482/1470 1481/1481/1469
f 1483/1483/1471 1481/1481/1469 1482/1482/1470
f 1482/1482/1470 1484/1484/1472 1483/1483/1471
f 1482/1482/1470 1480/1480/1468 1485/1485/1473
f 1346/1346/1337 1485/1485/1473 1480/1480/1468
f 1484/1484/1472 1482/1482/1470 1486/1486/1474
f 1485/1485/1473 1486/1486/1474 1482/1482/1470
f 1486/1486/1474 1487/1487/1475 1484/1484/1472
f 1486/1486/1474 1485/1485/1473 1488/1488/1476
f 1487/1487/1475 1486/1486/1474 1489/1489/1477
f 1488/1488/1476 1489/1489/1477 1486/1486/1474
f 1489/1489/1477 1490/1490/1478 1487/1487/1475
f 1490/1490/1478 1489/1489/1477 1491/1491/1479
f 1491/1491/1479 1492/1492/1480 1490/1490/1478
f 1493/1493/1481 1491/1491/1479 1489/1489/1477
f 1489/1489/1477 1488/1488/1476 1493/1493/1481
f 1492/1492/1480 1491/1491/1479 893/893/885
f 896/896/888 1492/1492/1480 893/893/885
f 1491/1491/1479 1493/1493/1481 890/890/882
f 890/890/882 893/893/885 1491/1491/1479
f 1488/1488/1476 887/887/879 1493/1493/1481
f 887/887/879 890/890/882 1493/1493/1481
f 1494/1494/1482 1488/1488/1476 1485/1485/1473
f 1485/1485/1473 1346/1346/1337 1494/1494/1482
f 1488/1488/1476 1494/1494/1482 1495/1495/1483
f 887/887/879 1488/1488/1476 1495/1495/1483
f 1494/1494/1482 885/885/877 1495/1495/1483
f 885/885/877 887/887/879 1495/1495/1483
f 1346/1346/1337 1345/1345/1336 1494/1494/1482
f 885/885/877 1494/1494/1482 1345/1345/1336
f 1496/1496/1484 1124/1124/1115 1125/1125/1116
f 1118/1118/1109 1497/1497/1485 1123/1123/1114
f 1497/1497/1485 1118/1118/1109 1114/1114/1105
f 1125/1125/1116 1126/1126/1117 1498/1498/1486
f 1498/1498/1486 1496/1496/1484 1125/1125/1116
f 1114/1114/1105 1499/1499/1487 1497/1497/1485
f 1499/1499/1487 1114/1114/1105 1110/1110/1101
f 1110/1110/1101 1500/1500/1488 1499/1499/1487
f 1500/1500/1488 1110/1110/1101 1105/1105/1096
f 1499/1499/1487 1501/1501/1489 1497/1497/1485
f 1502/1502/1490 1124/1124/1115 1496/1496/1484
f 1502/1502/1490 1120/1120/1111 1124/1124/1115
f 1502/1502/1490 1503/1503/1491 1120/1120/1111
f 1503/1503/1491 1119/1119/1110 1120/1120/1111
f 1504/1504/1492 1502/1502/1490 1496/1496/1484
f 1503/1503/1491 1505/1505/1493 1119/1119/1110
f 1505/1505/1493 1029/1029/1020 1119/1119/1110
f 1506/1506/1494 1503/1503/1491 1502/1502/1490
f 1506/1506/1494 1502/1502/1490 1504/1504/1492
f 1507/1507/1495 1505/1505/1493 1503/1503/1491
f 1506/1506/1494 1507/1507/1495 1503/1503/1491
f 1505/1505/1493 1508/1508/1496 1029/1029/1020
f 1085/1085/1076 1029/1029/1020 1508/1508/1496
f 1508/1508/1496 1082/1082/1073 1085/1085/1076
f 1509/1509/1497 1508/1508/1496 1505/1505/1493
f 1507/1507/1495 1509/1509/1497 1505/1505/1493
f 1082/1082/1073 1508/1508/1496 1510/1510/1498
f 1509/1509/1497 1510/1510/1498 1508/1508/1496
f 1086/1086/1077 1082/1082/1073 1510/1510/1498
f 1511/1511/1499 1510/1510/1498 1509/1509/1497
f 1511/1511/1499 1086/1086/1077 1510/1510/1498
f 1512/1512/1500 1509/1509/1497 1507/1507/1495
f 1512/1512/1500 1511/1511/1499 1509/1509/1497
f 1513/1513/1501 1512/1512/1500 1507/1507/1495
f 1513/1513/1501 1507/1507/1495 1506/1506/1494
f 1514/1514/1502 1511/1511/1499 1512/1512/1500
f 1513/1513/1501 1514/1514/1502 1512/1512/1500
f 1515/1515/1503 1086/1086/1077 1511/1511/1499
f 1514/1514/1502 1515/1515/1503 1511/1511/1499
f 1515/1515/1503 1516/1516/1504 1086/1086/1077
f 1084/1084/1075 1086/1086/1077 1516/1516/1504
f 1514/1514/1502 1517/1517/1505 1515/1515/1503
f 1517/1517/1505 1516/1516/1504 1515/1515/1503
f 1518/1518/1506 1084/1084/1075 1516/1516/1504
f 1517/1517/1505 1518/1518/1506 1516/1516/1504
f 1518/1518/1506 1519/1519/1507 1084/1084/1075
f 1517/1517/1505 1514/1514/1502 1520/1520/1508
f 1521/1521/1509 1518/1518/1506 1517/1517/1505
f 1520/1520/1508 1521/1521/1509 1517/1517/1505
f 1521/1521/1509 1522/1522/1510 1518/1518/1506
f 1522/1522/1510 1519/1519/1507 1518/1518/1506
f 1523/1523/1511 1084/1084/1075 1519/1519/1507
f 1084/1084/1075 1523/1523/1511 1075/1075/1066
f 1522/1522/1510 1524/1524/1512 1519/1519/1507
f 1524/1524/1512 1523/1523/1511 1519/1519/1507
f 1525/1525/1513 1522/1522/1510 1521/1521/1509
f 815/815/809 1075/1075/1066 1523/1523/1511
f 1075/1075/1066 815/815/809 819/819/813
f 1524/1524/1512 1526/1526/1514 1523/1523/1511
f 1526/1526/1514 815/815/809 1523/1523/1511
f 1527/1527/1515 1524/1524/1512 1522/1522/1510
f 1525/1525/1513 1527/1527/1515 1522/1522/1510
f 1528/1528/1516 1526/1526/1514 1524/1524/1512
f 1527/1527/1515 1528/1528/1516 1524/1524/1512
f 1526/1526/1514 1529/1529/1517 815/815/809
f 807/807/801 815/815/809 1529/1529/1517
f 808/808/802 807/807/801 1529/1529/1517
f 1530/1530/1518 1529/1529/1517 1526/1526/1514
f 1530/1530/1518 808/808/802 1529/1529/1517
f 1528/1528/1516 1530/1530/1518 1526/1526/1514
f 1531/1531/1519 808/808/802 1530/1530/1518
f 1531/1531/1519 804/804/798 808/808/802
f 1532/1532/1520 1530/1530/1518 1528/1528/1516
f 1532/1532/1520 1531/1531/1519 1530/1530/1518
f 1533/1533/1521 1532/1532/1520 1528/1528/1516
f 1533/1533/1521 1528/1528/1516 1527/1527/1515
f 1534/1534/1522 804/804/798 1531/1531/1519
f 1534/1534/1522 793/793/787 804/804/798
f 1535/1535/1523 1531/1531/1519 1532/1532/1520
f 1535/1535/1523 1534/1534/1522 1531/1531/1519
f 1536/1536/1524 793/793/787 1534/1534/1522
f 1535/1535/1523 1536/1536/1524 1534/1534/1522
f 1536/1536/1524 696/696/691 793/793/787
f 1537/1537/1525 1535/1535/1523 1532/1532/1520
f 1537/1537/1525 1532/1532/1520 1533/1533/1521
f 1536/1536/1524 1535/1535/1523 1538/1538/1526
f 1537/1537/1525 1538/1538/1526 1535/1535/1523
f 1539/1539/1527 696/696/691 1536/1536/1524
f 1538/1538/1526 1539/1539/1527 1536/1536/1524
f 1539/1539/1527 694/694/689 696/696/691
f 695/695/690 694/694/689 1539/1539/1527
f 1539/1539/1527 1538/1538/1526 1540/1540/1528
f 1540/1540/1528 695/695/690 1539/1539/1527
f 1538/1538/1526 1537/1537/1525 1541/1541/1529
f 1541/1541/1529 1540/1540/1528 1538/1538/1526
f 1542/1542/1530 1541/1541/1529 1537/1537/1525
f 1542/1542/1530 1537/1537/1525 1533/1533/1521
f 1540/1540/1528 1541/1541/1529 1543/1543/1531
f 1541/1541/1529 1542/1542/1530 1544/1544/1532
f 1544/1544/1532 1543/1543/1531 1541/1541/1529
f 1542/1542/1530 1533/1533/1521 1545/1545/1533
f 1545/1545/1533 1533/1533/1521 1527/1527/1515
f 1546/1546/1534 1544/1544/1532 1542/1542/1530
f 1546/1546/1534 1542/1542/1530 1545/1545/1533
f 1545/1545/1533 1527/1527/1515 1525/1525/1513
f 1547/1547/1535 1545/1545/1533 1525/1525/1513
f 1546/1546/1534 1545/1545/1533 1547/1547/1535
f 1547/1547/1535 1525/1525/1513 1548/1548/1536
f 1544/1544/1532 1546/1546/1534 1549/1549/1537
f 1543/1543/1531 1544/1544/1532 1550/1550/1538
f 1549/1549/1537 1550/1550/1538 1544/1544/1532
f 1525/1525/1513 1551/1551/1539 1548/1548/1536
f 1551/1551/1539 1525/1525/1513 1521/1521/1509
f 1521/1521/1509 1520/1520/1508 1551/1551/1539
f 1552/1552/1540 1543/1543/1531 1550/1550/1538
f 1550/1550/1538 1549/1549/1537 1553/1553/1541
f 1553/1553/1541 1552/1552/1540 1550/1550/1538
f 1554/1554/1542 1551/1551/1539 1520/1520/1508
f 1555/1555/1543 1553/1553/1541 1549/1549/1537
f 1556/1556/1544 1548/1548/1536 1551/1551/1539
f 1551/1551/1539 1554/1554/1542 1556/1556/1544
f 1548/1548/1536 1556/1556/1544 1557/1557/1545
f 1557/1557/1545 1547/1547/1535 1548/1548/1536
f 1520/1520/1508 1558/1558/1546 1554/1554/1542
f 1558/1558/1546 1520/1520/1508 1514/1514/1502
f 1514/1514/1502 1513/1513/1501 1558/1558/1546
f 1547/1547/1535 1557/1557/1545 1559/1559/1547
f 1559/1559/1547 1546/1546/1534 1547/1547/1535
f 1560/1560/1548 1549/1549/1537 1546/1546/1534
f 1546/1546/1534 1559/1559/1547 1560/1560/1548
f 1549/1549/1537 1560/1560/1548 1555/1555/1543
f 1558/1558/1546 1513/1513/1501 1561/1561/1549
f 1559/1559/1547 1557/1557/1545 1562/1562/1550
f 1560/1560/1548 1559/1559/1547 1563/1563/1551
f 1563/1563/1551 1559/1559/1547 1562/1562/1550
f 1555/1555/1543 1560/1560/1548 1564/1564/1552
f 1564/1564/1552 1560/1560/1548 1563/1563/1551
f 1562/1562/1550 1557/1557/1545 1565/1565/1553
f 1557/1557/1545 1556/1556/1544 1565/1565/1553
f 1566/1566/1554 1562/1562/1550 1565/1565/1553
f 1567/1567/1555 1563/1563/1551 1562/1562/1550
f 1562/1562/1550 1566/1566/1554 1567/1567/1555
f 1568/1568/1556 1564/1564/1552 1563/1563/1551
f 1563/1563/1551 1567/1567/1555 1568/1568/1556
f 1565/1565/1553 1556/1556/1544 1569/1569/1557
f 1556/1556/1544 1554/1554/1542 1569/1569/1557
f 1570/1570/1558 1565/1565/1553 1569/1569/1557
f 1565/1565/1553 1570/1570/1558 1566/1566/1554
f 1569/1569/1557 1554/1554/1542 1571/1571/1559
f 1554/1554/1542 1558/1558/1546 1571/1571/1559
f 1571/1571/1559 1558/1558/1546 1561/1561/1549
f 1572/1572/1560 1569/1569/1557 1571/1571/1559
f 1569/1569/1557 1572/1572/1560 1570/1570/1558
f 1573/1573/1561 1571/1571/1559 1561/1561/1549
f 1571/1571/1559 1573/1573/1561 1572/1572/1560
f 1561/1561/1549 1574/1574/1562 1573/1573/1561
f 1575/1575/1563 1572/1572/1560 1573/1573/1561
f 1574/1574/1562 1575/1575/1563 1573/1573/1561
f 1576/1576/1564 1570/1570/1558 1572/1572/1560
f 1572/1572/1560 1575/1575/1563 1576/1576/1564
f 1574/1574/1562 1561/1561/1549 1577/1577/1565
f 1561/1561/1549 1513/1513/1501 1577/1577/1565
f 1513/1513/1501 1506/1506/1494 1577/1577/1565
f 1577/1577/1565 1506/1506/1494 1504/1504/1492
f 1577/1577/1565 1578/1578/1566 1574/1574/1562
f 1578/1578/1566 1577/1577/1565 1504/1504/1492
f 1575/1575/1563 1574/1574/1562 1579/1579/1567
f 1578/1578/1566 1579/1579/1567 1574/1574/1562
f 1579/1579/1567 1580/1580/1568 1575/1575/1563
f 1580/1580/1568 1576/1576/1564 1575/1575/1563
f 1504/1504/1492 1581/1581/1569 1578/1578/1566
f 1581/1581/1569 1504/1504/1492 1496/1496/1484
f 1496/1496/1484 1498/1498/1486 1581/1581/1569
f 1581/1581/1569 1582/1582/1570 1578/1578/1566
f 1579/1579/1567 1578/1578/1566 1582/1582/1570
f 1498/1498/1486 1583/1583/1571 1581/1581/1569
f 1582/1582/1570 1581/1581/1569 1583/1583/1571
f 1582/1582/1570 1584/1584/1572 1579/1579/1567
f 1579/1579/1567 1584/1584/1572 1580/1580/1568
f 1583/1583/1571 1585/1585/1573 1582/1582/1570
f 1582/1582/1570 1585/1585/1573 1584/1584/1572
f 1583/1583/1571 1498/1498/1486 1586/1586/1574
f 1126/1126/1117 1586/1586/1574 1498/1498/1486
f 1583/1583/1571 1587/1587/1575 1585/1585/1573
f 1586/1586/1574 1587/1587/1575 1583/1583/1571
f 1586/1586/1574 1126/1126/1117 1588/1588/1576
f 1123/1123/1114 1588/1588/1576 1126/1126/1117
f 1586/1586/1574 1589/1589/1577 1587/1587/1575
f 1588/1588/1576 1589/1589/1577 1586/1586/1574
f 1588/1588/1576 1123/1123/1114 1590/1590/1578
f 1497/1497/1485 1590/1590/1578 1123/1123/1114
f 1588/1588/1576 1591/1591/1579 1589/1589/1577
f 1590/1590/1578 1591/1591/1579 1588/1588/1576
f 1590/1590/1578 1497/1497/1485 1501/1501/1489
f 1590/1590/1578 1592/1592/1580 1591/1591/1579
f 1501/1501/1489 1592/1592/1580 1590/1590/1578
f 1591/1591/1579 1593/1593/1581 1589/1589/1577
f 1589/1589/1577 1594/1594/1582 1587/1587/1575
f 1589/1589/1577 1593/1593/1581 1594/1594/1582
f 1591/1591/1579 1595/1595/1583 1593/1593/1581
f 1592/1592/1580 1595/1595/1583 1591/1591/1579
f 1587/1587/1575 1594/1594/1582 1596/1596/1584
f 1587/1587/1575 1596/1596/1584 1585/1585/1573
f 1597/1597/1585 1340/1340/1331 1341/1341/1332
f 1341/1341/1332 1598/1598/1586 1597/1597/1585
f 1599/1599/1587 1342/1342/1333 1340/1340/1331
f 1340/1340/1331 1597/1597/1585 1599/1599/1587
f 1600/1600/1588 1343/1343/1334 1342/1342/1333
f 1342/1342/1333 1599/1599/1587 1600/1600/1588
f 1601/1601/1589 1344/1344/1335 1343/1343/1334
f 1343/1343/1334 1600/1600/1588 1601/1601/1589
f 1598/1598/1586 1602/1602/1590 1597/1597/1585
f 1602/1602/1590 1598/1598/1586 1603/1603/1591
f 1597/1597/1585 1604/1604/1592 1599/1599/1587
f 1604/1604/1592 1597/1597/1585 1602/1602/1590
f 1599/1599/1587 1605/1605/1593 1600/1600/1588
f 1605/1605/1593 1599/1599/1587 1604/1604/1592
f 1600/1600/1588 1606/1606/1594 1601/1601/1589
f 1606/1606/1594 1600/1600/1588 1605/1605/1593
f 1603/1603/1591 1607/1607/1595 1602/1602/1590
f 1607/1607/1595 1603/1603/1591 1608/1608/1596
f 1602/1602/1590 1609/1609/1597 1604/1604/1592
f 1609/1609/1597 1602/1602/1590 1607/1607/1595
f 1604/1604/1592 1610/1610/1598 1605/1605/1593
f 1610/1610/1598 1604/1604/1592 1609/1609/1597
f 1605/1605/1593 1611/1611/1599 1606/1606/1594
f 1611/1611/1599 1605/1605/1593 1610/1610/1598
f 1608/1608/1596 1612/1612/1600 1607/1607/1595
f 1612/1612/1600 1608/1608/1596 1613/1613/1601
f 1607/1607/1595 1614/1614/1602 1609/1609/1597
f 1614/1614/1602 1607/1607/1595 1612/1612/1600
f 1609/1609/1597 1615/1615/1603 1610/1610/1598
f 1615/1615/1603 1609/1609/1597 1614/1614/1602
f 1610/1610/1598 1616/1616/1604 1611/1611/1599
f 1616/1616/1604 1610/1610/1598 1615/1615/1603
f 1613/1613/1601 1617/1617/1605 1612/1612/1600
f 1612/1612/1600 1618/1618/1606 1614/1614/1602
f 1618/1618/1606 1612/1612/1600 1617/1617/1605
f 1617/1617/1605 1613/1613/1601 1619/1619/1607
f 1620/1620/1608 1614/1614/1602 1618/1618/1606
f 1614/1614/1602 1620/1620/1608 1615/1615/1603
f 1621/1621/1609 1618/1618/1606 1617/1617/1605
f 1622/1622/1610 1617/1617/1605 1619/1619/1607
f 1617/1617/1605 1622/1622/1610 1621/1621/1609
f 1623/1623/1611 1615/1615/1603 1620/1620/1608
f 1615/1615/1603 1623/1623/1611 1616/1616/1604
f 1624/1624/1612 1620/1620/1608 1618/1618/1606
f 1618/1618/1606 1621/1621/1609 1624/1624/1612
f 1625/1625/1613 1623/1623/1611 1620/1620/1608
f 1620/1620/1608 1624/1624/1612 1625/1625/1613
f 1626/1626/1614 1616/1616/1604 1623/1623/1611
f 1623/1623/1611 1625/1625/1613 1627/1627/1615
f 1627/1627/1615 1626/1626/1614 1623/1623/1611
f 1616/1616/1604 1626/1626/1614 1628/1628/1616
f 1628/1628/1616 1611/1611/1599 1616/1616/1604
f 1626/1626/1614 1627/1627/1615 1629/1629/1617
f 1611/1611/1599 1628/1628/1616 1630/1630/1618
f 1630/1630/1618 1606/1606/1594 1611/1611/1599
f 1631/1631/1619 1628/1628/1616 1626/1626/1614
f 1629/1629/1617 1631/1631/1619 1626/1626/1614
f 1632/1632/1620 1630/1630/1618 1628/1628/1616
f 1628/1628/1616 1631/1631/1619 1632/1632/1620
f 1606/1606/1594 1630/1630/1618 1633/1633/1621
f 1633/1633/1621 1601/1601/1589 1606/1606/1594
f 1630/1630/1618 1632/1632/1620 1634/1634/1622
f 1634/1634/1622 1633/1633/1621 1630/1630/1618
f 1601/1601/1589 1633/1633/1621 1635/1635/1623
f 1344/1344/1335 1601/1601/1589 1635/1635/1623
f 1633/1633/1621 1634/1634/1622 1636/1636/1624
f 1636/1636/1624 1635/1635/1623 1633/1633/1621
f 1635/1635/1623 1637/1637/1625 1344/1344/1335
f 1339/1339/1330 1344/1344/1335 1637/1637/1625
f 1635/1635/1623 1636/1636/1624 1638/1638/1626
f 1637/1637/1625 1635/1635/1623 1638/1638/1626
f 1637/1637/1625 1639/1639/1627 1339/1339/1330
f 1334/1334/1325 1339/1339/1330 1639/1639/1627
f 1638/1638/1626 1640/1640/1628 1637/1637/1625
f 1639/1639/1627 1637/1637/1625 1640/1640/1628
f 1639/1639/1627 1641/1641/1629 1334/1334/1325
f 1315/1315/1306 1334/1334/1325 1641/1641/1629
f 1641/1641/1629 1312/1312/1303 1315/1315/1306
f 1312/1312/1303 1641/1641/1629 1313/1313/1304
f 1641/1641/1629 1639/1639/1627 1642/1642/1630
f 1642/1642/1630 1313/1313/1304 1641/1641/1629
f 1640/1640/1628 1642/1642/1630 1639/1639/1627
f 1313/1313/1304 1642/1642/1630 1314/1314/1305
f 1643/1643/1631 1314/1314/1305 1642/1642/1630
f 1642/1642/1630 1640/1640/1628 1643/1643/1631
f 1314/1314/1305 1643/1643/1631 1316/1316/1307
f 1644/1644/1632 1643/1643/1631 1640/1640/1628
f 1640/1640/1628 1638/1638/1626 1644/1644/1632
f 1645/1645/1633 1316/1316/1307 1643/1643/1631
f 1643/1643/1631 1644/1644/1632 1645/1645/1633
f 1638/1638/1626 1646/1646/1634 1644/1644/1632
f 1646/1646/1634 1638/1638/1626 1636/1636/1624
f 1644/1644/1632 1647/1647/1635 1645/1645/1633
f 1647/1647/1635 1644/1644/1632 1646/1646/1634
f 1316/1316/1307 1645/1645/1633 1648/1648/1636
f 1649/1649/1637 1645/1645/1633 1647/1647/1635
f 1645/1645/1633 1649/1649/1637 1648/1648/1636
f 1648/1648/1636 1650/1650/1638 1316/1316/1307
f 1309/1309/1300 1316/1316/1307 1650/1650/1638
f 1650/1650/1638 1304/1304/1295 1309/1309/1300
f 1304/1304/1295 1650/1650/1638 1651/1651/1639
f 1651/1651/1639 1299/1299/1290 1304/1304/1295
f 1650/1650/1638 1648/1648/1636 1652/1652/1640
f 1652/1652/1640 1651/1651/1639 1650/1650/1638
f 1653/1653/1641 1648/1648/1636 1649/1649/1637
f 1648/1648/1636 1653/1653/1641 1652/1652/1640
f 1299/1299/1290 1651/1651/1639 1654/1654/1642
f 1654/1654/1642 1284/1284/1275 1299/1299/1290
f 1651/1651/1639 1652/1652/1640 1655/1655/1643
f 1655/1655/1643 1654/1654/1642 1651/1651/1639
f 1656/1656/1644 1652/1652/1640 1653/1653/1641
f 1652/1652/1640 1656/1656/1644 1655/1655/1643
f 1284/1284/1275 1654/1654/1642 1657/1657/1645
f 1657/1657/1645 1285/1285/1276 1284/1284/1275
f 1654/1654/1642 1655/1655/1643 1658/1658/1646
f 1658/1658/1646 1657/1657/1645 1654/1654/1642
f 1659/1659/1647 1655/1655/1643 1656/1656/1644
f 1655/1655/1643 1659/1659/1647 1658/1658/1646
f 1285/1285/1276 1657/1657/1645 1660/1660/1648
f 1450/1450/1438 1285/1285/1276 1660/1660/1648
f 1657/1657/1645 1658/1658/1646 1661/1661/1649
f 1661/1661/1649 1660/1660/1648 1657/1657/1645
f 1662/1662/1650 1658/1658/1646 1659/1659/1647
f 1658/1658/1646 1662/1662/1650 1661/1661/1649
f 1663/1663/1651 1450/1450/1438 1660/1660/1648
f 1660/1660/1648 1661/1661/1649 1663/1663/1651
f 1664/1664/1652 1665/1665/1653 1666/1666/1654
f 1667/1667/1655 1666/1666/1654 1665/1665/1653
f 1668/1668/1656 1669/1669/1657 1670/1670/1658
f 1670/1670/1658 1671/1671/1659 1668/1668/1656
f 1667/1667/1655 1669/1669/1657 1672/1672/1660
f 1673/1673/1661 1668/1668/1656 1671/1671/1659
f 1673/1673/1661 1671/1671/1659 1674/1674/1662
f 1669/1669/1657 1668/1668/1656 1675/1675/1663
f 1675/1675/1663 1672/1672/1660 1669/1669/1657
f 1676/1676/1664 1675/1675/1663 1668/1668/1656
f 1676/1676/1664 1668/1668/1656 1673/1673/1661
f 1672/1672/1660 1677/1677/1665 1667/1667/1655
f 1666/1666/1654 1667/1667/1655 1677/1677/1665
f 1672/1672/1660 1675/1675/1663 1678/1678/1666
f 1679/1679/1667 1675/1675/1663 1676/1676/1664
f 1679/1679/1667 1678/1678/1666 1675/1675/1663
f 1678/1678/1666 1680/1680/1668 1672/1672/1660
f 1677/1677/1665 1672/1672/1660 1680/1680/1668
f 1681/1681/1669 1678/1678/1666 1679/1679/1667
f 1677/1677/1665 1682/1682/1670 1666/1666/1654
f 1681/1681/1669 1683/1683/1671 1678/1678/1666
f 1680/1680/1668 1678/1678/1666 1683/1683/1671
f 1680/1680/1668 1684/1684/1672 1677/1677/1665
f 1682/1682/1670 1677/1677/1665 1684/1684/1672
f 1683/1683/1671 1685/1685/1673 1680/1680/1668
f 1684/1684/1672 1680/1680/1668 1685/1685/1673
f 1686/1686/1674 1666/1666/1654 1682/1682/1670
f 1666/1666/1654 1686/1686/1674 1664/1664/1652
f 1684/1684/1672 1687/1687/1675 1682/1682/1670
f 1685/1685/1673 1688/1688/1676 1684/1684/1672
f 1687/1687/1675 1684/1684/1672 1688/1688/1676
f 1689/1689/1677 1664/1664/1652 1686/1686/1674
f 1664/1664/1652 1689/1689/1677 1690/1690/1678
f 1682/1682/1670 1691/1691/1679 1686/1686/1674
f 1691/1691/1679 1682/1682/1670 1687/1687/1675
f 1686/1686/1674 1692/1692/1680 1689/1689/1677
f 1692/1692/1680 1686/1686/1674 1691/1691/1679
f 1693/1693/1681 1690/1690/1678 1689/1689/1677
f 1694/1694/1682 1689/1689/1677 1692/1692/1680
f 1689/1689/1677 1694/1694/1682 1693/1693/1681
f 1690/1690/1678 1693/1693/1681 1695/1695/1683
f 1695/1695/1683 1696/1696/1684 1690/1690/1678
f 1696/1696/1684 1695/1695/1683 1697/1697/1685
f 1697/1697/1685 1698/1698/1686 1696/1696/1684
f 1693/1693/1681 1699/1699/1687 1695/1695/1683
f 1698/1698/1686 1697/1697/1685 1700/1700/1688
f 1700/1700/1688 1701/1701/1689 1698/1698/1686
f 1695/1695/1683 1702/1702/1690 1697/1697/1685
f 1702/1702/1690 1695/1695/1683 1699/1699/1687
f 1697/1697/1685 1703/1703/1691 1700/1700/1688
f 1703/1703/1691 1697/1697/1685 1702/1702/1690
f 1701/1701/1689 1700/1700/1688 1704/1704/1692
f 1704/1704/1692 1705/1705/1693 1701/1701/1689
f 1706/1706/1694 1700/1700/1688 1703/1703/1691
f 1700/1700/1688 1706/1706/1694 1704/1704/1692
f 1703/1703/1691 1707/1707/1695 1706/1706/1694
f 1705/1705/1693 1704/1704/1692 1708/1708/1696
f 1706/1706/1694 1708/1708/1696 1704/1704/1692
f 1708/1708/1696 1709/1709/1697 1705/1705/1693
f 1708/1708/1696 1706/1706/1694 1710/1710/1698
f 1709/1709/1697 1708/1708/1696 1711/1711/1699
f 1710/1710/1698 1711/1711/1699 1708/1708/1696
f 1712/1712/1700 1709/1709/1697 1711/1711/1699
f 1711/1711/1699 1710/1710/1698 1713/1713/1701
f 1713/1713/1701 1712/1712/1700 1711/1711/1699
f 1707/1707/1695 1703/1703/1691 1714/1714/1702
f 1702/1702/1690 1714/1714/1702 1703/1703/1691
f 1714/1714/1702 1715/1715/1703 1707/1707/1695
f 1714/1714/1702 1702/1702/1690 1716/1716/1704
f 1715/1715/1703 1714/1714/1702 1717/1717/1705
f 1716/1716/1704 1717/1717/1705 1714/1714/1702
f 1717/1717/1705 1663/1663/1651 1715/1715/1703
f 1699/1699/1687 1716/1716/1704 1702/1702/1690
f 1663/1663/1651 1717/1717/1705 1718/1718/1706
f 1450/1450/1438 1663/1663/1651 1718/1718/1706
f 1717/1717/1705 1716/1716/1704 1719/1719/1707
f 1719/1719/1707 1718/1718/1706 1717/1717/1705
f 1716/1716/1704 1699/1699/1687 1720/1720/1708
f 1720/1720/1708 1719/1719/1707 1716/1716/1704
f 1721/1721/1709 1720/1720/1708 1699/1699/1687
f 1699/1699/1687 1693/1693/1681 1721/1721/1709
f 1694/1694/1682 1721/1721/1709 1693/1693/1681
f 1718/1718/1706 1722/1722/1710 1450/1450/1438
f 1448/1448/1436 1450/1450/1438 1722/1722/1710
f 1722/1722/1710 1445/1445/1433 1448/1448/1436
f 1722/1722/1710 1718/1718/1706 1723/1723/1711
f 1718/1718/1706 1719/1719/1707 1723/1723/1711
f 1445/1445/1433 1722/1722/1710 1724/1724/1712
f 1723/1723/1711 1724/1724/1712 1722/1722/1710
f 1725/1725/1713 1723/1723/1711 1719/1719/1707
f 1719/1719/1707 1720/1720/1708 1725/1725/1713
f 1724/1724/1712 1723/1723/1711 1726/1726/1714
f 1723/1723/1711 1725/1725/1713 1726/1726/1714
f 1727/1727/1715 1445/1445/1433 1724/1724/1712
f 1728/1728/1716 1725/1725/1713 1720/1720/1708
f 1720/1720/1708 1721/1721/1709 1728/1728/1716
f 1729/1729/1717 1724/1724/1712 1726/1726/1714
f 1724/1724/1712 1729/1729/1717 1727/1727/1715
f 1730/1730/1718 1726/1726/1714 1725/1725/1713
f 1725/1725/1713 1728/1728/1716 1730/1730/1718
f 1726/1726/1714 1730/1730/1718 1729/1729/1717
f 1731/1731/1719 1728/1728/1716 1721/1721/1709
f 1721/1721/1709 1694/1694/1682 1731/1731/1719
f 1732/1732/1720 1730/1730/1718 1728/1728/1716
f 1728/1728/1716 1731/1731/1719 1732/1732/1720
f 1733/1733/1721 1729/1729/1717 1730/1730/1718
f 1730/1730/1718 1732/1732/1720 1733/1733/1721
f 1734/1734/1722 1731/1731/1719 1694/1694/1682
f 1692/1692/1680 1734/1734/1722 1694/1694/1682
f 1735/1735/1723 1732/1732/1720 1731/1731/1719
f 1731/1731/1719 1734/1734/1722 1735/1735/1723
f 1736/1736/1724 1733/1733/1721 1732/1732/1720
f 1732/1732/1720 1735/1735/1723 1736/1736/1724
f 1734/1734/1722 1692/1692/1680 1737/1737/1725
f 1691/1691/1679 1737/1737/1725 1692/1692/1680
f 1738/1738/1726 1735/1735/1723 1734/1734/1722
f 1737/1737/1725 1738/1738/1726 1734/1734/1722
f 1739/1739/1727 1736/1736/1724 1735/1735/1723
f 1735/1735/1723 1738/1738/1726 1739/1739/1727
f 1737/1737/1725 1691/1691/1679 1740/1740/1728
f 1687/1687/1675 1740/1740/1728 1691/1691/1679
f 1738/1738/1726 1737/1737/1725 1741/1741/1729
f 1740/1740/1728 1741/1741/1729 1737/1737/1725
f 1742/1742/1730 1739/1739/1727 1738/1738/1726
f 1741/1741/1729 1742/1742/1730 1738/1738/1726
f 1740/1740/1728 1687/1687/1675 1743/1743/1731
f 1688/1688/1676 1743/1743/1731 1687/1687/1675
f 1741/1741/1729 1740/1740/1728 1744/1744/1732
f 1743/1743/1731 1744/1744/1732 1740/1740/1728
f 1742/1742/1730 1741/1741/1729 1745/1745/1733
f 1744/1744/1732 1745/1745/1733 1741/1741/1729
f 1745/1745/1733 1746/1746/1734 1742/1742/1730
f 1739/1739/1727 1742/1742/1730 1747/1747/1735
f 1746/1746/1734 1747/1747/1735 1742/1742/1730
f 1747/1747/1735 1748/1748/1736 1739/1739/1727
f 1736/1736/1724 1739/1739/1727 1748/1748/1736
f 1748/1748/1736 1749/1749/1737 1736/1736/1724
f 1733/1733/1721 1736/1736/1724 1749/1749/1737
f 1749/1749/1737 1750/1750/1738 1733/1733/1721
f 1729/1729/1717 1733/1733/1721 1750/1750/1738
f 1751/1751/1739 1729/1729/1717 1750/1750/1738
f 1729/1729/1717 1751/1751/1739 1727/1727/1715
f 1750/1750/1738 1749/1749/1737 1752/1752/1740
f 1752/1752/1740 1751/1751/1739 1750/1750/1738
f 1749/1749/1737 1748/1748/1736 1753/1753/1741
f 1753/1753/1741 1752/1752/1740 1749/1749/1737
f 1754/1754/1742 1753/1753/1741 1748/1748/1736
f 1748/1748/1736 1747/1747/1735 1754/1754/1742
f 1752/1752/1740 1753/1753/1741 1755/1755/1743
f 1751/1751/1739 1756/1756/1744 1727/1727/1715
f 1445/1445/1433 1727/1727/1715 1756/1756/1744
f 1436/1436/1424 1445/1445/1433 1756/1756/1744
f 1756/1756/1744 1431/1431/1419 1436/1436/1424
f 1756/1756/1744 1751/1751/1739 1757/1757/1745
f 1431/1431/1419 1756/1756/1744 1757/1757/1745
f 1751/1751/1739 1752/1752/1740 1758/1758/1746
f 1758/1758/1746 1757/1757/1745 1751/1751/1739
f 1755/1755/1743 1758/1758/1746 1752/1752/1740
f 1759/1759/1747 1431/1431/1419 1757/1757/1745
f 1757/1757/1745 1758/1758/1746 1759/1759/1747
f 1431/1431/1419 1759/1759/1747 1427/1427/1415
f 1428/1428/1416 1427/1427/1415 1759/1759/1747
f 1760/1760/1748 1759/1759/1747 1758/1758/1746
f 1759/1759/1747 1760/1760/1748 1428/1428/1416
f 1758/1758/1746 1755/1755/1743 1760/1760/1748
f 1761/1761/1749 1760/1760/1748 1755/1755/1743
f 1762/1762/1750 1428/1428/1416 1760/1760/1748
f 1760/1760/1748 1761/1761/1749 1762/1762/1750
f 1428/1428/1416 1762/1762/1750 1763/1763/1751
f 1421/1421/1409 1428/1428/1416 1763/1763/1751
f 1423/1423/1411 1421/1421/1409 1763/1763/1751
f 1764/1764/1752 1763/1763/1751 1762/1762/1750
f 1763/1763/1751 1764/1764/1752 1423/1423/1411
f 1761/1761/1749 1764/1764/1752 1762/1762/1750
f 1424/1424/1412 1423/1423/1411 1764/1764/1752
f 1755/1755/1743 1765/1765/1753 1761/1761/1749
f 1765/1765/1753 1755/1755/1743 1753/1753/1741
f 1753/1753/1741 1754/1754/1742 1765/1765/1753
f 1764/1764/1752 1761/1761/1749 1766/1766/1754
f 1766/1766/1754 1424/1424/1412 1764/1764/1752
f 1767/1767/1755 1761/1761/1749 1765/1765/1753
f 1761/1761/1749 1767/1767/1755 1766/1766/1754
f 1768/1768/1756 1765/1765/1753 1754/1754/1742
f 1765/1765/1753 1768/1768/1756 1767/1767/1755
f 1754/1754/1742 1769/1769/1757 1768/1768/1756
f 1769/1769/1757 1754/1754/1742 1747/1747/1735
f 1747/1747/1735 1746/1746/1734 1769/1769/1757
f 1424/1424/1412 1766/1766/1754 1770/1770/1758
f 1770/1770/1758 1419/1419/1407 1424/1424/1412
f 1771/1771/1759 1766/1766/1754 1767/1767/1755
f 1766/1766/1754 1771/1771/1759 1770/1770/1758
f 1767/1767/1755 1772/1772/1760 1771/1771/1759
f 1772/1772/1760 1767/1767/1755 1768/1768/1756
f 1773/1773/1761 1768/1768/1756 1769/1769/1757
f 1768/1768/1756 1773/1773/1761 1772/1772/1760
f 1769/1769/1757 1774/1774/1762 1773/1773/1761
f 1774/1774/1762 1769/1769/1757 1746/1746/1734
f 1775/1775/1763 1772/1772/1760 1773/1773/1761
f 1776/1776/1764 1773/1773/1761 1774/1774/1762
f 1773/1773/1761 1776/1776/1764 1775/1775/1763
f 1777/1777/1765 1771/1771/1759 1772/1772/1760
f 1772/1772/1760 1775/1775/1763 1777/1777/1765
f 1771/1771/1759 1777/1777/1765 1778/1778/1766
f 1778/1778/1766 1770/1770/1758 1771/1771/1759
f 1779/1779/1767 1777/1777/1765 1775/1775/1763
f 1777/1777/1765 1780/1780/1768 1778/1778/1766
f 1777/1777/1765 1779/1779/1767 1780/1780/1768
f 1770/1770/1758 1778/1778/1766 1781/1781/1769
f 1419/1419/1407 1770/1770/1758 1781/1781/1769
f 1778/1778/1766 1780/1780/1768 1782/1782/1770
f 1782/1782/1770 1781/1781/1769 1778/1778/1766
f 1781/1781/1769 7/7/7 1419/1419/1407
f 1782/1782/1770 1780/1780/1768 1783/1783/1771
f 1779/1779/1767 1783/1783/1771 1780/1780/1768
f 1781/1781/1769 1782/1782/1770 6/6/6
f 7/7/7 1781/1781/1769 6/6/6
f 15/15/15 1419/1419/1407 7/7/7
f 1784/1784/1772 1783/1783/1771 1779/1779/1767
f 1779/1779/1767 1785/1785/1773 1784/1784/1772
f 1783/1783/1771 1/1/1 1782/1782/1770
f 1/1/1 6/6/6 1782/1782/1770
f 2/2/2 1/1/1 1783/1783/1771
f 1785/1785/1773 1779/1779/1767 1786/1786/1774
f 1775/1775/1763 1786/1786/1774 1779/1779/1767
f 1786/1786/1774 1787/1787/1775 1785/1785/1773
f 1786/1786/1774 1775/1775/1763 1776/1776/1764
f 1787/1787/1775 1786/1786/1774 1788/1788/1776
f 1776/1776/1764 1788/1788/1776 1786/1786/1774
f 1788/1788/1776 1789/1789/1777 1787/1787/1775
f 1788/1788/1776 1776/1776/1764 1790/1790/1778
f 1789/1789/1777 1788/1788/1776 1791/1791/1779
f 1790/1790/1778 1791/1791/1779 1788/1788/1776
f 1791/1791/1779 1792/1792/88 1789/1789/1777
f 1774/1774/1762 1790/1790/1778 1776/1776/1764
f 1792/1792/88 1791/1791/1779 1793/1793/1780
f 1793/1793/1780 1794/1794/1781 1792/1792/88
f 1791/1791/1779 1790/1790/1778 1795/1795/1782
f 1795/1795/1782 1793/1793/1780 1791/1791/1779
f 1790/1790/1778 1774/1774/1762 1796/1796/1783
f 1796/1796/1783 1795/1795/1782 1790/1790/1778
f 1746/1746/1734 1796/1796/1783 1774/1774/1762
f 1794/1794/1781 1793/1793/1780 1797/1797/1784
f 1797/1797/1784 1798/1798/1785 1794/1794/1781
f 1793/1793/1780 1795/1795/1782 1799/1799/1786
f 1799/1799/1786 1797/1797/1784 1793/1793/1780
f 1796/1796/1783 1746/1746/1734 1800/1800/1787
f 1746/1746/1734 1745/1745/1733 1800/1800/1787
f 1795/1795/1782 1796/1796/1783 1801/1801/1788
f 1800/1800/1787 1801/1801/1788 1796/1796/1783
f 1795/1795/1782 1802/1802/1789 1799/1799/1786
f 1802/1802/1789 1795/1795/1782 1801/1801/1788
f 1803/1803/1790 1800/1800/1787 1745/1745/1733
f 1745/1745/1733 1744/1744/1732 1803/1803/1790
f 1801/1801/1788 1800/1800/1787 1804/1804/1791
f 1800/1800/1787 1803/1803/1790 1804/1804/1791
f 1801/1801/1788 1805/1805/1792 1802/1802/1789
f 1805/1805/1792 1801/1801/1788 1804/1804/1791
f 1806/1806/1793 1804/1804/1791 1803/1803/1790
f 1804/1804/1791 1806/1806/1793 1805/1805/1792
f 1807/1807/1794 1803/1803/1790 1744/1744/1732
f 1803/1803/1790 1807/1807/1794 1806/1806/1793
f 1744/1744/1732 1743/1743/1731 1807/1807/1794
f 1808/1808/1795 1807/1807/1794 1743/1743/1731
f 1743/1743/1731 1688/1688/1676 1808/1808/1795
f 1809/1809/1796 1806/1806/1793 1807/1807/1794
f 1807/1807/1794 1808/1808/1795 1809/1809/1796
f 1810/1810/1797 1805/1805/1792 1806/1806/1793
f 1806/1806/1793 1809/1809/1796 1810/1810/1797
f 1805/1805/1792 1810/1810/1797 1811/1811/1798
f 1811/1811/1798 1802/1802/1789 1805/1805/1792
f 1812/1812/1799 1808/1808/1795 1688/1688/1676
f 1688/1688/1676 1685/1685/1673 1812/1812/1799
f 1813/1813/1800 1809/1809/1796 1808/1808/1795
f 1808/1808/1795 1812/1812/1799 1813/1813/1800
f 1814/1814/1801 1810/1810/1797 1809/1809/1796
f 1809/1809/1796 1813/1813/1800 1814/1814/1801
f 1815/1815/1802 1811/1811/1798 1810/1810/1797
f 1810/1810/1797 1814/1814/1801 1815/1815/1802
f 1816/1816/1803 1812/1812/1799 1685/1685/1673
f 1685/1685/1673 1683/1683/1671 1816/1816/1803
f 1817/1817/1804 1813/1813/1800 1812/1812/1799
f 1812/1812/1799 1816/1816/1803 1817/1817/1804
f 1818/1818/1805 1814/1814/1801 1813/1813/1800
f 1813/1813/1800 1817/1817/1804 1818/1818/1805
f 1819/1819/1806 1815/1815/1802 1814/1814/1801
f 1814/1814/1801 1818/1818/1805 1819/1819/1806
f 1820/1820/1807 1816/1816/1803 1683/1683/1671
f 1820/1820/1807 1683/1683/1671 1681/1681/1669
f 1821/1821/1808 1817/1817/1804 1816/1816/1803
f 1821/1821/1808 1816/1816/1803 1820/1820/1807
f 1822/1822/1809 1818/1818/1805 1817/1817/1804
f 1822/1822/1809 1817/1817/1804 1821/1821/1808
f 1823/1823/1810 1818/1818/1805 1822/1822/1809
f 1823/1823/1810 1819/1819/1806 1818/1818/1805
f 1821/1821/1808 1824/1824/1811 1822/1822/1809
f 1824/1824/1811 1823/1823/1810 1822/1822/1809
f 1825/1825/1812 1820/1820/1807 1681/1681/1669
f 1679/1679/1667 1825/1825/1812 1681/1681/1669
f 1826/1826/1813 1821/1821/1808 1820/1820/1807
f 1826/1826/1813 1820/1820/1807 1825/1825/1812
f 1827/1827/1814 1821/1821/1808 1826/1826/1813
f 1824/1824/1811 1821/1821/1808 1827/1827/1814
f 1825/1825/1812 1679/1679/1667 1828/1828/1815
f 1676/1676/1664 1828/1828/1815 1679/1679/1667
f 1825/1825/1812 1829/1829/1816 1826/1826/1813
f 1828/1828/1815 1676/1676/1664 1830/1830/1817
f 1673/1673/1661 1830/1830/1817 1676/1676/1664
f 1828/1828/1815 1831/1831/1818 1825/1825/1812
f 1829/1829/1816 1825/1825/1812 1831/1831/1818
f 1830/1830/1817 1832/1832/1819 1828/1828/1815
f 1831/1831/1818 1828/1828/1815 1832/1832/1819
f 1833/1833/1820 1826/1826/1813 1829/1829/1816
f 1826/1826/1813 1833/1833/1820 1827/1827/1814
f 1834/1834/1821 1829/1829/1816 1831/1831/1818
f 1835/1835/1822 1831/1831/1818 1832/1832/1819
f 1834/1834/1821 1831/1831/1818 1835/1835/1822
f 1836/1836/1823 1827/1827/1814 1833/1833/1820
f 1827/1827/1814 1836/1836/1823 1824/1824/1811
f 1837/1837/1824 1833/1833/1820 1829/1829/1816
f 1837/1837/1824 1829/1829/1816 1834/1834/1821
f 1838/1838/1825 1836/1836/1823 1833/1833/1820
f 1838/1838/1825 1833/1833/1820 1837/1837/1824
f 1839/1839/1826 1824/1824/1811 1836/1836/1823
f 1840/1840/1827 1836/1836/1823 1838/1838/1825
f 1840/1840/1827 1839/1839/1826 1836/1836/1823
f 1201/1201/1192 1837/1837/1824 1834/1834/1821
f 1198/1198/1189 1838/1838/1825 1837/1837/1824
f 1198/1198/1189 1837/1837/1824 1201/1201/1192
f 1196/1196/1187 1838/1838/1825 1198/1198/1189
f 1196/1196/1187 1840/1840/1827 1838/1838/1825
f 1824/1824/1811 1839/1839/1826 1841/1841/1828
f 1841/1841/1828 1823/1823/1810 1824/1824/1811
f 1841/1841/1828 1842/1842/1829 1823/1823/1810
f 1842/1842/1829 1819/1819/1806 1823/1823/1810
f 1152/1152/1143 1840/1840/1827 1196/1196/1187
f 1843/1843/1830 1839/1839/1826 1840/1840/1827
f 1152/1152/1143 1843/1843/1830 1840/1840/1827
f 1844/1844/1831 1841/1841/1828 1839/1839/1826
f 1843/1843/1830 1844/1844/1831 1839/1839/1826
f 1841/1841/1828 1844/1844/1831 1845/1845/1832
f 1845/1845/1832 1842/1842/1829 1841/1841/1828
f 1148/1148/1139 1844/1844/1831 1843/1843/1830
f 1152/1152/1143 1148/1148/1139 1843/1843/1830
f 1145/1145/1136 1845/1845/1832 1844/1844/1831
f 1148/1148/1139 1145/1145/1136 1844/1844/1831
f 1143/1143/1134 1842/1842/1829 1845/1845/1832
f 1845/1845/1832 1145/1145/1136 1143/1143/1134
f 1842/1842/1829 1846/1846/1833 1819/1819/1806
f 1815/1815/1802 1819/1819/1806 1846/1846/1833
f 1842/1842/1829 1143/1143/1134 1142/1142/1133
f 1142/1142/1133 1846/1846/1833 1842/1842/1829
f 1846/1846/1833 1847/1847/1834 1815/1815/1802
f 1811/1811/1798 1815/1815/1802 1847/1847/1834
f 1142/1142/1133 1848/1848/1835 1846/1846/1833
f 1847/1847/1834 1846/1846/1833 1848/1848/1835
f 1847/1847/1834 1849/1849/1836 1811/1811/1798
f 1802/1802/1789 1811/1811/1798 1849/1849/1836
f 1849/1849/1836 1799/1799/1786 1802/1802/1789
f 1849/1849/1836 1847/1847/1834 1850/1850/1837
f 1848/1848/1835 1850/1850/1837 1847/1847/1834
f 1799/1799/1786 1849/1849/1836 1851/1851/1838
f 1850/1850/1837 1851/1851/1838 1849/1849/1836
f 1797/1797/1784 1799/1799/1786 1851/1851/1838
f 1851/1851/1838 1852/1852/1839 1797/1797/1784
f 1798/1798/1785 1797/1797/1784 1852/1852/1839
f 1852/1852/1839 1853/1853/1840 1798/1798/1785
f 1852/1852/1839 1851/1851/1838 1854/1854/1841
f 1851/1851/1838 1850/1850/1837 1854/1854/1841
f 1853/1853/1840 1852/1852/1839 1855/1855/1842
f 1854/1854/1841 1855/1855/1842 1852/1852/1839
f 1855/1855/1842 1128/1128/1119 1853/1853/1840
f 1856/1856/1843 1854/1854/1841 1850/1850/1837
f 1850/1850/1837 1848/1848/1835 1856/1856/1843
f 1855/1855/1842 1854/1854/1841 1857/1857/1844
f 1854/1854/1841 1856/1856/1843 1857/1857/1844
f 1135/1135/1126 1856/1856/1843 1848/1848/1835
f 1135/1135/1126 1848/1848/1835 1142/1142/1133
f 1133/1133/1124 1857/1857/1844 1856/1856/1843
f 1133/1133/1124 1856/1856/1843 1135/1135/1126
f 1858/1858/1845 1855/1855/1842 1857/1857/1844
f 1858/1858/1845 1857/1857/1844 1133/1133/1124
f 1855/1855/1842 1858/1858/1845 1129/1129/1120
f 1128/1128/1119 1855/1855/1842 1129/1129/1120
f 1133/1133/1124 1130/1130/1121 1858/1858/1845
f 1130/1130/1121 1129/1129/1120 1858/1858/1845
f 1859/1859/1846 1860/1860/1847 1861/1861/1848
f 1456/1456/1444 1859/1859/1846 1861/1861/1848
f 1862/1862/1849 1863/1863/1850 1864/1864/1851
f 1864/1864/1851 1865/1865/1852 1862/1862/1849
f 1866/1866/1853 1861/1861/1848 1860/1860/1847
f 1461/1461/1449 1456/1456/1444 1861/1861/1848
f 1861/1861/1848 1866/1866/1853 1461/1461/1449
f 1865/1865/1852 1867/1867/1854 1862/1862/1849
f 1867/1867/1854 1865/1865/1852 1868/1868/1855
f 1863/1863/1850 1862/1862/1849 1869/1869/1856
f 1870/1870/1857 1862/1862/1849 1867/1867/1854
f 1862/1862/1849 1870/1870/1857 1869/1869/1856
f 1869/1869/1856 1871/1871/1858 1863/1863/1850
f 1871/1871/1858 1872/1872/1859 1863/1863/1850
f 1868/1868/1855 1873/1873/1860 1867/1867/1854
f 1872/1872/1859 1871/1871/1858 1874/1874/1861
f 1874/1874/1861 1875/1875/1862 1872/1872/1859
f 1871/1871/1858 1869/1869/1856 1876/1876/1863
f 1877/1877/1864 1874/1874/1861 1871/1871/1858
f 1876/1876/1863 1877/1877/1864 1871/1871/1858
f 1869/1869/1856 1878/1878/1865 1876/1876/1863
f 1878/1878/1865 1869/1869/1856 1870/1870/1857
f 1875/1875/1862 1874/1874/1861 1879/1879/1866
f 1879/1879/1866 1880/1880/1867 1875/1875/1862
f 1881/1881/1868 1879/1879/1866 1874/1874/1861
f 1874/1874/1861 1877/1877/1864 1881/1881/1868
f 1880/1880/1867 1879/1879/1866 1882/1882/1869
f 1882/1882/1869 1883/1883/1870 1880/1880/1867
f 1879/1879/1866 1881/1881/1868 1884/1884/1871
f 1884/1884/1871 1882/1882/1869 1879/1879/1866
f 1877/1877/1864 1885/1885/1872 1881/1881/1868
f 1885/1885/1872 1884/1884/1871 1881/1881/1868
f 1883/1883/1870 1882/1882/1869 1886/1886/1873
f 1882/1882/1869 1884/1884/1871 1887/1887/1874
f 1887/1887/1874 1886/1886/1873 1882/1882/1869
f 1886/1886/1873 1888/1888/1875 1883/1883/1870
f 1860/1860/1847 1883/1883/1870 1888/1888/1875
f 1888/1888/1875 1866/1866/1853 1860/1860/1847
f 1888/1888/1875 1886/1886/1873 1889/1889/1876
f 1866/1866/1853 1888/1888/1875 1890/1890/1877
f 1889/1889/1876 1890/1890/1877 1888/1888/1875
f 1886/1886/1873 1887/1887/1874 1891/1891/1878
f 1891/1891/1878 1889/1889/1876 1886/1886/1873
f 1892/1892/1879 1887/1887/1874 1884/1884/1871
f 1884/1884/1871 1885/1885/1872 1892/1892/1879
f 1887/1887/1874 1892/1892/1879 1893/1893/1880
f 1893/1893/1880 1891/1891/1878 1887/1887/1874
f 1894/1894/1881 1892/1892/1879 1885/1885/1872
f 1895/1895/1882 1893/1893/1880 1892/1892/1879
f 1892/1892/1879 1894/1894/1881 1895/1895/1882
f 1893/1893/1880 1895/1895/1882 1896/1896/1883
f 1891/1891/1878 1893/1893/1880 1897/1897/1884
f 1896/1896/1883 1897/1897/1884 1893/1893/1880
f 1898/1898/1885 1891/1891/1878 1897/1897/1884
f 1608/1608/1596 1896/1896/1883 1895/1895/1882
f 1613/1613/1601 1895/1895/1882 1894/1894/1881
f 1895/1895/1882 1613/1613/1601 1608/1608/1596
f 1894/1894/1881 1619/1619/1607 1613/1613/1601
f 1889/1889/1876 1891/1891/1878 1899/1899/1886
f 1891/1891/1878 1898/1898/1885 1899/1899/1886
f 1900/1900/1887 1889/1889/1876 1899/1899/1886
f 1901/1901/1888 1899/1899/1886 1898/1898/1885
f 1899/1899/1886 1901/1901/1888 1900/1900/1887
f 1889/1889/1876 1900/1900/1887 1902/1902/1889
f 1890/1890/1877 1889/1889/1876 1902/1902/1889
f 1900/1900/1887 1903/1903/1890 1902/1902/1889
f 1903/1903/1890 1890/1890/1877 1902/1902/1889
f 1904/1904/1891 1900/1900/1887 1901/1901/1888
f 1903/1903/1890 1900/1900/1887 1905/1905/1892
f 1900/1900/1887 1904/1904/1891 1905/1905/1892
f 1905/1905/1892 1906/1906/1893 1903/1903/1890
f 1890/1890/1877 1903/1903/1890 1907/1907/1894
f 1906/1906/1893 1907/1907/1894 1903/1903/1890
f 1908/1908/1895 1890/1890/1877 1907/1907/1894
f 1890/1890/1877 1908/1908/1895 1866/1866/1853
f 1907/1907/1894 1906/1906/1893 1909/1909/1896
f 1909/1909/1896 1908/1908/1895 1907/1907/1894
f 1906/1906/1893 1905/1905/1892 1910/1910/1897
f 1464/1464/1452 1866/1866/1853 1908/1908/1895
f 1866/1866/1853 1464/1464/1452 1461/1461/1449
f 1908/1908/1895 1909/1909/1896 1911/1911/1898
f 1905/1905/1892 1912/1912/1899 1910/1910/1897
f 1912/1912/1899 1905/1905/1892 1904/1904/1891
f 1908/1908/1895 1913/1913/1900 1464/1464/1452
f 1913/1913/1900 1908/1908/1895 1911/1911/1898
f 1465/1465/1453 1464/1464/1452 1913/1913/1900
f 1914/1914/1901 1911/1911/1898 1909/1909/1896
f 1915/1915/1902 1913/1913/1900 1911/1911/1898
f 1911/1911/1898 1914/1914/1901 1915/1915/1902
f 1913/1913/1900 1915/1915/1902 1469/1469/1457
f 1469/1469/1457 1465/1465/1453 1913/1913/1900
f 1909/1909/1896 1916/1916/1903 1914/1914/1901
f 1916/1916/1903 1909/1909/1896 1906/1906/1893
f 1271/1271/1262 1915/1915/1902 1914/1914/1901
f 1273/1273/1264 1914/1914/1901 1916/1916/1903
f 1914/1914/1901 1273/1273/1264 1271/1271/1262
f 1906/1906/1893 1917/1917/1904 1916/1916/1903
f 1917/1917/1904 1906/1906/1893 1910/1910/1897
f 1916/1916/1903 1276/1276/1267 1273/1273/1264
f 1276/1276/1267 1916/1916/1903 1917/1917/1904
f 1915/1915/1902 1271/1271/1262 1270/1270/1261
f 1270/1270/1261 1469/1469/1457 1915/1915/1902
f 1910/1910/1897 1918/1918/1905 1917/1917/1904
f 1918/1918/1905 1910/1910/1897 1912/1912/1899
f 1917/1917/1904 1919/1919/1906 1276/1276/1267
f 1919/1919/1906 1917/1917/1904 1918/1918/1905
f 1277/1277/1268 1276/1276/1267 1919/1919/1906
f 1469/1469/1457 1270/1270/1261 1404/1404/1392
f 1912/1912/1899 1920/1920/1907 1918/1918/1905
f 1918/1918/1905 1921/1921/1908 1919/1919/1906
f 1921/1921/1908 1918/1918/1905 1920/1920/1907
f 1920/1920/1907 1912/1912/1899 1922/1922/1909
f 1923/1923/1910 1919/1919/1906 1921/1921/1908
f 1919/1919/1906 1923/1923/1910 1277/1277/1268
f 1904/1904/1891 1922/1922/1909 1912/1912/1899
f 1922/1922/1909 1904/1904/1891 1924/1924/1911
f 1901/1901/1888 1924/1924/1911 1904/1904/1891
f 1922/1922/1909 1925/1925/1912 1920/1920/1907
f 1924/1924/1911 1901/1901/1888 1926/1926/1913
f 1898/1898/1885 1926/1926/1913 1901/1901/1888
f 1924/1924/1911 1927/1927/1914 1922/1922/1909
f 1925/1925/1912 1922/1922/1909 1927/1927/1914
f 1926/1926/1913 1928/1928/1915 1924/1924/1911
f 1927/1927/1914 1924/1924/1911 1928/1928/1915
f 1926/1926/1913 1898/1898/1885 1929/1929/1916
f 1897/1897/1884 1929/1929/1916 1898/1898/1885
f 1928/1928/1915 1926/1926/1913 1930/1930/1917
f 1929/1929/1916 1930/1930/1917 1926/1926/1913
f 1929/1929/1916 1897/1897/1884 1931/1931/1918
f 1897/1897/1884 1896/1896/1883 1931/1931/1918
f 1930/1930/1917 1929/1929/1916 1932/1932/1919
f 1931/1931/1918 1932/1932/1919 1929/1929/1916
f 1603/1603/1591 1931/1931/1918 1896/1896/1883
f 1896/1896/1883 1608/1608/1596 1603/1603/1591
f 1932/1932/1919 1931/1931/1918 1598/1598/1586
f 1931/1931/1918 1603/1603/1591 1598/1598/1586
f 1932/1932/1919 1933/1933/1920 1930/1930/1917
f 1598/1598/1586 1341/1341/1332 1932/1932/1919
f 1933/1933/1920 1932/1932/1919 1341/1341/1332
f 1934/1934/1921 1930/1930/1917 1933/1933/1920
f 1930/1930/1917 1934/1934/1921 1928/1928/1915
f 1935/1935/1922 1928/1928/1915 1934/1934/1921
f 1928/1928/1915 1935/1935/1922 1927/1927/1914
f 1933/1933/1920 1936/1936/1923 1934/1934/1921
f 1341/1341/1332 1336/1336/1327 1933/1933/1920
f 1936/1936/1923 1933/1933/1920 1336/1336/1327
f 1937/1937/1924 1927/1927/1914 1935/1935/1922
f 1927/1927/1914 1937/1937/1924 1925/1925/1912
f 1934/1934/1921 1938/1938/1925 1935/1935/1922
f 1938/1938/1925 1934/1934/1921 1936/1936/1923
f 1935/1935/1922 1939/1939/1926 1937/1937/1924
f 1939/1939/1926 1935/1935/1922 1938/1938/1925
f 1940/1940/1927 1925/1925/1912 1937/1937/1924
f 1941/1941/1928 1937/1937/1924 1939/1939/1926
f 1937/1937/1924 1941/1941/1928 1940/1940/1927
f 1925/1925/1912 1940/1940/1927 1942/1942/1929
f 1942/1942/1929 1920/1920/1907 1925/1925/1912
f 1920/1920/1907 1942/1942/1929 1921/1921/1908
f 1943/1943/1930 1921/1921/1908 1942/1942/1929
f 1921/1921/1908 1943/1943/1930 1923/1923/1910
f 1944/1944/1931 1942/1942/1929 1940/1940/1927
f 1942/1942/1929 1944/1944/1931 1943/1943/1930
f 1945/1945/1932 1940/1940/1927 1941/1941/1928
f 1940/1940/1927 1945/1945/1932 1944/1944/1931
f 1941/1941/1928 1946/1946/1933 1945/1945/1932
f 1947/1947/1934 1923/1923/1910 1943/1943/1930
f 1948/1948/1935 1943/1943/1930 1944/1944/1931
f 1943/1943/1930 1948/1948/1935 1947/1947/1934
f 1949/1949/1936 1944/1944/1931 1945/1945/1932
f 1944/1944/1931 1949/1949/1936 1948/1948/1935
f 1945/1945/1932 1950/1950/1937 1949/1949/1936
f 1950/1950/1937 1945/1945/1932 1946/1946/1933
f 1923/1923/1910 1947/1947/1934 1279/1279/1270
f 1279/1279/1270 1277/1277/1268 1923/1923/1910
f 1951/1951/1938 1947/1947/1934 1948/1948/1935
f 1952/1952/1939 1279/1279/1270 1947/1947/1934
f 1947/1947/1934 1951/1951/1938 1952/1952/1939
f 1952/1952/1939 1951/1951/1938 1953/1953/1940
f 1953/1953/1940 1951/1951/1938 1954/1954/1941
f 1955/1955/1942 1952/1952/1939 1953/1953/1940
f 1948/1948/1935 1956/1956/1943 1951/1951/1938
f 1951/1951/1938 1956/1956/1943 1954/1954/1941
f 1956/1956/1943 1948/1948/1935 1949/1949/1936
f 1954/1954/1941 1956/1956/1943 1957/1957/1944
f 1280/1280/1271 1952/1952/1939 1955/1955/1942
f 1279/1279/1270 1952/1952/1939 1280/1280/1271
f 1282/1282/1273 1280/1280/1271 1955/1955/1942
f 1956/1956/1943 1958/1958/1945 1957/1957/1944
f 1949/1949/1936 1958/1958/1945 1956/1956/1943
f 1957/1957/1944 1958/1958/1945 1959/1959/1004
f 1958/1958/1945 1949/1949/1936 1950/1950/1937
f 1958/1958/1945 1960/1960/1946 1959/1959/1004
f 1950/1950/1937 1960/1960/1946 1958/1958/1945
f 1960/1960/1946 1961/1961/1947 1959/1959/1004
f 1960/1960/1946 1950/1950/1937 1962/1962/1948
f 1963/1963/1949 1961/1961/1947 1960/1960/1946
f 1962/1962/1948 1963/1963/1949 1960/1960/1946
f 1961/1961/1947 1963/1963/1949 1964/1964/1950
f 1946/1946/1933 1962/1962/1948 1950/1950/1937
f 1965/1965/1951 1964/1964/1950 1963/1963/1949
f 1964/1964/1950 1965/1965/1951 1966/1966/1952
f 1963/1963/1949 1962/1962/1948 1967/1967/1953
f 1967/1967/1953 1965/1965/1951 1963/1963/1949
f 1962/1962/1948 1946/1946/1933 1968/1968/1954
f 1968/1968/1954 1967/1967/1953 1962/1962/1948
f 1969/1969/1955 1966/1966/1952 1965/1965/1951
f 1970/1970/1956 1968/1968/1954 1946/1946/1933
f 1946/1946/1933 1941/1941/1928 1970/1970/1956
f 1939/1939/1926 1970/1970/1956 1941/1941/1928
f 1966/1966/1952 1969/1969/1955 1971/1971/1957
f 1970/1970/1956 1939/1939/1926 1972/1972/1958
f 1938/1938/1925 1972/1972/1958 1939/1939/1926
f 1968/1968/1954 1970/1970/1956 1973/1973/1959
f 1972/1972/1958 1973/1973/1959 1970/1970/1956
f 1972/1972/1958 1938/1938/1925 1974/1974/1960
f 1973/1973/1959 1975/1975/1961 1968/1968/1954
f 1967/1967/1953 1968/1968/1954 1975/1975/1961
f 1973/1973/1959 1972/1972/1958 1976/1976/1962
f 1974/1974/1960 1976/1976/1962 1972/1972/1958
f 1936/1936/1923 1974/1974/1960 1938/1938/1925
f 1976/1976/1962 1977/1977/1963 1973/1973/1959
f 1975/1975/1961 1973/1973/1959 1977/1977/1963
f 1974/1974/1960 1936/1936/1923 1331/1331/1322
f 1336/1336/1327 1331/1331/1322 1936/1936/1923
f 1976/1976/1962 1974/1974/1960 1328/1328/1319
f 1331/1331/1322 1328/1328/1319 1974/1974/1960
f 1977/1977/1963 1976/1976/1962 1325/1325/1316
f 1328/1328/1319 1325/1325/1316 1976/1976/1962
f 1977/1977/1963 1978/1978/1964 1975/1975/1961
f 1975/1975/1961 1979/1979/1965 1967/1967/1953
f 1979/1979/1965 1975/1975/1961 1978/1978/1964
f 1965/1965/1951 1967/1967/1953 1979/1979/1965
f 1979/1979/1965 1969/1969/1955 1965/1965/1951
f 1325/1325/1316 1323/1323/1314 1977/1977/1963
f 1978/1978/1964 1977/1977/1963 1323/1323/1314
f 1978/1978/1964 1980/1980/1966 1979/1979/1965
f 1969/1969/1955 1979/1979/1965 1980/1980/1966
f 1323/1323/1314 1322/1322/1313 1978/1978/1964
f 1980/1980/1966 1978/1978/1964 1322/1322/1313
f 1980/1980/1966 1981/1981/1967 1969/1969/1955
f 1969/1969/1955 1981/1981/1967 1971/1971/1957
f 1971/1971/1957 1981/1981/1967 1982/1982/1968
f 1981/1981/1967 1980/1980/1966 1983/1983/1969
f 1322/1322/1313 1983/1983/1969 1980/1980/1966
f 1981/1981/1967 1984/1984/1970 1982/1982/1968
f 1983/1983/1969 1984/1984/1970 1981/1981/1967
f 1982/1982/1968 1984/1984/1970 1985/1985/1971
f 1983/1983/1969 1322/1322/1313 1319/1319/1310
f 1984/1984/1970 1986/1986/1972 1985/1985/1971
f 1984/1984/1970 1983/1983/1969 1987/1987/1973
f 1987/1987/1973 1986/1986/1972 1984/1984/1970
f 1319/1319/1310 1987/1987/1973 1983/1983/1969
f 1985/1985/1971 1986/1986/1972 1988/1988/1974
f 1986/1986/1972 1989/1989/1975 1988/1988/1974
f 1988/1988/1974 1989/1989/1975 1990/1990/1976
f 1986/1986/1972 1987/1987/1973 1991/1991/1977
f 1991/1991/1977 1989/1989/1975 1986/1986/1972
f 1992/1992/1978 1991/1991/1977 1987/1987/1973
f 1987/1987/1973 1319/1319/1310 1992/1992/1978
f 1989/1989/1975 1993/1993/1979 1990/1990/1976
f 1990/1990/1976 1993/1993/1979 1994/1994/539
f 1989/1989/1975 1991/1991/1977 1995/1995/1980
f 1995/1995/1980 1993/1993/1979 1989/1989/1975
f 1991/1991/1977 1992/1992/1978 1996/1996/1981
f 1996/1996/1981 1995/1995/1980 1991/1991/1977
f 1319/1319/1310 1311/1311/1302 1992/1992/1978
f 1311/1311/1302 1996/1996/1981 1992/1992/1978
f 1993/1993/1979 1997/1997/1982 1994/1994/539
f 1994/1994/539 1997/1997/1982 1998/1998/1983
f 1993/1993/1979 1995/1995/1980 1999/1999/1984
f 1999/1999/1984 1997/1997/1982 1993/1993/1979
f 1995/1995/1980 1996/1996/1981 2000/2000/1985
f 2000/2000/1985 1999/1999/1984 1995/1995/1980
f 1997/1997/1982 2001/2001/1986 1998/1998/1983
f 1998/1998/1983 2001/2001/1986 2002/2002/1987
f 1997/1997/1982 1999/1999/1984 2003/2003/1988
f 2003/2003/1988 2001/2001/1986 1997/1997/1982
f 1999/1999/1984 2000/2000/1985 2004/2004/1989
f 2004/2004/1989 2003/2003/1988 1999/1999/1984
f 1306/1306/1297 2000/2000/1985 1996/1996/1981
f 1996/1996/1981 1311/1311/1302 1306/1306/1297
f 1301/1301/1292 2004/2004/1989 2000/2000/1985
f 2000/2000/1985 1306/1306/1297 1301/1301/1292
f 2003/2003/1988 2004/2004/1989 2005/2005/1990
f 2001/2001/1986 2003/2003/1988 2006/2006/1991
f 2005/2005/1990 2006/2006/1991 2003/2003/1988
f 2001/2001/1986 2007/2007/1992 2002/2002/1987
f 2006/2006/1991 2007/2007/1992 2001/2001/1986
f 2002/2002/1987 2007/2007/1992 2008/2008/1993
f 2004/2004/1989 1301/1301/1292 1296/1296/1287
f 1296/1296/1287 2005/2005/1990 2004/2004/1989
f 2007/2007/1992 2009/2009/1994 2008/2008/1993
f 2008/2008/1993 2009/2009/1994 2010/2010/1995
f 2007/2007/1992 2006/2006/1991 2011/2011/1996
f 2011/2011/1996 2009/2009/1994 2007/2007/1992
f 2006/2006/1991 2005/2005/1990 2012/2012/1997
f 2012/2012/1997 2011/2011/1996 2006/2006/1991
f 2005/2005/1990 1296/1296/1287 1294/1294/1285
f 1294/1294/1285 2012/2012/1997 2005/2005/1990
f 2009/2009/1994 2013/2013/1998 2010/2010/1995
f 2010/2010/1995 2013/2013/1998 2014/2014/550
f 2009/2009/1994 2011/2011/1996 2015/2015/1999
f 2015/2015/1999 2013/2013/1998 2009/2009/1994
f 2011/2011/1996 2012/2012/1997 2016/2016/2000
f 2016/2016/2000 2015/2015/1999 2011/2011/1996
f 2012/2012/1997 1294/1294/1285 1290/1290/1281
f 1290/1290/1281 2016/2016/2000 2012/2012/1997
f 2013/2013/1998 2017/2017/2001 2014/2014/550
f 2014/2014/550 2017/2017/2001 2018/2018/2002
f 2013/2013/1998 2015/2015/1999 2019/2019/2003
f 2019/2019/2003 2017/2017/2001 2013/2013/1998
f 2015/2015/1999 2016/2016/2000 2020/2020/2004
f 2020/2020/2004 2019/2019/2003 2015/2015/1999
f 2016/2016/2000 1290/1290/1281 1289/1289/1280
f 1289/1289/1280 2020/2020/2004 2016/2016/2000
f 2017/2017/2001 2021/2021/2005 2018/2018/2002
f 2018/2018/2002 2021/2021/2005 2022/2022/2006
f 2017/2017/2001 2019/2019/2003 2023/2023/2007
f 2023/2023/2007 2021/2021/2005 2017/2017/2001
f 2019/2019/2003 2020/2020/2004 2024/2024/2008
f 2024/2024/2008 2023/2023/2007 2019/2019/2003
f 2020/2020/2004 1289/1289/1280 1442/1442/1430
f 1442/1442/1430 2024/2024/2008 2020/2020/2004
f 2021/2021/2005 2025/2025/2009 2022/2022/2006
f 2022/2022/2006 2025/2025/2009 2026/2026/2010
f 2021/2021/2005 2023/2023/2007 2027/2027/2011
f 2027/2027/2011 2025/2025/2009 2021/2021/2005
f 2023/2023/2007 2024/2024/2008 2028/2028/2012
f 2028/2028/2012 2027/2027/2011 2023/2023/2007
f 2024/2024/2008 1442/1442/1430 1438/1438/1426
f 1438/1438/1426 2028/2028/2012 2024/2024/2008
f 2025/2025/2009 280/280/280 2026/2026/2010
f 2026/2026/2010 280/280/280 282/282/282
f 2025/2025/2009 2027/2027/2011 284/284/284
f 284/284/284 280/280/280 2025/2025/2009
f 2027/2027/2011 2028/2028/2012 286/286/286
f 286/286/286 284/284/284 2027/2027/2011
f 2028/2028/2012 1438/1438/1426 288/288/288
f 288/288/288 286/286/286 2028/2028/2012
f 2029/2029/2013 2030/2030/2014 2031/2031/2015
f 2031/2031/2015 2030/2030/2014 2032/2032/2016
f 2033/2033/2017 2029/2029/2013 2034/2034/2018
f 2034/2034/2018 2029/2029/2013 2031/2031/2015
f 2035/2035/2019 2033/2033/2017 2036/2036/2020
f 2036/2036/2020 2033/2033/2017 2034/2034/2018
f 2037/2037/2021 2035/2035/2019 2036/2036/2020
f 2038/2038/2022 2035/2035/2019 2037/2037/2021
f 2036/2036/2020 2034/2034/2018 2039/2039/2023
f 2034/2034/2018 2031/2031/2015 2040/2040/2024
f 2039/2039/2023 2034/2034/2018 2040/2040/2024
f 2040/2040/2024 2031/2031/2015 2041/2041/2025
f 2031/2031/2015 2032/2032/2016 2041/2041/2025
f 2037/2037/2021 2036/2036/2020 2042/2042/2026
f 2042/2042/2026 2036/2036/2020 2039/2039/2023
f 2043/2043/2027 2038/2038/2022 2037/2037/2021
f 2044/2044/2028 2037/2037/2021 2042/2042/2026
f 2043/2043/2027 2037/2037/2021 2044/2044/2028
f 2045/2045/2029 2038/2038/2022 2043/2043/2027
f 2045/2045/2029 2046/2046/2030 2038/2038/2022
f 2047/2047/2031 2043/2043/2027 2044/2044/2028
f 2047/2047/2031 2045/2045/2029 2043/2043/2027
f 2048/2048/2032 2046/2046/2030 2045/2045/2029
f 2046/2046/2030 2048/2048/2032 2049/2049/2033
f 2050/2050/2034 2048/2048/2032 2045/2045/2029
f 2045/2045/2029 2047/2047/2031 2050/2050/2034
f 2051/2051/2035 2049/2049/2033 2048/2048/2032
f 2049/2049/2033 2051/2051/2035 2052/2052/2036
f 2053/2053/2037 2052/2052/2036 2051/2051/2035
f 2054/2054/2038 2051/2051/2035 2048/2048/2032
f 2048/2048/2032 2050/2050/2034 2054/2054/2038
f 2055/2055/2039 2053/2053/2037 2051/2051/2035
f 2051/2051/2035 2054/2054/2038 2055/2055/2039
f 2053/2053/2037 2055/2055/2039 2056/2056/2040
f 2056/2056/2040 2057/2057/2041 2053/2053/2037
f 2058/2058/2042 2055/2055/2039 2054/2054/2038
f 2057/2057/2041 2056/2056/2040 2059/2059/2043
f 2059/2059/2043 2060/2060/2044 2057/2057/2041
f 2061/2061/2045 2056/2056/2040 2055/2055/2039
f 2055/2055/2039 2058/2058/2042 2061/2061/2045
f 2062/2062/2046 2059/2059/2043 2056/2056/2040
f 2056/2056/2040 2061/2061/2045 2062/2062/2046
f 2060/2060/2044 2059/2059/2043 2063/2063/2047
f 2063/2063/2047 2064/2064/2048 2060/2060/2044
f 2059/2059/2043 2062/2062/2046 2065/2065/2049
f 2065/2065/2049 2063/2063/2047 2059/2059/2043
f 2064/2064/2048 2063/2063/2047 2066/2066/2050
f 2066/2066/2050 2067/2067/2051 2064/2064/2048
f 2063/2063/2047 2065/2065/2049 2068/2068/2052
f 2068/2068/2052 2066/2066/2050 2063/2063/2047
f 2062/2062/2046 2069/2069/2053 2065/2065/2049
f 2065/2065/2049 2070/2070/2054 2068/2068/2052
f 2069/2069/2053 2070/2070/2054 2065/2065/2049
f 2071/2071/2055 2069/2069/2053 2062/2062/2046
f 2061/2061/2045 2071/2071/2055 2062/2062/2046
f 2069/2069/2053 2072/2072/2056 2070/2070/2054
f 2073/2073/2057 2071/2071/2055 2061/2061/2045
f 2058/2058/2042 2073/2073/2057 2061/2061/2045
f 2071/2071/2055 2074/2074/2058 2069/2069/2053
f 2074/2074/2058 2072/2072/2056 2069/2069/2053
f 2073/2073/2057 2075/2075/2059 2071/2071/2055
f 2075/2075/2059 2074/2074/2058 2071/2071/2055
f 2076/2076/2060 2073/2073/2057 2058/2058/2042
f 2077/2077/2061 2075/2075/2059 2073/2073/2057
f 2076/2076/2060 2077/2077/2061 2073/2073/2057
f 2078/2078/2062 2076/2076/2060 2058/2058/2042
f 2054/2054/2038 2078/2078/2062 2058/2058/2042
f 2078/2078/2062 2054/2054/2038 2050/2050/2034
f 2050/2050/2034 2079/2079/2063 2078/2078/2062
f 2079/2079/2063 2050/2050/2034 2047/2047/2031
f 2078/2078/2062 2080/2080/2064 2076/2076/2060
f 2080/2080/2064 2078/2078/2062 2079/2079/2063
f 2081/2081/2065 2077/2077/2061 2076/2076/2060
f 2080/2080/2064 2081/2081/2065 2076/2076/2060
f 2082/2082/2066 2077/2077/2061 2081/2081/2065
f 2079/2079/2063 2083/2083/2067 2080/2080/2064
f 2047/2047/2031 2084/2084/2068 2079/2079/2063
f 2083/2083/2067 2079/2079/2063 2084/2084/2068
f 2085/2085/2069 2081/2081/2065 2080/2080/2064
f 2083/2083/2067 2085/2085/2069 2080/2080/2064
f 2086/2086/2070 2081/2081/2065 2085/2085/2069
f 2081/2081/2065 2086/2086/2070 2082/2082/2066
f 2087/2087/2071 2085/2085/2069 2083/2083/2067
f 2085/2085/2069 1096/1096/1087 2086/2086/2070
f 1096/1096/1087 2085/2085/2069 2087/2087/2071
f 1095/1095/1086 2082/2082/2066 2086/2086/2070
f 1096/1096/1087 1095/1095/1086 2086/2086/2070
f 2077/2077/2061 2082/2082/2066 2088/2088/2072
f 2088/2088/2072 2075/2075/2059 2077/2077/2061
f 1106/1106/1097 2087/2087/2071 2083/2083/2067
f 2084/2084/2068 1106/1106/1097 2083/2083/2067
f 1099/1099/1090 1096/1096/1087 2087/2087/2071
f 1099/1099/1090 2087/2087/2071 1106/1106/1097
f 2075/2075/2059 2088/2088/2072 2089/2089/2073
f 2089/2089/2073 2074/2074/2058 2075/2075/2059
f 2090/2090/2074 2088/2088/2072 2082/2082/2066
f 2082/2082/2066 1095/1095/1086 2090/2090/2074
f 2091/2091/2075 2089/2089/2073 2088/2088/2072
f 2088/2088/2072 2090/2090/2074 2091/2091/2075
f 2074/2074/2058 2089/2089/2073 2092/2092/2076
f 2092/2092/2076 2072/2072/2056 2074/2074/2058
f 2089/2089/2073 2091/2091/2075 2093/2093/2077
f 2093/2093/2077 2092/2092/2076 2089/2089/2073
f 2090/2090/2074 1091/1091/1082 2091/2091/2075
f 1091/1091/1082 2093/2093/2077 2091/2091/2075
f 1095/1095/1086 1092/1092/1083 2090/2090/2074
f 2090/2090/2074 1092/1092/1083 1091/1091/1082
f 1095/1095/1086 1093/1093/1084 1092/1092/1083
f 2072/2072/2056 2092/2092/2076 2094/2094/2078
f 2092/2092/2076 2093/2093/2077 2095/2095/2079
f 2095/2095/2079 2094/2094/2078 2092/2092/2076
f 2093/2093/2077 1091/1091/1082 2096/2096/2080
f 2096/2096/2080 2095/2095/2079 2093/2093/2077
f 2094/2094/2078 2097/2097/2081 2072/2072/2056
f 2072/2072/2056 2097/2097/2081 2070/2070/2054
f 2094/2094/2078 2095/2095/2079 520/520/516
f 2095/2095/2079 2096/2096/2080 521/521/517
f 521/521/517 520/520/516 2095/2095/2079
f 1091/1091/1082 524/524/520 2096/2096/2080
f 524/524/520 521/521/517 2096/2096/2080
f 2097/2097/2081 2094/2094/2078 2098/2098/2082
f 520/520/516 2098/2098/2082 2094/2094/2078
f 2070/2070/2054 2097/2097/2081 2099/2099/2083
f 2070/2070/2054 2099/2099/2083 2068/2068/2052
f 2098/2098/2082 2100/2100/2084 2097/2097/2081
f 2097/2097/2081 2100/2100/2084 2099/2099/2083
f 2098/2098/2082 520/520/516 518/518/514
f 2068/2068/2052 2099/2099/2083 2101/2101/2085
f 2066/2066/2050 2068/2068/2052 2101/2101/2085
f 2099/2099/2083 2100/2100/2084 2102/2102/2086
f 2099/2099/2083 2102/2102/2086 2101/2101/2085
f 2100/2100/2084 2098/2098/2082 757/757/752
f 518/518/514 757/757/752 2098/2098/2082
f 2100/2100/2084 749/749/744 2102/2102/2086
f 757/757/752 749/749/744 2100/2100/2084
f 2101/2101/2085 2103/2103/2087 2066/2066/2050
f 2067/2067/2051 2066/2066/2050 2103/2103/2087
f 2101/2101/2085 2102/2102/2086 2104/2104/2088
f 2103/2103/2087 2101/2101/2085 2104/2104/2088
f 2105/2105/2089 2067/2067/2051 2103/2103/2087
f 2104/2104/2088 2105/2105/2089 2103/2103/2087
f 2105/2105/2089 2106/2106/2090 2067/2067/2051
f 2107/2107/2091 2106/2106/2090 2105/2105/2089
f 2108/2108/2092 2107/2107/2091 2105/2105/2089
f 2105/2105/2089 2104/2104/2088 2108/2108/2092
f 2107/2107/2091 2108/2108/2092 745/745/740
f 2102/2102/2086 747/747/742 2104/2104/2088
f 2104/2104/2088 747/747/742 2108/2108/2092
f 2102/2102/2086 749/749/744 747/747/742
f 2108/2108/2092 743/743/738 745/745/740
f 747/747/742 743/743/738 2108/2108/2092
f 2109/2109/2093 2110/2110/2094 2111/2111/2095
f 2111/2111/2095 2112/2112/2096 2109/2109/2093
f 2113/2113/2097 2110/2110/2094 2114/2114/2098
f 2115/2115/2099 2111/2111/2095 2110/2110/2094
f 2110/2110/2094 2113/2113/2097 2115/2115/2099
f 2114/2114/2098 2116/2116/2100 2113/2113/2097
f 2116/2116/2100 2114/2114/2098 2117/2117/2101
f 2118/2118/2102 2119/2119/2103 2117/2117/2101
f 2119/2119/2103 2116/2116/2100 2117/2117/2101
f 2119/2119/2103 2118/2118/2102 2120/2120/2104
f 2120/2120/2104 2121/2121/2105 2119/2119/2103
f 2121/2121/2105 2122/2122/2106 2119/2119/2103
f 2116/2116/2100 2119/2119/2103 2122/2122/2106
f 2122/2122/2106 2121/2121/2105 2123/2123/2107
f 2124/2124/2108 2113/2113/2097 2116/2116/2100
f 2122/2122/2106 2124/2124/2108 2116/2116/2100
f 2123/2123/2107 2125/2125/2109 2122/2122/2106
f 2124/2124/2108 2122/2122/2106 2125/2125/2109
f 2125/2125/2109 2123/2123/2107 2126/2126/2110
f 2113/2113/2097 2124/2124/2108 2127/2127/2111
f 2127/2127/2111 2115/2115/2099 2113/2113/2097
f 2125/2125/2109 2128/2128/2112 2124/2124/2108
f 2128/2128/2112 2127/2127/2111 2124/2124/2108
f 2129/2129/2113 2125/2125/2109 2126/2126/2110
f 2126/2126/2110 2130/2130/2114 2129/2129/2113
f 2131/2131/2115 2129/2129/2113 2130/2130/2114
f 2125/2125/2109 2129/2129/2113 2132/2132/2116
f 2128/2128/2112 2125/2125/2109 2132/2132/2116
f 2129/2129/2113 2131/2131/2115 2133/2133/2117
f 2133/2133/2117 2132/2132/2116 2129/2129/2113
f 2134/2134/2118 2133/2133/2117 2131/2131/2115
f 2135/2135/2119 2128/2128/2112 2132/2132/2116
f 2132/2132/2116 2133/2133/2117 2135/2135/2119
f 2133/2133/2117 2134/2134/2118 2136/2136/2120
f 2136/2136/2120 2135/2135/2119 2133/2133/2117
f 2134/2134/2118 2137/2137/2121 2136/2136/2120
f 2128/2128/2112 2135/2135/2119 2138/2138/2122
f 2135/2135/2119 2136/2136/2120 2139/2139/2123
f 2139/2139/2123 2138/2138/2122 2135/2135/2119
f 2136/2136/2120 2140/2140/2124 2139/2139/2123
f 2140/2140/2124 2136/2136/2120 2137/2137/2121
f 2138/2138/2122 2139/2139/2123 2141/2141/2125
f 2140/2140/2124 2141/2141/2125 2139/2139/2123
f 2138/2138/2122 2142/2142/2126 2128/2128/2112
f 2127/2127/2111 2128/2128/2112 2142/2142/2126
f 2141/2141/2125 2143/2143/2127 2138/2138/2122
f 2142/2142/2126 2138/2138/2122 2143/2143/2127
f 2142/2142/2126 2144/2144/2128 2127/2127/2111
f 2115/2115/2099 2127/2127/2111 2144/2144/2128
f 2143/2143/2127 2145/2145/2129 2142/2142/2126
f 2144/2144/2128 2142/2142/2126 2145/2145/2129
f 2144/2144/2128 2146/2146/2130 2115/2115/2099
f 2111/2111/2095 2115/2115/2099 2146/2146/2130
f 2145/2145/2129 2147/2147/2131 2144/2144/2128
f 2146/2146/2130 2144/2144/2128 2147/2147/2131
f 2146/2146/2130 2148/2148/2132 2111/2111/2095
f 2112/2112/2096 2111/2111/2095 2148/2148/2132
f 2147/2147/2131 2149/2149/2133 2146/2146/2130
f 2148/2148/2132 2146/2146/2130 2149/2149/2133
f 2148/2148/2132 1479/1479/1467 2112/2112/2096
f 1481/1481/1469 2112/2112/2096 1479/1479/1467
f 1471/1471/1459 2148/2148/2132 2149/2149/2133
f 1479/1479/1467 2148/2148/2132 1474/1474/1462
f 2148/2148/2132 1471/1471/1459 1474/1474/1462
f 2149/2149/2133 2147/2147/2131 2150/2150/2134
f 2149/2149/2133 1458/1458/1446 1471/1471/1459
f 1458/1458/1446 2149/2149/2133 2150/2150/2134
f 2151/2151/2135 2150/2150/2134 2147/2147/2131
f 2147/2147/2131 2145/2145/2129 2151/2151/2135
f 1454/1454/1442 1458/1458/1446 2150/2150/2134
f 2150/2150/2134 2151/2151/2135 1454/1454/1442
f 2152/2152/2136 2151/2151/2135 2145/2145/2129
f 2145/2145/2129 2143/2143/2127 2152/2152/2136
f 1453/1453/1441 1454/1454/1442 2151/2151/2135
f 2151/2151/2135 2152/2152/2136 1453/1453/1441
f 2153/2153/2137 2152/2152/2136 2143/2143/2127
f 2143/2143/2127 2141/2141/2125 2153/2153/2137
f 2154/2154/2138 1453/1453/1441 2152/2152/2136
f 2152/2152/2136 2153/2153/2137 2154/2154/2138
f 2155/2155/2139 2153/2153/2137 2141/2141/2125
f 2141/2141/2125 2140/2140/2124 2155/2155/2139
f 2156/2156/2140 2154/2154/2138 2153/2153/2137
f 2153/2153/2137 2155/2155/2139 2156/2156/2140
f 1453/1453/1441 2154/2154/2138 1451/1451/1439
f 2157/2157/2141 2155/2155/2139 2140/2140/2124
f 2154/2154/2138 2156/2156/2140 2158/2158/2142
f 2158/2158/2142 1451/1451/1439 2154/2154/2138
f 2159/2159/2143 2156/2156/2140 2155/2155/2139
f 2155/2155/2139 2157/2157/2141 2159/2159/2143
f 2137/2137/2121 2157/2157/2141 2140/2140/2124
f 2156/2156/2140 2159/2159/2143 2160/2160/2144
f 2160/2160/2144 2158/2158/2142 2156/2156/2140
f 1864/1864/1851 2159/2159/2143 2157/2157/2141
f 2161/2161/2145 2160/2160/2144 2159/2159/2143
f 2159/2159/2143 1864/1864/1851 2161/2161/2145
f 2157/2157/2141 2137/2137/2121 1865/1865/1852
f 1865/1865/1852 1864/1864/1851 2157/2157/2141
f 2158/2158/2142 2160/2160/2144 2162/2162/2146
f 2137/2137/2121 1868/1868/1855 1865/1865/1852
f 2160/2160/2144 2161/2161/2145 2163/2163/2147
f 2163/2163/2147 2162/2162/2146 2160/2160/2144
f 2162/2162/2146 2164/2164/2148 2158/2158/2142
f 1451/1451/1439 2158/2158/2142 2164/2164/2148
f 2162/2162/2146 2163/2163/2147 2165/2165/2149
f 2164/2164/2148 2162/2162/2146 1859/1859/1846
f 2165/2165/2149 1859/1859/1846 2162/2162/2146
f 1456/1456/1444 1451/1451/1439 2164/2164/2148
f 1859/1859/1846 1456/1456/1444 2164/2164/2148
f 1859/1859/1846 2165/2165/2149 2166/2166/2150
f 1872/1872/1859 2163/2163/2147 2161/2161/2145
f 1875/1875/1862 2165/2165/2149 2163/2163/2147
f 2163/2163/2147 1872/1872/1859 1875/1875/1862
f 1880/1880/1867 2166/2166/2150 2165/2165/2149
f 2165/2165/2149 1875/1875/1862 1880/1880/1867
f 1860/1860/1847 1859/1859/1846 2166/2166/2150
f 2161/2161/2145 1863/1863/1850 1872/1872/1859
f 1863/1863/1850 2161/2161/2145 1864/1864/1851
f 2166/2166/2150 1880/1880/1867 1883/1883/1870
f 1883/1883/1870 1860/1860/1847 2166/2166/2150
f 1593/1593/1581 2167/2167/2151 1594/1594/1582
f 1595/1595/1583 2168/2168/2152 1593/1593/1581
f 1593/1593/1581 2168/2168/2152 2167/2167/2151
f 1585/1585/1573 1596/1596/1584 2169/2169/2153
f 1585/1585/1573 2169/2169/2153 1584/1584/1572
f 1594/1594/1582 2170/2170/2154 1596/1596/1584
f 1594/1594/1582 2167/2167/2151 2170/2170/2154
f 1596/1596/1584 2171/2171/2155 2169/2169/2153
f 1596/1596/1584 2170/2170/2154 2171/2171/2155
f 1584/1584/1572 2169/2169/2153 2172/2172/2156
f 1584/1584/1572 2172/2172/2156 1580/1580/1568
f 2169/2169/2153 2171/2171/2155 2173/2173/2157
f 2169/2169/2153 2173/2173/2157 2172/2172/2156
f 2170/2170/2154 2174/2174/2158 2171/2171/2155
f 2171/2171/2155 2175/2175/2159 2173/2173/2157
f 2171/2171/2155 2174/2174/2158 2175/2175/2159
f 2176/2176/2160 2172/2172/2156 2173/2173/2157
f 2175/2175/2159 2176/2176/2160 2173/2173/2157
f 2172/2172/2156 2177/2177/2161 1580/1580/1568
f 1576/1576/1564 1580/1580/1568 2177/2177/2161
f 2172/2172/2156 2176/2176/2160 2178/2178/2162
f 2177/2177/2161 2172/2172/2156 2178/2178/2162
f 2176/2176/2160 2175/2175/2159 2179/2179/2163
f 2176/2176/2160 2180/2180/2164 2178/2178/2162
f 2181/2181/2165 2179/2179/2163 2175/2175/2159
f 2174/2174/2158 2181/2181/2165 2175/2175/2159
f 2179/2179/2163 2181/2181/2165 2182/2182/2166
f 2178/2178/2162 2183/2183/2167 2177/2177/2161
f 2183/2183/2167 2178/2178/2162 2180/2180/2164
f 2183/2183/2167 1576/1576/1564 2177/2177/2161
f 2180/2180/2164 2184/2184/2168 2183/2183/2167
f 1576/1576/1564 2183/2183/2167 2185/2185/2169
f 2184/2184/2168 2185/2185/2169 2183/2183/2167
f 1570/1570/1558 1576/1576/1564 2185/2185/2169
f 2185/2185/2169 1566/1566/1554 1570/1570/1558
f 2185/2185/2169 2184/2184/2168 2186/2186/2170
f 1566/1566/1554 2185/2185/2169 2186/2186/2170
f 2187/2187/2171 2186/2186/2170 2184/2184/2168
f 2188/2188/2172 1566/1566/1554 2186/2186/2170
f 2186/2186/2170 2187/2187/2171 2188/2188/2172
f 1566/1566/1554 2188/2188/2172 1567/1567/1555
f 2189/2189/2173 2188/2188/2172 2187/2187/2171
f 2190/2190/2174 1567/1567/1555 2188/2188/2172
f 2188/2188/2172 2189/2189/2173 2190/2190/2174
f 1567/1567/1555 2190/2190/2174 1568/1568/1556
f 2191/2191/2175 2190/2190/2174 2189/2189/2173
f 2190/2190/2174 2191/2191/2175 2192/2192/2176
f 2192/2192/2176 1568/1568/1556 2190/2190/2174
f 2191/2191/2175 2193/2193/2177 2192/2192/2176
f 1568/1568/1556 2192/2192/2176 2194/2194/2178
f 1564/1564/1552 1568/1568/1556 2194/2194/2178
f 2195/2195/2179 2192/2192/2176 2193/2193/2177
f 2192/2192/2176 2195/2195/2179 2194/2194/2178
f 2194/2194/2178 2196/2196/2180 1564/1564/1552
f 2196/2196/2180 2194/2194/2178 2195/2195/2179
f 2196/2196/2180 1555/1555/1543 1564/1564/1552
f 2193/2193/2177 2197/2197/2181 2195/2195/2179
f 2197/2197/2181 2193/2193/2177 2198/2198/2182
f 2198/2198/2182 1257/1257/1248 2197/2197/2181
f 2199/2199/2183 2195/2195/2179 2197/2197/2181
f 2195/2195/2179 2199/2199/2183 2196/2196/2180
f 2200/2200/2184 2197/2197/2181 1257/1257/1248
f 2197/2197/2181 2200/2200/2184 2199/2199/2183
f 1257/1257/1248 1254/1254/1245 2200/2200/2184
f 2201/2201/2185 1555/1555/1543 2196/2196/2180
f 2199/2199/2183 2201/2201/2185 2196/2196/2180
f 1553/1553/1541 1555/1555/1543 2201/2201/2185
f 2200/2200/2184 2202/2202/2186 2199/2199/2183
f 2202/2202/2186 2201/2201/2185 2199/2199/2183
f 1254/1254/1245 2203/2203/2187 2200/2200/2184
f 2203/2203/2187 2202/2202/2186 2200/2200/2184
f 1231/1231/1222 2203/2203/2187 1254/1254/1245
f 1231/1231/1222 2204/2204/2188 2203/2203/2187
f 2204/2204/2188 2202/2202/2186 2203/2203/2187
f 1231/1231/1222 1229/1229/1220 2204/2204/2188
f 1229/1229/1220 1230/1230/1221 2204/2204/2188
f 2205/2205/2189 2201/2201/2185 2202/2202/2186
f 2201/2201/2185 2205/2205/2189 1553/1553/1541
f 2202/2202/2186 2204/2204/2188 2205/2205/2189
f 1552/1552/1540 1553/1553/1541 2205/2205/2189
f 2204/2204/2188 1552/1552/1540 2205/2205/2189
f 2204/2204/2188 1230/1230/1221 1552/1552/1540
f 1230/1230/1221 2206/2206/2190 1552/1552/1540
f 1552/1552/1540 2206/2206/2190 1543/1543/1531
f 1230/1230/1221 1227/1227/1218 2206/2206/2190
f 2206/2206/2190 1540/1540/1528 1543/1543/1531
f 2206/2206/2190 2207/2207/2191 1540/1540/1528
f 1227/1227/1218 2207/2207/2191 2206/2206/2190
f 695/695/690 1540/1540/1528 2207/2207/2191
f 1227/1227/1218 2208/2208/2192 2207/2207/2191
f 2208/2208/2192 695/695/690 2207/2207/2191
f 706/706/701 2208/2208/2192 1227/1227/1218
f 2208/2208/2192 693/693/688 695/695/690
f 706/706/701 698/698/693 2208/2208/2192
f 698/698/693 693/693/688 2208/2208/2192
f 1715/1715/1703 1661/1661/1649 1662/1662/1650
f 1661/1661/1649 1715/1715/1703 1663/1663/1651
f 1659/1659/1647 2209/2209/2193 1662/1662/1650
f 1662/1662/1650 1707/1707/1695 1715/1715/1703
f 1707/1707/1695 1662/1662/1650 2209/2209/2193
f 2209/2209/2193 1659/1659/1647 2210/2210/2194
f 1656/1656/1644 2210/2210/2194 1659/1659/1647
f 2209/2209/2193 1706/1706/1694 1707/1707/1695
f 2210/2210/2194 1656/1656/1644 2211/2211/2195
f 1653/1653/1641 2211/2211/2195 1656/1656/1644
f 2210/2210/2194 1710/1710/1698 2209/2209/2193
f 1706/1706/1694 2209/2209/2193 1710/1710/1698
f 2211/2211/2195 1713/1713/1701 2210/2210/2194
f 1710/1710/1698 2210/2210/2194 1713/1713/1701
f 2211/2211/2195 1653/1653/1641 2212/2212/2196
f 1649/1649/1637 2212/2212/2196 1653/1653/1641
f 1713/1713/1701 2211/2211/2195 2213/2213/2197
f 2212/2212/2196 2213/2213/2197 2211/2211/2195
f 2212/2212/2196 1649/1649/1637 2214/2214/2198
f 1647/1647/1635 2214/2214/2198 1649/1649/1637
f 2213/2213/2197 2212/2212/2196 2215/2215/2199
f 2214/2214/2198 2215/2215/2199 2212/2212/2196
f 1712/1712/1700 1713/1713/1701 2213/2213/2197
f 2215/2215/2199 1712/1712/1700 2213/2213/2197
f 2214/2214/2198 1647/1647/1635 2216/2216/2200
f 1646/1646/1634 2216/2216/2200 1647/1647/1635
f 2215/2215/2199 2214/2214/2198 2217/2217/2201
f 2216/2216/2200 2217/2217/2201 2214/2214/2198
f 2217/2217/2201 2218/2218/2202 2215/2215/2199
f 1712/1712/1700 2215/2215/2199 2218/2218/2202
f 2217/2217/2201 2216/2216/2200 2219/2219/2203
f 2216/2216/2200 1646/1646/1634 2220/2220/2204
f 2220/2220/2204 2219/2219/2203 2216/2216/2200
f 1636/1636/1624 2220/2220/2204 1646/1646/1634
f 2220/2220/2204 1636/1636/1624 1634/1634/1622
f 1634/1634/1622 2221/2221/2205 2220/2220/2204
f 2219/2219/2203 2220/2220/2204 2221/2221/2205
f 2221/2221/2205 1634/1634/1622 1632/1632/1620
f 2219/2219/2203 2222/2222/2206 2217/2217/2201
f 2218/2218/2202 2217/2217/2201 2222/2222/2206
f 2221/2221/2205 2223/2223/2207 2219/2219/2203
f 2222/2222/2206 2219/2219/2203 2223/2223/2207
f 1632/1632/1620 2224/2224/2208 2221/2221/2205
f 2223/2223/2207 2221/2221/2205 2224/2224/2208
f 2224/2224/2208 1632/1632/1620 1631/1631/1619
f 2225/2225/2209 2224/2224/2208 1631/1631/1619
f 1631/1631/1619 1629/1629/1617 2225/2225/2209
f 2226/2226/2210 2223/2223/2207 2224/2224/2208
f 2224/2224/2208 2225/2225/2209 2226/2226/2210
f 2227/2227/2211 2222/2222/2206 2223/2223/2207
f 2223/2223/2207 2226/2226/2210 2227/2227/2211
f 2228/2228/2212 2226/2226/2210 2225/2225/2209
f 1629/1629/1617 2228/2228/2212 2225/2225/2209
f 2229/2229/2213 2227/2227/2211 2226/2226/2210
f 2226/2226/2210 2228/2228/2212 2229/2229/2213
f 2222/2222/2206 2227/2227/2211 2230/2230/2214
f 2230/2230/2214 2218/2218/2202 2222/2222/2206
f 2227/2227/2211 2229/2229/2213 2231/2231/2215
f 2231/2231/2215 2230/2230/2214 2227/2227/2211
f 2232/2232/2216 2229/2229/2213 2228/2228/2212
f 2233/2233/2217 2231/2231/2215 2229/2229/2213
f 2229/2229/2213 2232/2232/2216 2233/2233/2217
f 2231/2231/2215 2233/2233/2217 2234/2234/2218
f 2230/2230/2214 2231/2231/2215 2235/2235/2219
f 2234/2234/2218 2235/2235/2219 2231/2231/2215
f 2218/2218/2202 2230/2230/2214 2236/2236/2220
f 2235/2235/2219 2236/2236/2220 2230/2230/2214
f 2237/2237/2221 2218/2218/2202 2236/2236/2220
f 2218/2218/2202 2237/2237/2221 1712/1712/1700
f 2236/2236/2220 2235/2235/2219 2238/2238/2222
f 2238/2238/2222 2237/2237/2221 2236/2236/2220
f 2235/2235/2219 2234/2234/2218 2239/2239/2223
f 2239/2239/2223 2238/2238/2222 2235/2235/2219
f 1709/1709/1697 1712/1712/1700 2237/2237/2221
f 2240/2240/2224 2239/2239/2223 2234/2234/2218
f 2237/2237/2221 2238/2238/2222 2241/2241/2225
f 2241/2241/2225 1709/1709/1697 2237/2237/2221
f 2238/2238/2222 2239/2239/2223 2242/2242/2226
f 2242/2242/2226 2241/2241/2225 2238/2238/2222
f 2243/2243/2227 2242/2242/2226 2239/2239/2223
f 2239/2239/2223 2240/2240/2224 2243/2243/2227
f 2241/2241/2225 2242/2242/2226 2244/2244/2228
f 2234/2234/2218 2245/2245/2229 2240/2240/2224
f 2245/2245/2229 2234/2234/2218 2233/2233/2217
f 2242/2242/2226 2243/2243/2227 2246/2246/2230
f 2246/2246/2230 2244/2244/2228 2242/2242/2226
f 2233/2233/2217 2247/2247/2231 2245/2245/2229
f 2247/2247/2231 2233/2233/2217 2232/2232/2216
f 2248/2248/2232 2240/2240/2224 2245/2245/2229
f 2249/2249/2233 2245/2245/2229 2247/2247/2231
f 2245/2245/2229 2249/2249/2233 2248/2248/2232
f 2240/2240/2224 2248/2248/2232 2250/2250/2234
f 2250/2250/2234 2243/2243/2227 2240/2240/2224
f 2251/2251/2235 2246/2246/2230 2243/2243/2227
f 2243/2243/2227 2250/2250/2234 2251/2251/2235
f 2246/2246/2230 2251/2251/2235 2252/2252/2236
f 2253/2253/2237 2250/2250/2234 2248/2248/2232
f 2254/2254/2238 2251/2251/2235 2250/2250/2234
f 2250/2250/2234 2253/2253/2237 2254/2254/2238
f 2251/2251/2235 2254/2254/2238 2255/2255/2239
f 2255/2255/2239 2252/2252/2236 2251/2251/2235
f 2252/2252/2236 2256/2256/2240 2246/2246/2230
f 2244/2244/2228 2246/2246/2230 2256/2256/2240
f 2248/2248/2232 2257/2257/2241 2253/2253/2237
f 2257/2257/2241 2248/2248/2232 2249/2249/2233
f 2258/2258/2242 2254/2254/2238 2253/2253/2237
f 2259/2259/2243 2253/2253/2237 2257/2257/2241
f 2258/2258/2242 2253/2253/2237 2259/2259/2243
f 2260/2260/2244 2254/2254/2238 2258/2258/2242
f 2260/2260/2244 2255/2255/2239 2254/2254/2238
f 2261/2261/2245 2258/2258/2242 2259/2259/2243
f 2262/2262/2246 2260/2260/2244 2258/2258/2242
f 2262/2262/2246 2258/2258/2242 2261/2261/2245
f 2263/2263/2247 2255/2255/2239 2260/2260/2244
f 2264/2264/2248 2260/2260/2244 2262/2262/2246
f 2264/2264/2248 2263/2263/2247 2260/2260/2244
f 2265/2265/2249 2261/2261/2245 2259/2259/2243
f 2262/2262/2246 2266/2266/2250 2264/2264/2248
f 2261/2261/2245 2267/2267/2251 2262/2262/2246
f 2266/2266/2250 2262/2262/2246 2267/2267/2251
f 2267/2267/2251 2261/2261/2245 2268/2268/2252
f 2265/2265/2249 2268/2268/2252 2261/2261/2245
f 2269/2269/2253 2266/2266/2250 2267/2267/2251
f 2270/2270/2254 2267/2267/2251 2268/2268/2252
f 2269/2269/2253 2267/2267/2251 2270/2270/2254
f 2270/2270/2254 2268/2268/2252 2271/2271/2255
f 2272/2272/2256 2269/2269/2253 2270/2270/2254
f 2272/2272/2256 2270/2270/2254 2271/2271/2255
f 2271/2271/2255 2268/2268/2252 2273/2273/2257
f 2268/2268/2252 2265/2265/2249 2273/2273/2257
f 2271/2271/2255 2273/2273/2257 2274/2274/2258
f 2265/2265/2249 2259/2259/2243 2275/2275/2259
f 2259/2259/2243 2257/2257/2241 2275/2275/2259
f 2275/2275/2259 2257/2257/2241 2276/2276/2260
f 2249/2249/2233 2276/2276/2260 2257/2257/2241
f 2277/2277/2261 2265/2265/2249 2275/2275/2259
f 2275/2275/2259 2276/2276/2260 2277/2277/2261
f 2278/2278/2262 2273/2273/2257 2265/2265/2249
f 2265/2265/2249 2277/2277/2261 2278/2278/2262
f 2273/2273/2257 2278/2278/2262 2279/2279/2263
f 2274/2274/2258 2273/2273/2257 2279/2279/2263
f 2276/2276/2260 2249/2249/2233 2280/2280/2264
f 2247/2247/2231 2280/2280/2264 2249/2249/2233
f 2277/2277/2261 2276/2276/2260 2281/2281/2265
f 2280/2280/2264 2281/2281/2265 2276/2276/2260
f 2282/2282/2266 2278/2278/2262 2277/2277/2261
f 2277/2277/2261 2281/2281/2265 2282/2282/2266
f 2278/2278/2262 2282/2282/2266 2283/2283/2267
f 2283/2283/2267 2279/2279/2263 2278/2278/2262
f 2280/2280/2264 2247/2247/2231 2284/2284/2268
f 2232/2232/2216 2284/2284/2268 2247/2247/2231
f 2281/2281/2265 2280/2280/2264 2285/2285/2269
f 2284/2284/2268 2285/2285/2269 2280/2280/2264
f 2282/2282/2266 2281/2281/2265 2286/2286/2270
f 2285/2285/2269 2286/2286/2270 2281/2281/2265
f 2287/2287/2271 2283/2283/2267 2282/2282/2266
f 2282/2282/2266 2286/2286/2270 2287/2287/2271
f 2284/2284/2268 2232/2232/2216 2288/2288/2272
f 2228/2228/2212 2288/2288/2272 2232/2232/2216
f 2285/2285/2269 2284/2284/2268 2289/2289/2273
f 2288/2288/2272 2289/2289/2273 2284/2284/2268
f 2286/2286/2270 2285/2285/2269 2290/2290/2274
f 2289/2289/2273 2290/2290/2274 2285/2285/2269
f 2288/2288/2272 2228/2228/2212 2291/2291/2275
f 2228/2228/2212 1629/1629/1617 2291/2291/2275
f 2289/2289/2273 2288/2288/2272 2292/2292/2276
f 2291/2291/2275 2292/2292/2276 2288/2288/2272
f 1629/1629/1617 2293/2293/2277 2291/2291/2275
f 2292/2292/2276 2291/2291/2275 2293/2293/2277
f 2293/2293/2277 1629/1629/1617 1627/1627/1615
f 2292/2292/2276 2294/2294/2278 2289/2289/2273
f 2290/2290/2274 2289/2289/2273 2294/2294/2278
f 2293/2293/2277 2295/2295/2279 2292/2292/2276
f 2294/2294/2278 2292/2292/2276 2295/2295/2279
f 1627/1627/1615 2296/2296/2280 2293/2293/2277
f 2295/2295/2279 2293/2293/2277 2296/2296/2280
f 2296/2296/2280 1627/1627/1615 1625/1625/1613
f 1625/1625/1613 2297/2297/2281 2296/2296/2280
f 2297/2297/2281 1625/1625/1613 1624/1624/1612
f 2296/2296/2280 2298/2298/2282 2295/2295/2279
f 2298/2298/2282 2296/2296/2280 2297/2297/2281
f 2295/2295/2279 2299/2299/2283 2294/2294/2278
f 2299/2299/2283 2295/2295/2279 2298/2298/2282
f 2300/2300/2284 2294/2294/2278 2299/2299/2283
f 2294/2294/2278 2300/2300/2284 2290/2290/2274
f 1624/1624/1612 2301/2301/2285 2297/2297/2281
f 2301/2301/2285 1624/1624/1612 1621/1621/1609
f 2297/2297/2281 2302/2302/2286 2298/2298/2282
f 2302/2302/2286 2297/2297/2281 2301/2301/2285
f 2298/2298/2282 2303/2303/2287 2299/2299/2283
f 2303/2303/2287 2298/2298/2282 2302/2302/2286
f 2299/2299/2283 2304/2304/2288 2300/2300/2284
f 2304/2304/2288 2299/2299/2283 2303/2303/2287
f 1621/1621/1609 2305/2305/2289 2301/2301/2285
f 2305/2305/2289 1621/1621/1609 1622/1622/1610
f 2301/2301/2285 2306/2306/2290 2302/2302/2286
f 2306/2306/2290 2301/2301/2285 2305/2305/2289
f 2302/2302/2286 2307/2307/2291 2303/2303/2287
f 2307/2307/2291 2302/2302/2286 2306/2306/2290
f 2303/2303/2287 2308/2308/2292 2304/2304/2288
f 2308/2308/2292 2303/2303/2287 2307/2307/2291
f 2309/2309/2293 2310/2310/2294 2311/2311/2295
f 2311/2311/2295 2312/2312/2296 2309/2309/2293
f 2313/2313/2297 2310/2310/2294 2314/2314/2298
f 2310/2310/2294 2309/2309/2293 2315/2315/2299
f 2315/2315/2299 2314/2314/2298 2310/2310/2294
f 2312/2312/2296 2316/2316/2300 2309/2309/2293
f 2316/2316/2300 2315/2315/2299 2309/2309/2293
f 2314/2314/2298 2317/2317/2301 2313/2313/2297
f 933/933/925 2313/2313/2297 2317/2317/2301
f 2317/2317/2301 935/935/927 933/933/925
f 2318/2318/2302 935/935/927 2317/2317/2301
f 2317/2317/2301 2314/2314/2298 2318/2318/2302
f 935/935/927 2318/2318/2302 937/937/929
f 2314/2314/2298 2315/2315/2299 2319/2319/2303
f 2319/2319/2303 2318/2318/2302 2314/2314/2298
f 2320/2320/2304 937/937/929 2318/2318/2302
f 2318/2318/2302 2319/2319/2303 2320/2320/2304
f 937/937/929 2320/2320/2304 940/940/932
f 2321/2321/2305 2319/2319/2303 2315/2315/2299
f 2315/2315/2299 2316/2316/2300 2321/2321/2305
f 2322/2322/2306 2320/2320/2304 2319/2319/2303
f 2319/2319/2303 2321/2321/2305 2322/2322/2306
f 2323/2323/2307 940/940/932 2320/2320/2304
f 2320/2320/2304 2322/2322/2306 2323/2323/2307
f 940/940/932 2323/2323/2307 2324/2324/2308
f 2324/2324/2308 942/942/934 940/940/932
f 2325/2325/2309 2323/2323/2307 2322/2322/2306
f 942/942/934 2324/2324/2308 2326/2326/2310
f 2326/2326/2310 945/945/937 942/942/934
f 2327/2327/2311 2324/2324/2308 2323/2323/2307
f 2323/2323/2307 2325/2325/2309 2327/2327/2311
f 2328/2328/2312 2326/2326/2310 2324/2324/2308
f 2324/2324/2308 2327/2327/2311 2328/2328/2312
f 945/945/937 2326/2326/2310 2329/2329/2313
f 2329/2329/2313 943/943/935 945/945/937
f 2326/2326/2310 2328/2328/2312 2330/2330/2314
f 2330/2330/2314 2329/2329/2313 2326/2326/2310
f 943/943/935 2329/2329/2313 2331/2331/2315
f 900/900/892 943/943/935 2331/2331/2315
f 2329/2329/2313 2330/2330/2314 2332/2332/2316
f 2332/2332/2316 2331/2331/2315 2329/2329/2313
f 2333/2333/2317 900/900/892 2331/2331/2315
f 2331/2331/2315 2332/2332/2316 2333/2333/2317
f 900/900/892 2333/2333/2317 896/896/888
f 2334/2334/2318 2332/2332/2316 2330/2330/2314
f 2335/2335/2319 2330/2330/2314 2328/2328/2312
f 2330/2330/2314 2335/2335/2319 2334/2334/2318
f 2328/2328/2312 2336/2336/2320 2335/2335/2319
f 2336/2336/2320 2328/2328/2312 2327/2327/2311
f 2337/2337/2321 2333/2333/2317 2332/2332/2316
f 2332/2332/2316 2334/2334/2318 2337/2337/2321
f 2333/2333/2317 2337/2337/2321 1492/1492/1480
f 1492/1492/1480 896/896/888 2333/2333/2317
f 2327/2327/2311 2338/2338/2322 2336/2336/2320
f 2338/2338/2322 2327/2327/2311 2325/2325/2309
f 2336/2336/2320 2339/2339/2323 2335/2335/2319
f 2339/2339/2323 2334/2334/2318 2335/2335/2319
f 2338/2338/2322 2340/2340/2324 2336/2336/2320
f 2340/2340/2324 2339/2339/2323 2336/2336/2320
f 2325/2325/2309 2341/2341/2325 2338/2338/2322
f 2340/2340/2324 2338/2338/2322 2342/2342/2326
f 2341/2341/2325 2342/2342/2326 2338/2338/2322
f 2341/2341/2325 2325/2325/2309 2343/2343/2327
f 2322/2322/2306 2343/2343/2327 2325/2325/2309
f 2343/2343/2327 2322/2322/2306 2321/2321/2305
f 2340/2340/2324 2344/2344/2328 2339/2339/2323
f 2321/2321/2305 2345/2345/2329 2343/2343/2327
f 2345/2345/2329 2321/2321/2305 2316/2316/2300
f 2343/2343/2327 2346/2346/2330 2341/2341/2325
f 2346/2346/2330 2343/2343/2327 2345/2345/2329
f 2346/2346/2330 2347/2347/2331 2341/2341/2325
f 2342/2342/2326 2341/2341/2325 2347/2347/2331
f 2342/2342/2326 2348/2348/2332 2340/2340/2324
f 2348/2348/2332 2344/2344/2328 2340/2340/2324
f 2347/2347/2331 2349/2349/2333 2342/2342/2326
f 2348/2348/2332 2342/2342/2326 2349/2349/2333
f 2349/2349/2333 2350/2350/2334 2348/2348/2332
f 2350/2350/2334 2344/2344/2328 2348/2348/2332
f 2349/2349/2333 2347/2347/2331 2351/2351/2335
f 2347/2347/2331 2346/2346/2330 2352/2352/2336
f 2352/2352/2336 2351/2351/2335 2347/2347/2331
f 2353/2353/2337 2354/2354/2338 2355/2355/2339
f 2354/2354/2338 2353/2353/2337 2356/2356/2340
f 2357/2357/2341 2356/2356/2340 2353/2353/2337
f 2358/2358/2342 2353/2353/2337 2355/2355/2339
f 2355/2355/2339 2359/2359/2343 2358/2358/2342
f 2360/2360/2344 2357/2357/2341 2353/2353/2337
f 2353/2353/2337 2358/2358/2342 2360/2360/2344
f 2361/2361/2345 2358/2358/2342 2359/2359/2343
f 2359/2359/2343 2362/2362/2346 2361/2361/2345
f 2363/2363/2347 2360/2360/2344 2358/2358/2342
f 2358/2358/2342 2361/2361/2345 2363/2363/2347
f 2362/2362/2346 2364/2364/2348 2361/2361/2345
f 2364/2364/2348 2363/2363/2347 2361/2361/2345
f 2365/2365/2349 2366/2366/2350 2362/2362/2346
f 2364/2364/2348 2362/2362/2346 2366/2366/2350
f 2366/2366/2350 2365/2365/2349 2367/2367/2351
f 2365/2365/2349 2368/2368/2352 2367/2367/2351
f 2368/2368/2352 2365/2365/2349 2369/2369/2353
f 2367/2367/2351 2370/2370/2354 2366/2366/2350
f 2366/2366/2350 2371/2371/2355 2364/2364/2348
f 2371/2371/2355 2366/2366/2350 2370/2370/2354
f 2370/2370/2354 2367/2367/2351 2372/2372/2356
f 2368/2368/2352 2372/2372/2356 2367/2367/2351
f 2370/2370/2354 2373/2373/2357 2371/2371/2355
f 2369/2369/2353 2374/2374/2358 2368/2368/2352
f 2374/2374/2358 2369/2369/2353 2375/2375/2359
f 2372/2372/2356 2376/2376/2360 2370/2370/2354
f 2373/2373/2357 2370/2370/2354 2376/2376/2360
f 2372/2372/2356 2368/2368/2352 2377/2377/2361
f 2375/2375/2359 2378/2378/2362 2374/2374/2358
f 2376/2376/2360 2372/2372/2356 2379/2379/2363
f 2377/2377/2361 2379/2379/2363 2372/2372/2356
f 2378/2378/2362 2375/2375/2359 2380/2380/2364
f 2368/2368/2352 2381/2381/2365 2377/2377/2361
f 2381/2381/2365 2368/2368/2352 2374/2374/2358
f 2381/2381/2365 2382/2382/2366 2377/2377/2361
f 2379/2379/2363 2377/2377/2361 2382/2382/2366
f 2374/2374/2358 2383/2383/2367 2381/2381/2365
f 2383/2383/2367 2374/2374/2358 2378/2378/2362
f 2382/2382/2366 2381/2381/2365 2384/2384/2368
f 2383/2383/2367 2384/2384/2368 2381/2381/2365
f 2385/2385/2369 2379/2379/2363 2382/2382/2366
f 2384/2384/2368 2385/2385/2369 2382/2382/2366
f 2378/2378/2362 2386/2386/2370 2383/2383/2367
f 2384/2384/2368 2383/2383/2367 2387/2387/2371
f 2386/2386/2370 2387/2387/2371 2383/2383/2367
f 2387/2387/2371 2388/2388/2372 2384/2384/2368
f 2385/2385/2369 2384/2384/2368 2388/2388/2372
f 2380/2380/2364 2389/2389/2373 2378/2378/2362
f 2386/2386/2370 2378/2378/2362 2389/2389/2373
f 2389/2389/2373 2380/2380/2364 2390/2390/2374
f 2387/2387/2371 2386/2386/2370 1248/1248/1239
f 2390/2390/2374 2391/2391/2375 2389/2389/2373
f 2391/2391/2375 2390/2390/2374 2392/2392/2376
f 2389/2389/2373 2393/2393/2377 2386/2386/2370
f 2393/2393/2377 2389/2389/2373 2391/2391/2375
f 2386/2386/2370 1243/1243/1234 1248/1248/1239
f 1243/1243/1234 2386/2386/2370 2393/2393/2377
f 1248/1248/1239 1249/1249/1240 2387/2387/2371
f 2388/2388/2372 2387/2387/2371 1249/1249/1240
f 2391/2391/2375 1240/1240/1231 2393/2393/2377
f 1240/1240/1231 1243/1243/1234 2393/2393/2377
f 2392/2392/2376 2394/2394/2378 2391/2391/2375
f 1240/1240/1231 2391/2391/2375 2394/2394/2378
f 2394/2394/2378 2392/2392/2376 2395/2395/2379
f 2396/2396/2380 2394/2394/2378 2395/2395/2379
f 2395/2395/2379 742/742/737 2396/2396/2380
f 1238/1238/1229 1240/1240/1231 2394/2394/2378
f 2394/2394/2378 2396/2396/2380 1238/1238/1229
f 742/742/737 1237/1237/1228 2396/2396/2380
f 2396/2396/2380 1237/1237/1228 1238/1238/1229
f 1237/1237/1228 742/742/737 2397/2397/2381
f 742/742/737 732/732/727 2397/2397/2381
f 2397/2397/2381 732/732/727 2398/2398/2382
f 732/732/727 727/727/722 2398/2398/2382
f 2398/2398/2382 727/727/722 726/726/721
f 2397/2397/2381 2398/2398/2382 2399/2399/2383
f 1237/1237/1228 2397/2397/2381 2399/2399/2383
f 2398/2398/2382 726/726/721 2400/2400/2384
f 2399/2399/2383 2398/2398/2382 2400/2400/2384
f 2400/2400/2384 726/726/721 710/710/705
f 1237/1237/1228 2399/2399/2383 1225/1225/1216
f 2399/2399/2383 2400/2400/2384 2401/2401/2385
f 1225/1225/1216 2399/2399/2383 2401/2401/2385
f 2400/2400/2384 710/710/705 2402/2402/2386
f 2401/2401/2385 2400/2400/2384 2402/2402/2386
f 2402/2402/2386 710/710/705 708/708/703
f 2402/2402/2386 708/708/703 709/709/704
f 2403/2403/2387 2402/2402/2386 709/709/704
f 2401/2401/2385 2402/2402/2386 2403/2403/2387
f 2403/2403/2387 709/709/704 705/705/700
f 1223/1223/1214 2401/2401/2385 2403/2403/2387
f 1225/1225/1216 2401/2401/2385 1223/1223/1214
f 1220/1220/1211 2403/2403/2387 705/705/700
f 1223/1223/1214 2403/2403/2387 1220/1220/1211
f 2404/2404/2388 2405/2405/2389 2406/2406/2390
f 2406/2406/2390 2405/2405/2389 2407/2407/2391
f 2406/2406/2390 2408/2408/2392 2404/2404/2388
f 2409/2409/2393 2404/2404/2388 2408/2408/2392
f 2408/2408/2392 2410/2410/2394 2409/2409/2393
f 2406/2406/2390 2407/2407/2391 2411/2411/2395
f 2412/2412/2396 2411/2411/2395 2407/2407/2391
f 2411/2411/2395 2412/2412/2396 2413/2413/2397
f 2411/2411/2395 2414/2414/2398 2406/2406/2390
f 2408/2408/2392 2406/2406/2390 2414/2414/2398
f 2410/2410/2394 2408/2408/2392 2415/2415/2399
f 2414/2414/2398 2415/2415/2399 2408/2408/2392
f 2415/2415/2399 2416/2416/2400 2410/2410/2394
f 2414/2414/2398 2411/2411/2395 2417/2417/2401
f 2413/2413/2397 2417/2417/2401 2411/2411/2395
f 2415/2415/2399 2414/2414/2398 2418/2418/2402
f 2417/2417/2401 2418/2418/2402 2414/2414/2398
f 2416/2416/2400 2415/2415/2399 2419/2419/2403
f 2418/2418/2402 2419/2419/2403 2415/2415/2399
f 2417/2417/2401 2413/2413/2397 2420/2420/2404
f 2413/2413/2397 2421/2421/2405 2420/2420/2404
f 2418/2418/2402 2417/2417/2401 2422/2422/2406
f 2422/2422/2406 2417/2417/2401 2420/2420/2404
f 2419/2419/2403 2418/2418/2402 2423/2423/2407
f 2422/2422/2406 2423/2423/2407 2418/2418/2402
f 2419/2419/2403 2424/2424/2408 2416/2416/2400
f 2425/2425/2409 2416/2416/2400 2424/2424/2408
f 2423/2423/2407 2426/2426/2410 2419/2419/2403
f 2424/2424/2408 2419/2419/2403 2426/2426/2410
f 2427/2427/2411 2425/2425/2409 2424/2424/2408
f 2428/2428/2412 2425/2425/2409 2427/2427/2411
f 2426/2426/2410 2429/2429/2413 2424/2424/2408
f 2427/2427/2411 2424/2424/2408 2429/2429/2413
f 2064/2064/2048 2428/2428/2412 2427/2427/2411
f 2429/2429/2413 2060/2060/2044 2427/2427/2411
f 2064/2064/2048 2427/2427/2411 2060/2060/2044
f 2067/2067/2051 2428/2428/2412 2064/2064/2048
f 2060/2060/2044 2429/2429/2413 2057/2057/2041
f 2429/2429/2413 2426/2426/2410 2430/2430/2414
f 2430/2430/2414 2057/2057/2041 2429/2429/2413
f 2430/2430/2414 2426/2426/2410 2431/2431/2415
f 2426/2426/2410 2423/2423/2407 2431/2431/2415
f 2057/2057/2041 2430/2430/2414 2053/2053/2037
f 2432/2432/2416 2431/2431/2415 2423/2423/2407
f 2423/2423/2407 2422/2422/2406 2432/2432/2416
f 2430/2430/2414 2431/2431/2415 2052/2052/2036
f 2053/2053/2037 2430/2430/2414 2052/2052/2036
f 2431/2431/2415 2432/2432/2416 2433/2433/2417
f 2433/2433/2417 2052/2052/2036 2431/2431/2415
f 2432/2432/2416 2422/2422/2406 2434/2434/2418
f 2422/2422/2406 2420/2420/2404 2434/2434/2418
f 2434/2434/2418 2420/2420/2404 2421/2421/2405
f 2432/2432/2416 2434/2434/2418 2435/2435/2419
f 2433/2433/2417 2432/2432/2416 2435/2435/2419
f 2434/2434/2418 2421/2421/2405 2436/2436/2420
f 2435/2435/2419 2434/2434/2418 2436/2436/2420
f 2436/2436/2420 2421/2421/2405 2437/2437/2421
f 2436/2436/2420 2437/2437/2421 2438/2438/2422
f 2438/2438/2422 2437/2437/2421 2439/2439/2423
f 2435/2435/2419 2436/2436/2420 2440/2440/2424
f 2440/2440/2424 2436/2436/2420 2438/2438/2422
f 2433/2433/2417 2435/2435/2419 2441/2441/2425
f 2441/2441/2425 2435/2435/2419 2440/2440/2424
f 2049/2049/2033 2433/2433/2417 2441/2441/2425
f 2052/2052/2036 2433/2433/2417 2049/2049/2033
f 2438/2438/2422 2439/2439/2423 2442/2442/2426
f 2442/2442/2426 2439/2439/2423 2443/2443/2427
f 2440/2440/2424 2438/2438/2422 2444/2444/2428
f 2444/2444/2428 2438/2438/2422 2442/2442/2426
f 2441/2441/2425 2440/2440/2424 2445/2445/2429
f 2445/2445/2429 2440/2440/2424 2444/2444/2428
f 2046/2046/2030 2441/2441/2425 2445/2445/2429
f 2049/2049/2033 2441/2441/2425 2046/2046/2030
f 2442/2442/2426 2443/2443/2427 2029/2029/2013
f 2029/2029/2013 2443/2443/2427 2030/2030/2014
f 2444/2444/2428 2442/2442/2426 2033/2033/2017
f 2033/2033/2017 2442/2442/2426 2029/2029/2013
f 2445/2445/2429 2444/2444/2428 2035/2035/2019
f 2035/2035/2019 2444/2444/2428 2033/2033/2017
f 2038/2038/2022 2445/2445/2429 2035/2035/2019
f 2046/2046/2030 2445/2445/2429 2038/2038/2022
f 2446/2446/2430 2447/2447/2431 383/383/381
f 2448/2448/2432 383/383/381 2447/2447/2431
f 383/383/381 2448/2448/2432 376/376/374
f 2449/2449/2433 2447/2447/2431 2446/2446/2430
f 2446/2446/2430 2450/2450/2434 2449/2449/2433
f 2451/2451/2435 2448/2448/2432 2447/2447/2431
f 2447/2447/2431 2449/2449/2433 2451/2451/2435
f 2452/2452/2436 376/376/374 2448/2448/2432
f 376/376/374 2452/2452/2436 374/374/372
f 375/375/373 374/374/372 2452/2452/2436
f 2453/2453/2437 2452/2452/2436 2448/2448/2432
f 2448/2448/2432 2451/2451/2435 2453/2453/2437
f 2454/2454/2438 375/375/373 2452/2452/2436
f 2452/2452/2436 2453/2453/2437 2454/2454/2438
f 375/375/373 2454/2454/2438 2455/2455/2439
f 2455/2455/2439 370/370/369 375/375/373
f 2456/2456/2440 2454/2454/2438 2453/2453/2437
f 2451/2451/2435 2456/2456/2440 2453/2453/2437
f 2457/2457/2441 2455/2455/2439 2454/2454/2438
f 2454/2454/2438 2456/2456/2440 2457/2457/2441
f 370/370/369 2455/2455/2439 2458/2458/2442
f 2458/2458/2442 365/365/364 370/370/369
f 2455/2455/2439 2457/2457/2441 2459/2459/2443
f 2459/2459/2443 2458/2458/2442 2455/2455/2439
f 934/934/926 2459/2459/2443 2457/2457/2441
f 2456/2456/2440 934/934/926 2457/2457/2441
f 2459/2459/2443 934/934/926 925/925/917
f 2460/2460/2444 934/934/926 2456/2456/2440
f 929/929/921 934/934/926 2460/2460/2444
f 365/365/364 2458/2458/2442 2461/2461/2445
f 2461/2461/2445 349/349/349 365/365/364
f 349/349/349 2461/2461/2445 350/350/350
f 2458/2458/2442 2459/2459/2443 2462/2462/2446
f 2462/2462/2446 2461/2461/2445 2458/2458/2442
f 925/925/917 2462/2462/2446 2459/2459/2443
f 2463/2463/2447 350/350/350 2461/2461/2445
f 2461/2461/2445 2462/2462/2446 2463/2463/2447
f 350/350/350 2463/2463/2447 973/973/965
f 920/920/912 973/973/965 2463/2463/2447
f 2464/2464/2448 2463/2463/2447 2462/2462/2446
f 2463/2463/2447 2464/2464/2448 920/920/912
f 2462/2462/2446 925/925/917 2464/2464/2448
f 916/916/908 920/920/912 2464/2464/2448
f 925/925/917 916/916/908 2464/2464/2448
f 2460/2460/2444 2465/2465/2449 929/929/921
f 932/932/924 929/929/921 2465/2465/2449
f 2465/2465/2449 2460/2460/2444 2466/2466/2450
f 2456/2456/2440 2466/2466/2450 2460/2460/2444
f 2467/2467/2451 932/932/924 2465/2465/2449
f 2466/2466/2450 2456/2456/2440 2468/2468/2452
f 2468/2468/2452 2456/2456/2440 2451/2451/2435
f 2469/2469/2453 2465/2465/2449 2466/2466/2450
f 2468/2468/2452 2469/2469/2453 2466/2466/2450
f 2467/2467/2451 2465/2465/2449 2469/2469/2453
f 2451/2451/2435 2470/2470/2454 2468/2468/2452
f 2469/2469/2453 2468/2468/2452 2470/2470/2454
f 2470/2470/2454 2451/2451/2435 2449/2449/2433
f 2449/2449/2433 2471/2471/2455 2470/2470/2454
f 2471/2471/2455 2469/2469/2453 2470/2470/2454
f 2471/2471/2455 2449/2449/2433 2450/2450/2434
f 2472/2472/2456 2467/2467/2451 2469/2469/2453
f 2469/2469/2453 2471/2471/2455 2472/2472/2456
f 2450/2450/2434 2473/2473/2457 2471/2471/2455
f 2473/2473/2457 2472/2472/2456 2471/2471/2455
f 2473/2473/2457 2450/2450/2434 2474/2474/2458
f 2474/2474/2458 2475/2475/2459 2473/2473/2457
f 2475/2475/2459 2474/2474/2458 2476/2476/2460
f 2472/2472/2456 2473/2473/2457 2477/2477/2461
f 2475/2475/2459 2477/2477/2461 2473/2473/2457
f 2467/2467/2451 2472/2472/2456 2478/2478/2462
f 2477/2477/2461 2478/2478/2462 2472/2472/2456
f 2476/2476/2460 2479/2479/2463 2475/2475/2459
f 2479/2479/2463 2476/2476/2460 2480/2480/2464
f 2477/2477/2461 2475/2475/2459 2481/2481/2465
f 2479/2479/2463 2481/2481/2465 2475/2475/2459
f 2478/2478/2462 2477/2477/2461 2482/2482/2466
f 2481/2481/2465 2482/2482/2466 2477/2477/2461
f 2478/2478/2462 2483/2483/2467 2467/2467/2451
f 2483/2483/2467 932/932/924 2467/2467/2451
f 2482/2482/2466 2484/2484/2468 2478/2478/2462
f 2483/2483/2467 2478/2478/2462 2484/2484/2468
f 2485/2485/2469 932/932/924 2483/2483/2467
f 932/932/924 2485/2485/2469 931/931/923
f 933/933/925 931/931/923 2485/2485/2469
f 2483/2483/2467 2486/2486/2470 2485/2485/2469
f 2486/2486/2470 2483/2483/2467 2484/2484/2468
f 2485/2485/2469 2487/2487/2471 933/933/925
f 2487/2487/2471 2485/2485/2469 2486/2486/2470
f 2313/2313/2297 933/933/925 2487/2487/2471
f 2486/2486/2470 2488/2488/2472 2487/2487/2471
f 2488/2488/2472 2313/2313/2297 2487/2487/2471
f 2484/2484/2468 2489/2489/2473 2486/2486/2470
f 2488/2488/2472 2486/2486/2470 2489/2489/2473
f 2489/2489/2473 2484/2484/2468 2490/2490/2474
f 2484/2484/2468 2482/2482/2466 2490/2490/2474
f 2489/2489/2473 2491/2491/2475 2488/2488/2472
f 2492/2492/2476 2490/2490/2474 2482/2482/2466
f 2482/2482/2466 2481/2481/2465 2492/2492/2476
f 2490/2490/2474 2493/2493/2477 2489/2489/2473
f 2491/2491/2475 2489/2489/2473 2493/2493/2477
f 2490/2490/2474 2492/2492/2476 2494/2494/2478
f 2493/2493/2477 2490/2490/2474 2494/2494/2478
f 2495/2495/2479 2492/2492/2476 2481/2481/2465
f 2481/2481/2465 2479/2479/2463 2495/2495/2479
f 2496/2496/2480 2494/2494/2478 2492/2492/2476
f 2492/2492/2476 2495/2495/2479 2496/2496/2480
f 2494/2494/2478 2497/2497/2481 2493/2493/2477
f 2493/2493/2477 2498/2498/2482 2491/2491/2475
f 2498/2498/2482 2493/2493/2477 2497/2497/2481
f 2497/2497/2481 2494/2494/2478 2499/2499/2483
f 2494/2494/2478 2496/2496/2480 2499/2499/2483
f 2500/2500/2484 2498/2498/2482 2497/2497/2481
f 2499/2499/2483 2500/2500/2484 2497/2497/2481
f 2496/2496/2480 2501/2501/2485 2499/2499/2483
f 2500/2500/2484 2499/2499/2483 2501/2501/2485
f 1217/1217/1208 1216/1216/1207 2502/2502/2486
f 1217/1217/1208 746/746/741 752/752/747
f 746/746/741 1217/1217/1208 2502/2502/2486
f 2502/2502/2486 1216/1216/1207 2503/2503/2487
f 1216/1216/1207 1218/1218/1209 2503/2503/2487
f 2502/2502/2486 745/745/740 746/746/741
f 2502/2502/2486 2503/2503/2487 2107/2107/2091
f 745/745/740 2502/2502/2486 2107/2107/2091
f 2503/2503/2487 1218/1218/1209 2504/2504/2488
f 2107/2107/2091 2503/2503/2487 2106/2106/2090
f 2503/2503/2487 2504/2504/2488 2106/2106/2090
f 1218/1218/1209 2505/2505/2489 2504/2504/2488
f 1218/1218/1209 1210/1210/1201 2505/2505/2489
f 1210/1210/1201 2506/2506/2490 2505/2505/2489
f 1210/1210/1201 1207/1207/1198 2506/2506/2490
f 1207/1207/1198 1206/1206/1197 2506/2506/2490
f 2506/2506/2490 1206/1206/1197 2507/2507/2491
f 2505/2505/2489 2506/2506/2490 2508/2508/2492
f 2506/2506/2490 2507/2507/2491 2508/2508/2492
f 1206/1206/1197 1205/1205/1196 2507/2507/2491
f 2505/2505/2489 2508/2508/2492 2509/2509/2493
f 2504/2504/2488 2505/2505/2489 2509/2509/2493
f 2508/2508/2492 2507/2507/2491 2510/2510/2494
f 2504/2504/2488 2509/2509/2493 2511/2511/2495
f 2106/2106/2090 2504/2504/2488 2511/2511/2495
f 2509/2509/2493 2508/2508/2492 2512/2512/2496
f 2508/2508/2492 2510/2510/2494 2512/2512/2496
f 2511/2511/2495 2509/2509/2493 2513/2513/2497
f 2509/2509/2493 2512/2512/2496 2513/2513/2497
f 2106/2106/2090 2511/2511/2495 2067/2067/2051
f 2507/2507/2491 2514/2514/2498 2510/2510/2494
f 2507/2507/2491 1205/1205/1196 2514/2514/2498
f 2512/2512/2496 2510/2510/2494 2515/2515/2499
f 2511/2511/2495 2513/2513/2497 2428/2428/2412
f 2428/2428/2412 2067/2067/2051 2511/2511/2495
f 2513/2513/2497 2512/2512/2496 2516/2516/2500
f 2512/2512/2496 2515/2515/2499 2516/2516/2500
f 2425/2425/2409 2428/2428/2412 2513/2513/2497
f 2513/2513/2497 2516/2516/2500 2425/2425/2409
f 2510/2510/2494 2517/2517/2501 2515/2515/2499
f 2510/2510/2494 2514/2514/2498 2517/2517/2501
f 2410/2410/2394 2516/2516/2500 2515/2515/2499
f 2416/2416/2400 2425/2425/2409 2516/2516/2500
f 2516/2516/2500 2410/2410/2394 2416/2416/2400
f 2515/2515/2499 2517/2517/2501 2409/2409/2393
f 2515/2515/2499 2409/2409/2393 2410/2410/2394
f 2514/2514/2498 2518/2518/2502 2517/2517/2501
f 2517/2517/2501 2519/2519/2503 2409/2409/2393
f 2517/2517/2501 2518/2518/2502 2519/2519/2503
f 2514/2514/2498 2520/2520/2504 2518/2518/2502
f 1205/1205/1196 2520/2520/2504 2514/2514/2498
f 2521/2521/2505 2519/2519/2503 2518/2518/2502
f 2520/2520/2504 2521/2521/2505 2518/2518/2502
f 1205/1205/1196 2522/2522/2506 2520/2520/2504
f 1205/1205/1196 1201/1201/1192 2522/2522/2506
f 1201/1201/1192 1834/1834/1821 2522/2522/2506
f 2522/2522/2506 1834/1834/1821 1835/1835/1822
f 2522/2522/2506 1835/1835/1822 2520/2520/2504
f 2520/2520/2504 1835/1835/1822 2521/2521/2505
f 1835/1835/1822 1832/1832/1819 2521/2521/2505
f 2521/2521/2505 1832/1832/1819 2523/2523/2507
f 1832/1832/1819 1830/1830/1817 2523/2523/2507
f 2521/2521/2505 2523/2523/2507 2524/2524/2508
f 2519/2519/2503 2521/2521/2505 2524/2524/2508
f 2525/2525/2509 2523/2523/2507 1830/1830/1817
f 1830/1830/1817 1673/1673/1661 2525/2525/2509
f 2524/2524/2508 2404/2404/2388 2519/2519/2503
f 2409/2409/2393 2519/2519/2503 2404/2404/2388
f 2524/2524/2508 2523/2523/2507 2526/2526/2510
f 2523/2523/2507 2525/2525/2509 2526/2526/2510
f 2525/2525/2509 1673/1673/1661 2527/2527/2511
f 2527/2527/2511 2526/2526/2510 2525/2525/2509
f 2527/2527/2511 1673/1673/1661 1674/1674/1662
f 2528/2528/2512 2527/2527/2511 1674/1674/1662
f 2528/2528/2512 2529/2529/2513 2527/2527/2511
f 2526/2526/2510 2527/2527/2511 2529/2529/2513
f 2529/2529/2513 2528/2528/2512 2530/2530/2514
f 2524/2524/2508 2526/2526/2510 2531/2531/2515
f 2529/2529/2513 2531/2531/2515 2526/2526/2510
f 2404/2404/2388 2524/2524/2508 2531/2531/2515
f 2405/2405/2389 2529/2529/2513 2530/2530/2514
f 2531/2531/2515 2529/2529/2513 2405/2405/2389
f 2404/2404/2388 2531/2531/2515 2405/2405/2389
f 2532/2532/2516 2533/2533/2517 2534/2534/2518
f 2533/2533/2517 2535/2535/2519 2534/2534/2518
f 2536/2536/2520 1500/1500/1488 2532/2532/2516
f 2532/2532/2516 2534/2534/2518 2536/2536/2520
f 1500/1500/1488 2536/2536/2520 1499/1499/1487
f 1501/1501/1489 1499/1499/1487 2536/2536/2520
f 2536/2536/2520 2537/2537/2521 1501/1501/1489
f 2536/2536/2520 2534/2534/2518 2537/2537/2521
f 1501/1501/1489 2537/2537/2521 1592/1592/1580
f 2534/2534/2518 2535/2535/2519 2538/2538/2522
f 2534/2534/2518 2538/2538/2522 2537/2537/2521
f 2535/2535/2519 2539/2539/2523 2538/2538/2522
f 2537/2537/2521 2540/2540/2524 1592/1592/1580
f 2537/2537/2521 2538/2538/2522 2540/2540/2524
f 1592/1592/1580 2540/2540/2524 1595/1595/1583
f 2538/2538/2522 2539/2539/2523 2541/2541/2525
f 2538/2538/2522 2541/2541/2525 2540/2540/2524
f 2539/2539/2523 2542/2542/2526 2541/2541/2525
f 2540/2540/2524 2543/2543/2527 1595/1595/1583
f 2540/2540/2524 2541/2541/2525 2543/2543/2527
f 1595/1595/1583 2543/2543/2527 2168/2168/2152
f 2541/2541/2525 2542/2542/2526 2544/2544/2528
f 2541/2541/2525 2544/2544/2528 2543/2543/2527
f 2542/2542/2526 2545/2545/2529 2544/2544/2528
f 2543/2543/2527 2546/2546/2530 2168/2168/2152
f 2543/2543/2527 2544/2544/2528 2546/2546/2530
f 2544/2544/2528 2545/2545/2529 2547/2547/2531
f 2544/2544/2528 2547/2547/2531 2546/2546/2530
f 2545/2545/2529 2548/2548/2532 2547/2547/2531
f 2547/2547/2531 2548/2548/2532 2549/2549/2533
f 2547/2547/2531 2549/2549/2533 2550/2550/2534
f 2546/2546/2530 2547/2547/2531 2550/2550/2534
f 2550/2550/2534 2549/2549/2533 2551/2551/2535
f 2168/2168/2152 2546/2546/2530 2552/2552/2536
f 2546/2546/2530 2550/2550/2534 2552/2552/2536
f 2168/2168/2152 2552/2552/2536 2167/2167/2151
f 2550/2550/2534 2551/2551/2535 2553/2553/2537
f 2552/2552/2536 2550/2550/2534 2553/2553/2537
f 2554/2554/2538 435/435/433 430/430/428
f 434/434/432 2555/2555/2539 433/433/431
f 433/433/431 2556/2556/2540 431/431/429
f 2555/2555/2539 2556/2556/2540 433/433/431
f 2556/2556/2540 2557/2557/2541 431/431/429
f 431/431/429 2557/2557/2541 432/432/430
f 435/435/433 2558/2558/2542 434/434/432
f 2558/2558/2542 2555/2555/2539 434/434/432
f 2559/2559/2543 2558/2558/2542 435/435/433
f 2554/2554/2538 2559/2559/2543 435/435/433
f 2557/2557/2541 2560/2560/2544 432/432/430
f 615/615/610 432/432/430 2560/2560/2544
f 2557/2557/2541 2561/2561/2545 2560/2560/2544
f 2560/2560/2544 2562/2562/2546 615/615/610
f 2561/2561/2545 2562/2562/2546 2560/2560/2544
f 2562/2562/2546 2563/2563/2547 615/615/610
f 615/615/610 2563/2563/2547 608/608/603
f 607/607/602 608/608/603 2563/2563/2547
f 2564/2564/2548 607/607/602 2563/2563/2547
f 2562/2562/2546 2564/2564/2548 2563/2563/2547
f 2564/2564/2548 604/604/599 607/607/602
f 604/604/599 2564/2564/2548 610/610/605
f 2565/2565/2549 2564/2564/2548 2562/2562/2546
f 2565/2565/2549 610/610/605 2564/2564/2548
f 2561/2561/2545 2565/2565/2549 2562/2562/2546
f 610/610/605 2565/2565/2549 2566/2566/2550
f 2566/2566/2550 591/591/586 610/610/605
f 585/585/580 591/591/586 2566/2566/2550
f 2567/2567/2551 2566/2566/2550 2565/2565/2549
f 2567/2567/2551 2565/2565/2549 2561/2561/2545
f 2568/2568/2552 585/585/580 2566/2566/2550
f 2566/2566/2550 2567/2567/2551 2568/2568/2552
f 2569/2569/2553 585/585/580 2568/2568/2552
f 585/585/580 2569/2569/2553 582/582/577
f 584/584/579 582/582/577 2569/2569/2553
f 2568/2568/2552 2570/2570/2554 2569/2569/2553
f 2570/2570/2554 584/584/579 2569/2569/2553
f 2570/2570/2554 2568/2568/2552 2567/2567/2551
f 2571/2571/2555 2567/2567/2551 2561/2561/2545
f 2570/2570/2554 2567/2567/2551 2571/2571/2555
f 2571/2571/2555 2561/2561/2545 2557/2557/2541
f 2556/2556/2540 2571/2571/2555 2557/2557/2541
f 2572/2572/2556 2571/2571/2555 2556/2556/2540
f 2572/2572/2556 2570/2570/2554 2571/2571/2555
f 2555/2555/2539 2572/2572/2556 2556/2556/2540
f 584/584/579 2570/2570/2554 2573/2573/2557
f 2573/2573/2557 2570/2570/2554 2572/2572/2556
f 2573/2573/2557 579/579/574 584/584/579
f 2574/2574/2558 2572/2572/2556 2555/2555/2539
f 2574/2574/2558 2573/2573/2557 2572/2572/2556
f 2558/2558/2542 2574/2574/2558 2555/2555/2539
f 579/579/574 2573/2573/2557 2575/2575/2559
f 2575/2575/2559 2573/2573/2557 2574/2574/2558
f 2575/2575/2559 578/578/573 579/579/574
f 2576/2576/2560 2574/2574/2558 2558/2558/2542
f 2576/2576/2560 2575/2575/2559 2574/2574/2558
f 2559/2559/2543 2576/2576/2560 2558/2558/2542
f 578/578/573 2575/2575/2559 2577/2577/2561
f 2577/2577/2561 2575/2575/2559 2576/2576/2560
f 2577/2577/2561 565/565/561 578/578/573
f 565/565/561 2577/2577/2561 2578/2578/2562
f 2579/2579/2563 2577/2577/2561 2576/2576/2560
f 2579/2579/2563 2576/2576/2560 2559/2559/2543
f 2579/2579/2563 2578/2578/2562 2577/2577/2561
f 565/565/561 2578/2578/2562 2580/2580/2564
f 2581/2581/2565 2579/2579/2563 2559/2559/2543
f 2581/2581/2565 2559/2559/2543 2554/2554/2538
f 2578/2578/2562 2579/2579/2563 2582/2582/2566
f 2581/2581/2565 2582/2582/2566 2579/2579/2563
f 2578/2578/2562 2583/2583/2567 2580/2580/2564
f 2582/2582/2566 2584/2584/2568 2578/2578/2562
f 2578/2578/2562 2584/2584/2568 2583/2583/2567
f 2585/2585/2569 2580/2580/2564 2583/2583/2567
f 2580/2580/2564 2585/2585/2569 2586/2586/2570
f 2584/2584/2568 2587/2587/2571 2583/2583/2567
f 2583/2583/2567 2587/2587/2571 2585/2585/2569
f 2582/2582/2566 2588/2588/2572 2584/2584/2568
f 2588/2588/2572 2587/2587/2571 2584/2584/2568
f 2589/2589/2573 2586/2586/2570 2585/2585/2569
f 2587/2587/2571 2589/2589/2573 2585/2585/2569
f 2586/2586/2570 2589/2589/2573 2590/2590/2574
f 2591/2591/2575 2590/2590/2574 2589/2589/2573
f 2589/2589/2573 2587/2587/2571 2592/2592/2576
f 2592/2592/2576 2591/2591/2575 2589/2589/2573
f 2587/2587/2571 2588/2588/2572 2593/2593/2577
f 2593/2593/2577 2592/2592/2576 2587/2587/2571
f 2591/2591/2575 2592/2592/2576 2594/2594/2578
f 2595/2595/2579 2591/2591/2575 2594/2594/2578
f 2592/2592/2576 2593/2593/2577 2596/2596/2580
f 2596/2596/2580 2594/2594/2578 2592/2592/2576
f 2597/2597/2581 2595/2595/2579 2594/2594/2578
f 2594/2594/2578 2596/2596/2580 2597/2597/2581
f 2598/2598/2582 2593/2593/2577 2588/2588/2572
f 2599/2599/2583 2596/2596/2580 2593/2593/2577
f 2593/2593/2577 2598/2598/2582 2599/2599/2583
f 2596/2596/2580 2599/2599/2583 2600/2600/2584
f 2600/2600/2584 2597/2597/2581 2596/2596/2580
f 2601/2601/2585 2599/2599/2583 2598/2598/2582
f 2602/2602/2586 2598/2598/2582 2588/2588/2572
f 2602/2602/2586 2588/2588/2572 2582/2582/2566
f 2582/2582/2566 2581/2581/2565 2602/2602/2586
f 2603/2603/2587 2598/2598/2582 2602/2602/2586
f 2603/2603/2587 2601/2601/2585 2598/2598/2582
f 2604/2604/2588 2602/2602/2586 2581/2581/2565
f 2602/2602/2586 2604/2604/2588 2603/2603/2587
f 2604/2604/2588 2581/2581/2565 2554/2554/2538
f 2604/2604/2588 2554/2554/2538 2605/2605/2589
f 2605/2605/2589 2554/2554/2538 430/430/428
f 2605/2605/2589 430/430/428 425/425/423
f 2606/2606/2590 2604/2604/2588 2605/2605/2589
f 2606/2606/2590 2603/2603/2587 2604/2604/2588
f 2607/2607/2591 2605/2605/2589 425/425/423
f 2606/2606/2590 2605/2605/2589 2607/2607/2591
f 2607/2607/2591 425/425/423 413/413/411
f 412/412/410 2607/2607/2591 413/413/411
f 2608/2608/2592 2607/2607/2591 412/412/410
f 2608/2608/2592 2606/2606/2590 2607/2607/2591
f 398/398/396 2608/2608/2592 412/412/410
f 2603/2603/2587 2606/2606/2590 2609/2609/2593
f 2601/2601/2585 2603/2603/2587 2609/2609/2593
f 2610/2610/2594 2606/2606/2590 2608/2608/2592
f 398/398/396 2610/2610/2594 2608/2608/2592
f 2610/2610/2594 2609/2609/2593 2606/2606/2590
f 2610/2610/2594 398/398/396 2611/2611/2595
f 397/397/395 2611/2611/2595 398/398/396
f 2610/2610/2594 2612/2612/2596 2609/2609/2593
f 2609/2609/2593 2612/2612/2596 2601/2601/2585
f 2613/2613/2597 2610/2610/2594 2611/2611/2595
f 2610/2610/2594 2613/2613/2597 2612/2612/2596
f 2614/2614/2598 2611/2611/2595 397/397/395
f 2611/2611/2595 2614/2614/2598 2613/2613/2597
f 393/393/391 2614/2614/2598 397/397/395
f 2614/2614/2598 393/393/391 2615/2615/2599
f 393/393/391 394/394/392 2615/2615/2599
f 2614/2614/2598 2616/2616/2600 2613/2613/2597
f 2615/2615/2599 2616/2616/2600 2614/2614/2598
f 2613/2613/2597 2617/2617/2601 2612/2612/2596
f 2613/2613/2597 2616/2616/2600 2617/2617/2601
f 2616/2616/2600 2615/2615/2599 2618/2618/2602
f 394/394/392 2618/2618/2602 2615/2615/2599
f 2619/2619/2603 2617/2617/2601 2616/2616/2600
f 2618/2618/2602 2619/2619/2603 2616/2616/2600
f 2612/2612/2596 2617/2617/2601 2620/2620/2604
f 2620/2620/2604 2601/2601/2585 2612/2612/2596
f 2617/2617/2601 2619/2619/2603 2621/2621/2605
f 2621/2621/2605 2620/2620/2604 2617/2617/2601
f 2601/2601/2585 2620/2620/2604 2622/2622/2606
f 2599/2599/2583 2601/2601/2585 2622/2622/2606
f 2622/2622/2606 2600/2600/2584 2599/2599/2583
f 2623/2623/2607 2622/2622/2606 2620/2620/2604
f 2620/2620/2604 2621/2621/2605 2623/2623/2607
f 2600/2600/2584 2622/2622/2606 2624/2624/2608
f 2622/2622/2606 2623/2623/2607 2624/2624/2608
f 2621/2621/2605 2625/2625/2609 2623/2623/2607
f 2625/2625/2609 2624/2624/2608 2623/2623/2607
f 2626/2626/2610 2600/2600/2584 2624/2624/2608
f 2624/2624/2608 2625/2625/2609 2626/2626/2610
f 2600/2600/2584 2626/2626/2610 2627/2627/2611
f 2597/2597/2581 2600/2600/2584 2627/2627/2611
f 2628/2628/2612 2626/2626/2610 2625/2625/2609
f 2629/2629/2613 2627/2627/2611 2626/2626/2610
f 2626/2626/2610 2628/2628/2612 2629/2629/2613
f 2627/2627/2611 2629/2629/2613 2630/2630/2614
f 2630/2630/2614 2597/2597/2581 2627/2627/2611
f 2597/2597/2581 2630/2630/2614 2631/2631/2615
f 2595/2595/2579 2597/2597/2581 2631/2631/2615
f 2632/2632/2616 2595/2595/2579 2631/2631/2615
f 2595/2595/2579 2632/2632/2616 2633/2633/2617
f 2634/2634/2618 2633/2633/2617 2632/2632/2616
f 2631/2631/2615 2635/2635/2619 2632/2632/2616
f 2635/2635/2619 2631/2631/2615 2630/2630/2614
f 2632/2632/2616 2636/2636/2620 2634/2634/2618
f 2636/2636/2620 2632/2632/2616 2635/2635/2619
f 2637/2637/2621 2634/2634/2618 2636/2636/2620
f 2630/2630/2614 2638/2638/2622 2635/2635/2619
f 2638/2638/2622 2630/2630/2614 2629/2629/2613
f 2635/2635/2619 2639/2639/2623 2636/2636/2620
f 2639/2639/2623 2635/2635/2619 2638/2638/2622
f 2636/2636/2620 2640/2640/2624 2637/2637/2621
f 2640/2640/2624 2636/2636/2620 2639/2639/2623
f 2641/2641/2625 2637/2637/2621 2640/2640/2624
f 2637/2637/2621 2641/2641/2625 2642/2642/2626
f 2643/2643/2627 2642/2642/2626 2641/2641/2625
f 2629/2629/2613 2644/2644/2628 2638/2638/2622
f 2644/2644/2628 2629/2629/2613 2628/2628/2612
f 2638/2638/2622 2645/2645/2629 2639/2639/2623
f 2645/2645/2629 2638/2638/2622 2644/2644/2628
f 2641/2641/2625 2646/2646/2630 2643/2643/2627
f 2647/2647/2631 2639/2639/2623 2645/2645/2629
f 2639/2639/2623 2647/2647/2631 2640/2640/2624
f 2640/2640/2624 2648/2648/2632 2641/2641/2625
f 2648/2648/2632 2640/2640/2624 2647/2647/2631
f 2646/2646/2630 2641/2641/2625 2648/2648/2632
f 2649/2649/2633 2643/2643/2627 2646/2646/2630
f 2645/2645/2629 2650/2650/2634 2647/2647/2631
f 2647/2647/2631 2651/2651/2635 2648/2648/2632
f 2651/2651/2635 2647/2647/2631 2650/2650/2634
f 2648/2648/2632 2652/2652/2636 2646/2646/2630
f 2652/2652/2636 2648/2648/2632 2651/2651/2635
f 2646/2646/2630 2653/2653/2637 2649/2649/2633
f 2653/2653/2637 2646/2646/2630 2652/2652/2636
f 2653/2653/2637 2654/2654/2638 2649/2649/2633
f 2649/2649/2633 2654/2654/2638 2655/2655/2639
f 2656/2656/2640 2655/2655/2639 2654/2654/2638
f 2653/2653/2637 2657/2657/2641 2654/2654/2638
f 2654/2654/2638 2658/2658/2642 2656/2656/2640
f 2657/2657/2641 2658/2658/2642 2654/2654/2638
f 2659/2659/2643 2656/2656/2640 2658/2658/2642
f 2656/2656/2640 2659/2659/2643 2660/2660/2644
f 2652/2652/2636 2661/2661/2645 2653/2653/2637
f 2661/2661/2645 2657/2657/2641 2653/2653/2637
f 2661/2661/2645 2652/2652/2636 2662/2662/2646
f 2651/2651/2635 2662/2662/2646 2652/2652/2636
f 2663/2663/2647 2660/2660/2644 2659/2659/2643
f 2660/2660/2644 2663/2663/2647 2664/2664/2648
f 2662/2662/2646 2651/2651/2635 2665/2665/2649
f 2650/2650/2634 2665/2665/2649 2651/2651/2635
f 2666/2666/2650 2661/2661/2645 2662/2662/2646
f 2667/2667/2651 2664/2664/2648 2663/2663/2647
f 2664/2664/2648 2667/2667/2651 2500/2500/2484
f 2498/2498/2482 2500/2500/2484 2667/2667/2651
f 2668/2668/2652 2662/2662/2646 2665/2665/2649
f 2662/2662/2646 2668/2668/2652 2666/2666/2650
f 2667/2667/2651 2669/2669/2653 2498/2498/2482
f 2669/2669/2653 2491/2491/2475 2498/2498/2482
f 2663/2663/2647 2670/2670/2654 2667/2667/2651
f 2669/2669/2653 2667/2667/2651 2670/2670/2654
f 2670/2670/2654 2663/2663/2647 2671/2671/2655
f 2659/2659/2643 2671/2671/2655 2663/2663/2647
f 2670/2670/2654 2672/2672/2656 2669/2669/2653
f 2491/2491/2475 2669/2669/2653 2673/2673/2657
f 2672/2672/2656 2673/2673/2657 2669/2669/2653
f 2673/2673/2657 2488/2488/2472 2491/2491/2475
f 2672/2672/2656 2670/2670/2654 2674/2674/2658
f 2671/2671/2655 2674/2674/2658 2670/2670/2654
f 2488/2488/2472 2673/2673/2657 2675/2675/2659
f 2313/2313/2297 2488/2488/2472 2675/2675/2659
f 2673/2673/2657 2672/2672/2656 2311/2311/2295
f 2311/2311/2295 2675/2675/2659 2673/2673/2657
f 2674/2674/2658 2312/2312/2296 2672/2672/2656
f 2312/2312/2296 2311/2311/2295 2672/2672/2656
f 2310/2310/2294 2313/2313/2297 2675/2675/2659
f 2675/2675/2659 2311/2311/2295 2310/2310/2294
f 1255/1255/1246 1256/1256/1247 2676/2676/2660
f 2676/2676/2660 1258/1258/1249 1255/1255/1246
f 2677/2677/2661 2676/2676/2660 1256/1256/1247
f 1256/1256/1247 1257/1257/1248 2677/2677/2661
f 2678/2678/2662 1249/1249/1240 1258/1258/1249
f 1249/1249/1240 2678/2678/2662 2388/2388/2372
f 1258/1258/1249 2676/2676/2660 2679/2679/2663
f 2679/2679/2663 2678/2678/2662 1258/1258/1249
f 2676/2676/2660 2677/2677/2661 2680/2680/2664
f 2680/2680/2664 2679/2679/2663 2676/2676/2660
f 1257/1257/1248 2198/2198/2182 2677/2677/2661
f 2198/2198/2182 2680/2680/2664 2677/2677/2661
f 2681/2681/2665 2388/2388/2372 2678/2678/2662
f 2388/2388/2372 2681/2681/2665 2385/2385/2369
f 2678/2678/2662 2679/2679/2663 2682/2682/2666
f 2682/2682/2666 2681/2681/2665 2678/2678/2662
f 2679/2679/2663 2680/2680/2664 2683/2683/2667
f 2683/2683/2667 2682/2682/2666 2679/2679/2663
f 2680/2680/2664 2198/2198/2182 2684/2684/2668
f 2684/2684/2668 2683/2683/2667 2680/2680/2664
f 2193/2193/2177 2684/2684/2668 2198/2198/2182
f 2682/2682/2666 2683/2683/2667 2685/2685/2669
f 2681/2681/2665 2682/2682/2666 2686/2686/2670
f 2685/2685/2669 2686/2686/2670 2682/2682/2666
f 2686/2686/2670 2687/2687/2671 2681/2681/2665
f 2687/2687/2671 2385/2385/2369 2681/2681/2665
f 2683/2683/2667 2684/2684/2668 2688/2688/2672
f 2688/2688/2672 2685/2685/2669 2683/2683/2667
f 2689/2689/2673 2688/2688/2672 2684/2684/2668
f 2684/2684/2668 2193/2193/2177 2689/2689/2673
f 2385/2385/2369 2687/2687/2671 2690/2690/2674
f 2379/2379/2363 2385/2385/2369 2690/2690/2674
f 2691/2691/2675 2379/2379/2363 2690/2690/2674
f 2379/2379/2363 2691/2691/2675 2376/2376/2360
f 2692/2692/2676 2690/2690/2674 2687/2687/2671
f 2690/2690/2674 2692/2692/2676 2691/2691/2675
f 2693/2693/2677 2692/2692/2676 2687/2687/2671
f 2687/2687/2671 2686/2686/2670 2693/2693/2677
f 2694/2694/2678 2376/2376/2360 2691/2691/2675
f 2376/2376/2360 2694/2694/2678 2373/2373/2357
f 2695/2695/2679 2691/2691/2675 2692/2692/2676
f 2691/2691/2675 2695/2695/2679 2694/2694/2678
f 2696/2696/2680 2695/2695/2679 2692/2692/2676
f 2692/2692/2676 2693/2693/2677 2696/2696/2680
f 2697/2697/2681 2693/2693/2677 2686/2686/2670
f 2686/2686/2670 2685/2685/2669 2697/2697/2681
f 2693/2693/2677 2698/2698/2682 2696/2696/2680
f 2695/2695/2679 2696/2696/2680 2699/2699/2683
f 2698/2698/2682 2699/2699/2683 2696/2696/2680
f 2693/2693/2677 2697/2697/2681 2700/2700/2684
f 2698/2698/2682 2693/2693/2677 2700/2700/2684
f 2699/2699/2683 2701/2701/2685 2695/2695/2679
f 2701/2701/2685 2694/2694/2678 2695/2695/2679
f 2699/2699/2683 2698/2698/2682 2702/2702/2686
f 2694/2694/2678 2701/2701/2685 2703/2703/2687
f 2703/2703/2687 2373/2373/2357 2694/2694/2678
f 1622/1622/1610 2704/2704/2688 2305/2305/2289
f 2305/2305/2289 2705/2705/2689 2306/2306/2290
f 2705/2705/2689 2305/2305/2289 2704/2704/2688
f 2306/2306/2290 2706/2706/2690 2307/2307/2291
f 2706/2706/2690 2306/2306/2290 2705/2705/2689
f 2307/2307/2291 2707/2707/2691 2308/2308/2292
f 2707/2707/2691 2307/2307/2291 2706/2706/2690
f 2708/2708/2692 2308/2308/2292 2707/2707/2691
f 2709/2709/2693 2304/2304/2288 2308/2308/2292
f 2308/2308/2292 2708/2708/2692 2709/2709/2693
f 2304/2304/2288 2709/2709/2693 2710/2710/2694
f 2710/2710/2694 2300/2300/2284 2304/2304/2288
f 2300/2300/2284 2710/2710/2694 2711/2711/2695
f 2711/2711/2695 2290/2290/2274 2300/2300/2284
f 2290/2290/2274 2711/2711/2695 2286/2286/2270
f 2287/2287/2271 2286/2286/2270 2711/2711/2695
f 2710/2710/2694 2712/2712/2696 2711/2711/2695
f 2287/2287/2271 2711/2711/2695 2712/2712/2696
f 2709/2709/2693 2713/2713/2697 2710/2710/2694
f 2712/2712/2696 2710/2710/2694 2713/2713/2697
f 2713/2713/2697 2709/2709/2693 2714/2714/2698
f 2708/2708/2692 2714/2714/2698 2709/2709/2693
f 2715/2715/2699 2712/2712/2696 2713/2713/2697
f 2712/2712/2696 2716/2716/2700 2287/2287/2271
f 2283/2283/2267 2287/2287/2271 2716/2716/2700
f 2716/2716/2700 2712/2712/2696 2717/2717/2701
f 2717/2717/2701 2712/2712/2696 2715/2715/2699
f 2716/2716/2700 2718/2718/2702 2283/2283/2267
f 2279/2279/2263 2283/2283/2267 2718/2718/2702
f 2717/2717/2701 2719/2719/2703 2716/2716/2700
f 2718/2718/2702 2716/2716/2700 2719/2719/2703
f 2715/2715/2699 2720/2720/2704 2717/2717/2701
f 2719/2719/2703 2717/2717/2701 2720/2720/2704
f 2721/2721/2705 2279/2279/2263 2718/2718/2702
f 2274/2274/2258 2279/2279/2263 2721/2721/2705
f 2722/2722/2706 2718/2718/2702 2719/2719/2703
f 2721/2721/2705 2718/2718/2702 2722/2722/2706
f 2723/2723/2707 2719/2719/2703 2720/2720/2704
f 2722/2722/2706 2719/2719/2703 2723/2723/2707
f 2720/2720/2704 2715/2715/2699 2724/2724/2708
f 2725/2725/2709 2721/2721/2705 2722/2722/2706
f 2723/2723/2707 2720/2720/2704 2726/2726/2710
f 2726/2726/2710 2720/2720/2704 2724/2724/2708
f 2727/2727/2711 2722/2722/2706 2723/2723/2707
f 2725/2725/2709 2722/2722/2706 2727/2727/2711
f 2728/2728/2712 2723/2723/2707 2726/2726/2710
f 2727/2727/2711 2723/2723/2707 2728/2728/2712
f 2729/2729/2713 2721/2721/2705 2725/2725/2709
f 2729/2729/2713 2274/2274/2258 2721/2721/2705
f 2032/2032/2016 2725/2725/2709 2727/2727/2711
f 2730/2730/2714 2274/2274/2258 2729/2729/2713
f 2730/2730/2714 2271/2271/2255 2274/2274/2258
f 2272/2272/2256 2271/2271/2255 2730/2730/2714
f 2030/2030/2014 2729/2729/2713 2725/2725/2709
f 2030/2030/2014 2725/2725/2709 2032/2032/2016
f 2443/2443/2427 2730/2730/2714 2729/2729/2713
f 2443/2443/2427 2729/2729/2713 2030/2030/2014
f 2439/2439/2423 2272/2272/2256 2730/2730/2714
f 2439/2439/2423 2730/2730/2714 2443/2443/2427
f 2437/2437/2421 2272/2272/2256 2439/2439/2423
f 2437/2437/2421 2731/2731/2715 2272/2272/2256
f 2269/2269/2253 2272/2272/2256 2731/2731/2715
f 2732/2732/2716 2269/2269/2253 2731/2731/2715
f 2437/2437/2421 2732/2732/2716 2731/2731/2715
f 2732/2732/2716 2733/2733/2717 2269/2269/2253
f 2733/2733/2717 2266/2266/2250 2269/2269/2253
f 2732/2732/2716 2437/2437/2421 2421/2421/2405
f 2413/2413/2397 2733/2733/2717 2732/2732/2716
f 2421/2421/2405 2413/2413/2397 2732/2732/2716
f 2266/2266/2250 2733/2733/2717 2734/2734/2718
f 2734/2734/2718 2264/2264/2248 2266/2266/2250
f 2412/2412/2396 2734/2734/2718 2733/2733/2717
f 2733/2733/2717 2413/2413/2397 2412/2412/2396
f 2264/2264/2248 2734/2734/2718 2735/2735/2719
f 2735/2735/2719 2263/2263/2247 2264/2264/2248
f 2734/2734/2718 2412/2412/2396 2736/2736/2720
f 2736/2736/2720 2735/2735/2719 2734/2734/2718
f 2737/2737/2721 2263/2263/2247 2735/2735/2719
f 2735/2735/2719 2736/2736/2720 2737/2737/2721
f 2263/2263/2247 2737/2737/2721 2738/2738/2722
f 2407/2407/2391 2736/2736/2720 2412/2412/2396
f 2530/2530/2514 2737/2737/2721 2736/2736/2720
f 2407/2407/2391 2530/2530/2514 2736/2736/2720
f 2737/2737/2721 2530/2530/2514 2528/2528/2512
f 2528/2528/2512 2738/2738/2722 2737/2737/2721
f 2405/2405/2389 2530/2530/2514 2407/2407/2391
f 2738/2738/2722 2739/2739/2723 2263/2263/2247
f 2263/2263/2247 2739/2739/2723 2255/2255/2239
f 2252/2252/2236 2255/2255/2239 2739/2739/2723
f 2739/2739/2723 2740/2740/2724 2252/2252/2236
f 2256/2256/2240 2252/2252/2236 2740/2740/2724
f 2738/2738/2722 2741/2741/2725 2739/2739/2723
f 2740/2740/2724 2739/2739/2723 2741/2741/2725
f 2742/2742/2726 2741/2741/2725 2738/2738/2722
f 2738/2738/2722 2528/2528/2512 2742/2742/2726
f 2741/2741/2725 2743/2743/2727 2740/2740/2724
f 2740/2740/2724 2744/2744/2728 2256/2256/2240
f 2744/2744/2728 2740/2740/2724 2743/2743/2727
f 2742/2742/2726 2745/2745/2729 2741/2741/2725
f 2743/2743/2727 2741/2741/2725 2745/2745/2729
f 2528/2528/2512 1674/1674/1662 2742/2742/2726
f 1674/1674/1662 2745/2745/2729 2742/2742/2726
f 2746/2746/2730 2256/2256/2240 2744/2744/2728
f 2256/2256/2240 2746/2746/2730 2244/2244/2228
f 2743/2743/2727 2747/2747/2731 2744/2744/2728
f 2745/2745/2729 2748/2748/2732 2743/2743/2727
f 2747/2747/2731 2743/2743/2727 2748/2748/2732
f 1674/1674/1662 1671/1671/1659 2745/2745/2729
f 2748/2748/2732 2745/2745/2729 1671/1671/1659
f 2744/2744/2728 2749/2749/2733 2746/2746/2730
f 2749/2749/2733 2744/2744/2728 2747/2747/2731
f 2750/2750/2734 2244/2244/2228 2746/2746/2730
f 2244/2244/2228 2750/2750/2734 2241/2241/2225
f 2751/2751/2735 2746/2746/2730 2749/2749/2733
f 2746/2746/2730 2751/2751/2735 2750/2750/2734
f 1709/1709/1697 2241/2241/2225 2750/2750/2734
f 1705/1705/1693 2750/2750/2734 2751/2751/2735
f 2750/2750/2734 1705/1705/1693 1709/1709/1697
f 2749/2749/2733 2752/2752/2736 2751/2751/2735
f 2751/2751/2735 1701/1701/1689 1705/1705/1693
f 1701/1701/1689 2751/2751/2735 2752/2752/2736
f 2752/2752/2736 2749/2749/2733 2753/2753/2737
f 2747/2747/2731 2753/2753/2737 2749/2749/2733
f 2752/2752/2736 1698/1698/1686 1701/1701/1689
f 2753/2753/2737 2747/2747/2731 2754/2754/2738
f 2748/2748/2732 2754/2754/2738 2747/2747/2731
f 2753/2753/2737 2755/2755/2739 2752/2752/2736
f 1698/1698/1686 2752/2752/2736 2755/2755/2739
f 2754/2754/2738 2756/2756/2740 2753/2753/2737
f 2755/2755/2739 2753/2753/2737 2756/2756/2740
f 2754/2754/2738 2748/2748/2732 1670/1670/1658
f 1671/1671/1659 1670/1670/1658 2748/2748/2732
f 2756/2756/2740 2754/2754/2738 2757/2757/2741
f 1670/1670/1658 2757/2757/2741 2754/2754/2738
f 2756/2756/2740 2758/2758/2742 2755/2755/2739
f 2755/2755/2739 1696/1696/1684 1698/1698/1686
f 1696/1696/1684 2755/2755/2739 2758/2758/2742
f 2758/2758/2742 2756/2756/2740 1665/1665/1653
f 2757/2757/2741 1665/1665/1653 2756/2756/2740
f 2758/2758/2742 1690/1690/1678 1696/1696/1684
f 2757/2757/2741 1670/1670/1658 1669/1669/1657
f 1665/1665/1653 1664/1664/1652 2758/2758/2742
f 1690/1690/1678 2758/2758/2742 1664/1664/1652
f 1665/1665/1653 2757/2757/2741 1667/1667/1655
f 1669/1669/1657 1667/1667/1655 2757/2757/2741
f 2759/2759/2743 2760/2760/2744 2761/2761/2745
f 2762/2762/2746 2761/2761/2745 2760/2760/2744
f 2761/2761/2745 2763/2763/2747 2759/2759/2743
f 2760/2760/2744 2759/2759/2743 2764/2764/2748
f 2761/2761/2745 2762/2762/2746 2765/2765/2749
f 2760/2760/2744 2766/2766/2750 2762/2762/2746
f 2763/2763/2747 2761/2761/2745 2767/2767/2751
f 2765/2765/2749 2767/2767/2751 2761/2761/2745
f 2768/2768/2752 2759/2759/2743 2763/2763/2747
f 2766/2766/2750 2760/2760/2744 2769/2769/2753
f 2764/2764/2748 2769/2769/2753 2760/2760/2744
f 2769/2769/2753 2706/2706/2690 2766/2766/2750
f 2705/2705/2689 2766/2766/2750 2706/2706/2690
f 2706/2706/2690 2769/2769/2753 2707/2707/2691
f 2766/2766/2750 2705/2705/2689 2770/2770/2754
f 2770/2770/2754 2762/2762/2746 2766/2766/2750
f 2704/2704/2688 2770/2770/2754 2705/2705/2689
f 2771/2771/2755 2707/2707/2691 2769/2769/2753
f 2769/2769/2753 2764/2764/2748 2771/2771/2755
f 2707/2707/2691 2771/2771/2755 2708/2708/2692
f 2762/2762/2746 2770/2770/2754 2772/2772/2756
f 2772/2772/2756 2765/2765/2749 2762/2762/2746
f 2770/2770/2754 2704/2704/2688 2773/2773/2757
f 2773/2773/2757 2772/2772/2756 2770/2770/2754
f 2774/2774/2758 2708/2708/2692 2771/2771/2755
f 2714/2714/2698 2708/2708/2692 2774/2774/2758
f 2774/2774/2758 2771/2771/2755 2775/2775/2759
f 2775/2775/2759 2771/2771/2755 2764/2764/2748
f 2776/2776/2760 2714/2714/2698 2774/2774/2758
f 2775/2775/2759 2776/2776/2760 2774/2774/2758
f 2775/2775/2759 2764/2764/2748 2777/2777/2761
f 2777/2777/2761 2764/2764/2748 2759/2759/2743
f 2777/2777/2761 2759/2759/2743 2768/2768/2752
f 2777/2777/2761 2778/2778/2762 2775/2775/2759
f 2776/2776/2760 2775/2775/2759 2778/2778/2762
f 2768/2768/2752 2779/2779/2763 2777/2777/2761
f 2778/2778/2762 2777/2777/2761 2779/2779/2763
f 2779/2779/2763 2768/2768/2752 2780/2780/2764
f 2778/2778/2762 2781/2781/2765 2776/2776/2760
f 2779/2779/2763 2782/2782/2766 2778/2778/2762
f 2781/2781/2765 2778/2778/2762 2782/2782/2766
f 2782/2782/2766 2779/2779/2763 2783/2783/2767
f 2780/2780/2764 2783/2783/2767 2779/2779/2763
f 2784/2784/2768 2781/2781/2765 2782/2782/2766
f 2785/2785/2769 2782/2782/2766 2783/2783/2767
f 2784/2784/2768 2782/2782/2766 2785/2785/2769
f 2785/2785/2769 2783/2783/2767 2786/2786/2770
f 2787/2787/2771 2781/2781/2765 2784/2784/2768
f 2788/2788/2772 2776/2776/2760 2781/2781/2765
f 2787/2787/2771 2788/2788/2772 2781/2781/2765
f 2776/2776/2760 2788/2788/2772 2789/2789/2773
f 2789/2789/2773 2714/2714/2698 2776/2776/2760
f 2789/2789/2773 2713/2713/2697 2714/2714/2698
f 2715/2715/2699 2713/2713/2697 2789/2789/2773
f 2789/2789/2773 2724/2724/2708 2715/2715/2699
f 2724/2724/2708 2789/2789/2773 2788/2788/2772
f 2790/2790/2774 2724/2724/2708 2788/2788/2772
f 2790/2790/2774 2788/2788/2772 2787/2787/2771
f 2726/2726/2710 2724/2724/2708 2790/2790/2774
f 2791/2791/2775 2726/2726/2710 2790/2790/2774
f 2728/2728/2712 2726/2726/2710 2791/2791/2775
f 2792/2792/2776 2790/2790/2774 2787/2787/2771
f 2791/2791/2775 2790/2790/2774 2792/2792/2776
f 2792/2792/2776 2787/2787/2771 2793/2793/2777
f 2793/2793/2777 2787/2787/2771 2784/2784/2768
f 2548/2548/2532 2791/2791/2775 2792/2792/2776
f 2549/2549/2533 2792/2792/2776 2793/2793/2777
f 2548/2548/2532 2792/2792/2776 2549/2549/2533
f 2793/2793/2777 2784/2784/2768 2794/2794/2778
f 2794/2794/2778 2784/2784/2768 2785/2785/2769
f 2549/2549/2533 2793/2793/2777 2551/2551/2535
f 2551/2551/2535 2793/2793/2777 2794/2794/2778
f 2795/2795/2779 2791/2791/2775 2548/2548/2532
f 2795/2795/2779 2728/2728/2712 2791/2791/2775
f 2794/2794/2778 2785/2785/2769 2796/2796/2780
f 2797/2797/2781 2728/2728/2712 2795/2795/2779
f 2797/2797/2781 2727/2727/2711 2728/2728/2712
f 2032/2032/2016 2727/2727/2711 2797/2797/2781
f 2041/2041/2025 2032/2032/2016 2797/2797/2781
f 2796/2796/2780 2785/2785/2769 2786/2786/2770
f 2041/2041/2025 2797/2797/2781 2798/2798/2782
f 2798/2798/2782 2797/2797/2781 2795/2795/2779
f 2799/2799/2783 2041/2041/2025 2798/2798/2782
f 2040/2040/2024 2041/2041/2025 2799/2799/2783
f 2798/2798/2782 2795/2795/2779 2545/2545/2529
f 2545/2545/2529 2795/2795/2779 2548/2548/2532
f 2799/2799/2783 2798/2798/2782 2542/2542/2526
f 2542/2542/2526 2798/2798/2782 2545/2545/2529
f 2800/2800/2784 2040/2040/2024 2799/2799/2783
f 2039/2039/2023 2040/2040/2024 2800/2800/2784
f 2539/2539/2523 2799/2799/2783 2542/2542/2526
f 2800/2800/2784 2799/2799/2783 2539/2539/2523
f 2801/2801/2785 2039/2039/2023 2800/2800/2784
f 2042/2042/2026 2039/2039/2023 2801/2801/2785
f 2535/2535/2519 2800/2800/2784 2539/2539/2523
f 2801/2801/2785 2800/2800/2784 2535/2535/2519
f 2802/2802/2786 2042/2042/2026 2801/2801/2785
f 2044/2044/2028 2042/2042/2026 2802/2802/2786
f 2533/2533/2517 2801/2801/2785 2535/2535/2519
f 2802/2802/2786 2801/2801/2785 2533/2533/2517
f 2803/2803/2787 2044/2044/2028 2802/2802/2786
f 2047/2047/2031 2044/2044/2028 2803/2803/2787
f 2084/2084/2068 2047/2047/2031 2803/2803/2787
f 2803/2803/2787 2802/2802/2786 2804/2804/2788
f 2804/2804/2788 2802/2802/2786 2533/2533/2517
f 2803/2803/2787 2805/2805/2789 2084/2084/2068
f 2805/2805/2789 2803/2803/2787 2804/2804/2788
f 1106/1106/1097 2084/2084/2068 2805/2805/2789
f 2805/2805/2789 1105/1105/1096 1106/1106/1097
f 1105/1105/1096 2805/2805/2789 1500/1500/1488
f 2804/2804/2788 1500/1500/1488 2805/2805/2789
f 2804/2804/2788 2533/2533/2517 2532/2532/2516
f 1500/1500/1488 2804/2804/2788 2532/2532/2516
f 2701/2701/2685 2699/2699/2683 2806/2806/2790
f 2702/2702/2686 2806/2806/2790 2699/2699/2683
f 2807/2807/2791 2703/2703/2687 2701/2701/2685
f 2806/2806/2790 2807/2807/2791 2701/2701/2685
f 2373/2373/2357 2703/2703/2687 2808/2808/2792
f 2808/2808/2792 2371/2371/2355 2373/2373/2357
f 2703/2703/2687 2807/2807/2791 2809/2809/2793
f 2809/2809/2793 2808/2808/2792 2703/2703/2687
f 2371/2371/2355 2808/2808/2792 2810/2810/2794
f 2810/2810/2794 2364/2364/2348 2371/2371/2355
f 2808/2808/2792 2809/2809/2793 2811/2811/2795
f 2811/2811/2795 2810/2810/2794 2808/2808/2792
f 2812/2812/2796 2809/2809/2793 2807/2807/2791
f 2364/2364/2348 2810/2810/2794 2813/2813/2797
f 2363/2363/2347 2364/2364/2348 2813/2813/2797
f 2810/2810/2794 2811/2811/2795 2814/2814/2798
f 2813/2813/2797 2815/2815/2799 2363/2363/2347
f 2810/2810/2794 2816/2816/2800 2813/2813/2797
f 2816/2816/2800 2810/2810/2794 2814/2814/2798
f 2815/2815/2799 2813/2813/2797 2816/2816/2800
f 2360/2360/2344 2363/2363/2347 2815/2815/2799
f 2815/2815/2799 2817/2817/2801 2360/2360/2344
f 2357/2357/2341 2360/2360/2344 2817/2817/2801
f 2816/2816/2800 2818/2818/2802 2815/2815/2799
f 2817/2817/2801 2815/2815/2799 2818/2818/2802
f 2814/2814/2798 2819/2819/2803 2816/2816/2800
f 2818/2818/2802 2816/2816/2800 2819/2819/2803
f 2819/2819/2803 2814/2814/2798 2820/2820/2804
f 2811/2811/2795 2820/2820/2804 2814/2814/2798
f 2817/2817/2801 2821/2821/2805 2357/2357/2341
f 2820/2820/2804 2811/2811/2795 2822/2822/2806
f 2809/2809/2793 2822/2822/2806 2811/2811/2795
f 2818/2818/2802 2823/2823/2807 2817/2817/2801
f 2817/2817/2801 2823/2823/2807 2821/2821/2805
f 2357/2357/2341 2821/2821/2805 2824/2824/2808
f 2818/2818/2802 2825/2825/2809 2823/2823/2807
f 2819/2819/2803 2825/2825/2809 2818/2818/2802
f 2822/2822/2806 2809/2809/2793 2826/2826/2810
f 2809/2809/2793 2812/2812/2796 2826/2826/2810
f 2819/2819/2803 2827/2827/2811 2825/2825/2809
f 2820/2820/2804 2827/2827/2811 2819/2819/2803
f 2822/2822/2806 2828/2828/2812 2820/2820/2804
f 2820/2820/2804 2828/2828/2812 2827/2827/2811
f 2826/2826/2810 2829/2829/2813 2822/2822/2806
f 2822/2822/2806 2829/2829/2813 2828/2828/2812
f 2826/2826/2810 2830/2830/2814 2829/2829/2813
f 2812/2812/2796 2830/2830/2814 2826/2826/2810
f 2830/2830/2814 2831/2831/2815 2829/2829/2813
f 2829/2829/2813 2832/2832/2816 2828/2828/2812
f 2829/2829/2813 2831/2831/2815 2832/2832/2816
f 2828/2828/2812 2833/2833/2817 2827/2827/2811
f 2828/2828/2812 2832/2832/2816 2833/2833/2817
f 2827/2827/2811 2833/2833/2817 2834/2834/2818
f 2827/2827/2811 2834/2834/2818 2825/2825/2809
f 2833/2833/2817 2835/2835/2819 2834/2834/2818
f 2825/2825/2809 2834/2834/2818 2836/2836/2820
f 2835/2835/2819 2836/2836/2820 2834/2834/2818
f 2825/2825/2809 2836/2836/2820 2823/2823/2807
f 2832/2832/2816 2837/2837/2821 2833/2833/2817
f 2835/2835/2819 2833/2833/2817 2837/2837/2821
f 2837/2837/2821 2832/2832/2816 2838/2838/2822
f 2831/2831/2815 2838/2838/2822 2832/2832/2816
f 2823/2823/2807 2836/2836/2820 2839/2839/2823
f 2823/2823/2807 2839/2839/2823 2821/2821/2805
f 2836/2836/2820 2835/2835/2819 2840/2840/2824
f 2840/2840/2824 2839/2839/2823 2836/2836/2820
f 2821/2821/2805 2839/2839/2823 2841/2841/2825
f 2821/2821/2805 2841/2841/2825 2824/2824/2808
f 2839/2839/2823 2840/2840/2824 2842/2842/2826
f 2842/2842/2826 2841/2841/2825 2839/2839/2823
f 2843/2843/2827 2840/2840/2824 2835/2835/2819
f 2844/2844/2828 2842/2842/2826 2840/2840/2824
f 2840/2840/2824 2843/2843/2827 2844/2844/2828
f 2835/2835/2819 2845/2845/2829 2843/2843/2827
f 2845/2845/2829 2835/2835/2819 2837/2837/2821
f 2837/2837/2821 2846/2846/2830 2845/2845/2829
f 2846/2846/2830 2837/2837/2821 2838/2838/2822
f 2847/2847/2831 2845/2845/2829 2846/2846/2830
f 2838/2838/2822 2848/2848/2832 2846/2846/2830
f 2848/2848/2832 2847/2847/2831 2846/2846/2830
f 2849/2849/2833 2843/2843/2827 2845/2845/2829
f 2845/2845/2829 2847/2847/2831 2849/2849/2833
f 2843/2843/2827 2849/2849/2833 2850/2850/2834
f 2850/2850/2834 2844/2844/2828 2843/2843/2827
f 2847/2847/2831 2851/2851/2835 2849/2849/2833
f 2849/2849/2833 2852/2852/2836 2850/2850/2834
f 2852/2852/2836 2849/2849/2833 2851/2851/2835
f 2844/2844/2828 2850/2850/2834 2853/2853/2837
f 2854/2854/2838 2850/2850/2834 2852/2852/2836
f 2850/2850/2834 2854/2854/2838 2853/2853/2837
f 2852/2852/2836 2855/2855/2839 2854/2854/2838
f 2855/2855/2839 2856/2856/2840 2854/2854/2838
f 2855/2855/2839 2852/2852/2836 2857/2857/2841
f 2851/2851/2835 2857/2857/2841 2852/2852/2836
f 2858/2858/2842 2855/2855/2839 2857/2857/2841
f 2859/2859/2843 2854/2854/2838 2856/2856/2840
f 2854/2854/2838 2859/2859/2843 2853/2853/2837
f 2856/2856/2840 2860/2860/2844 2859/2859/2843
f 2857/2857/2841 2851/2851/2835 2861/2861/2845
f 2861/2861/2845 2858/2858/2842 2857/2857/2841
f 2853/2853/2837 2862/2862/2846 2844/2844/2828
f 2862/2862/2846 2853/2853/2837 2859/2859/2843
f 2842/2842/2826 2844/2844/2828 2862/2862/2846
f 2863/2863/2847 2859/2859/2843 2860/2860/2844
f 2859/2859/2843 2863/2863/2847 2862/2862/2846
f 2860/2860/2844 2864/2864/2848 2863/2863/2847
f 2862/2862/2846 2865/2865/2849 2842/2842/2826
f 2865/2865/2849 2862/2862/2846 2863/2863/2847
f 2841/2841/2825 2842/2842/2826 2865/2865/2849
f 2866/2866/2850 2863/2863/2847 2864/2864/2848
f 2863/2863/2847 2866/2866/2850 2865/2865/2849
f 2867/2867/2851 2866/2866/2850 2864/2864/2848
f 2865/2865/2849 2868/2868/2852 2841/2841/2825
f 2868/2868/2852 2865/2865/2849 2866/2866/2850
f 2824/2824/2808 2841/2841/2825 2868/2868/2852
f 2866/2866/2850 2867/2867/2851 2869/2869/2853
f 2869/2869/2853 2868/2868/2852 2866/2866/2850
f 2870/2870/2854 2869/2869/2853 2867/2867/2851
f 2871/2871/2855 2824/2824/2808 2868/2868/2852
f 2868/2868/2852 2869/2869/2853 2871/2871/2855
f 2824/2824/2808 2871/2871/2855 2872/2872/2856
f 2873/2873/2857 2872/2872/2856 2871/2871/2855
f 2874/2874/2858 2871/2871/2855 2869/2869/2853
f 2871/2871/2855 2874/2874/2858 2873/2873/2857
f 2869/2869/2853 2870/2870/2854 2874/2874/2858
f 2875/2875/2859 2873/2873/2857 2874/2874/2858
f 2870/2870/2854 2875/2875/2859 2874/2874/2858
f 2167/2167/2151 2552/2552/2536 2876/2876/2860
f 2552/2552/2536 2553/2553/2537 2876/2876/2860
f 2167/2167/2151 2876/2876/2860 2170/2170/2154
f 2170/2170/2154 2876/2876/2860 2174/2174/2158
f 2876/2876/2860 2877/2877/2861 2174/2174/2158
f 2876/2876/2860 2553/2553/2537 2877/2877/2861
f 2174/2174/2158 2877/2877/2861 2181/2181/2165
f 2553/2553/2537 2551/2551/2535 2878/2878/2862
f 2553/2553/2537 2878/2878/2862 2877/2877/2861
f 2551/2551/2535 2794/2794/2778 2878/2878/2862
f 2878/2878/2862 2794/2794/2778 2796/2796/2780
f 2877/2877/2861 2878/2878/2862 2879/2879/2863
f 2877/2877/2861 2879/2879/2863 2181/2181/2165
f 2878/2878/2862 2796/2796/2780 2879/2879/2863
f 2880/2880/2864 2181/2181/2165 2879/2879/2863
f 2796/2796/2780 2880/2880/2864 2879/2879/2863
f 2181/2181/2165 2880/2880/2864 2182/2182/2166
f 2881/2881/2865 2182/2182/2166 2880/2880/2864
f 2880/2880/2864 2796/2796/2780 2882/2882/2866
f 2882/2882/2866 2881/2881/2865 2880/2880/2864
f 2796/2796/2780 2786/2786/2770 2882/2882/2866
f 2881/2881/2865 2882/2882/2866 2883/2883/2867
f 2881/2881/2865 2883/2883/2867 2884/2884/2868
f 2885/2885/2869 2882/2882/2866 2786/2786/2770
f 2882/2882/2866 2885/2885/2869 2883/2883/2867
f 2883/2883/2867 2886/2886/2870 2884/2884/2868
f 2883/2883/2867 2885/2885/2869 2886/2886/2870
f 2887/2887/2871 2884/2884/2868 2886/2886/2870
f 2888/2888/2872 2887/2887/2871 2886/2886/2870
f 2885/2885/2869 2888/2888/2872 2886/2886/2870
f 2786/2786/2770 2889/2889/2873 2885/2885/2869
f 2888/2888/2872 2885/2885/2869 2889/2889/2873
f 2786/2786/2770 2783/2783/2767 2889/2889/2873
f 2783/2783/2767 2780/2780/2764 2889/2889/2873
f 2780/2780/2764 2888/2888/2872 2889/2889/2873
f 2888/2888/2872 2780/2780/2764 2890/2890/2874
f 2780/2780/2764 2891/2891/2875 2890/2890/2874
f 2891/2891/2875 2780/2780/2764 2768/2768/2752
f 2892/2892/2876 2890/2890/2874 2891/2891/2875
f 2768/2768/2752 2763/2763/2747 2891/2891/2875
f 2891/2891/2875 2893/2893/2877 2892/2892/2876
f 2891/2891/2875 2763/2763/2747 2893/2893/2877
f 2892/2892/2876 2893/2893/2877 2894/2894/2878
f 2767/2767/2751 2893/2893/2877 2763/2763/2747
f 2895/2895/2879 2894/2894/2878 2893/2893/2877
f 2893/2893/2877 2767/2767/2751 2895/2895/2879
f 2894/2894/2878 2895/2895/2879 2896/2896/2880
f 2897/2897/2881 2896/2896/2880 2895/2895/2879
f 2896/2896/2880 2897/2897/2881 2898/2898/2882
f 2899/2899/2883 2895/2895/2879 2767/2767/2751
f 2895/2895/2879 2899/2899/2883 2897/2897/2881
f 2767/2767/2751 2765/2765/2749 2899/2899/2883
f 1873/1873/1860 2898/2898/2882 2897/2897/2881
f 2899/2899/2883 1873/1873/1860 2897/2897/2881
f 2898/2898/2882 1873/1873/1860 2900/2900/2884
f 2765/2765/2749 2901/2901/2885 2899/2899/2883
f 1873/1873/1860 2899/2899/2883 2901/2901/2885
f 2901/2901/2885 1867/1867/1854 1873/1873/1860
f 1873/1873/1860 1868/1868/1855 2900/2900/2884
f 1867/1867/1854 2901/2901/2885 1870/1870/1857
f 2901/2901/2885 2765/2765/2749 2902/2902/2886
f 2902/2902/2886 1870/1870/1857 2901/2901/2885
f 2765/2765/2749 2772/2772/2756 2902/2902/2886
f 1870/1870/1857 2902/2902/2886 1878/1878/1865
f 2772/2772/2756 1878/1878/1865 2902/2902/2886
f 2903/2903/2887 2900/2900/2884 1868/1868/1855
f 2900/2900/2884 2903/2903/2887 2904/2904/2888
f 1868/1868/1855 2137/2137/2121 2903/2903/2887
f 2134/2134/2118 2904/2904/2888 2903/2903/2887
f 2137/2137/2121 2134/2134/2118 2903/2903/2887
f 1878/1878/1865 2772/2772/2756 2905/2905/2889
f 2905/2905/2889 1876/1876/1863 1878/1878/1865
f 2772/2772/2756 2773/2773/2757 2905/2905/2889
f 1876/1876/1863 2905/2905/2889 2906/2906/2890
f 2773/2773/2757 2906/2906/2890 2905/2905/2889
f 1877/1877/1864 1876/1876/1863 2906/2906/2890
f 2906/2906/2890 2773/2773/2757 2907/2907/2891
f 2906/2906/2890 2908/2908/2892 1877/1877/1864
f 2908/2908/2892 2906/2906/2890 2907/2907/2891
f 1885/1885/1872 1877/1877/1864 2908/2908/2892
f 2704/2704/2688 2907/2907/2891 2773/2773/2757
f 2909/2909/2893 1885/1885/1872 2908/2908/2892
f 2907/2907/2891 2909/2909/2893 2908/2908/2892
f 1885/1885/1872 2909/2909/2893 1894/1894/1881
f 1619/1619/1607 1894/1894/1881 2909/2909/2893
f 2909/2909/2893 2907/2907/2891 2910/2910/2894
f 2910/2910/2894 1619/1619/1607 2909/2909/2893
f 2907/2907/2891 2704/2704/2688 2910/2910/2894
f 1619/1619/1607 2910/2910/2894 1622/1622/1610
f 2704/2704/2688 1622/1622/1610 2910/2910/2894
f 2911/2911/2895 2912/2912/2896 2913/2913/2897
f 2913/2913/2897 2354/2354/2338 2911/2911/2895
f 2912/2912/2896 2914/2914/2898 2915/2915/2899
f 2915/2915/2899 2913/2913/2897 2912/2912/2896
f 2914/2914/2898 2668/2668/2652 2916/2916/2900
f 2665/2665/2649 2916/2916/2900 2668/2668/2652
f 2917/2917/2901 2915/2915/2899 2914/2914/2898
f 2916/2916/2900 2917/2917/2901 2914/2914/2898
f 2916/2916/2900 2665/2665/2649 2918/2918/2902
f 2665/2665/2649 2650/2650/2634 2918/2918/2902
f 2917/2917/2901 2916/2916/2900 2919/2919/2903
f 2918/2918/2902 2919/2919/2903 2916/2916/2900
f 2920/2920/2904 2918/2918/2902 2650/2650/2634
f 2650/2650/2634 2645/2645/2629 2920/2920/2904
f 2644/2644/2628 2920/2920/2904 2645/2645/2629
f 2918/2918/2902 2920/2920/2904 2921/2921/2905
f 2919/2919/2903 2918/2918/2902 2921/2921/2905
f 2920/2920/2904 2644/2644/2628 2922/2922/2906
f 2922/2922/2906 2921/2921/2905 2920/2920/2904
f 2628/2628/2612 2922/2922/2906 2644/2644/2628
f 2922/2922/2906 2628/2628/2612 2923/2923/2907
f 2625/2625/2609 2923/2923/2907 2628/2628/2612
f 2921/2921/2905 2922/2922/2906 2924/2924/2908
f 2923/2923/2907 2924/2924/2908 2922/2922/2906
f 2921/2921/2905 2925/2925/2909 2919/2919/2903
f 2925/2925/2909 2921/2921/2905 2924/2924/2908
f 2923/2923/2907 2625/2625/2609 2926/2926/2910
f 2625/2625/2609 2621/2621/2605 2926/2926/2910
f 2924/2924/2908 2923/2923/2907 2927/2927/2911
f 2926/2926/2910 2927/2927/2911 2923/2923/2907
f 2621/2621/2605 2928/2928/2912 2926/2926/2910
f 2927/2927/2911 2926/2926/2910 2928/2928/2912
f 2928/2928/2912 2621/2621/2605 2619/2619/2603
f 2929/2929/2913 2924/2924/2908 2927/2927/2911
f 2924/2924/2908 2929/2929/2913 2925/2925/2909
f 2930/2930/2914 2927/2927/2911 2928/2928/2912
f 2927/2927/2911 2930/2930/2914 2929/2929/2913
f 2931/2931/2915 2928/2928/2912 2619/2619/2603
f 2928/2928/2912 2931/2931/2915 2930/2930/2914
f 2619/2619/2603 2618/2618/2602 2931/2931/2915
f 2932/2932/2916 2931/2931/2915 2618/2618/2602
f 2618/2618/2602 394/394/392 2932/2932/2916
f 2933/2933/2917 2930/2930/2914 2931/2931/2915
f 2931/2931/2915 2932/2932/2916 2933/2933/2917
f 2934/2934/2918 2929/2929/2913 2930/2930/2914
f 2930/2930/2914 2933/2933/2917 2934/2934/2918
f 394/394/392 2935/2935/2919 2932/2932/2916
f 2935/2935/2919 2933/2933/2917 2932/2932/2916
f 2935/2935/2919 394/394/392 391/391/389
f 2933/2933/2917 2935/2935/2919 2936/2936/2920
f 2936/2936/2920 2934/2934/2918 2933/2933/2917
f 391/391/389 395/395/393 2935/2935/2919
f 395/395/393 2936/2936/2920 2935/2935/2919
f 2929/2929/2913 2934/2934/2918 2937/2937/2921
f 2937/2937/2921 2925/2925/2909 2929/2929/2913
f 2934/2934/2918 2936/2936/2920 2938/2938/2922
f 2925/2925/2909 2937/2937/2921 2939/2939/2923
f 2939/2939/2923 2919/2919/2903 2925/2925/2909
f 2919/2919/2903 2939/2939/2923 2917/2917/2901
f 2934/2934/2918 2940/2940/2924 2937/2937/2921
f 2940/2940/2924 2934/2934/2918 2938/2938/2922
f 2937/2937/2921 2941/2941/2925 2939/2939/2923
f 2941/2941/2925 2937/2937/2921 2940/2940/2924
f 2939/2939/2923 2942/2942/2926 2917/2917/2901
f 2942/2942/2926 2939/2939/2923 2941/2941/2925
f 2915/2915/2899 2917/2917/2901 2942/2942/2926
f 2942/2942/2926 2943/2943/2927 2915/2915/2899
f 2913/2913/2897 2915/2915/2899 2943/2943/2927
f 2941/2941/2925 2944/2944/2928 2942/2942/2926
f 2943/2943/2927 2942/2942/2926 2944/2944/2928
f 2940/2940/2924 2945/2945/2929 2941/2941/2925
f 2944/2944/2928 2941/2941/2925 2945/2945/2929
f 2945/2945/2929 2940/2940/2924 2946/2946/2930
f 2938/2938/2922 2946/2946/2930 2940/2940/2924
f 2943/2943/2927 2947/2947/2931 2913/2913/2897
f 2354/2354/2338 2913/2913/2897 2947/2947/2931
f 2944/2944/2928 2948/2948/2932 2943/2943/2927
f 2947/2947/2931 2943/2943/2927 2948/2948/2932
f 2945/2945/2929 2949/2949/2933 2944/2944/2928
f 2948/2948/2932 2944/2944/2928 2949/2949/2933
f 2946/2946/2930 2950/2950/2934 2945/2945/2929
f 2949/2949/2933 2945/2945/2929 2950/2950/2934
f 2946/2946/2930 2938/2938/2922 2951/2951/2935
f 2936/2936/2920 2951/2951/2935 2938/2938/2922
f 2950/2950/2934 2946/2946/2930 2952/2952/2936
f 2951/2951/2935 2952/2952/2936 2946/2946/2930
f 2951/2951/2935 2936/2936/2920 2953/2953/2937
f 2936/2936/2920 395/395/393 2953/2953/2937
f 2952/2952/2936 2951/2951/2935 2954/2954/2938
f 2953/2953/2937 2954/2954/2938 2951/2951/2935
f 395/395/393 2955/2955/2939 2953/2953/2937
f 2954/2954/2938 2953/2953/2937 2955/2955/2939
f 2955/2955/2939 395/395/393 2956/2956/2940
f 392/392/390 2956/2956/2940 395/395/393
f 2956/2956/2940 392/392/390 741/741/736
f 2956/2956/2940 2957/2957/2941 2955/2955/2939
f 2957/2957/2941 2954/2954/2938 2955/2955/2939
f 741/741/736 2958/2958/2942 2956/2956/2940
f 2957/2957/2941 2956/2956/2940 2958/2958/2942
f 2958/2958/2942 741/741/736 740/740/735
f 2959/2959/2943 2958/2958/2942 740/740/735
f 740/740/735 742/742/737 2959/2959/2943
f 2960/2960/2944 2957/2957/2941 2958/2958/2942
f 2958/2958/2942 2959/2959/2943 2960/2960/2944
f 2954/2954/2938 2957/2957/2941 2961/2961/2945
f 2395/2395/2379 2960/2960/2944 2959/2959/2943
f 742/742/737 2395/2395/2379 2959/2959/2943
f 2957/2957/2941 2960/2960/2944 2962/2962/2946
f 2962/2962/2946 2961/2961/2945 2957/2957/2941
f 2960/2960/2944 2395/2395/2379 2392/2392/2376
f 2392/2392/2376 2962/2962/2946 2960/2960/2944
f 2963/2963/2947 2954/2954/2938 2961/2961/2945
f 2954/2954/2938 2963/2963/2947 2952/2952/2936
f 2961/2961/2945 2962/2962/2946 2964/2964/2948
f 2964/2964/2948 2963/2963/2947 2961/2961/2945
f 2962/2962/2946 2392/2392/2376 2390/2390/2374
f 2390/2390/2374 2964/2964/2948 2962/2962/2946
f 2965/2965/2949 2952/2952/2936 2963/2963/2947
f 2952/2952/2936 2965/2965/2949 2950/2950/2934
f 2963/2963/2947 2964/2964/2948 2966/2966/2950
f 2966/2966/2950 2965/2965/2949 2963/2963/2947
f 2964/2964/2948 2390/2390/2374 2380/2380/2364
f 2380/2380/2364 2966/2966/2950 2964/2964/2948
f 2967/2967/2951 2950/2950/2934 2965/2965/2949
f 2950/2950/2934 2967/2967/2951 2949/2949/2933
f 2965/2965/2949 2966/2966/2950 2968/2968/2952
f 2968/2968/2952 2967/2967/2951 2965/2965/2949
f 2966/2966/2950 2380/2380/2364 2375/2375/2359
f 2375/2375/2359 2968/2968/2952 2966/2966/2950
f 2969/2969/2953 2949/2949/2933 2967/2967/2951
f 2949/2949/2933 2969/2969/2953 2948/2948/2932
f 2967/2967/2951 2968/2968/2952 2970/2970/2954
f 2970/2970/2954 2969/2969/2953 2967/2967/2951
f 2968/2968/2952 2375/2375/2359 2369/2369/2353
f 2369/2369/2353 2970/2970/2954 2968/2968/2952
f 2971/2971/2955 2948/2948/2932 2969/2969/2953
f 2948/2948/2932 2971/2971/2955 2947/2947/2931
f 2969/2969/2953 2970/2970/2954 2972/2972/2956
f 2972/2972/2956 2971/2971/2955 2969/2969/2953
f 2970/2970/2954 2369/2369/2353 2365/2365/2349
f 2365/2365/2349 2972/2972/2956 2970/2970/2954
f 2355/2355/2339 2947/2947/2931 2971/2971/2955
f 2947/2947/2931 2355/2355/2339 2354/2354/2338
f 2971/2971/2955 2972/2972/2956 2359/2359/2343
f 2359/2359/2343 2355/2355/2339 2971/2971/2955
f 2362/2362/2346 2359/2359/2343 2972/2972/2956
f 2972/2972/2956 2365/2365/2349 2362/2362/2346
f 2838/2838/2822 2831/2831/2815 2973/2973/2957
f 2848/2848/2832 2838/2838/2822 2973/2973/2957
f 2831/2831/2815 2974/2974/2958 2973/2973/2957
f 2973/2973/2957 2975/2975/2959 2848/2848/2832
f 2975/2975/2959 2973/2973/2957 2974/2974/2958
f 2974/2974/2958 2831/2831/2815 2976/2976/2960
f 2830/2830/2814 2976/2976/2960 2831/2831/2815
f 2974/2974/2958 2977/2977/2961 2975/2975/2959
f 2978/2978/2962 2976/2976/2960 2830/2830/2814
f 2812/2812/2796 2978/2978/2962 2830/2830/2814
f 2976/2976/2960 2979/2979/2963 2974/2974/2958
f 2977/2977/2961 2974/2974/2958 2979/2979/2963
f 2978/2978/2962 2980/2980/2964 2976/2976/2960
f 2979/2979/2963 2976/2976/2960 2980/2980/2964
f 2981/2981/2965 2978/2978/2962 2812/2812/2796
f 2982/2982/2966 2980/2980/2964 2978/2978/2962
f 2981/2981/2965 2982/2982/2966 2978/2978/2962
f 2812/2812/2796 2983/2983/2967 2981/2981/2965
f 2983/2983/2967 2812/2812/2796 2807/2807/2791
f 2807/2807/2791 2806/2806/2790 2983/2983/2967
f 2984/2984/2968 2983/2983/2967 2806/2806/2790
f 2806/2806/2790 2702/2702/2686 2984/2984/2968
f 2985/2985/2969 2981/2981/2965 2983/2983/2967
f 2983/2983/2967 2984/2984/2968 2985/2985/2969
f 2986/2986/2970 2982/2982/2966 2981/2981/2965
f 2981/2981/2965 2985/2985/2969 2986/2986/2970
f 2987/2987/2971 2984/2984/2968 2702/2702/2686
f 2698/2698/2682 2987/2987/2971 2702/2702/2686
f 2988/2988/2972 2985/2985/2969 2984/2984/2968
f 2984/2984/2968 2987/2987/2971 2988/2988/2972
f 2987/2987/2971 2698/2698/2682 2989/2989/2973
f 2700/2700/2684 2989/2989/2973 2698/2698/2682
f 2990/2990/2974 2988/2988/2972 2987/2987/2971
f 2989/2989/2973 2990/2990/2974 2987/2987/2971
f 2985/2985/2969 2988/2988/2972 2991/2991/2975
f 2991/2991/2975 2986/2986/2970 2985/2985/2969
f 2992/2992/2976 2991/2991/2975 2988/2988/2972
f 2988/2988/2972 2990/2990/2974 2992/2992/2976
f 2986/2986/2970 2991/2991/2975 2993/2993/2977
f 2989/2989/2973 2700/2700/2684 2994/2994/2978
f 2697/2697/2681 2994/2994/2978 2700/2700/2684
f 2990/2990/2974 2989/2989/2973 2995/2995/2979
f 2994/2994/2978 2697/2697/2681 2996/2996/2980
f 2685/2685/2669 2996/2996/2980 2697/2697/2681
f 2997/2997/2981 2989/2989/2973 2994/2994/2978
f 2989/2989/2973 2997/2997/2981 2995/2995/2979
f 2998/2998/2982 2994/2994/2978 2996/2996/2980
f 2994/2994/2978 2998/2998/2982 2997/2997/2981
f 2996/2996/2980 2685/2685/2669 2999/2999/2983
f 2999/2999/2983 2998/2998/2982 2996/2996/2980
f 2685/2685/2669 2688/2688/2672 2999/2999/2983
f 3000/3000/2984 2999/2999/2983 2688/2688/2672
f 2688/2688/2672 2689/2689/2673 3000/3000/2984
f 2998/2998/2982 2999/2999/2983 3001/3001/2985
f 2999/2999/2983 3000/3000/2984 3001/3001/2985
f 2191/2191/2175 3000/3000/2984 2689/2689/2673
f 3002/3002/2986 3001/3001/2985 3000/3000/2984
f 3000/3000/2984 2191/2191/2175 3002/3002/2986
f 2193/2193/2177 2191/2191/2175 2689/2689/2673
f 3001/3001/2985 3002/3002/2986 3003/3003/2987
f 3001/3001/2985 3004/3004/2988 2998/2998/2982
f 3004/3004/2988 3001/3001/2985 3003/3003/2987
f 3005/3005/2989 2998/2998/2982 3004/3004/2988
f 2998/2998/2982 3005/3005/2989 2997/2997/2981
f 3006/3006/2990 3004/3004/2988 3003/3003/2987
f 3007/3007/2991 3003/3003/2987 3002/3002/2986
f 3003/3003/2987 3007/3007/2991 3006/3006/2990
f 3002/3002/2986 2189/2189/2173 3007/3007/2991
f 2189/2189/2173 3002/3002/2986 2191/2191/2175
f 3008/3008/2992 2997/2997/2981 3005/3005/2989
f 2997/2997/2981 3008/3008/2992 2995/2995/2979
f 3009/3009/2993 3005/3005/2989 3004/3004/2988
f 3004/3004/2988 3006/3006/2990 3009/3009/2993
f 3010/3010/2994 3008/3008/2992 3005/3005/2989
f 3005/3005/2989 3009/3009/2993 3010/3010/2994
f 3011/3011/2995 2995/2995/2979 3008/3008/2992
f 2995/2995/2979 3011/3011/2995 2990/2990/2974
f 3008/3008/2992 3010/3010/2994 3012/3012/2996
f 3012/3012/2996 3011/3011/2995 3008/3008/2992
f 3013/3013/2997 2990/2990/2974 3011/3011/2995
f 2990/2990/2974 3013/3013/2997 2992/2992/2976
f 3011/3011/2995 3012/3012/2996 3014/3014/2998
f 3014/3014/2998 3013/3013/2997 3011/3011/2995
f 3015/3015/2999 3012/3012/2996 3010/3010/2994
f 3016/3016/3000 3014/3014/2998 3012/3012/2996
f 3012/3012/2996 3015/3015/2999 3016/3016/3000
f 3010/3010/2994 3017/3017/3001 3015/3015/2999
f 3017/3017/3001 3010/3010/2994 3009/3009/2993
f 3013/3013/2997 3018/3018/3002 2992/2992/2976
f 2991/2991/2975 2992/2992/2976 3018/3018/3002
f 3018/3018/3002 2993/2993/2977 2991/2991/2975
f 3009/3009/2993 3019/3019/3003 3017/3017/3001
f 3019/3019/3003 3009/3009/2993 3006/3006/2990
f 3006/3006/2990 3020/3020/3004 3019/3019/3003
f 3020/3020/3004 3006/3006/2990 3007/3007/2991
f 3021/3021/3005 3017/3017/3001 3019/3019/3003
f 3022/3022/3006 3019/3019/3003 3020/3020/3004
f 3019/3019/3003 3022/3022/3006 3021/3021/3005
f 3007/3007/2991 2187/2187/2171 3020/3020/3004
f 2187/2187/2171 3007/3007/2991 2189/2189/2173
f 2184/2184/2168 3022/3022/3006 3020/3020/3004
f 2184/2184/2168 3020/3020/3004 2187/2187/2171
f 3017/3017/3001 3021/3021/3005 3023/3023/3007
f 3022/3022/3006 3024/3024/3008 3021/3021/3005
f 3024/3024/3008 3023/3023/3007 3021/3021/3005
f 3023/3023/3007 3015/3015/2999 3017/3017/3001
f 3024/3024/3008 3022/3022/3006 2180/2180/2164
f 2184/2184/2168 2180/2180/2164 3022/3022/3006
f 3023/3023/3007 3025/3025/3009 3015/3015/2999
f 3025/3025/3009 3016/3016/3000 3015/3015/2999
f 3023/3023/3007 3024/3024/3008 3026/3026/3010
f 3026/3026/3010 3025/3025/3009 3023/3023/3007
f 2180/2180/2164 2176/2176/2160 3024/3024/3008
f 3024/3024/3008 2179/2179/2163 3026/3026/3010
f 2179/2179/2163 3024/3024/3008 2176/2176/2160
f 3025/3025/3009 3026/3026/3010 3027/3027/3011
f 2182/2182/2166 3026/3026/3010 2179/2179/2163
f 3026/3026/3010 2182/2182/2166 3027/3027/3011
f 3027/3027/3011 3028/3028/3012 3025/3025/3009
f 3016/3016/3000 3025/3025/3009 3028/3028/3012
f 2182/2182/2166 2881/2881/2865 3027/3027/3011
f 3027/3027/3011 2881/2881/2865 3028/3028/3012
f 3028/3028/3012 3029/3029/3013 3016/3016/3000
f 3014/3014/2998 3016/3016/3000 3029/3029/3013
f 3029/3029/3013 3028/3028/3012 2884/2884/2868
f 2881/2881/2865 2884/2884/2868 3028/3028/3012
f 3029/3029/3013 3030/3030/3014 3014/3014/2998
f 3013/3013/2997 3014/3014/2998 3030/3030/3014
f 2884/2884/2868 2887/2887/2871 3029/3029/3013
f 3030/3030/3014 3029/3029/3013 2887/2887/2871
f 3030/3030/3014 3031/3031/3015 3013/3013/2997
f 3018/3018/3002 3013/3013/2997 3031/3031/3015
f 3031/3031/3015 3030/3030/3014 3032/3032/3016
f 2887/2887/2871 3032/3032/3016 3030/3030/3014
f 3031/3031/3015 3033/3033/3017 3018/3018/3002
f 2993/2993/2977 3018/3018/3002 3033/3033/3017
f 3032/3032/3016 3034/3034/3018 3031/3031/3015
f 3033/3033/3017 3031/3031/3015 3034/3034/3018
f 3032/3032/3016 2887/2887/2871 3035/3035/3019
f 3034/3034/3018 3032/3032/3016 3036/3036/3020
f 3035/3035/3019 3036/3036/3020 3032/3032/3016
f 3036/3036/3020 3037/3037/3021 3034/3034/3018
f 3036/3036/3020 3035/3035/3019 3038/3038/3022
f 3038/3038/3022 3037/3037/3021 3036/3036/3020
f 3034/3034/3018 3039/3039/3023 3033/3033/3017
f 3034/3034/3018 3037/3037/3021 3039/3039/3023
f 3033/3033/3017 3039/3039/3023 3040/3040/3024
f 3033/3033/3017 3040/3040/3024 2993/2993/2977
f 2887/2887/2871 2888/2888/2872 3035/3035/3019
f 3035/3035/3019 2890/2890/2874 3038/3038/3022
f 2890/2890/2874 3035/3035/3019 2888/2888/2872
f 2890/2890/2874 2892/2892/2876 3038/3038/3022
f 3037/3037/3021 3038/3038/3022 2892/2892/2876
f 2993/2993/2977 3040/3040/3024 3041/3041/3025
f 2993/2993/2977 3041/3041/3025 2986/2986/2970
f 2986/2986/2970 3041/3041/3025 2982/2982/2966
f 3041/3041/3025 3042/3042/3026 2982/2982/2966
f 2982/2982/2966 3042/3042/3026 2980/2980/2964
f 3040/3040/3024 3043/3043/3027 3041/3041/3025
f 3041/3041/3025 3043/3043/3027 3042/3042/3026
f 3040/3040/3024 3044/3044/3028 3043/3043/3027
f 3039/3039/3023 3044/3044/3028 3040/3040/3024
f 3045/3045/3029 2980/2980/2964 3042/3042/3026
f 2980/2980/2964 3045/3045/3029 2979/2979/2963
f 3046/3046/3030 3042/3042/3026 3043/3043/3027
f 3042/3042/3026 3046/3046/3030 3045/3045/3029
f 3047/3047/3031 3043/3043/3027 3044/3044/3028
f 3043/3043/3027 3047/3047/3031 3046/3046/3030
f 3039/3039/3023 3048/3048/3032 3044/3044/3028
f 3037/3037/3021 3048/3048/3032 3039/3039/3023
f 3044/3044/3028 3049/3049/3033 3047/3047/3031
f 3049/3049/3033 3044/3044/3028 3048/3048/3032
f 3037/3037/3021 2894/2894/2878 3048/3048/3032
f 2892/2892/2876 2894/2894/2878 3037/3037/3021
f 3048/3048/3032 2896/2896/2880 3049/3049/3033
f 2896/2896/2880 3048/3048/3032 2894/2894/2878
f 3050/3050/3034 3047/3047/3031 3049/3049/3033
f 2898/2898/2882 3049/3049/3033 2896/2896/2880
f 3049/3049/3033 2898/2898/2882 3050/3050/3034
f 3047/3047/3031 3050/3050/3034 3051/3051/3035
f 3051/3051/3035 3046/3046/3030 3047/3047/3031
f 2900/2900/2884 3050/3050/3034 2898/2898/2882
f 3046/3046/3030 3051/3051/3035 3052/3052/3036
f 3052/3052/3036 3045/3045/3029 3046/3046/3030
f 2904/2904/2888 3051/3051/3035 3050/3050/3034
f 3050/3050/3034 2900/2900/2884 2904/2904/2888
f 3051/3051/3035 3053/3053/3037 3052/3052/3036
f 3045/3045/3029 3052/3052/3036 3054/3054/3038
f 3053/3053/3037 3054/3054/3038 3052/3052/3036
f 3054/3054/3038 2979/2979/2963 3045/3045/3029
f 2979/2979/2963 3054/3054/3038 2977/2977/2961
f 3051/3051/3035 2904/2904/2888 3055/3055/3039
f 3053/3053/3037 3051/3051/3035 3055/3055/3039
f 2904/2904/2888 2134/2134/2118 3055/3055/3039
f 3054/3054/3038 3053/3053/3037 3056/3056/3040
f 3056/3056/3040 2977/2977/2961 3054/3054/3038
f 3055/3055/3039 2131/2131/2115 3053/3053/3037
f 2131/2131/2115 3055/3055/3039 2134/2134/2118
f 3053/3053/3037 2130/2130/2114 3056/3056/3040
f 2130/2130/2114 3053/3053/3037 2131/2131/2115
f 2977/2977/2961 3056/3056/3040 3057/3057/3041
f 3057/3057/3041 2975/2975/2959 2977/2977/2961
f 3058/3058/3042 3056/3056/3040 2130/2130/2114
f 3056/3056/3040 3058/3058/3042 3057/3057/3041
f 2975/2975/2959 3057/3057/3041 3059/3059/3043
f 3059/3059/3043 2848/2848/2832 2975/2975/2959
f 3060/3060/3044 3057/3057/3041 3058/3058/3042
f 3057/3057/3041 3060/3060/3044 3059/3059/3043
f 2848/2848/2832 3059/3059/3043 3061/3061/3045
f 3060/3060/3044 3061/3061/3045 3059/3059/3043
f 2847/2847/2831 2848/2848/2832 3061/3061/3045
f 2126/2126/2110 3060/3060/3044 3058/3058/3042
f 2130/2130/2114 2126/2126/2110 3058/3058/3042
f 3061/3061/3045 3062/3062/3046 2847/2847/2831
f 2851/2851/2835 2847/2847/2831 3062/3062/3046
f 3062/3062/3046 2861/2861/2845 2851/2851/2835
f 3062/3062/3046 3061/3061/3045 3063/3063/3047
f 3061/3061/3045 3060/3060/3044 3063/3063/3047
f 2861/2861/2845 3062/3062/3046 3064/3064/3048
f 3063/3063/3047 3064/3064/3048 3062/3062/3046
f 3064/3064/3048 3065/3065/3049 2861/2861/2845
f 2858/2858/2842 2861/2861/2845 3065/3065/3049
f 2123/2123/2107 3063/3063/3047 3060/3060/3044
f 3060/3060/3044 2126/2126/2110 2123/2123/2107
f 3064/3064/3048 3063/3063/3047 2121/2121/2105
f 3063/3063/3047 2123/2123/2107 2121/2121/2105
f 3065/3065/3049 3064/3064/3048 2120/2120/2104
f 2121/2121/2105 2120/2120/2104 3064/3064/3048
f 3065/3065/3049 3066/3066/3050 2858/2858/2842
f 2350/2350/2334 2858/2858/2842 3066/3066/3050
f 2120/2120/2104 3067/3067/3051 3065/3065/3049
f 3066/3066/3050 3065/3065/3049 3067/3067/3051
f 3066/3066/3050 3068/3068/3052 2350/2350/2334
f 2344/2344/2328 2350/2350/2334 3068/3068/3052
f 3067/3067/3051 3069/3069/3053 3066/3066/3050
f 3068/3068/3052 3066/3066/3050 3069/3069/3053
f 3067/3067/3051 2120/2120/2104 2118/2118/2102
f 3068/3068/3052 3070/3070/3054 2344/2344/2328
f 3069/3069/3053 3067/3067/3051 3071/3071/3055
f 2118/2118/2102 3071/3071/3055 3067/3067/3051
f 3069/3069/3053 3072/3072/3056 3068/3068/3052
f 3070/3070/3054 3068/3068/3052 3072/3072/3056
f 3071/3071/3055 3073/3073/3057 3069/3069/3053
f 3072/3072/3056 3069/3069/3053 3073/3073/3057
f 3074/3074/3058 2344/2344/2328 3070/3070/3054
f 2344/2344/2328 3074/3074/3058 2339/2339/2323
f 2334/2334/2318 2339/2339/2323 3074/3074/3058
f 3070/3070/3054 3075/3075/3059 3074/3074/3058
f 3072/3072/3056 3075/3075/3059 3070/3070/3054
f 3074/3074/3058 3076/3076/3060 2334/2334/2318
f 3074/3074/3058 3075/3075/3059 3076/3076/3060
f 2334/2334/2318 3076/3076/3060 2337/2337/2321
f 3075/3075/3059 3072/3072/3056 3077/3077/3061
f 3073/3073/3057 3077/3077/3061 3072/3072/3056
f 1490/1490/1478 2337/2337/2321 3076/3076/3060
f 2337/2337/2321 1490/1490/1478 1492/1492/1480
f 1487/1487/1475 3076/3076/3060 3075/3075/3059
f 3076/3076/3060 1487/1487/1475 1490/1490/1478
f 1484/1484/1472 3075/3075/3059 3077/3077/3061
f 3075/3075/3059 1484/1484/1472 1487/1487/1475
f 3077/3077/3061 3073/3073/3057 3078/3078/3062
f 3077/3077/3061 1483/1483/1471 1484/1484/1472
f 1483/1483/1471 3077/3077/3061 3078/3078/3062
f 3079/3079/3063 3078/3078/3062 3073/3073/3057
f 3073/3073/3057 3071/3071/3055 3079/3079/3063
f 3078/3078/3062 3080/3080/3064 1483/1483/1471
f 3081/3081/3065 3079/3079/3063 3071/3071/3055
f 3071/3071/3055 2118/2118/2102 3081/3081/3065
f 3078/3078/3062 3079/3079/3063 3082/3082/3066
f 3080/3080/3064 3078/3078/3062 3082/3082/3066
f 3079/3079/3063 3081/3081/3065 3083/3083/3067
f 3083/3083/3067 3082/3082/3066 3079/3079/3063
f 2109/2109/2093 3080/3080/3064 3082/3082/3066
f 3082/3082/3066 3083/3083/3067 2109/2109/2093
f 1481/1481/1469 1483/1483/1471 3080/3080/3064
f 2117/2117/2101 3081/3081/3065 2118/2118/2102
f 2114/2114/2098 3083/3083/3067 3081/3081/3065
f 3081/3081/3065 2117/2117/2101 2114/2114/2098
f 2110/2110/2094 2109/2109/2093 3083/3083/3067
f 3083/3083/3067 2114/2114/2098 2110/2110/2094
f 3080/3080/3064 2109/2109/2093 2112/2112/2096
f 2112/2112/2096 1481/1481/1469 3080/3080/3064
f 381/381/379 3084/3084/3068 380/380/378
f 3084/3084/3068 382/382/380 380/380/378
f 3084/3084/3068 381/381/379 3085/3085/3069
f 3085/3085/3069 3086/3086/3070 3084/3084/3068
f 3086/3086/3070 3085/3085/3069 3087/3087/3071
f 382/382/380 3084/3084/3068 3088/3088/3072
f 3089/3089/3073 3084/3084/3068 3086/3086/3070
f 3084/3084/3068 3089/3089/3073 3088/3088/3072
f 3087/3087/3071 3090/3090/3074 3086/3086/3070
f 3090/3090/3074 3087/3087/3071 3091/3091/3075
f 3092/3092/3076 3090/3090/3074 3091/3091/3075
f 3093/3093/3077 3086/3086/3070 3090/3090/3074
f 3086/3086/3070 3093/3093/3077 3089/3089/3073
f 3090/3090/3074 3092/3092/3076 3094/3094/3078
f 3094/3094/3078 3093/3093/3077 3090/3090/3074
f 3095/3095/3079 3094/3094/3078 3092/3092/3076
f 3093/3093/3077 3094/3094/3078 3096/3096/3080
f 3094/3094/3078 3095/3095/3079 3097/3097/3081
f 3097/3097/3081 3096/3096/3080 3094/3094/3078
f 3098/3098/3082 3097/3097/3081 3095/3095/3079
f 3097/3097/3081 3098/3098/3082 3099/3099/3083
f 3100/3100/3084 3099/3099/3083 3098/3098/3082
f 3096/3096/3080 3097/3097/3081 3101/3101/3085
f 3099/3099/3083 3101/3101/3085 3097/3097/3081
f 3099/3099/3083 3100/3100/3084 3102/3102/3086
f 3103/3103/3087 3102/3102/3086 3100/3100/3084
f 3101/3101/3085 3099/3099/3083 3104/3104/3088
f 3105/3105/3089 3099/3099/3083 3102/3102/3086
f 3099/3099/3083 3105/3105/3089 3104/3104/3088
f 3102/3102/3086 3103/3103/3087 3106/3106/3090
f 3106/3106/3090 3105/3105/3089 3102/3102/3086
f 3103/3103/3087 3107/3107/3091 3106/3106/3090
f 3103/3103/3087 3108/3108/166 3107/3107/3091
f 3109/3109/3092 3105/3105/3089 3106/3106/3090
f 3107/3107/3091 3109/3109/3092 3106/3106/3090
f 3110/3110/3093 3105/3105/3089 3109/3109/3092
f 3111/3111/3094 3107/3107/3091 3108/3108/166
f 3111/3111/3094 3108/3108/166 3112/3112/3095
f 3109/3109/3092 3107/3107/3091 3113/3113/3096
f 3111/3111/3094 3113/3113/3096 3107/3107/3091
f 3113/3113/3096 3110/3110/3093 3109/3109/3092
f 3114/3114/3097 3111/3111/3094 3112/3112/3095
f 3114/3114/3097 3112/3112/3095 3115/3115/3098
f 3113/3113/3096 3111/3111/3094 3116/3116/3099
f 3114/3114/3097 3116/3116/3099 3111/3111/3094
f 3116/3116/3099 3117/3117/3100 3113/3113/3096
f 3117/3117/3100 3110/3110/3093 3113/3113/3096
f 3116/3116/3099 3114/3114/3097 3118/3118/3101
f 3119/3119/3102 3114/3114/3097 3115/3115/3098
f 3119/3119/3102 3115/3115/3098 3120/3120/3103
f 3114/3114/3097 3121/3121/3104 3118/3118/3101
f 3121/3121/3104 3114/3114/3097 3119/3119/3102
f 3118/3118/3101 3122/3122/3105 3116/3116/3099
f 3122/3122/3105 3117/3117/3100 3116/3116/3099
f 3121/3121/3104 3123/3123/3106 3118/3118/3101
f 3122/3122/3105 3118/3118/3101 3123/3123/3106
f 3119/3119/3102 3124/3124/3107 3121/3121/3104
f 3125/3125/3108 3119/3119/3102 3120/3120/3103
f 3124/3124/3107 3119/3119/3102 3125/3125/3108
f 3125/3125/3108 3120/3120/3103 3126/3126/3109
f 3127/3127/3110 3125/3125/3108 3126/3126/3109
f 3127/3127/3110 3124/3124/3107 3125/3125/3108
f 3127/3127/3110 3126/3126/3109 3128/3128/3111
f 3129/3129/3112 3127/3127/3110 3128/3128/3111
f 3127/3127/3110 3129/3129/3112 3130/3130/3113
f 3131/3131/244 3130/3130/3113 3129/3129/3112
f 3124/3124/3107 3127/3127/3110 3132/3132/3114
f 3130/3130/3113 3132/3132/3114 3127/3127/3110
f 3130/3130/3113 3131/3131/244 3133/3133/3115
f 3134/3134/3116 3133/3133/3115 3131/3131/244
f 3132/3132/3114 3130/3130/3113 3135/3135/3117
f 3136/3136/3118 3130/3130/3113 3133/3133/3115
f 3130/3130/3113 3136/3136/3118 3135/3135/3117
f 3135/3135/3117 3137/3137/3119 3132/3132/3114
f 3132/3132/3114 3138/3138/3120 3124/3124/3107
f 3138/3138/3120 3132/3132/3114 3137/3137/3119
f 3139/3139/3121 3124/3124/3107 3138/3138/3120
f 3124/3124/3107 3139/3139/3121 3121/3121/3104
f 3123/3123/3106 3121/3121/3104 3139/3139/3121
f 3138/3138/3120 3140/3140/3122 3139/3139/3121
f 3137/3137/3119 3140/3140/3122 3138/3138/3120
f 3139/3139/3121 3141/3141/3123 3123/3123/3106
f 3140/3140/3122 3141/3141/3123 3139/3139/3121
f 3141/3141/3123 3142/3142/3124 3123/3123/3106
f 3123/3123/3106 3142/3142/3124 3122/3122/3105
f 3140/3140/3122 3143/3143/3125 3141/3141/3123
f 3144/3144/3126 3122/3122/3105 3142/3142/3124
f 3122/3122/3105 3144/3144/3126 3117/3117/3100
f 3141/3141/3123 3145/3145/3127 3142/3142/3124
f 3145/3145/3127 3141/3141/3123 3143/3143/3125
f 3142/3142/3124 3146/3146/3128 3144/3144/3126
f 3146/3146/3128 3142/3142/3124 3145/3145/3127
f 3144/3144/3126 3147/3147/3129 3117/3117/3100
f 3148/3148/3130 3144/3144/3126 3146/3146/3128
f 3144/3144/3126 3148/3148/3130 3147/3147/3129
f 3149/3149/3131 3117/3117/3100 3147/3147/3129
f 3148/3148/3130 3149/3149/3131 3147/3147/3129
f 3117/3117/3100 3149/3149/3131 3110/3110/3093
f 3146/3146/3128 3150/3150/3132 3148/3148/3130
f 3145/3145/3127 3151/3151/3133 3146/3146/3128
f 3150/3150/3132 3146/3146/3128 3151/3151/3133
f 3151/3151/3133 3145/3145/3127 3152/3152/3134
f 3143/3143/3125 3152/3152/3134 3145/3145/3127
f 3149/3149/3131 3148/3148/3130 3153/3153/3135
f 3150/3150/3132 3153/3153/3135 3148/3148/3130
f 3153/3153/3135 3154/3154/3136 3149/3149/3131
f 3154/3154/3136 3110/3110/3093 3149/3149/3131
f 3153/3153/3135 3150/3150/3132 3155/3155/3137
f 3110/3110/3093 3154/3154/3136 3156/3156/3138
f 3105/3105/3089 3110/3110/3093 3156/3156/3138
f 3156/3156/3138 3104/3104/3088 3105/3105/3089
f 3154/3154/3136 3153/3153/3135 3157/3157/3139
f 3155/3155/3137 3157/3157/3139 3153/3153/3135
f 3158/3158/3140 3156/3156/3138 3154/3154/3136
f 3157/3157/3139 3158/3158/3140 3154/3154/3136
f 3104/3104/3088 3156/3156/3138 3159/3159/3141
f 3156/3156/3138 3158/3158/3140 3159/3159/3141
f 3159/3159/3141 3101/3101/3085 3104/3104/3088
f 3101/3101/3085 3159/3159/3141 3160/3160/3142
f 3160/3160/3142 3096/3096/3080 3101/3101/3085
f 3161/3161/3143 3159/3159/3141 3158/3158/3140
f 3159/3159/3141 3161/3161/3143 3160/3160/3142
f 3158/3158/3140 3157/3157/3139 3162/3162/3144
f 3162/3162/3144 3161/3161/3143 3158/3158/3140
f 3163/3163/3145 3162/3162/3144 3157/3157/3139
f 3157/3157/3139 3155/3155/3137 3163/3163/3145
f 3161/3161/3143 3162/3162/3144 3164/3164/3146
f 3165/3165/3147 3160/3160/3142 3161/3161/3143
f 3164/3164/3146 3165/3165/3147 3161/3161/3143
f 3160/3160/3142 3165/3165/3147 3166/3166/3148
f 3096/3096/3080 3160/3160/3142 3166/3166/3148
f 3165/3165/3147 3164/3164/3146 2480/2480/2464
f 3167/3167/3149 3096/3096/3080 3166/3166/3148
f 3096/3096/3080 3167/3167/3149 3093/3093/3077
f 3168/3168/3150 3166/3166/3148 3165/3165/3147
f 3166/3166/3148 3168/3168/3150 3167/3167/3149
f 2480/2480/2464 3168/3168/3150 3165/3165/3147
f 3169/3169/3151 3093/3093/3077 3167/3167/3149
f 3167/3167/3149 3168/3168/3150 3169/3169/3151
f 3093/3093/3077 3169/3169/3151 3089/3089/3073
f 3170/3170/3152 3089/3089/3073 3169/3169/3151
f 3089/3089/3073 3170/3170/3152 3088/3088/3072
f 3168/3168/3150 3171/3171/3153 3169/3169/3151
f 3169/3169/3151 3171/3171/3153 3170/3170/3152
f 3168/3168/3150 2480/2480/2464 2476/2476/2460
f 2476/2476/2460 3171/3171/3153 3168/3168/3150
f 3172/3172/3154 3088/3088/3072 3170/3170/3152
f 3088/3088/3072 3172/3172/3154 382/382/380
f 3172/3172/3154 383/383/381 382/382/380
f 3170/3170/3152 3173/3173/3155 3172/3172/3154
f 3171/3171/3153 3173/3173/3155 3170/3170/3152
f 3172/3172/3154 2446/2446/2430 383/383/381
f 3173/3173/3155 2446/2446/2430 3172/3172/3154
f 2474/2474/2458 3173/3173/3155 3171/3171/3153
f 3171/3171/3153 2476/2476/2460 2474/2474/2458
f 2450/2450/2434 2446/2446/2430 3173/3173/3155
f 3173/3173/3155 2474/2474/2458 2450/2450/2434
f 2351/2351/2335 3174/3174/3156 2349/2349/2333
f 2350/2350/2334 2349/2349/2333 3174/3174/3156
f 2351/2351/2335 2352/2352/2336 2856/2856/2840
f 3174/3174/3156 2351/2351/2335 2855/2855/2839
f 2856/2856/2840 2855/2855/2839 2351/2351/2335
f 2858/2858/2842 2350/2350/2334 3174/3174/3156
f 2855/2855/2839 2858/2858/2842 3174/3174/3156
f 3175/3175/3157 2352/2352/2336 2346/2346/2330
f 2345/2345/2329 3175/3175/3157 2346/2346/2330
f 2860/2860/2844 2856/2856/2840 2352/2352/2336
f 2352/2352/2336 3175/3175/3157 2860/2860/2844
f 3175/3175/3157 2345/2345/2329 3176/3176/3158
f 2316/2316/2300 3176/3176/3158 2345/2345/2329
f 2864/2864/2848 2860/2860/2844 3175/3175/3157
f 3176/3176/3158 2864/2864/2848 3175/3175/3157
f 3176/3176/3158 2316/2316/2300 3177/3177/3159
f 2316/2316/2300 2312/2312/2296 3177/3177/3159
f 2864/2864/2848 3176/3176/3158 2867/2867/2851
f 3177/3177/3159 2867/2867/2851 3176/3176/3158
f 3178/3178/3160 3177/3177/3159 2312/2312/2296
f 2312/2312/2296 2674/2674/2658 3178/3178/3160
f 2867/2867/2851 3177/3177/3159 2870/2870/2854
f 3177/3177/3159 3178/3178/3160 2870/2870/2854
f 3179/3179/3161 3178/3178/3160 2674/2674/2658
f 2674/2674/2658 2671/2671/2655 3179/3179/3161
f 2875/2875/2859 2870/2870/2854 3178/3178/3160
f 3178/3178/3160 3179/3179/3161 2875/2875/2859
f 3180/3180/3162 3179/3179/3161 2671/2671/2655
f 2671/2671/2655 2659/2659/2643 3180/3180/3162
f 2658/2658/2642 3180/3180/3162 2659/2659/2643
f 3179/3179/3161 3180/3180/3162 3181/3181/3163
f 3181/3181/3163 2875/2875/2859 3179/3179/3161
f 3182/3182/3164 3180/3180/3162 2658/2658/2642
f 3182/3182/3164 3181/3181/3163 3180/3180/3162
f 2657/2657/2641 3182/3182/3164 2658/2658/2642
f 2875/2875/2859 3181/3181/3163 3183/3183/3165
f 3184/3184/3166 3181/3181/3163 3182/3182/3164
f 3184/3184/3166 3183/3183/3165 3181/3181/3163
f 3185/3185/3167 3184/3184/3166 3182/3182/3164
f 3185/3185/3167 3182/3182/3164 2657/2657/2641
f 3186/3186/3168 3183/3183/3165 3184/3184/3166
f 2873/2873/2857 2875/2875/2859 3183/3183/3165
f 3186/3186/3168 2873/2873/2857 3183/3183/3165
f 2657/2657/2641 3187/3187/3169 3185/3185/3167
f 3187/3187/3169 2657/2657/2641 2661/2661/2645
f 2661/2661/2645 2666/2666/2650 3187/3187/3169
f 3188/3188/3170 3185/3185/3167 3187/3187/3169
f 2666/2666/2650 3188/3188/3170 3187/3187/3169
f 3189/3189/3171 3184/3184/3166 3185/3185/3167
f 3189/3189/3171 3186/3186/3168 3184/3184/3166
f 3185/3185/3167 3188/3188/3170 3189/3189/3171
f 3190/3190/3172 3186/3186/3168 3189/3189/3171
f 3191/3191/3173 3189/3189/3171 3188/3188/3170
f 3189/3189/3171 3191/3191/3173 3190/3190/3172
f 3188/3188/3170 2666/2666/2650 3192/3192/3174
f 3192/3192/3174 3191/3191/3173 3188/3188/3170
f 2666/2666/2650 3193/3193/3175 3192/3192/3174
f 3193/3193/3175 2666/2666/2650 2668/2668/2652
f 3191/3191/3173 3192/3192/3174 3194/3194/3176
f 3193/3193/3175 3194/3194/3176 3192/3192/3174
f 3191/3191/3173 3195/3195/3177 3190/3190/3172
f 3190/3190/3172 3196/3196/3178 3186/3186/3168
f 3195/3195/3177 3196/3196/3178 3190/3190/3172
f 3196/3196/3178 2873/2873/2857 3186/3186/3168
f 3194/3194/3176 3197/3197/3179 3191/3191/3173
f 3195/3195/3177 3191/3191/3173 3197/3197/3179
f 3195/3195/3177 2872/2872/2856 3196/3196/3178
f 2872/2872/2856 2873/2873/2857 3196/3196/3178
f 2356/2356/2340 3195/3195/3177 3197/3197/3179
f 3198/3198/3180 2872/2872/2856 3195/3195/3177
f 3195/3195/3177 2356/2356/2340 3198/3198/3180
f 3197/3197/3179 3194/3194/3176 2911/2911/2895
f 2911/2911/2895 2356/2356/2340 3197/3197/3179
f 2912/2912/2896 2911/2911/2895 3194/3194/3176
f 3194/3194/3176 3193/3193/3175 2912/2912/2896
f 2356/2356/2340 2911/2911/2895 2354/2354/2338
f 3198/3198/3180 2824/2824/2808 2872/2872/2856
f 2356/2356/2340 2357/2357/2341 3198/3198/3180
f 2357/2357/2341 2824/2824/2808 3198/3198/3180
f 2914/2914/2898 2912/2912/2896 3193/3193/3175
f 2668/2668/2652 2914/2914/2898 3193/3193/3175
f 2501/2501/2485 2496/2496/2480 3199/3199/3181
f 2495/2495/2479 3199/3199/3181 2496/2496/2480
f 3200/3200/3182 2500/2500/2484 2501/2501/2485
f 3199/3199/3181 2495/2495/2479 3201/3201/3183
f 2479/2479/2463 3201/3201/3183 2495/2495/2479
f 3202/3202/3184 2501/2501/2485 3199/3199/3181
f 2501/2501/2485 3202/3202/3184 3200/3200/3182
f 3203/3203/3185 3199/3199/3181 3201/3201/3183
f 3199/3199/3181 3203/3203/3185 3202/3202/3184
f 3201/3201/3183 2479/2479/2463 3204/3204/3186
f 2480/2480/2464 3204/3204/3186 2479/2479/2463
f 3204/3204/3186 2480/2480/2464 3164/3164/3146
f 3205/3205/3187 3201/3201/3183 3204/3204/3186
f 3164/3164/3146 3205/3205/3187 3204/3204/3186
f 3201/3201/3183 3205/3205/3187 3203/3203/3185
f 3205/3205/3187 3164/3164/3146 3162/3162/3144
f 3162/3162/3144 3163/3163/3145 3205/3205/3187
f 3163/3163/3145 3203/3203/3185 3205/3205/3187
f 3203/3203/3185 3163/3163/3145 3206/3206/3188
f 3206/3206/3188 3202/3202/3184 3203/3203/3185
f 3163/3163/3145 3207/3207/3189 3206/3206/3188
f 3207/3207/3189 3163/3163/3145 3155/3155/3137
f 3202/3202/3184 3206/3206/3188 3208/3208/3190
f 3207/3207/3189 3208/3208/3190 3206/3206/3188
f 3208/3208/3190 3200/3200/3182 3202/3202/3184
f 3150/3150/3132 3207/3207/3189 3155/3155/3137
f 3207/3207/3189 3150/3150/3132 3209/3209/3191
f 3151/3151/3133 3209/3209/3191 3150/3150/3132
f 3208/3208/3190 3207/3207/3189 3210/3210/3192
f 3209/3209/3191 3210/3210/3192 3207/3207/3189
f 3200/3200/3182 3208/3208/3190 3211/3211/3193
f 3210/3210/3192 3211/3211/3193 3208/3208/3190
f 3211/3211/3193 2664/2664/2648 3200/3200/3182
f 2500/2500/2484 3200/3200/3182 2664/2664/2648
f 3209/3209/3191 3151/3151/3133 3212/3212/3194
f 3152/3152/3134 3212/3212/3194 3151/3151/3133
f 3210/3210/3192 3209/3209/3191 3213/3213/3195
f 3212/3212/3194 3213/3213/3195 3209/3209/3191
f 3211/3211/3193 3210/3210/3192 3214/3214/3196
f 3213/3213/3195 3214/3214/3196 3210/3210/3192
f 3214/3214/3196 2660/2660/2644 3211/3211/3193
f 2664/2664/2648 3211/3211/3193 2660/2660/2644
f 3214/3214/3196 3213/3213/3195 2655/2655/2639
f 3213/3213/3195 3212/3212/3194 3215/3215/3197
f 3215/3215/3197 2655/2655/2639 3213/3213/3195
f 2655/2655/2639 2656/2656/2640 3214/3214/3196
f 2660/2660/2644 3214/3214/3196 2656/2656/2640
f 2655/2655/2639 3215/3215/3197 2649/2649/2633
f 3216/3216/3198 3215/3215/3197 3212/3212/3194
f 3212/3212/3194 3152/3152/3134 3216/3216/3198
f 3215/3215/3197 3216/3216/3198 2643/2643/2627
f 2643/2643/2627 2649/2649/2633 3215/3215/3197
f 3217/3217/3199 3216/3216/3198 3152/3152/3134
f 3152/3152/3134 3143/3143/3125 3217/3217/3199
f 2642/2642/2626 2643/2643/2627 3216/3216/3198
f 3216/3216/3198 3217/3217/3199 2642/2642/2626
f 3218/3218/3200 3217/3217/3199 3143/3143/3125
f 3143/3143/3125 3140/3140/3122 3218/3218/3200
f 3219/3219/3201 2642/2642/2626 3217/3217/3199
f 3217/3217/3199 3218/3218/3200 3219/3219/3201
f 3220/3220/3202 3218/3218/3200 3140/3140/3122
f 3140/3140/3122 3137/3137/3119 3220/3220/3202
f 3221/3221/3203 3219/3219/3201 3218/3218/3200
f 3218/3218/3200 3220/3220/3202 3221/3221/3203
f 2642/2642/2626 3219/3219/3201 2637/2637/2621
f 3219/3219/3201 3221/3221/3203 2634/2634/2618
f 2634/2634/2618 2637/2637/2621 3219/3219/3201
f 3220/3220/3202 2633/2633/2617 3221/3221/3203
f 2633/2633/2617 2634/2634/2618 3221/3221/3203
f 3222/3222/3204 3220/3220/3202 3137/3137/3119
f 2633/2633/2617 3220/3220/3202 3222/3222/3204
f 3223/3223/3205 3222/3222/3204 3137/3137/3119
f 3137/3137/3119 3135/3135/3117 3223/3223/3205
f 3222/3222/3204 2595/2595/2579 2633/2633/2617
f 3135/3135/3117 3224/3224/3206 3223/3223/3205
f 3224/3224/3206 3135/3135/3117 3136/3136/3118
f 3225/3225/3207 3222/3222/3204 3223/3223/3205
f 3224/3224/3206 3225/3225/3207 3223/3223/3205
f 2595/2595/2579 3222/3222/3204 3225/3225/3207
f 3136/3136/3118 3226/3226/3208 3224/3224/3206
f 3226/3226/3208 3225/3225/3207 3224/3224/3206
f 3226/3226/3208 3136/3136/3118 3227/3227/3209
f 3133/3133/3115 3227/3227/3209 3136/3136/3118
f 3225/3225/3207 3226/3226/3208 2591/2591/2575
f 2591/2591/2575 2595/2595/2579 3225/3225/3207
f 3227/3227/3209 2590/2590/2574 3226/3226/3208
f 2590/2590/2574 2591/2591/2575 3226/3226/3208
f 3227/3227/3209 3133/3133/3115 3228/3228/3210
f 3133/3133/3115 3134/3134/3116 3228/3228/3210
f 2590/2590/2574 3227/3227/3209 3229/3229/3211
f 3228/3228/3210 3229/3229/3211 3227/3227/3209
f 3230/3230/3212 3228/3228/3210 3134/3134/3116
f 3229/3229/3211 3228/3228/3210 3230/3230/3212
f 3230/3230/3212 3134/3134/3116 3231/3231/3213
f 3232/3232/3214 3230/3230/3212 3231/3231/3213
f 3230/3230/3212 3232/3232/3214 3233/3233/3215
f 3234/3234/3216 3233/3233/3215 3232/3232/3214
f 3230/3230/3212 3235/3235/3217 3229/3229/3211
f 3235/3235/3217 3230/3230/3212 3233/3233/3215
f 3233/3233/3215 3234/3234/3216 3236/3236/3218
f 2586/2586/2570 3229/3229/3211 3235/3235/3217
f 3229/3229/3211 2586/2586/2570 2590/2590/2574
f 3233/3233/3215 3237/3237/3219 3235/3235/3217
f 3237/3237/3219 3233/3233/3215 3236/3236/3218
f 568/568/564 3236/3236/3218 3234/3234/3216
f 2580/2580/2564 3235/3235/3217 3237/3237/3219
f 3235/3235/3217 2580/2580/2564 2586/2586/2570
f 3236/3236/3218 566/566/562 3237/3237/3219
f 3236/3236/3218 568/568/564 3238/3238/3220
f 566/566/562 3236/3236/3218 3238/3238/3220
f 568/568/564 570/570/565 3238/3238/3220
f 565/565/561 3237/3237/3219 566/566/562
f 3237/3237/3219 565/565/561 2580/2580/2564
f 3238/3238/3220 567/567/563 566/566/562
f 567/567/563 3238/3238/3220 570/570/565
o 77077880424722
v -2.091825 -0.025383 -0.039959
v -2.164085 -0.025383 -0.039959
v -2.091825 -0.004486 -0.025996
v -2.164085 -0.004486 -0.025996
v -2.164085 -0.060032 -0.044862
v -2.091825 -0.066130 -0.044862
v -2.164085 -0.515456 -0.044862
v -2.091825 -0.509775 -0.044862
v -2.091825 -0.550105 -0.039959
v -2.164085 -0.550105 -0.039959
v -2.164085 -0.571002 -0.025996
v -2.091825 -0.571002 -0.025996
v -2.091825 0.009477 -0.005099
v -2.164085 0.014380 0.029550
v -2.091825 0.014380 0.035059
v -2.164085 0.009477 -0.005099
v -2.164085 -0.004486 -0.025996
v -2.091825 -0.004486 -0.025996
v -2.164085 0.014380 0.525013
v -2.091825 0.014380 0.519718
v -2.091825 0.009477 0.559662
v -2.164085 0.009477 0.559662
v -2.091825 -0.004486 0.580559
v -2.164085 -0.004486 0.580559
v -2.091825 -0.584965 0.559662
v -2.164085 -0.589868 0.525013
v -2.091825 -0.589868 0.519718
v -2.091825 -0.589868 0.035059
v -2.164085 -0.584965 0.559662
v -2.164085 -0.571002 0.580559
v -2.091825 -0.571002 0.580559
v -2.164085 -0.589868 0.029550
v -2.091825 -0.584965 -0.005100
v -2.164085 -0.584965 -0.005100
v -2.091825 -0.571002 -0.025996
v -2.164085 -0.571002 -0.025996
v -2.019564 -0.423943 0.599425
v -2.007183 -0.405168 0.611704
v -2.019564 -0.405348 0.619165
v -2.091825 -0.406751 0.619165
v -2.091825 -0.425698 0.599425
v -2.164085 -0.408155 0.619165
v -2.007183 -0.423719 0.591963
v -1.999876 -0.405168 0.602041
v -1.999876 -0.423719 0.582301
v -2.164085 -0.427452 0.599425
v -2.091825 -0.425698 0.599425
v -2.164085 -0.408155 0.619165
v -2.019564 -0.234716 0.619165
v -2.019564 -0.405348 0.619165
v -2.007186 -0.234938 0.611710
v -2.007183 -0.405168 0.611704
v -1.999876 -0.234938 0.602041
v -1.999876 -0.405168 0.602041
v -2.091825 -0.406751 0.619165
v -2.091825 -0.232979 0.619165
v -2.164085 -0.408155 0.619165
v -2.164085 -0.231242 0.619165
v -2.164085 -0.550105 0.594522
v -2.091825 -0.571002 0.580559
v -2.091825 -0.550105 0.594522
v -2.164085 -0.571002 0.580559
v -2.164085 -0.515456 0.599425
v -2.091825 -0.509775 0.599425
v -2.164085 -0.427452 0.599425
v -2.091825 -0.425698 0.599425
v -2.164085 -0.060032 0.599425
v -2.164085 -0.211840 0.599425
v -2.091825 -0.066130 0.599425
v -2.091825 -0.214012 0.599425
v -2.091825 -0.025383 0.594522
v -2.164085 -0.025383 0.594522
v -2.164085 -0.004486 0.580559
v -2.091825 -0.004486 0.580559
v -2.007186 -0.216461 0.591970
v -2.007186 -0.234938 0.611710
v -1.999876 -0.234938 0.602041
v -1.999876 -0.234938 0.602041
v -1.999876 -0.216461 0.582301
v -2.007186 -0.216461 0.591970
v -2.007186 -0.234938 0.611710
v -2.019564 -0.216183 0.599425
v -2.019564 -0.234716 0.619165
v -2.091825 -0.214012 0.599425
v -2.164085 -0.211840 0.599425
v -2.091825 -0.232979 0.619165
v -2.164085 -0.231242 0.619165
v -2.019564 -0.234716 0.619165
v -2.091825 -0.214012 0.599425
v -2.091825 -0.232979 0.619165
v -2.164085 -0.427452 0.599425
v -2.164085 -0.408155 0.619165
v -2.171283 -0.408155 0.609165
v -2.171283 -0.427452 0.589425
v -2.171283 -0.231242 0.609165
v -2.164085 -0.211840 0.599425
v -2.171283 -0.211840 0.589425
v -2.164085 -0.231242 0.619165
v -2.171283 -0.231242 0.609165
v -2.171283 -0.408155 0.609165
v -2.164085 -0.231242 0.619165
v -2.164085 -0.408155 0.619165
v -2.164085 -0.589868 0.525013
v -2.171283 -0.574965 0.549662
v -2.171283 -0.579868 0.525013
v -2.171283 -0.579868 0.029550
v -2.164085 -0.584965 0.559662
v -2.164085 -0.589868 0.029550
v -2.171283 -0.561002 0.570559
v -2.171283 -0.574965 0.004901
v -2.164085 -0.571002 0.580559
v -2.164085 -0.584965 -0.005100
v -2.164085 -0.550105 0.594522
v -2.171283 -0.561002 -0.015996
v -2.171283 -0.540105 0.584522
v -2.164085 -0.571002 -0.025996
v -2.164085 -0.515456 0.599425
v -2.164085 -0.550105 -0.039959
v -2.171283 -0.515456 0.589425
v -2.164085 -0.427452 0.599425
v -2.171283 -0.427452 0.589425
v -2.171283 -0.540105 -0.029959
v -2.164085 -0.515456 -0.044862
v -2.171283 -0.515456 -0.034862
v -1.999876 -0.405168 0.602041
v -1.999876 -0.216461 0.582301
v -1.999876 -0.234938 0.602041
v -1.999876 -0.423719 0.582301
v -2.164085 -0.060032 -0.044862
v -2.171283 -0.060032 -0.034862
v -2.171283 -0.035383 -0.029959
v -2.164085 -0.025383 -0.039959
v -2.171283 -0.014486 -0.015996
v -2.164085 -0.004486 -0.025996
v -2.164085 0.009477 -0.005099
v -2.171283 -0.000523 0.004901
v -2.164085 0.014380 0.029550
v -2.171283 0.004380 0.029550
v -2.171283 0.004380 0.525013
v -2.164085 0.014380 0.525013
v -2.171283 -0.000523 0.549662
v -2.164085 0.009477 0.559662
v -2.171283 -0.014486 0.570559
v -2.164085 -0.004486 0.580559
v -2.164085 -0.025383 0.594522
v -2.171283 -0.035383 0.584522
v -2.164085 -0.060032 0.599425
v -2.171283 -0.060032 0.589425
v -2.171283 -0.211840 0.589425
v -2.164085 -0.211840 0.599425
v -2.171283 -0.211840 0.589425
v -2.171283 -0.427452 0.589425
v -2.171283 -0.231242 0.609165
v -2.171283 -0.408155 0.609165
vn 0.0024 0.3511 -0.9363
vn 0.0005 0.7070 -0.7072
vn 0.0024 0.0679 -0.9977
vn 0.0024 0.0610 -0.9981
vn 0.0024 -0.0679 -0.9977
vn 0.0024 -0.0621 -0.9981
vn 0.0024 -0.3524 -0.9359
vn 0.0005 -0.7070 -0.7072
vn 0.0025 0.9360 -0.3521
vn 0.0024 0.9977 -0.0680
vn 0.0025 0.9981 -0.0621
vn 0.0024 0.9360 -0.3521
vn 0.0005 0.7071 -0.7071
vn 0.0025 0.9976 0.0688
vn 0.0024 0.9981 0.0620
vn 0.0025 0.9359 0.3523
vn 0.0024 0.9359 0.3523
vn 0.0005 0.7072 0.7070
vn 0.0024 -0.9359 0.3523
vn 0.0024 -0.9976 0.0688
vn 0.0024 -0.9981 0.0620
vn 0.0024 -0.9981 -0.0621
vn 0.0005 -0.7072 0.7070
vn 0.0024 -0.9977 -0.0680
vn 0.0025 -0.9359 -0.3523
vn 0.0024 -0.9358 -0.3524
vn 0.0005 -0.7071 -0.7071
vn 0.2261 -0.7076 0.6694
vn 0.4889 -0.6355 0.5976
vn 0.1823 -0.7141 0.6759
vn 0.0160 -0.7217 0.6920
vn 0.0160 -0.7214 0.6924
vn 0.0161 -0.7182 0.6957
vn 0.5798 -0.5934 0.5583
vn 0.6716 -0.5399 0.5075
vn 0.6716 -0.5398 0.5075
vn 0.0161 -0.7182 0.6956
vn 0.0161 -0.7216 0.6922
vn 0.2642 0.0004 0.9645
vn 0.2653 0.0003 0.9642
vn 0.6679 0.0006 0.7442
vn 0.6684 -0.0000 0.7438
vn 0.7976 0.0006 0.6032
vn 0.7976 0.0005 0.6031
vn 0.0005 0.0005 1.0000
vn 0.0024 -0.3521 0.9360
vn 0.0005 -0.7071 0.7071
vn 0.0025 -0.3521 0.9360
vn 0.0024 -0.0679 0.9977
vn 0.0024 -0.0621 0.9981
vn 0.0024 0.0679 0.9977
vn 0.0025 0.0610 0.9981
vn 0.0024 0.3512 0.9363
vn 0.0005 0.7071 0.7071
vn 0.5798 0.5944 0.5572
vn 0.4898 0.6362 0.5961
vn 0.6708 0.5418 0.5065
vn 0.6708 0.5418 0.5066
vn 0.4897 0.6362 0.5961
vn 0.2292 0.7080 0.6679
vn 0.1851 0.7146 0.6745
vn 0.0191 0.7206 0.6931
vn 0.0191 0.7167 0.6971
vn 0.0190 0.7206 0.6931
vn 0.0190 0.7205 0.6932
vn 0.0190 0.7167 0.6971
vn 0.1851 0.7147 0.6745
vn -0.6971 -0.5124 0.5016
vn -0.6971 -0.5123 0.5016
vn -0.6979 0.5103 0.5025
vn -0.6979 0.5104 0.5024
vn -0.6980 0.5102 0.5026
vn -0.8118 0.0005 0.5839
vn -0.8118 0.0004 0.5840
vn -0.8211 -0.5691 0.0444
vn -0.8587 -0.4873 0.1588
vn -0.8222 -0.5672 0.0483
vn -0.8222 -0.5672 -0.0475
vn -0.8721 -0.4480 0.1968
vn -0.8211 -0.5691 -0.0436
vn -0.8911 -0.3210 0.3208
vn -0.8588 -0.4874 -0.1580
vn -0.8912 -0.3207 0.3207
vn -0.8721 -0.4480 -0.1970
vn -0.8721 -0.1969 0.4479
vn -0.8911 -0.3209 -0.3210
vn -0.8589 -0.1579 0.4873
vn -0.8912 -0.3207 -0.3207
vn -0.8212 -0.0435 0.5690
vn -0.8724 -0.1970 -0.4473
vn -0.8218 -0.0474 0.5678
vn -0.8588 -0.1579 -0.4874
vn -0.8211 -0.0435 -0.5691
vn -0.8222 -0.0474 -0.5673
vn 1.0000 0.0004 0.0004
vn -0.8211 0.0435 -0.5691
vn -0.8222 0.0474 -0.5673
vn -0.8587 0.1588 -0.4873
vn -0.8724 0.1969 -0.4473
vn -0.8912 0.3207 -0.3207
vn -0.8910 0.3209 -0.3211
vn -0.8721 0.4480 -0.1970
vn -0.8588 0.4873 -0.1580
vn -0.8211 0.5691 -0.0436
vn -0.8222 0.5672 -0.0475
vn -0.8222 0.5672 0.0483
vn -0.8211 0.5690 0.0444
vn -0.8587 0.4872 0.1588
vn -0.8721 0.4480 0.1968
vn -0.8912 0.3207 0.3207
vn -0.8721 0.1969 0.4479
vn -0.8587 0.1588 0.4872
vn -0.8212 0.0435 0.5690
vn -0.8218 0.0473 0.5678
vn -1.0000 0.0004 0.0004
vt 0.890421 0.024115
vt 0.943696 0.024136
vt 0.883919 0.005899
vt 0.937194 0.005920
vt 0.945979 0.054348
vt 0.892704 0.059644
vt 0.945979 0.451477
vt 0.892704 0.446502
vt 0.890421 0.481672
vt 0.943696 0.481693
vt 0.937194 0.499922
vt 0.883919 0.499901
vt 0.587620 0.510696
vt 0.650595 0.480482
vt 0.588233 0.475679
vt 0.649982 0.510696
vt 0.648239 0.528916
vt 0.585877 0.528916
vt 0.650605 0.048439
vt 0.588243 0.053056
vt 0.587632 0.018224
vt 0.649994 0.018224
vt 0.585889 0.000000
vt 0.648251 0.000000
vt 0.713595 0.018224
vt 0.712999 0.053056
vt 0.713009 0.475679
vt 0.651202 0.018224
vt 0.652902 0.000000
vt 0.715295 0.000000
vt 0.650615 0.480482
vt 0.713607 0.510696
vt 0.651213 0.510696
vt 0.715308 0.528916
vt 0.652914 0.528916
vt 0.918242 0.816100
vt 0.930405 0.815906
vt 0.857632 0.817640
vt 0.797022 0.819179
vt 0.938838 0.815910
vt 0.918242 0.690571
vt 0.930401 0.690815
vt 0.938838 0.690818
vt 0.857632 0.688687
vt 0.797022 0.686803
vt 0.798191 0.981772
vt 0.862130 0.999991
vt 0.858801 0.981763
vt 0.801520 1.000000
vt 0.797022 0.951555
vt 0.857632 0.946592
vt 0.797022 0.554426
vt 0.857632 0.559734
vt 0.858801 0.524205
vt 0.798191 0.524214
vt 0.801520 0.505998
vt 0.862130 0.505989
vt 0.000000 0.197264
vt 0.005051 0.197264
vt 0.005051 0.329640
vt 0.000000 0.329640
vt 0.058214 0.000000
vt 0.036158 0.012996
vt 0.055441 0.008720
vt 0.443047 0.008720
vt 0.031107 0.004276
vt 0.445820 0.000000
vt 0.019810 0.025171
vt 0.462331 0.012995
vt 0.014759 0.016451
vt 0.472926 0.004276
vt 0.003836 0.034673
vt 0.478679 0.025171
vt 0.008887 0.043393
vt 0.489274 0.016451
vt 0.000000 0.064888
vt 0.500197 0.034673
vt 0.005051 0.064888
vt 0.489602 0.043393
vt 0.504033 0.064888
vt 0.493438 0.064888
vt 0.000000 0.000000
vt 0.504033 0.462016
vt 0.493438 0.462016
vt 0.489602 0.483511
vt 0.500198 0.492231
vt 0.478679 0.501733
vt 0.489274 0.510453
vt 0.472926 0.522628
vt 0.462331 0.513908
vt 0.445820 0.526904
vt 0.443047 0.518184
vt 0.055441 0.518184
vt 0.058214 0.526904
vt 0.036158 0.513909
vt 0.031107 0.522629
vt 0.019810 0.501733
vt 0.014759 0.510453
vt 0.003836 0.492231
vt 0.008887 0.483511
vt 0.000000 0.462016
vt 0.005051 0.462016
s 1
f 3239/3239/3221 3240/3240/3221 3241/3241/3222
f 3242/3242/3222 3241/3241/3222 3240/3240/3221
f 3240/3240/3221 3239/3239/3221 3243/3243/3223
f 3244/3244/3224 3243/3243/3223 3239/3239/3221
f 3244/3244/3224 3245/3245/3225 3243/3243/3223
f 3245/3245/3225 3244/3244/3224 3246/3246/3226
f 3247/3247/3227 3245/3245/3225 3246/3246/3226
f 3245/3245/3225 3247/3247/3227 3248/3248/3227
f 3247/3247/3227 3249/3249/3228 3248/3248/3227
f 3249/3249/3228 3247/3247/3227 3250/3250/3228
f 3251/3251/3229 3252/3252/3230 3253/3253/3231
f 3252/3252/3230 3251/3251/3229 3254/3254/3232
f 3254/3254/3232 3251/3251/3229 3255/3255/3233
f 3256/3256/3233 3255/3255/3233 3251/3251/3229
f 3257/3257/3234 3253/3253/3231 3252/3252/3230
f 3253/3253/3231 3257/3257/3234 3258/3258/3235
f 3257/3257/3234 3259/3259/3236 3258/3258/3235
f 3259/3259/3236 3257/3257/3234 3260/3260/3237
f 3260/3260/3237 3261/3261/3238 3259/3259/3236
f 3261/3261/3238 3260/3260/3237 3262/3262/3238
f 3263/3263/3239 3264/3257/3240 3265/3264/3241
f 3266/3265/3242 3265/3264/3241 3264/3257/3240
f 3264/3257/3240 3263/3263/3239 3267/3266/3239
f 3267/3266/3239 3263/3263/3239 3268/3267/3243
f 3269/3268/3243 3268/3267/3243 3263/3263/3239
f 3264/3257/3240 3270/3269/3244 3266/3265/3242
f 3270/3269/3244 3271/3270/3245 3266/3265/3242
f 3271/3270/3245 3270/3269/3244 3272/3271/3246
f 3272/3271/3246 3273/3272/3247 3271/3270/3245
f 3273/3272/3247 3272/3271/3246 3274/3273/3247
f 3275/3274/3248 3276/3275/3249 3277/3274/3250
f 3277/3274/3250 3278/3276/3251 3275/3274/3248
f 3279/3276/3252 3275/3274/3248 3278/3276/3251
f 3278/3276/3251 3280/3277/3253 3279/3276/3252
f 3276/3275/3249 3275/3274/3248 3281/3275/3254
f 3281/3275/3254 3282/3278/3255 3276/3275/3249
f 3282/3278/3255 3281/3275/3254 3283/3278/3256
f 3284/3277/3257 3285/3276/3258 3286/3277/3257
f 3287/3279/3259 3288/3274/3260 3289/3280/3261
f 3289/3280/3261 3288/3274/3260 3290/3275/3262
f 3289/3280/3261 3290/3275/3262 3291/3281/3263
f 3291/3281/3263 3290/3275/3262 3292/3278/3264
f 3287/3279/3259 3293/3276/3265 3288/3274/3260
f 3294/3282/3265 3293/3276/3265 3287/3279/3259
f 3294/3282/3265 3295/3277/3265 3293/3276/3265
f 3296/3283/3265 3295/3277/3265 3294/3282/3265
f 3297/3284/3266 3298/3285/3267 3299/3286/3268
f 3298/3285/3267 3297/3284/3266 3300/3287/3267
f 3299/3286/3268 3301/3288/3269 3297/3284/3266
f 3301/3288/3269 3299/3286/3268 3302/3289/3270
f 3302/3289/3270 3303/3277/3265 3301/3288/3269
f 3303/3277/3265 3302/3289/3270 3304/3276/3265
f 3305/3290/3271 3306/3283/3265 3307/3291/3272
f 3307/3291/3272 3306/3283/3265 3308/3282/3265
f 3309/3292/3273 3305/3290/3271 3307/3291/3272
f 3305/3290/3271 3309/3292/3273 3310/3293/3273
f 3310/3293/3273 3309/3292/3273 3311/3294/3274
f 3312/3295/3274 3311/3294/3274 3309/3292/3273
f 3313/3280/3275 3314/3280/3276 3315/3281/3277
f 3316/3281/3278 3317/3281/3278 3318/3280/3275
f 3319/3280/3279 3318/3280/3275 3320/3279/3280
f 3319/3280/3279 3320/3279/3280 3321/3279/3281
f 3322/3282/3282 3321/3279/3281 3320/3279/3280
f 3323/3283/3283 3324/3282/3284 3322/3282/3285
f 3324/3282/3284 3323/3283/3283 3325/3283/3286
f 3326/3279/3287 3327/3282/3284 3328/3282/3284
f 3329/3296/3288 3330/3296/3288 3331/3297/3289
f 3329/3296/3288 3331/3297/3289 3332/3297/3288
f 3333/3298/3290 3334/3299/3290 3335/3298/3291
f 3334/3299/3290 3333/3298/3290 3336/3299/3292
f 3337/3298/3293 3338/3297/3294 3339/3299/3294
f 3339/3299/3294 3338/3297/3294 3340/3296/3293
f 3341/3300/3295 3342/3301/3296 3343/3302/3297
f 3343/3302/3297 3344/3303/3298 3341/3300/3295
f 3342/3301/3296 3341/3300/3295 3345/3304/3299
f 3346/3305/3300 3341/3300/3295 3344/3303/3298
f 3345/3304/3299 3347/3306/3301 3342/3301/3296
f 3344/3303/3298 3348/3307/3302 3346/3305/3300
f 3347/3306/3301 3345/3304/3299 3349/3308/3303
f 3350/3309/3304 3346/3305/3300 3348/3307/3302
f 3351/3310/3305 3347/3306/3301 3349/3308/3303
f 3350/3309/3304 3348/3307/3302 3352/3311/3306
f 3347/3306/3301 3351/3310/3305 3353/3312/3307
f 3350/3309/3304 3352/3311/3306 3354/3313/3308
f 3355/3314/3309 3353/3312/3307 3351/3310/3305
f 3352/3311/3306 3356/3315/3310 3354/3313/3308
f 3353/3312/3307 3355/3314/3309 3357/3316/3311
f 3358/3296/3294 3357/3316/3311 3355/3314/3309
f 3359/3297/3294 3357/3316/3311 3358/3296/3294
f 3356/3315/3310 3352/3311/3306 3360/3317/3312
f 3360/3317/3312 3361/3318/3313 3356/3315/3310
f 3361/3318/3313 3360/3317/3312 3362/3319/3314
f 3363/3320/3315 3364/3320/3315 3365/3320/3315
f 3366/3320/3315 3364/3320/3315 3363/3320/3315
f 3362/3319/3314 3367/3321/3316 3361/3318/3313
f 3367/3321/3316 3362/3319/3314 3368/3322/3317
f 3369/3323/3318 3367/3321/3316 3368/3322/3317
f 3370/3324/3319 3367/3321/3316 3369/3323/3318
f 3369/3323/3318 3371/3325/3320 3370/3324/3319
f 3371/3325/3320 3372/3326/3321 3370/3324/3319
f 3371/3325/3320 3373/3327/3322 3372/3326/3321
f 3373/3327/3322 3371/3325/3320 3374/3328/3323
f 3374/3328/3323 3375/3329/3324 3373/3327/3322
f 3375/3329/3324 3374/3328/3323 3376/3330/3325
f 3377/3331/3326 3375/3329/3324 3376/3330/3325
f 3375/3329/3324 3377/3331/3326 3378/3332/3327
f 3379/3333/3328 3378/3332/3327 3377/3331/3326
f 3380/3334/3329 3378/3332/3327 3379/3333/3328
f 3381/3335/3330 3380/3334/3329 3379/3333/3328
f 3382/3336/3330 3380/3334/3329 3381/3335/3330
f 3381/3335/3330 3383/3337/3331 3382/3336/3330
f 3383/3337/3331 3381/3335/3330 3384/3338/3332
f 3384/3338/3332 3385/3339/3333 3383/3337/3331
f 3385/3339/3333 3384/3338/3332 3386/3340/3334
f 3386/3340/3334 3387/3298/3294 3385/3339/3333
f 3385/3339/3333 3387/3298/3294 3388/3299/3294
f 3389/3320/3335 3390/3320/3335 3391/3320/3335
f 3391/3320/3335 3390/3320/3335 3392/3320/3335
o 110858584893851
v -2.158047 -0.515456 -0.024992
v -1.746110 -0.540105 -0.020089
v -2.158055 -0.540105 -0.020089
v -1.746110 -0.561002 -0.006126
v -2.158071 -0.561002 -0.006126
v -1.746110 -0.515456 -0.024992
v -2.158047 -0.060032 -0.024992
v -1.746110 -0.060032 -0.024992
v -1.746110 -0.035383 -0.020089
v -2.158055 -0.035383 -0.020089
v -1.746110 -0.014486 -0.006126
v -2.158071 -0.014486 -0.006126
v -2.360636 -0.579868 0.534883
v -2.163341 -0.579868 0.419534
v -2.163341 -0.579868 0.534883
v -2.268409 -0.579868 0.314466
v -2.230679 -0.579868 0.306935
v -2.360636 -0.579868 0.314519
v -2.191738 -0.579868 0.280915
v -2.385286 -0.574965 0.314556
v -2.053119 -0.579868 0.309312
v -2.165718 -0.579868 0.241974
v -2.158186 -0.579868 0.204244
v -2.385286 -0.574965 0.534883
v -2.406183 -0.561002 0.314582
v -2.406183 -0.561002 0.534883
v -2.402907 -0.557727 0.558868
v -2.158134 -0.579868 0.039420
v -1.746110 -0.579868 0.039420
v -2.158097 -0.574965 0.014771
v -1.746110 -0.579868 0.309312
v -1.746110 -0.574965 0.014771
v -2.158071 -0.561002 -0.006126
v -1.746110 -0.561002 -0.006126
v -1.746110 -0.579868 0.534883
v -2.163341 -0.574965 0.559532
v -1.746110 -0.574965 0.559532
v -2.163341 -0.561002 0.580429
v -1.746110 -0.561002 0.580429
v -2.360636 -0.561002 0.580429
v -2.360636 -0.574965 0.559532
v -2.384622 -0.557727 0.577153
v -2.385904 -0.569048 0.560150
v -2.397825 -0.552644 0.572071
v -1.746110 0.004380 0.534883
v -2.053119 0.004380 0.309312
v -2.163341 0.004380 0.534883
v -1.746110 0.004380 0.309312
v -1.746110 -0.000523 0.559532
v -1.746110 0.004380 0.039420
v -2.163341 -0.000523 0.559532
v -1.746110 -0.014486 0.580429
v -2.163341 -0.014486 0.580429
v -2.360636 -0.014486 0.580429
v -2.360636 -0.000523 0.559532
v -2.384622 -0.017762 0.577154
v -2.360636 0.004380 0.534883
v -2.385904 -0.006441 0.560150
v -2.397825 -0.022844 0.572071
v -2.402907 -0.017762 0.558868
v -2.385286 -0.000523 0.534883
v -2.406183 -0.014486 0.534883
v -2.406183 -0.014486 0.314582
v -2.385286 -0.000523 0.314556
v -2.360636 0.004380 0.314519
v -2.268409 0.004380 0.314467
v -2.163341 0.004380 0.419534
v -2.230679 0.004380 0.306935
v -2.191738 0.004380 0.280915
v -2.165718 0.004380 0.241974
v -2.158186 0.004380 0.204244
v -2.158134 0.004380 0.039420
v -2.158097 -0.000523 0.014771
v -1.746110 -0.000523 0.014771
v -2.158071 -0.014486 -0.006126
v -1.746110 -0.014486 -0.006126
v -2.425049 -0.515456 0.314606
v -2.420146 -0.540105 0.534883
v -2.425049 -0.515456 0.534883
v -2.425049 -0.060032 0.534883
v -2.425049 -0.060032 0.314606
v -2.420146 -0.540105 0.314598
v -2.420146 -0.035383 0.534883
v -2.420146 -0.035383 0.314598
v -2.420146 -0.060032 0.559532
v -2.406183 -0.014486 0.534883
v -2.406183 -0.014486 0.314582
v -2.402907 -0.017762 0.558868
v -2.414228 -0.034765 0.560150
v -2.397825 -0.022844 0.572071
v -2.402907 -0.036047 0.577154
v -2.406183 -0.060032 0.580429
v -2.420146 -0.515456 0.559532
v -2.406183 -0.515456 0.580429
v -2.402907 -0.539441 0.577153
v -2.414228 -0.540723 0.560150
v -2.397825 -0.552644 0.572071
v -2.402907 -0.557727 0.558868
v -2.406183 -0.561002 0.534883
v -2.406183 -0.561002 0.314582
v -2.231383 -0.004452 0.300922
v -2.268409 0.004380 0.314467
v -2.230679 0.004380 0.306935
v -2.195625 -0.004452 0.277028
v -2.191738 0.004380 0.280915
v -2.273564 -0.004452 0.309312
v -2.347224 -0.004452 0.309312
v -2.360636 0.004380 0.314519
v -2.373459 -0.009671 0.309312
v -2.385286 -0.000523 0.314556
v -2.395700 -0.024532 0.309312
v -2.406183 -0.014486 0.314582
v -2.420146 -0.035383 0.314598
v -2.410561 -0.046773 0.309312
v -2.425049 -0.060032 0.314606
v -2.415779 -0.073008 0.309312
v -2.425049 -0.515456 0.314606
v -2.415779 -0.503369 0.309312
v -2.410561 -0.529604 0.309312
v -2.420146 -0.540105 0.314598
v -2.395700 -0.551845 0.309312
v -2.406183 -0.561002 0.314582
v -2.385286 -0.574965 0.314556
v -2.373459 -0.566706 0.309312
v -2.360636 -0.579868 0.314519
v -2.347224 -0.571924 0.309312
v -2.268409 -0.579868 0.314466
v -2.273564 -0.571924 0.309312
v -2.231383 -0.571924 0.300921
v -2.230679 -0.579868 0.306935
v -2.195625 -0.571924 0.277028
v -2.191738 -0.579868 0.280915
v -1.928031 -0.116743 0.599295
v -1.951902 -0.111491 0.592171
v -1.934444 -0.123156 0.592171
v -1.948431 -0.103112 0.599295
v -1.914401 -0.137143 0.599295
v -1.971619 -0.098500 0.599295
v -1.922780 -0.140614 0.592171
v -1.972495 -0.107395 0.592171
v -1.909788 -0.160331 0.599295
v -2.061074 -0.107395 0.592171
v -1.918683 -0.161207 0.592171
v -2.061950 -0.098500 0.599295
v -1.918683 -0.413651 0.592171
v -2.081667 -0.111491 0.592171
v -1.909788 -0.414528 0.599295
v -2.085100 -0.103105 0.599295
v -1.922780 -0.434244 0.592171
v -2.099125 -0.123156 0.592171
v -2.105593 -0.116798 0.599295
v -1.914401 -0.437715 0.599295
v -1.934444 -0.451702 0.592171
v -1.928031 -0.458115 0.599295
v -1.951902 -0.463367 0.592171
v -1.948431 -0.471746 0.599295
v -1.971619 -0.476358 0.599295
v -1.972495 -0.467463 0.592171
v -2.061950 -0.476358 0.599295
v -2.061074 -0.467463 0.592171
v -2.081667 -0.463367 0.592171
v -2.085122 -0.471749 0.599295
v -2.099125 -0.451702 0.592171
v -2.105561 -0.458092 0.599295
v -2.110790 -0.434244 0.592171
v -2.105561 -0.458092 0.599295
v -2.119166 -0.437731 0.599295
v -2.123781 -0.414528 0.599295
v -2.114886 -0.413651 0.592171
v -2.114886 -0.161207 0.592171
v -2.123781 -0.160331 0.599295
v -2.110790 -0.140614 0.592171
v -2.119161 -0.137106 0.599295
v -2.105593 -0.116798 0.599295
v -2.360636 -0.060032 0.599295
v -2.360636 -0.515456 0.599295
v -2.163341 -0.060032 0.599295
v -2.105593 -0.116798 0.599295
v -2.119161 -0.137106 0.599295
v -2.123781 -0.160331 0.599295
v -2.123781 -0.414528 0.599295
v -2.085100 -0.103105 0.599295
v -2.105593 -0.116798 0.599295
v -2.061950 -0.098500 0.599295
v -1.971619 -0.098500 0.599295
v -2.163341 -0.515456 0.599295
v -2.119166 -0.437731 0.599295
v -2.105561 -0.458092 0.599295
v -1.746110 -0.060032 0.599295
v -1.948431 -0.103112 0.599295
v -1.928031 -0.116743 0.599295
v -1.914401 -0.137143 0.599295
v -1.909788 -0.160331 0.599295
v -1.909788 -0.414528 0.599295
v -1.746110 -0.515456 0.599295
v -1.914401 -0.437715 0.599295
v -1.928031 -0.458115 0.599295
v -1.948431 -0.471746 0.599295
v -1.971619 -0.476358 0.599295
v -2.061950 -0.476358 0.599295
v -2.085122 -0.471749 0.599295
v -2.105561 -0.458092 0.599295
v -1.746110 -0.540105 0.594392
v -2.163341 -0.540105 0.594392
v -1.746110 -0.561002 0.580429
v -2.163341 -0.561002 0.580429
v -2.360636 -0.540105 0.594392
v -2.360636 -0.561002 0.580429
v -2.384622 -0.557727 0.577153
v -2.385904 -0.540723 0.588475
v -2.397825 -0.552644 0.572071
v -2.402907 -0.539441 0.577153
v -2.385286 -0.515456 0.594392
v -2.406183 -0.515456 0.580429
v -2.385286 -0.060032 0.594392
v -2.406183 -0.060032 0.580429
v -2.402907 -0.036047 0.577154
v -2.385904 -0.034765 0.588474
v -2.397825 -0.022844 0.572071
v -2.384622 -0.017762 0.577154
v -2.360636 -0.035383 0.594392
v -2.360636 -0.014486 0.580429
v -2.163341 -0.014486 0.580429
v -2.163341 -0.035383 0.594392
v -1.746110 -0.035383 0.594392
v -1.746110 -0.014486 0.580429
v -2.191738 0.004380 0.280915
v -2.165718 0.004380 0.241974
v -2.195625 -0.004452 0.277028
v -2.171731 -0.004452 0.241270
v -2.158186 0.004380 0.204244
v -2.163341 -0.004452 0.199089
v -2.163341 -0.004452 0.062167
v -2.158134 0.004380 0.039420
v -2.163341 -0.009671 0.024907
v -2.158097 -0.000523 0.014771
v -2.163341 -0.024532 0.002666
v -2.158071 -0.014486 -0.006126
v -2.158055 -0.035383 -0.020089
v -2.163341 -0.046773 -0.012194
v -2.158047 -0.060032 -0.024992
v -2.163341 -0.073007 -0.017413
v -2.158047 -0.515456 -0.024992
v -2.163341 -0.503368 -0.017413
v -2.163341 -0.529604 -0.012194
v -2.158055 -0.540105 -0.020089
v -2.163341 -0.551845 0.002666
v -2.158071 -0.561002 -0.006126
v -2.158097 -0.574965 0.014771
v -2.163341 -0.566706 0.024907
v -2.158134 -0.579868 0.039420
v -2.163341 -0.571924 0.051142
v -2.158186 -0.579868 0.204244
v -2.163341 -0.571924 0.199089
v -2.171731 -0.571924 0.241269
v -2.165718 -0.579868 0.241974
v -2.195625 -0.571924 0.277028
v -2.191738 -0.579868 0.280915
vn -0.0000 -0.0980 -0.9952
vn 0.0003 -0.3826 -0.9239
vn 0.0005 -0.3825 -0.9239
vn 0.0004 -0.7070 -0.7072
vn 0.0003 0.0982 -0.9952
vn 0.0005 0.0982 -0.9952
vn -0.0000 0.3827 -0.9239
vn 0.0003 0.3826 -0.9239
vn 0.0004 0.7070 -0.7072
vn -0.1002 -0.9899 0.1000
vn 0.0003 -1.0000 0.0003
vn 0.0003 -0.9952 0.0981
vn 0.0004 -1.0000 0.0004
vn -0.0983 -0.9952 0.0005
vn -0.3825 -0.9239 -0.0000
vn -0.3799 -0.9198 0.0981
vn -0.7071 -0.7071 0.0004
vn -0.7041 -0.7041 0.0923
vn -0.6663 -0.6663 0.3348
vn 0.0005 -0.9952 -0.0983
vn 0.0005 -0.9239 -0.3826
vn 0.0004 -0.7071 -0.7071
vn 0.0003 -0.9239 0.3825
vn -0.0000 -0.9239 0.3827
vn 0.0004 -0.7072 0.7070
vn -0.0924 -0.7042 0.7040
vn -0.0981 -0.9201 0.3791
vn -0.3347 -0.6659 0.6668
vn -0.3670 -0.8544 0.3678
vn -0.5774 -0.5774 0.5773
vn 0.0003 0.9952 0.0981
vn 0.0003 1.0000 0.0003
vn 0.0006 0.9952 0.0982
vn 0.0004 1.0000 0.0004
vn 0.0005 0.9240 0.3825
vn 0.0005 0.9952 -0.0983
vn -0.0000 0.9239 0.3827
vn 0.0004 0.7072 0.7070
vn -0.0924 0.7042 0.7040
vn -0.0983 0.9199 0.3795
vn -0.3347 0.6659 0.6667
vn -0.1002 0.9899 0.1000
vn -0.3670 0.8544 0.3678
vn -0.5774 0.5774 0.5773
vn -0.6663 0.6663 0.3348
vn -0.3799 0.9198 0.0981
vn -0.7041 0.7041 0.0923
vn -0.7071 0.7071 0.0004
vn -0.3826 0.9239 0.0005
vn -0.0983 0.9952 0.0004
vn 0.0005 0.9239 -0.3826
vn 0.0004 0.9239 -0.3826
vn 0.0004 0.7071 -0.7071
vn -0.9952 -0.0982 0.0005
vn -0.9200 -0.3795 0.0981
vn -0.9899 -0.1001 0.1001
vn -0.9899 0.1001 0.1000
vn -0.9952 0.0982 0.0005
vn -0.9239 -0.3827 -0.0000
vn -0.9200 0.3795 0.0981
vn -0.9239 0.3826 0.0003
vn -0.9201 0.0981 0.3791
vn -0.7042 0.7040 0.0923
vn -0.7072 0.7070 0.0004
vn -0.6664 0.6663 0.3348
vn -0.8545 0.3669 0.3678
vn -0.5775 0.5773 0.5773
vn -0.6660 0.3346 0.6667
vn -0.7042 0.0924 0.7040
vn -0.9199 -0.0982 0.3796
vn -0.7042 -0.0923 0.7040
vn -0.6659 -0.3346 0.6667
vn -0.8545 -0.3669 0.3678
vn -0.5775 -0.5773 0.5773
vn -0.6664 -0.6663 0.3348
vn -0.7042 -0.7040 0.0923
vn -0.7072 -0.7070 0.0004
vn -0.3365 0.5487 -0.7653
vn -0.1032 0.5455 -0.8317
vn -0.3058 0.5524 -0.7755
vn -0.6004 0.5281 -0.6005
vn -0.0602 0.5301 -0.8458
vn -0.0211 0.4833 -0.8752
vn -0.0651 0.4331 -0.8990
vn -0.1227 0.3686 -0.9214
vn -0.1578 0.3297 -0.9308
vn -0.2407 0.2418 -0.9400
vn -0.2418 0.2398 -0.9402
vn -0.3288 0.1548 -0.9316
vn -0.3636 0.1227 -0.9234
vn -0.4279 0.0621 -0.9017
vn -0.4734 0.0211 -0.8806
vn -0.4325 -0.0620 -0.8995
vn -0.4738 -0.0222 -0.8803
vn -0.3689 -0.1265 -0.9208
vn -0.3386 -0.1576 -0.9276
vn -0.2488 -0.2526 -0.9350
vn -0.2526 -0.2489 -0.9350
vn -0.1679 -0.3463 -0.9230
vn -0.1286 -0.3933 -0.9104
vn -0.0698 -0.4625 -0.8839
vn -0.0211 -0.5222 -0.8526
vn -0.1012 -0.5866 -0.8035
vn -0.0572 -0.5702 -0.8195
vn -0.3267 -0.5888 -0.7393
vn -0.2944 -0.5933 -0.7492
vn -0.5815 -0.5688 -0.5816
vn -0.4365 -0.4374 0.7862
vn -0.2362 -0.5711 0.7862
vn -0.4364 -0.4375 0.7862
vn -0.2361 -0.5712 0.7862
vn -0.5713 -0.2359 0.7861
vn -0.0612 -0.6199 0.7823
vn -0.5712 -0.2360 0.7861
vn -0.0611 -0.6203 0.7820
vn -0.6200 -0.0611 0.7822
vn 0.0610 -0.6199 0.7823
vn -0.6203 -0.0611 0.7820
vn 0.0610 -0.6200 0.7822
vn -0.6203 0.0611 0.7820
vn 0.2368 -0.5709 0.7862
vn 0.2360 -0.5712 0.7862
vn -0.5712 0.2360 0.7861
vn 0.4364 -0.4374 0.7863
vn 0.4373 -0.4365 0.7863
vn -0.5713 0.2360 0.7861
vn -0.4365 0.4374 0.7863
vn -0.4365 0.4373 0.7863
vn -0.2362 0.5711 0.7862
vn -0.2361 0.5712 0.7861
vn -0.0611 0.6203 0.7820
vn 0.0611 0.6203 0.7820
vn 0.2369 0.5711 0.7860
vn 0.2360 0.5712 0.7862
vn 0.4363 0.4374 0.7863
vn 0.4373 0.4365 0.7863
vn 0.5708 0.2357 0.7865
vn 0.4374 0.4364 0.7863
vn 0.4364 0.4374 0.7863
vn 0.6199 0.0611 0.7823
vn 0.6200 -0.0611 0.7822
vn 0.6203 -0.0611 0.7820
vn 0.5701 -0.2360 0.7869
vn 0.5699 -0.2369 0.7868
vn 0.4374 -0.4364 0.7863
vn -0.1002 0.1001 0.9899
vn -0.1002 -0.1001 0.9899
vn 0.0003 0.0982 0.9952
vn 0.0004 -0.0004 1.0000
vn 0.0003 -0.0004 1.0000
vn 0.0003 -0.0982 0.9952
vn -0.0000 0.0980 0.9952
vn -0.0000 -0.0980 0.9952
vn 0.0006 -0.3826 0.9239
vn -0.0000 -0.3827 0.9239
vn 0.0004 -0.7071 0.7071
vn -0.0983 -0.3795 0.9199
vn -0.0924 -0.7041 0.7041
vn -0.3347 -0.6658 0.6668
vn -0.3671 -0.3670 0.8547
vn -0.5774 -0.5773 0.5773
vn -0.6659 -0.3346 0.6668
vn -0.3796 -0.0982 0.9199
vn -0.7041 -0.0923 0.7040
vn -0.3796 0.0982 0.9199
vn -0.7041 0.0923 0.7040
vn -0.6659 0.3346 0.6668
vn -0.3671 0.3670 0.8547
vn -0.5774 0.5773 0.5773
vn -0.3347 0.6658 0.6668
vn -0.0983 0.3796 0.9199
vn -0.0924 0.7041 0.7041
vn 0.0004 0.7071 0.7071
vn -0.0000 0.3827 0.9239
vn 0.0003 0.3826 0.9239
vn -0.6005 0.5281 -0.6004
vn -0.7755 0.5524 -0.3058
vn -0.7655 0.5483 -0.3367
vn -0.8319 0.5454 -0.1028
vn -0.8458 0.5301 -0.0602
vn -0.8718 0.4898 -0.0112
vn -0.9050 0.4215 -0.0572
vn -0.9210 0.3708 -0.1198
vn -0.9259 0.3435 -0.1569
vn -0.9297 0.2575 -0.2634
vn -0.9300 0.2614 -0.2585
vn -0.9158 0.1743 -0.3619
vn -0.9017 0.1336 -0.4113
vn -0.8720 0.0728 -0.4842
vn -0.8367 0.0218 -0.5472
vn -0.8681 -0.0727 -0.4909
vn -0.8365 -0.0231 -0.5475
vn -0.8980 -0.1383 -0.4176
vn -0.9106 -0.1777 -0.3730
vn -0.9236 -0.2699 -0.2723
vn -0.9235 -0.2711 -0.2712
vn -0.9138 -0.3670 -0.1743
vn -0.9040 -0.4049 -0.1373
vn -0.8780 -0.4735 -0.0698
vn -0.8521 -0.5229 -0.0230
vn -0.8035 -0.5866 -0.1012
vn -0.8195 -0.5702 -0.0572
vn -0.7393 -0.5888 -0.3267
vn -0.7492 -0.5933 -0.2944
vn -0.5816 -0.5688 -0.5815
vt -0.503568 0.844504
vt -0.700308 0.859226
vt -0.503053 0.860199
vt -0.698858 0.872346
vt -0.501593 0.873319
vt -0.700817 0.843530
vt -0.503568 0.552793
vt -0.700817 0.551820
vt -0.700308 0.535938
vt -0.503053 0.536912
vt -0.698858 0.522288
vt -0.501593 0.523261
vt -0.431513 0.088593
vt -0.505394 0.214890
vt -0.431513 0.214961
vt -0.572690 0.147528
vt -0.577514 0.171690
vt -0.572657 0.088456
vt -0.594180 0.196616
vt -0.572535 0.072570
vt -0.575992 0.285419
vt -0.619122 0.213257
vt -0.643288 0.218058
vt -0.431415 0.072707
vt -0.572240 0.058907
vt -0.431136 0.059044
vt -0.415708 0.061092
vt -0.748859 0.217989
vt -0.748859 0.417842
vt -0.764549 0.217900
vt -0.575992 0.418009
vt -0.764549 0.417728
vt -0.777655 0.217625
vt -0.777655 0.417437
vt -0.431513 0.418149
vt -0.415627 0.214879
vt -0.415627 0.418067
vt -0.401964 0.214613
vt -0.401964 0.417801
vt -0.401964 0.088245
vt -0.415627 0.088511
vt -0.403996 0.072815
vt -0.415113 0.072209
vt -0.407150 0.064254
vt -1.123797 0.418149
vt -0.979318 0.285419
vt -1.123797 0.214961
vt -0.979318 0.418009
vt -1.139683 0.418067
vt -0.806451 0.417841
vt -1.139683 0.214879
vt -1.153346 0.417801
vt -1.153346 0.214613
vt -1.153346 0.088245
vt -1.139683 0.088511
vt -1.151313 0.072815
vt -1.123797 0.088593
vt -1.140197 0.072209
vt -1.148159 0.064254
vt -1.139601 0.061092
vt -1.123895 0.072707
vt -1.124173 0.059044
vt -0.983070 0.058907
vt -0.982775 0.072570
vt -0.982653 0.088456
vt -0.982619 0.147528
vt -1.049915 0.214890
vt -0.977796 0.171690
vt -0.961130 0.196616
vt -0.936187 0.213257
vt -0.912021 0.218058
vt -0.806451 0.217989
vt -0.790761 0.217900
vt -0.790761 0.417728
vt -0.777655 0.217625
vt -0.777655 0.417437
vt -0.400623 0.380636
vt -0.260662 0.395846
vt -0.260317 0.380155
vt -0.260317 0.088454
vt -0.400623 0.088936
vt -0.400973 0.396327
vt -0.260662 0.072569
vt -0.400973 0.073051
vt -0.244961 0.088303
vt -0.261643 0.058907
vt -0.401964 0.059389
vt -0.246595 0.060888
vt -0.244983 0.072001
vt -0.238542 0.064014
vt -0.234948 0.072560
vt -0.232632 0.087981
vt -0.244961 0.380004
vt -0.232632 0.379681
vt -0.234948 0.394986
vt -0.244983 0.396069
vt -0.238542 0.403353
vt -0.246595 0.406738
vt -0.261643 0.408953
vt -0.401964 0.409435
vt -0.277230 0.527582
vt -0.252410 0.521783
vt -0.277050 0.521808
vt -0.302323 0.527924
vt -0.304377 0.522181
vt -0.249686 0.527554
vt -0.203108 0.527784
vt -0.194086 0.522070
vt -0.186518 0.531209
vt -0.178495 0.525287
vt -0.172454 0.540797
vt -0.165278 0.534295
vt -0.156447 0.547723
vt -0.163057 0.555089
vt -0.153346 0.563527
vt -0.159757 0.571910
vt -0.153346 0.855237
vt -0.159757 0.847567
vt -0.163057 0.864355
vt -0.156447 0.871011
vt -0.172454 0.878554
vt -0.165278 0.884353
vt -0.178495 0.893231
vt -0.186518 0.888004
vt -0.194086 0.896296
vt -0.203108 0.891265
vt -0.252410 0.896009
vt -0.249686 0.891035
vt -0.277230 0.891062
vt -0.277050 0.896034
vt -0.302323 0.891405
vt -0.304377 0.896407
vt -0.868658 0.828406
vt -0.865293 0.813130
vt -0.872768 0.824302
vt -0.859923 0.815351
vt -0.881731 0.837130
vt -0.856968 0.800512
vt -0.883955 0.831767
vt -0.862668 0.799951
vt -0.896590 0.840081
vt -0.862668 0.743263
vt -0.897151 0.834389
vt -0.856968 0.742702
vt -1.058921 0.834389
vt -0.865293 0.730084
vt -1.059483 0.840081
vt -0.859918 0.727887
vt -1.072118 0.831767
vt -0.872768 0.718911
vt -0.868693 0.714772
vt -1.074342 0.837130
vt -1.083305 0.824302
vt -1.087414 0.828406
vt -1.090780 0.813130
vt -1.096149 0.815351
vt -1.099105 0.800512
vt -1.093405 0.799951
vt -1.099105 0.742702
vt -1.093405 0.743263
vt -1.090780 0.730084
vt -1.096151 0.727873
vt -1.083305 0.718911
vt -1.087399 0.714792
vt -1.072118 0.711446
vt -1.087399 0.714792
vt -1.074352 0.706086
vt -1.059483 0.703132
vt -1.058921 0.708825
vt -0.897151 0.708825
vt -0.896590 0.703132
vt -0.883955 0.711446
vt -0.881707 0.706089
vt -0.868693 0.714772
vt -0.832317 0.551552
vt -1.124159 0.551552
vt -0.832317 0.677815
vt -1.124159 0.677815
vt -0.832317 0.880833
vt -1.124159 0.880833
vt -1.139955 0.880672
vt -1.139955 0.677653
vt -1.153346 0.880213
vt -1.153346 0.677195
vt -1.139955 0.551390
vt -1.153346 0.550932
vt -1.151247 0.535474
vt -1.140351 0.535026
vt -1.147990 0.526857
vt -1.139529 0.523772
vt -1.124159 0.535615
vt -1.124159 0.521783
vt -0.832317 0.535615
vt -0.832317 0.521783
vt -0.816947 0.523772
vt -0.816125 0.535026
vt -0.808486 0.526857
vt -0.805229 0.535474
vt -0.816521 0.551390
vt -0.803130 0.550932
vt -0.803130 0.677195
vt -0.816521 0.677653
vt -0.816521 0.880672
vt -0.803130 0.880213
vt -0.304377 0.522281
vt -0.331009 0.521850
vt -0.306580 0.528024
vt -0.331035 0.527628
vt -0.355570 0.521783
vt -0.358491 0.527554
vt -0.445704 0.527853
vt -0.460559 0.522143
vt -0.469437 0.531277
vt -0.476262 0.525336
vt -0.483604 0.540844
vt -0.489574 0.534325
vt -0.498469 0.547739
vt -0.493069 0.555122
vt -0.501593 0.563538
vt -0.496393 0.571937
vt -0.501593 0.855239
vt -0.496393 0.847585
vt -0.493069 0.864377
vt -0.498469 0.871016
vt -0.483604 0.878590
vt -0.489574 0.884371
vt -0.476262 0.893269
vt -0.469437 0.888060
vt -0.460559 0.896356
vt -0.452727 0.891345
vt -0.355570 0.895997
vt -0.358491 0.891022
vt -0.331035 0.891096
vt -0.331009 0.896063
vt -0.306580 0.891492
vt -0.304377 0.896494
s 1
f 3393/3341/3336 3394/3342/3337 3395/3343/3338
f 3396/3344/3339 3395/3343/3338 3394/3342/3337
f 3395/3343/3338 3396/3344/3339 3397/3345/3339
f 3394/3342/3337 3393/3341/3336 3398/3346/3336
f 3399/3347/3340 3398/3346/3336 3393/3341/3336
f 3399/3347/3340 3400/3348/3341 3398/3346/3336
f 3400/3348/3341 3399/3347/3340 3401/3349/3342
f 3402/3350/3343 3401/3349/3342 3399/3347/3340
f 3401/3349/3342 3402/3350/3343 3403/3351/3344
f 3404/3352/3344 3403/3351/3344 3402/3350/3343
f 3405/3353/3345 3406/3354/3346 3407/3355/3347
f 3406/3354/3346 3405/3353/3345 3408/3356/3346
f 3409/3357/3348 3406/3354/3346 3408/3356/3346
f 3405/3353/3345 3410/3358/3349 3408/3356/3346
f 3411/3359/3346 3406/3354/3346 3409/3357/3348
f 3410/3358/3349 3405/3353/3345 3412/3360/3350
f 3406/3354/3346 3411/3359/3346 3413/3361/3346
f 3413/3361/3346 3407/3355/3347 3406/3354/3346
f 3413/3361/3346 3411/3359/3346 3414/3362/3348
f 3413/3361/3346 3414/3362/3348 3415/3363/3348
f 3412/3360/3350 3405/3353/3345 3416/3364/3351
f 3412/3360/3350 3416/3364/3351 3417/3365/3352
f 3417/3365/3352 3416/3364/3351 3418/3366/3353
f 3418/3366/3353 3416/3364/3351 3419/3367/3354
f 3420/3368/3355 3413/3361/3346 3415/3363/3348
f 3421/3369/3355 3413/3361/3346 3420/3368/3355
f 3422/3370/3356 3421/3369/3355 3420/3368/3355
f 3413/3361/3346 3421/3369/3355 3423/3371/3348
f 3421/3369/3355 3422/3370/3356 3424/3372/3356
f 3425/3373/3357 3424/3372/3356 3422/3370/3356
f 3424/3372/3356 3425/3373/3357 3426/3374/3357
f 3413/3361/3346 3423/3371/3348 3427/3375/3347
f 3407/3355/3347 3413/3361/3346 3427/3375/3347
f 3407/3355/3347 3427/3375/3347 3428/3376/3358
f 3429/3377/3359 3428/3376/3358 3427/3375/3347
f 3428/3376/3358 3429/3377/3359 3430/3378/3360
f 3431/3379/3360 3430/3378/3360 3429/3377/3359
f 3430/3378/3360 3432/3380/3361 3428/3376/3358
f 3428/3376/3358 3433/3381/3362 3407/3355/3347
f 3433/3381/3362 3428/3376/3358 3432/3380/3361
f 3405/3353/3345 3407/3355/3347 3433/3381/3362
f 3433/3381/3362 3432/3380/3361 3434/3382/3363
f 3433/3381/3362 3416/3364/3351 3405/3353/3345
f 3435/3383/3364 3433/3381/3362 3434/3382/3363
f 3416/3364/3351 3433/3381/3362 3435/3383/3364
f 3435/3383/3364 3434/3382/3363 3436/3384/3365
f 3416/3364/3351 3435/3383/3364 3419/3367/3354
f 3419/3367/3354 3435/3383/3364 3436/3384/3365
f 3437/3385/3366 3438/3386/3367 3439/3387/3368
f 3438/3386/3367 3437/3385/3366 3440/3388/3369
f 3439/3387/3368 3441/3389/3370 3437/3385/3366
f 3438/3386/3367 3440/3388/3369 3442/3390/3371
f 3441/3389/3370 3439/3387/3368 3443/3391/3372
f 3443/3391/3372 3444/3392/3373 3441/3389/3370
f 3444/3392/3373 3443/3391/3372 3445/3393/3373
f 3443/3391/3372 3446/3394/3374 3445/3393/3373
f 3446/3394/3374 3443/3391/3372 3447/3395/3375
f 3448/3396/3376 3446/3394/3374 3447/3395/3375
f 3449/3397/3377 3443/3391/3372 3439/3387/3368
f 3443/3391/3372 3449/3397/3377 3447/3395/3375
f 3448/3396/3376 3447/3395/3375 3450/3398/3378
f 3451/3399/3379 3448/3396/3376 3450/3398/3378
f 3450/3398/3378 3452/3400/3380 3451/3399/3379
f 3447/3395/3375 3453/3401/3381 3450/3398/3378
f 3452/3400/3380 3450/3398/3378 3453/3401/3381
f 3453/3401/3381 3447/3395/3375 3449/3397/3377
f 3453/3401/3381 3454/3402/3382 3452/3400/3380
f 3453/3401/3381 3455/3403/3383 3454/3402/3382
f 3455/3403/3383 3453/3401/3381 3456/3404/3384
f 3449/3397/3377 3456/3404/3384 3453/3401/3381
f 3456/3404/3384 3449/3397/3377 3457/3405/3385
f 3449/3397/3377 3458/3406/3367 3457/3405/3385
f 3449/3397/3377 3459/3407/3367 3458/3406/3367
f 3459/3407/3367 3449/3397/3377 3439/3387/3368
f 3458/3406/3367 3459/3407/3367 3460/3408/3369
f 3459/3407/3367 3461/3409/3367 3460/3408/3369
f 3439/3387/3368 3438/3386/3367 3459/3407/3367
f 3438/3386/3367 3461/3409/3367 3459/3407/3367
f 3461/3409/3367 3438/3386/3367 3462/3410/3369
f 3438/3386/3367 3463/3411/3369 3462/3410/3369
f 3438/3386/3367 3464/3412/3371 3463/3411/3369
f 3464/3412/3371 3438/3386/3367 3442/3390/3371
f 3464/3412/3371 3442/3390/3371 3465/3413/3386
f 3466/3414/3387 3465/3413/3386 3442/3390/3371
f 3465/3413/3386 3466/3414/3387 3467/3415/3388
f 3468/3416/3388 3467/3415/3388 3466/3414/3387
f 3469/3417/3389 3470/3418/3390 3471/3419/3391
f 3472/3420/3392 3469/3417/3389 3471/3419/3391
f 3473/3421/3393 3469/3417/3389 3472/3420/3392
f 3470/3418/3390 3469/3417/3389 3474/3422/3394
f 3475/3423/3395 3473/3421/3393 3472/3420/3392
f 3473/3421/3393 3475/3423/3395 3476/3424/3396
f 3471/3419/3391 3477/3425/3397 3472/3420/3392
f 3477/3425/3397 3475/3423/3395 3472/3420/3392
f 3478/3426/3398 3476/3424/3396 3475/3423/3395
f 3476/3424/3396 3478/3426/3398 3479/3427/3399
f 3480/3428/3400 3478/3426/3398 3475/3423/3395
f 3480/3428/3400 3475/3423/3395 3481/3429/3401
f 3475/3423/3395 3477/3425/3397 3481/3429/3401
f 3482/3430/3402 3480/3428/3400 3481/3429/3401
f 3481/3429/3401 3483/3431/3403 3482/3430/3402
f 3483/3431/3403 3481/3429/3401 3477/3425/3397
f 3477/3425/3397 3484/3432/3404 3483/3431/3403
f 3477/3425/3397 3485/3433/3405 3484/3432/3404
f 3477/3425/3397 3471/3419/3391 3485/3433/3405
f 3484/3432/3404 3485/3433/3405 3486/3434/3406
f 3470/3418/3390 3485/3433/3405 3471/3419/3391
f 3486/3434/3406 3485/3433/3405 3487/3435/3407
f 3485/3433/3405 3488/3436/3408 3487/3435/3407
f 3485/3433/3405 3470/3418/3390 3488/3436/3408
f 3487/3435/3407 3488/3436/3408 3489/3437/3409
f 3488/3436/3408 3490/3438/3410 3489/3437/3409
f 3488/3436/3408 3470/3418/3390 3490/3438/3410
f 3470/3418/3390 3491/3439/3411 3490/3438/3410
f 3474/3422/3394 3491/3439/3411 3470/3418/3390
f 3491/3439/3411 3474/3422/3394 3492/3440/3412
f 3493/3441/3413 3494/3442/3414 3495/3443/3415
f 3495/3443/3415 3496/3444/3416 3493/3441/3413
f 3496/3444/3416 3495/3443/3415 3497/3445/3416
f 3494/3442/3414 3493/3441/3413 3498/3446/3417
f 3499/3447/3418 3494/3442/3414 3498/3446/3417
f 3500/3448/3419 3494/3442/3414 3499/3447/3418
f 3499/3447/3418 3501/3449/3420 3500/3448/3419
f 3502/3450/3421 3500/3448/3419 3501/3449/3420
f 3501/3449/3420 3503/3451/3422 3502/3450/3421
f 3504/3452/3423 3502/3450/3421 3503/3451/3422
f 3503/3451/3422 3505/3453/3424 3504/3452/3423
f 3505/3453/3424 3503/3451/3422 3506/3454/3425
f 3506/3454/3425 3507/3455/3426 3505/3453/3424
f 3507/3455/3426 3506/3454/3425 3508/3456/3427
f 3508/3456/3427 3509/3457/3428 3507/3455/3426
f 3509/3457/3428 3508/3456/3427 3510/3458/3429
f 3511/3459/3430 3509/3457/3428 3510/3458/3429
f 3509/3457/3428 3511/3459/3430 3512/3460/3431
f 3513/3461/3432 3512/3460/3431 3511/3459/3430
f 3512/3460/3431 3513/3461/3432 3514/3462/3433
f 3513/3461/3432 3515/3463/3434 3514/3462/3433
f 3515/3463/3434 3513/3461/3432 3516/3464/3435
f 3516/3464/3435 3517/3465/3436 3515/3463/3434
f 3517/3465/3436 3516/3464/3435 3518/3466/3437
f 3518/3466/3437 3519/3467/3438 3517/3465/3436
f 3519/3467/3438 3518/3466/3437 3520/3468/3439
f 3520/3468/3439 3521/3469/3440 3519/3467/3438
f 3522/3470/3441 3519/3467/3438 3521/3469/3440
f 3521/3469/3440 3523/3471/3442 3522/3470/3441
f 3524/3472/3442 3522/3470/3441 3523/3471/3442
f 3525/3473/3443 3526/3474/3444 3527/3475/3445
f 3526/3474/3444 3525/3473/3443 3528/3476/3446
f 3527/3475/3445 3529/3477/3447 3525/3473/3443
f 3530/3478/3448 3526/3474/3444 3528/3476/3446
f 3529/3477/3447 3527/3475/3445 3531/3479/3449
f 3526/3474/3444 3530/3478/3448 3532/3480/3450
f 3531/3479/3449 3533/3481/3451 3529/3477/3447
f 3530/3478/3448 3534/3482/3452 3532/3480/3450
f 3533/3481/3451 3531/3479/3449 3535/3483/3453
f 3534/3482/3452 3530/3478/3448 3536/3484/3454
f 3537/3485/3455 3533/3481/3451 3535/3483/3453
f 3536/3484/3454 3538/3486/3456 3534/3482/3452
f 3533/3481/3451 3537/3485/3455 3539/3487/3455
f 3538/3486/3456 3536/3484/3454 3540/3488/3457
f 3537/3485/3455 3541/3489/3458 3539/3487/3455
f 3540/3488/3457 3542/3490/3459 3538/3486/3456
f 3542/3490/3459 3540/3488/3457 3543/3491/3460
f 3544/3492/3461 3539/3487/3455 3541/3489/3458
f 3541/3489/3458 3545/3493/3462 3544/3492/3461
f 3546/3494/3463 3544/3492/3461 3545/3493/3462
f 3547/3495/3464 3546/3494/3463 3545/3493/3462
f 3548/3496/3465 3546/3494/3463 3547/3495/3464
f 3547/3495/3464 3549/3497/3466 3548/3496/3465
f 3549/3497/3466 3547/3495/3464 3550/3498/3466
f 3550/3498/3466 3551/3499/3467 3549/3497/3466
f 3551/3499/3467 3550/3498/3466 3552/3500/3467
f 3552/3500/3467 3553/3501/3468 3551/3499/3467
f 3553/3501/3468 3554/3502/3469 3551/3499/3467
f 3555/3503/3470 3554/3502/3469 3553/3501/3468
f 3554/3502/3469 3555/3503/3470 3556/3504/3471
f 3557/3505/3472 3558/3506/3473 3555/3503/3474
f 3558/3506/3473 3557/3505/3472 3559/3507/3472
f 3557/3505/3472 3560/3508/3475 3559/3507/3472
f 3560/3508/3475 3557/3505/3472 3561/3509/3475
f 3562/3510/3476 3560/3508/3475 3561/3509/3475
f 3563/3511/3477 3560/3508/3475 3562/3510/3476
f 3564/3512/3478 3563/3511/3477 3562/3510/3476
f 3563/3511/3477 3564/3512/3478 3565/3513/3479
f 3564/3512/3478 3566/3514/3480 3565/3513/3479
f 3566/3514/3480 3564/3512/3478 3542/3490/3459
f 3567/3515/3481 3568/3516/3482 3569/3517/3483
f 3570/3514/3484 3569/3517/3483 3571/3513/3484
f 3569/3517/3483 3572/3511/3484 3571/3513/3484
f 3569/3517/3483 3573/3508/3485 3572/3511/3484
f 3574/3488/3484 3569/3517/3483 3575/3491/3484
f 3576/3484/3484 3569/3517/3483 3574/3488/3484
f 3577/3478/3485 3569/3517/3483 3576/3484/3484
f 3573/3508/3485 3569/3517/3483 3578/3518/3486
f 3578/3518/3486 3579/3507/3484 3573/3508/3485
f 3578/3518/3486 3580/3506/3484 3579/3507/3484
f 3569/3517/3483 3568/3516/3482 3578/3518/3486
f 3581/3519/3487 3569/3517/3483 3577/3478/3485
f 3581/3519/3487 3577/3478/3485 3582/3476/3484
f 3581/3519/3487 3582/3476/3484 3583/3473/3484
f 3581/3519/3487 3583/3473/3484 3584/3477/3484
f 3585/3481/3484 3581/3519/3487 3584/3477/3484
f 3586/3487/3485 3581/3519/3487 3585/3481/3484
f 3581/3519/3487 3586/3487/3485 3587/3520/3488
f 3587/3520/3488 3586/3487/3485 3588/3492/3484
f 3588/3492/3484 3589/3494/3484 3587/3520/3488
f 3590/3496/3484 3587/3520/3488 3589/3494/3484
f 3591/3497/3485 3587/3520/3488 3590/3496/3484
f 3578/3518/3486 3587/3520/3488 3591/3497/3485
f 3578/3518/3486 3591/3497/3485 3592/3499/3484
f 3592/3499/3484 3593/3502/3484 3578/3518/3486
f 3594/3504/3484 3578/3518/3486 3593/3502/3484
f 3578/3518/3486 3595/3521/3489 3587/3520/3488
f 3595/3521/3489 3578/3518/3486 3596/3522/3490
f 3596/3522/3490 3597/3523/3491 3595/3521/3489
f 3597/3523/3491 3596/3522/3490 3598/3524/3491
f 3578/3518/3486 3599/3525/3492 3596/3522/3490
f 3599/3525/3492 3598/3524/3491 3596/3522/3490
f 3598/3524/3491 3599/3525/3492 3600/3526/3493
f 3599/3525/3492 3578/3518/3486 3568/3516/3482
f 3599/3525/3492 3601/3527/3494 3600/3526/3493
f 3601/3527/3494 3599/3525/3492 3602/3528/3495
f 3602/3528/3495 3603/3529/3496 3601/3527/3494
f 3604/3530/3497 3603/3529/3496 3602/3528/3495
f 3599/3525/3492 3605/3531/3498 3602/3528/3495
f 3605/3531/3498 3604/3530/3497 3602/3528/3495
f 3605/3531/3498 3599/3525/3492 3568/3516/3482
f 3606/3532/3499 3604/3530/3497 3605/3531/3498
f 3568/3516/3482 3607/3533/3500 3605/3531/3498
f 3607/3533/3500 3606/3532/3499 3605/3531/3498
f 3606/3532/3499 3607/3533/3500 3608/3534/3501
f 3607/3533/3500 3568/3516/3482 3567/3515/3481
f 3607/3533/3500 3609/3535/3502 3608/3534/3501
f 3609/3535/3502 3607/3533/3500 3610/3536/3503
f 3610/3536/3503 3611/3537/3504 3609/3535/3502
f 3611/3537/3504 3610/3536/3503 3612/3538/3505
f 3607/3533/3500 3613/3539/3506 3610/3536/3503
f 3613/3539/3506 3612/3538/3505 3610/3536/3503
f 3613/3539/3506 3607/3533/3500 3567/3515/3481
f 3612/3538/3505 3613/3539/3506 3614/3540/3507
f 3613/3539/3506 3615/3541/3508 3614/3540/3507
f 3567/3515/3481 3616/3542/3509 3613/3539/3506
f 3615/3541/3508 3613/3539/3506 3616/3542/3509
f 3616/3542/3509 3567/3515/3481 3569/3517/3483
f 3569/3517/3483 3581/3519/3487 3616/3542/3509
f 3617/3543/3510 3616/3542/3509 3581/3519/3487
f 3616/3542/3509 3617/3543/3510 3615/3541/3508
f 3618/3544/3508 3615/3541/3508 3617/3543/3510
f 3619/3545/3511 3620/3546/3512 3621/3547/3511
f 3621/3547/3511 3620/3546/3512 3622/3548/3513
f 3623/3549/3514 3622/3548/3513 3620/3546/3512
f 3622/3548/3513 3623/3549/3514 3624/3550/3515
f 3623/3549/3514 3625/3551/3516 3624/3550/3515
f 3623/3549/3514 3626/3552/3517 3625/3551/3516
f 3626/3552/3517 3627/3553/3518 3625/3551/3516
f 3627/3553/3518 3626/3552/3517 3628/3554/3519
f 3628/3554/3519 3629/3555/3520 3627/3553/3518
f 3629/3555/3520 3628/3554/3519 3630/3556/3521
f 3629/3555/3520 3630/3556/3521 3631/3557/3522
f 3632/3558/3523 3629/3555/3520 3631/3557/3522
f 3631/3557/3522 3633/3559/3524 3632/3558/3523
f 3634/3560/3525 3632/3558/3523 3633/3559/3524
f 3633/3559/3524 3635/3561/3526 3634/3560/3525
f 3634/3560/3525 3635/3561/3526 3636/3562/3527
f 3635/3561/3526 3637/3563/3528 3636/3562/3527
f 3637/3563/3528 3635/3561/3526 3638/3564/3529
f 3638/3564/3529 3639/3565/3530 3637/3563/3528
f 3639/3565/3530 3638/3564/3529 3640/3566/3531
f 3641/3567/3532 3639/3565/3530 3640/3566/3531
f 3641/3567/3532 3642/3568/3533 3639/3565/3530
f 3642/3568/3533 3641/3567/3532 3643/3569/3534
f 3644/3570/3535 3642/3568/3533 3643/3569/3534
f 3643/3569/3534 3645/3571/3536 3644/3570/3535
f 3644/3570/3535 3645/3571/3536 3646/3572/3537
f 3645/3571/3536 3647/3573/3538 3646/3572/3537
f 3647/3573/3538 3645/3571/3536 3648/3574/3539
f 3648/3574/3539 3649/3575/3540 3647/3573/3538
f 3649/3575/3540 3648/3574/3539 3650/3576/3540
o 124584494443746
v -2.039605 -0.046772 0.586953
v -2.039605 -0.024532 0.572092
v -2.047307 -0.033529 0.597751
v -2.047329 -0.012061 0.583500
v -2.046917 -0.073007 0.601846
v -2.039605 -0.073007 0.592171
v -2.059293 -0.025383 0.604392
v -2.059293 -0.004486 0.590429
v -2.131554 -0.004486 0.590429
v -2.131554 -0.025383 0.604392
v -2.131553 -0.066130 0.609295
v -2.059293 -0.072227 0.609295
v -2.131553 -0.509775 0.609295
v -2.059293 -0.504095 0.609295
v -2.046910 -0.503368 0.601827
v -2.039605 -0.503368 0.592171
v -2.039605 -0.529603 0.586952
v -2.047280 -0.542219 0.597684
v -2.039605 -0.551845 0.572092
v -2.047293 -0.563669 0.583411
v -2.059293 -0.550105 0.604392
v -2.059293 -0.571002 0.590429
v -2.131554 -0.550105 0.604392
v -2.131554 -0.571002 0.590429
v -2.047298 -0.577987 0.012467
v -2.039605 -0.551845 0.002666
v -2.039605 -0.566706 0.024907
v -2.047311 -0.563716 -0.008979
v -2.047300 -0.542277 -0.023256
v -2.039605 -0.529603 -0.012195
v -2.059293 -0.550105 -0.030089
v -2.059293 -0.571002 -0.016126
v -2.131554 -0.571002 -0.016126
v -2.131554 -0.550105 -0.030089
v -2.131553 -0.509775 -0.034992
v -2.046942 -0.503368 -0.027406
v -2.039605 -0.503368 -0.017413
v -2.039605 -0.073007 -0.017413
v -2.059293 -0.504095 -0.034992
v -2.046950 -0.073007 -0.027425
v -2.039605 -0.046772 -0.012194
v -2.059293 -0.072227 -0.034992
v -2.131553 -0.066130 -0.034992
v -2.047327 -0.033470 -0.023323
v -2.039605 -0.024532 0.002666
v -2.059293 -0.025383 -0.030089
v -2.131554 -0.025383 -0.030089
v -2.047345 -0.012015 -0.009068
v -2.047338 0.002266 0.012354
v -2.039605 -0.009671 0.024907
v -2.059293 -0.004486 -0.016126
v -2.131554 -0.004486 -0.016126
v -2.047284 -0.577952 0.561973
v -2.039605 -0.566706 0.549851
v -2.039605 -0.551845 0.572092
v -2.047293 -0.563669 0.583411
v -2.046938 -0.582113 0.523616
v -2.039605 -0.571924 0.523616
v -2.039605 -0.571924 0.051142
v -2.059293 -0.584965 0.569532
v -2.059293 -0.571002 0.590429
v -2.131554 -0.571002 0.590429
v -2.131554 -0.584965 0.569532
v -2.131553 -0.589868 0.529588
v -2.059293 -0.589868 0.524293
v -2.046941 -0.582122 0.051142
v -2.039605 -0.566706 0.024907
v -2.047298 -0.577987 0.012467
v -2.059293 -0.589868 0.050438
v -2.131553 -0.589868 0.044929
v -2.059293 -0.584965 0.004771
v -2.047311 -0.563716 -0.008979
v -2.131554 -0.584965 0.004771
v -2.059293 -0.571002 -0.016126
v -2.131554 -0.571002 -0.016126
v -2.047001 0.006406 0.523616
v -2.039605 -0.009671 0.549851
v -2.039605 -0.004452 0.523616
v -2.039605 -0.004452 0.051142
v -2.047325 0.002232 0.562085
v -2.039605 -0.024532 0.572092
v -2.047329 -0.012061 0.583500
v -2.047004 0.006415 0.051142
v -2.039605 -0.009671 0.024907
v -2.047338 0.002266 0.012354
v -2.059293 0.014380 0.524293
v -2.059293 0.014380 0.050438
v -2.059293 0.009477 0.569532
v -2.059293 -0.004486 0.590429
v -2.131553 0.014380 0.529588
v -2.131554 0.009477 0.569532
v -2.131554 -0.004486 0.590429
v -2.131553 0.014380 0.044929
v -2.059293 0.009477 0.004771
v -2.131554 0.009477 0.004771
v -2.047345 -0.012015 -0.009068
v -2.131554 -0.004486 -0.016126
v -2.059293 -0.004486 -0.016126
vn 0.8639 0.1419 0.4832
vn 0.9093 0.2922 0.2962
vn 0.7384 0.2171 0.6384
vn 0.7862 0.4365 0.4375
vn 0.6778 0.0435 0.7339
vn 0.8148 0.0435 0.5782
vn 0.3083 0.3430 0.8873
vn 0.3344 0.6674 0.6654
vn -0.0000 0.7071 0.7071
vn 0.0020 0.3428 0.9394
vn 0.0029 0.0591 0.9982
vn 0.2691 0.0513 0.9618
vn 0.0019 -0.0590 0.9983
vn 0.2693 -0.0522 0.9616
vn 0.6778 -0.0443 0.7339
vn 0.8143 -0.0443 0.5788
vn 0.8623 -0.1448 0.4853
vn 0.7362 -0.2198 0.6401
vn 0.9050 -0.2998 0.3019
vn 0.7810 -0.4411 0.4422
vn 0.3072 -0.3427 0.8878
vn 0.3308 -0.6677 0.6669
vn 0.0020 -0.3438 0.9390
vn -0.0000 -0.7075 0.7067
vn 0.7442 -0.6314 -0.2180
vn 0.9072 -0.2969 -0.2981
vn 0.8702 -0.4716 -0.1429
vn 0.7834 -0.4394 -0.4395
vn 0.7404 -0.2189 -0.6355
vn 0.8674 -0.1429 -0.4766
vn 0.3093 -0.3419 -0.8874
vn 0.3327 -0.6668 -0.6669
vn -0.0000 -0.7075 -0.7067
vn 0.0019 -0.3439 -0.9390
vn 0.0019 -0.0590 -0.9983
vn 0.6854 -0.0443 -0.7268
vn 0.8219 -0.0433 -0.5680
vn 0.8224 0.0425 -0.5673
vn 0.2732 -0.0521 -0.9605
vn 0.6854 0.0434 -0.7269
vn 0.8691 0.1400 -0.4745
vn 0.2732 0.0513 -0.9606
vn 0.0029 0.0591 -0.9983
vn 0.7431 0.2161 -0.6334
vn 0.9113 0.2900 -0.2923
vn 0.3111 0.3418 -0.8868
vn 0.0020 0.3428 -0.9394
vn 0.7886 0.4343 -0.4352
vn 0.7522 0.6229 -0.2151
vn 0.8795 0.4549 -0.1399
vn 0.3355 0.6666 -0.6656
vn -0.0000 0.7071 -0.7071
vn 0.7425 -0.6327 0.2200
vn 0.8693 -0.4726 0.1449
vn 0.9050 -0.2998 0.3018
vn 0.7810 -0.4411 0.4421
vn 0.6914 -0.7211 0.0444
vn 0.8264 -0.5614 0.0434
vn 0.8267 -0.5610 -0.0434
vn 0.3102 -0.8871 0.3418
vn 0.3307 -0.6678 0.6668
vn -0.0000 -0.7076 0.7066
vn 0.0020 -0.9387 0.3448
vn 0.0020 -0.9982 0.0600
vn 0.2770 -0.9594 0.0532
vn 0.6914 -0.7211 -0.0434
vn 0.8701 -0.4716 -0.1429
vn 0.7441 -0.6315 -0.2180
vn 0.2771 -0.9594 -0.0521
vn 0.0019 -0.9982 -0.0600
vn 0.3111 -0.8868 -0.3417
vn 0.7834 -0.4395 -0.4395
vn 0.0020 -0.9390 -0.3439
vn 0.3327 -0.6668 -0.6668
vn -0.0000 -0.7076 -0.7066
vn 0.7052 0.7077 0.0434
vn 0.8787 0.4560 0.1409
vn 0.8395 0.5417 0.0424
vn 0.8400 0.5410 -0.0415
vn 0.7511 0.6238 0.2161
vn 0.9093 0.2923 0.2961
vn 0.7862 0.4366 0.4374
vn 0.7052 0.7077 -0.0424
vn 0.7521 0.6229 -0.2151
vn 0.2847 0.9571 0.0531
vn 0.2839 0.9574 -0.0522
vn 0.3151 0.8861 0.3399
vn 0.0019 0.9982 0.0600
vn 0.0019 0.9387 0.3447
vn -0.0000 0.7072 0.7070
vn 0.0019 0.9982 -0.0600
vn 0.3159 0.8859 -0.3398
vn 0.0019 0.9390 -0.3439
vn 0.7886 0.4344 -0.4353
vn -0.0001 0.7072 -0.7070
vn 0.3355 0.6667 -0.6656
vt 0.940082 0.542853
vt 0.943625 0.523465
vt 0.931047 0.531300
vt 0.934427 0.512586
vt 0.930398 0.565723
vt 0.938838 0.565727
vt 0.919410 0.524196
vt 0.922739 0.505980
vt 0.862130 0.505989
vt 0.858801 0.524205
vt 0.857632 0.559734
vt 0.918241 0.565041
vt 0.857632 0.946592
vt 0.918241 0.941630
vt 0.930409 0.940998
vt 0.938838 0.941001
vt 0.940082 0.963881
vt 0.931086 0.974878
vt 0.943625 0.983282
vt 0.934478 0.993589
vt 0.919410 0.981753
vt 0.922740 0.999982
vt 0.858800 0.981762
vt 0.862130 0.999991
vt 0.808486 0.505980
vt 0.807378 0.483177
vt 0.797022 0.496146
vt 0.818482 0.493526
vt 0.825122 0.474824
vt 0.814298 0.463776
vt 0.837146 0.481651
vt 0.830644 0.499880
vt 0.883919 0.499901
vt 0.890421 0.481672
vt 0.892704 0.446502
vt 0.826791 0.440894
vt 0.816728 0.440897
vt 0.816728 0.065622
vt 0.839429 0.441528
vt 0.826805 0.065620
vt 0.814298 0.042748
vt 0.839429 0.064940
vt 0.892704 0.059644
vt 0.825173 0.031146
vt 0.807378 0.023361
vt 0.837146 0.024094
vt 0.890421 0.024115
vt 0.818549 0.012443
vt 0.808568 0.000000
vt 0.797022 0.010412
vt 0.830644 0.005878
vt 0.883919 0.005899
vt 0.660415 0.504101
vt 0.652415 0.493532
vt 0.650605 0.512928
vt 0.658684 0.522796
vt 0.660622 0.470653
vt 0.653050 0.470654
vt 0.653040 0.058658
vt 0.671638 0.510692
vt 0.669938 0.528916
vt 0.732332 0.528916
vt 0.734032 0.510692
vt 0.734628 0.475859
vt 0.672234 0.471242
vt 0.660616 0.058656
vt 0.652404 0.035782
vt 0.660420 0.024932
vt 0.672225 0.058041
vt 0.734618 0.053237
vt 0.671627 0.018220
vt 0.658692 0.006234
vt 0.734020 0.018220
vt 0.669926 0.000000
vt 0.732319 0.000000
vt 0.514277 0.058263
vt 0.505888 0.035384
vt 0.506539 0.058261
vt 0.506529 0.470258
vt 0.514036 0.024717
vt 0.504033 0.015987
vt 0.512256 0.006041
vt 0.514271 0.470259
vt 0.505877 0.493134
vt 0.514040 0.504082
vt 0.525880 0.057674
vt 0.525870 0.470875
vt 0.525270 0.018224
vt 0.523527 0.000000
vt 0.588243 0.053056
vt 0.587632 0.018224
vt 0.585889 0.000000
vt 0.588233 0.475679
vt 0.525258 0.510696
vt 0.587620 0.510696
vt 0.512263 0.522760
vt 0.585876 0.528916
vt 0.523514 0.528916
s 1
f 3651/3577/3541 3652/3578/3542 3653/3579/3543
f 3652/3578/3542 3654/3580/3544 3653/3579/3543
f 3653/3579/3543 3655/3581/3545 3651/3577/3541
f 3651/3577/3541 3655/3581/3545 3656/3582/3546
f 3654/3580/3544 3657/3583/3547 3653/3579/3543
f 3657/3583/3547 3654/3580/3544 3658/3584/3548
f 3658/3584/3548 3659/3585/3549 3657/3583/3547
f 3660/3586/3550 3657/3583/3547 3659/3585/3549
f 3661/3587/3551 3657/3583/3547 3660/3586/3550
f 3657/3583/3547 3662/3588/3552 3653/3579/3543
f 3657/3583/3547 3661/3587/3551 3662/3588/3552
f 3653/3579/3543 3662/3588/3552 3655/3581/3545
f 3661/3587/3551 3663/3589/3553 3662/3588/3552
f 3662/3588/3552 3664/3590/3554 3655/3581/3545
f 3662/3588/3552 3663/3589/3553 3664/3590/3554
f 3655/3581/3545 3665/3591/3555 3656/3582/3546
f 3655/3581/3545 3664/3590/3554 3665/3591/3555
f 3656/3582/3546 3665/3591/3555 3666/3592/3556
f 3665/3591/3555 3667/3593/3557 3666/3592/3556
f 3667/3593/3557 3665/3591/3555 3668/3594/3558
f 3664/3590/3554 3668/3594/3558 3665/3591/3555
f 3668/3594/3558 3669/3595/3559 3667/3593/3557
f 3669/3595/3559 3668/3594/3558 3670/3596/3560
f 3668/3594/3558 3664/3590/3554 3671/3597/3561
f 3671/3597/3561 3670/3596/3560 3668/3594/3558
f 3663/3589/3553 3671/3597/3561 3664/3590/3554
f 3670/3596/3560 3671/3597/3561 3672/3598/3562
f 3671/3597/3561 3663/3589/3553 3673/3599/3563
f 3671/3597/3561 3674/3600/3564 3672/3598/3562
f 3674/3600/3564 3671/3597/3561 3673/3599/3563
f 3675/3601/3565 3676/3602/3566 3677/3603/3567
f 3676/3602/3566 3675/3601/3565 3678/3604/3568
f 3679/3605/3569 3676/3602/3566 3678/3604/3568
f 3676/3602/3566 3679/3605/3569 3680/3606/3570
f 3679/3605/3569 3678/3604/3568 3681/3607/3571
f 3682/3608/3572 3681/3607/3571 3678/3604/3568
f 3683/3609/3573 3681/3607/3571 3682/3608/3572
f 3681/3607/3571 3683/3609/3573 3684/3610/3574
f 3685/3611/3575 3681/3607/3571 3684/3610/3574
f 3686/3612/3576 3680/3606/3570 3679/3605/3569
f 3680/3606/3570 3686/3612/3576 3687/3613/3577
f 3686/3612/3576 3688/3614/3578 3687/3613/3577
f 3681/3607/3571 3689/3615/3579 3679/3605/3569
f 3686/3612/3576 3679/3605/3569 3689/3615/3579
f 3681/3607/3571 3685/3611/3575 3689/3615/3579
f 3688/3614/3578 3686/3612/3576 3690/3616/3580
f 3689/3615/3579 3690/3616/3580 3686/3612/3576
f 3690/3616/3580 3691/3617/3581 3688/3614/3578
f 3685/3611/3575 3692/3618/3582 3689/3615/3579
f 3690/3616/3580 3689/3615/3579 3692/3618/3582
f 3692/3618/3582 3685/3611/3575 3693/3619/3583
f 3691/3617/3581 3690/3616/3580 3694/3620/3584
f 3692/3618/3582 3694/3620/3584 3690/3616/3580
f 3694/3620/3584 3695/3621/3585 3691/3617/3581
f 3692/3618/3582 3693/3619/3583 3696/3622/3586
f 3694/3620/3584 3692/3618/3582 3696/3622/3586
f 3697/3623/3587 3696/3622/3586 3693/3619/3583
f 3695/3621/3585 3694/3620/3584 3698/3624/3588
f 3696/3622/3586 3698/3624/3588 3694/3620/3584
f 3698/3624/3588 3699/3625/3589 3695/3621/3585
f 3695/3621/3585 3699/3625/3589 3700/3626/3590
f 3698/3624/3588 3696/3622/3586 3701/3627/3591
f 3696/3622/3586 3697/3623/3587 3701/3627/3591
f 3702/3628/3592 3701/3627/3591 3697/3623/3587
f 3703/3629/3593 3704/3630/3594 3705/3631/3595
f 3703/3629/3593 3705/3631/3595 3706/3632/3596
f 3703/3629/3593 3707/3633/3597 3704/3630/3594
f 3708/3634/3598 3704/3630/3594 3707/3633/3597
f 3707/3633/3597 3709/3635/3599 3708/3634/3598
f 3703/3629/3593 3706/3632/3596 3710/3636/3600
f 3710/3636/3600 3706/3632/3596 3711/3637/3601
f 3711/3637/3601 3712/3638/3602 3710/3636/3600
f 3713/3639/3603 3710/3636/3600 3712/3638/3602
f 3714/3640/3604 3710/3636/3600 3713/3639/3603
f 3710/3636/3600 3715/3641/3605 3703/3629/3593
f 3710/3636/3600 3714/3640/3604 3715/3641/3605
f 3707/3633/3597 3703/3629/3593 3715/3641/3605
f 3709/3635/3599 3707/3633/3597 3716/3642/3606
f 3715/3641/3605 3716/3642/3606 3707/3633/3597
f 3716/3642/3606 3717/3643/3607 3709/3635/3599
f 3717/3643/3607 3716/3642/3606 3718/3644/3608
f 3716/3642/3606 3715/3641/3605 3719/3645/3609
f 3719/3645/3609 3715/3641/3605 3714/3640/3604
f 3719/3645/3609 3718/3644/3608 3716/3642/3606
f 3714/3640/3604 3720/3646/3610 3719/3645/3609
f 3718/3644/3608 3719/3645/3609 3721/3647/3611
f 3720/3646/3610 3721/3647/3611 3719/3645/3609
f 3721/3647/3611 3722/3648/3612 3718/3644/3608
f 3721/3647/3611 3720/3646/3610 3723/3649/3613
f 3722/3648/3612 3721/3647/3611 3724/3650/3614
f 3723/3649/3613 3724/3650/3614 3721/3647/3611
f 3724/3650/3614 3723/3649/3613 3725/3651/3615
f 3726/3652/3616 3727/3653/3617 3728/3654/3618
f 3728/3654/3618 3729/3655/3619 3726/3652/3616
f 3727/3653/3617 3726/3652/3616 3730/3656/3620
f 3730/3656/3620 3731/3657/3621 3727/3653/3617
f 3731/3657/3621 3730/3656/3620 3732/3658/3622
f 3733/3659/3623 3726/3652/3616 3729/3655/3619
f 3734/3660/3590 3733/3659/3623 3729/3655/3619
f 3735/3661/3624 3733/3659/3623 3734/3660/3590
f 3733/3659/3623 3736/3662/3625 3726/3652/3616
f 3736/3662/3625 3730/3656/3620 3726/3652/3616
f 3733/3659/3623 3735/3661/3624 3737/3663/3626
f 3736/3662/3625 3733/3659/3623 3737/3663/3626
f 3738/3664/3627 3732/3658/3622 3730/3656/3620
f 3730/3656/3620 3736/3662/3625 3738/3664/3627
f 3732/3658/3622 3738/3664/3627 3739/3665/3548
f 3737/3663/3626 3740/3666/3628 3736/3662/3625
f 3740/3666/3628 3738/3664/3627 3736/3662/3625
f 3738/3664/3627 3740/3666/3628 3741/3667/3629
f 3741/3667/3629 3739/3665/3548 3738/3664/3627
f 3739/3665/3548 3741/3667/3629 3742/3668/3630
f 3740/3666/3628 3737/3663/3626 3743/3669/3631
f 3744/3670/3632 3743/3669/3631 3737/3663/3626
f 3744/3670/3632 3737/3663/3626 3735/3661/3624
f 3743/3669/3631 3744/3670/3632 3745/3671/3633
f 3746/3672/3634 3744/3670/3632 3735/3661/3624
f 3745/3671/3633 3744/3670/3632 3747/3673/3635
f 3748/3674/3636 3744/3670/3632 3746/3672/3634
f 3748/3674/3636 3747/3673/3635 3744/3670/3632
